unit_id,prediction_time,vehicle_model,supplier_batch,total_cycle_time,mean_cycle_time,std_cycle_time,min_cycle_time,max_cycle_time,upstream_cycle_count,mean_queue_length,max_queue_length,total_blocked_events,total_starved_events,upstream_station_count,current_mean,temperature_mean,torque_mean,vibration_mean,current_std,temperature_std,torque_std,vibration_std,current_max,temperature_max,torque_max,vibration_max,sensor_reading_count,sensor_station_count,manual_check_count,manual_fail_count,s07_manual_fail,s14_manual_fail,target,run_id
U000001,748902,MODEL_A,BATCH_01,748902.0,53493.0,11254.810356191976,36560.0,68390.0,14,0.425,1.0,0.0,0.0,14.0,14.475282051282052,60.997444897959184,42.03885384615385,1.1505780816326532,0.1186244801925161,0.2031862221186356,0.12198826269284035,0.0544962336037381,14.7617,61.3991,42.2696,1.25547,176,12,1,0,0,0,0,run_002
U000002,816782,MODEL_A,BATCH_01,734207.0,52443.357142857145,12969.293584980125,28882.0,70646.0,14,0.525,1.0,0.0,9.0,14.0,14.52073947368421,60.98908,41.99222631578947,1.167764,0.09337244671272649,0.19705140261547785,0.1487397721838475,0.04610663625080057,14.7029,61.4522,42.2817,1.2673,166,12,1,0,0,0,0,run_002
U000003,871209,MODEL_A,BATCH_01,685124.0,48937.42857142857,8577.059364412688,32726.0,61029.0,14,0.5121951219512195,1.0,0.0,4.0,14.0,14.537825714285713,61.00117209302326,41.982482857142855,1.1694213953488373,0.08574819271927454,0.20531737259270494,0.15861626740569335,0.052645476022405685,14.7524,61.4032,42.4151,1.28627,156,12,2,0,0,0,0,run_002
U000004,940735,MODEL_A,BATCH_01,717907.0,51279.07142857143,9360.049847535623,36267.0,67576.0,14,0.55,2.0,0.0,5.0,14.0,14.49566052631579,61.080497826086955,41.92238684210526,1.152513043478261,0.07197188091858363,0.18084783350667497,0.17173256262408065,0.049856923953318304,14.6225,61.4763,42.2907,1.26425,168,12,1,0,0,0,0,run_002
U000005,994491,MODEL_B,BATCH_01,684046.0,48860.42857142857,11429.089611192105,35639.0,73570.0,14,0.575,2.0,0.0,4.0,14.0,14.523941176470588,61.10277804878049,41.96857647058823,1.172440243902439,0.12386340256727843,0.20772829069748147,0.11406798892001557,0.05823823119256816,14.8033,61.7882,42.2466,1.28221,150,12,1,0,0,0,0,run_002
U000006,1042851,MODEL_A,BATCH_01,692658.0,49475.57142857143,7919.289097021135,38665.0,63607.0,14,0.5121951219512195,2.0,0.0,4.0,14.0,14.498005714285714,61.126126086956525,41.97454571428572,1.1718041304347826,0.1107666570739034,0.19420401693383338,0.15691318945585842,0.0511243865956611,14.6858,61.5883,42.4114,1.3236,162,12,2,0,0,0,0,run_002
U000007,1124430,MODEL_A,BATCH_02,749622.0,53544.42857142857,11675.30767648799,38601.0,75072.0,14,0.65,2.0,0.0,8.0,14.0,14.498351351351351,61.18788863636364,41.977783783783785,1.1792620454545455,0.09237870913203339,0.20134706148883952,0.15554424792663724,0.04259174554701968,14.6844,61.5636,42.3178,1.27957,162,12,1,0,0,0,0,run_002
U000008,1185320,MODEL_A,BATCH_01,703783.0,50270.21428571428,9050.315695119078,38472.0,65561.0,14,0.625,2.0,0.0,2.0,14.0,14.51078611111111,61.15318444444445,41.90346944444444,1.1726924444444444,0.11121389212498269,0.19960759795562913,0.12651966717684565,0.045356312287744845,14.7688,61.6918,42.1661,1.26474,162,12,1,0,0,0,0,run_002
U000009,1251248,MODEL_A,BATCH_01,728161.0,52011.5,10140.373826745927,35739.0,67639.0,14,0.65,2.0,0.0,4.0,14.0,14.50686111111111,61.23141363636364,41.92464722222222,1.183123409090909,0.0847908292809941,0.20298866458317383,0.18161190880731068,0.050759090098648395,14.6268,61.7175,42.464,1.28367,160,12,1,0,0,0,0,run_002
U000010,1303392,MODEL_B,BATCH_01,668872.0,47776.57142857143,9945.302437403729,28570.0,62652.0,14,0.65,2.0,0.0,4.0,14.0,14.534908108108109,61.23681086956522,41.99832972972973,1.1914943478260869,0.0920472474643637,0.21020541194878983,0.14250681828690892,0.044759945966215665,14.695,61.6277,42.3094,1.30781,166,12,1,0,0,0,0,run_002
U000011,1366908,MODEL_A,BATCH_01,689983.0,49284.5,11307.952081134352,30469.0,68011.0,14,0.65,2.0,0.0,5.0,14.0,14.509005882352941,61.26964390243903,41.9675705882353,1.1960253658536584,0.1027704235874766,0.2057897240495505,0.16549965948772422,0.050509947539943104,14.743,61.7426,42.3672,1.30018,150,12,1,0,0,0,0,run_002
U000012,1412428,MODEL_A,BATCH_01,719833.0,51416.642857142855,14494.336414386364,35674.0,93995.0,14,0.7,2.0,0.0,8.0,14.0,14.535905405405405,61.302631818181816,41.92321081081081,1.1857354545454546,0.1099432933277317,0.1665713992769551,0.1262051631796933,0.04749082665176147,14.7108,61.8528,42.1785,1.29258,162,12,1,0,0,0,0,run_002
U000013,1502229,MODEL_A,BATCH_01,738859.0,52775.642857142855,8202.580490845014,37141.0,65800.0,14,0.825,3.0,0.0,7.0,14.0,14.530781081081082,61.339713333333336,41.92781891891892,1.1845035555555556,0.0901351572727123,0.2071069350491542,0.13571268432864952,0.04778073214532647,14.752,61.755,42.2185,1.3003,164,12,1,0,0,0,0,run_002
U000014,1560812,MODEL_A,BATCH_02,697570.0,49826.42857142857,9520.985313540785,36413.0,67752.0,14,0.85,3.0,0.0,5.0,14.0,14.56045,61.331964444444445,41.94876666666667,1.2012084444444444,0.0911270118335627,0.18348275885755416,0.16159388248675513,0.05527246918492045,14.7595,61.669,42.2545,1.32614,162,12,1,0,0,0,0,run_002
U000015,1631256,MODEL_B,BATCH_01,728162.0,52011.57142857143,10930.375295930608,36093.0,71557.0,14,0.9,3.0,0.0,6.0,14.0,14.50165641025641,61.31645,41.92459743589743,1.1994434782608696,0.0809530721593553,0.2044819880684955,0.15760680002558444,0.05314593448305611,14.6857,61.7465,42.2382,1.30267,170,12,1,0,0,0,0,run_002
U000016,1693895,MODEL_A,BATCH_01,698203.0,49871.642857142855,6905.723296458724,39763.0,63971.0,14,0.975,3.0,0.0,6.0,14.0,14.541655555555556,61.32995,41.91586944444444,1.2024338095238096,0.09050260752184984,0.18392064865044383,0.1715488865258353,0.055468616086030265,14.8058,61.745,42.2875,1.35385,156,12,1,0,0,0,0,run_002
U000017,1762132,MODEL_A,BATCH_01,705407.0,50386.21428571428,10111.103943217546,31983.0,63428.0,14,1.025,3.0,0.0,7.0,14.0,14.551136111111113,61.40591395348837,41.83804166666667,1.2147951162790698,0.08149717314213249,0.203402476434561,0.13253799104946767,0.04508698805917353,14.7088,61.8385,42.1554,1.29466,158,12,1,0,0,0,0,run_002
U000018,1838067,MODEL_A,BATCH_01,735579.0,52541.357142857145,11660.65129865357,33423.0,72326.0,14,1.05,3.0,0.0,5.0,14.0,14.537486486486484,61.36971777777777,41.90881891891892,1.2315522222222222,0.10940709189424914,0.21413446952885518,0.16265930112736604,0.048385480912473224,14.8148,61.8453,42.2524,1.37096,164,12,1,1,1,0,0,run_002
U000019,1906329,MODEL_A,BATCH_01,707193.0,50513.78571428572,10628.84652674085,32082.0,72222.0,14,1.025,3.0,0.0,5.0,14.0,14.527816666666666,61.48963953488373,41.849986111111114,1.2092793023255815,0.10678298018477922,0.22353532067719084,0.16031031720256544,0.054440710537128144,14.7556,61.9402,42.2049,1.34386,158,12,1,0,0,0,0,run_002
U000020,1991229,MODEL_B,BATCH_01,741350.0,52953.57142857143,12444.761794019607,36525.0,75221.0,14,1.075,3.0,0.0,7.0,14.0,14.545218421052631,61.47331914893617,41.874173684210525,1.236235744680851,0.10188424500983115,0.2241407842118127,0.12236277848689345,0.059459760223586844,14.7216,61.8686,42.1629,1.40416,170,12,1,0,0,0,0,run_002
U000021,2041488,MODEL_A,BATCH_02,698794.0,49913.857142857145,9927.648291181886,34489.0,66227.0,14,1.0731707317073171,4.0,0.0,5.0,14.0,14.523431578947369,61.557317777777776,41.857386842105264,1.2235242222222222,0.0895424257145454,0.1950557639250998,0.1900033700569589,0.05125118665982677,14.6701,61.9602,42.456,1.34472,166,12,2,0,0,0,0,run_002
U000022,2116883,MODEL_A,BATCH_01,735834.0,52559.57142857143,11852.507321330699,38504.0,78702.0,14,1.275,4.0,0.0,6.0,14.0,14.530951428571429,61.541820930232554,41.86089142857143,1.231634418604651,0.09239916720858683,0.21881100407400783,0.13998869780309153,0.04514875499534978,14.6833,61.9398,42.0704,1.32841,156,12,1,0,0,0,0,run_002
U000023,2172628,MODEL_A,BATCH_01,683916.0,48851.142857142855,7755.956389542396,34803.0,58279.0,14,1.25,4.0,0.0,2.0,14.0,14.569379999999999,61.51075581395349,41.841857142857144,1.2361127906976745,0.09992381156484664,0.2005108966310173,0.13789172070380143,0.05108735428867943,14.7644,62.0063,42.1364,1.35696,156,12,1,0,0,0,0,run_002
U000024,2219510,MODEL_A,BATCH_01,708257.0,50589.78571428572,9277.43082123802,40509.0,66546.0,14,1.2682926829268293,4.0,0.0,4.0,14.0,14.542886842105261,61.599865217391304,41.85931842105263,1.2336008695652174,0.1037566700455803,0.17493080818476422,0.1722344754001307,0.05857515551555537,14.7961,61.9654,42.3347,1.35938,168,12,2,0,0,0,0,run_002
U000025,2271626,MODEL_B,BATCH_01,692064.0,49433.142857142855,6125.345790642765,38866.0,62127.0,14,1.3902439024390243,4.0,0.0,4.0,14.0,14.55941111111111,61.60184888888889,41.79219444444445,1.236752,0.10010647981817775,0.22463796694218827,0.1148302447576903,0.050764392388222786,14.7442,62.1519,42.0494,1.35782,162,12,2,0,0,0,0,run_002
U000026,2337125,MODEL_A,BATCH_01,698185.0,49870.357142857145,9153.010632129088,37305.0,63393.0,14,1.4,4.0,0.0,3.0,14.0,14.565411764705882,61.66933414634146,41.82568235294118,1.2539539024390243,0.10086378683036407,0.18245218224202728,0.1543539055676689,0.05134348346567693,14.8113,62.0307,42.1377,1.35383,150,12,1,0,0,0,0,run_002
U000027,2422040,MODEL_A,BATCH_01,725519.0,51822.78571428572,13875.576779022536,38167.0,84915.0,14,1.45,4.0,0.0,4.0,14.0,14.543959999999998,61.66789512195122,41.805054285714284,1.2487441463414635,0.10583390483094121,0.21706228132867783,0.15989573687959566,0.04139604600536202,14.8315,62.1712,42.0658,1.34488,152,12,1,0,0,0,0,run_002
U000028,2482914,MODEL_A,BATCH_02,696343.0,49738.78571428572,10097.702367588165,32862.0,67320.0,14,1.4,4.0,0.0,2.0,14.0,14.587074285714285,61.70163636363636,41.808591428571425,1.2506204545454545,0.1030000009790326,0.20390243915521392,0.1289804120363854,0.0572508654531739,14.7719,62.1193,42.0196,1.37235,158,12,1,0,0,0,0,run_002
U000029,2558073,MODEL_A,BATCH_01,710878.0,50777.0,12900.91606168993,38257.0,75159.0,14,1.475,4.0,0.0,5.0,14.0,14.56782777777778,61.723563636363636,41.81526111111111,1.2421772727272726,0.09451510419311265,0.1699024139759099,0.13988603581441927,0.05209389034228154,14.7771,62.0289,42.176,1.35361,160,12,1,0,0,0,0,run_002
U000030,2624420,MODEL_B,BATCH_01,715044.0,51074.57142857143,10346.587142362716,32800.0,66768.0,14,1.45,4.0,0.0,5.0,14.0,14.585075675675675,61.75355555555555,41.78107297297297,1.2611962222222222,0.11731754487857482,0.17978153226467405,0.1299048404894239,0.04607713593376424,14.844,62.1785,42.07,1.40267,164,12,1,0,0,0,0,run_002
U000031,2672651,MODEL_A,BATCH_01,705347.0,50381.92857142857,8148.158456073049,30101.0,60924.0,14,1.55,4.0,0.0,5.0,14.0,14.624934285714286,61.74738604651163,41.768745714285714,1.2654976744186046,0.0966081958003477,0.2021382325013261,0.14190786642967204,0.04869106360940664,14.8069,62.2721,42.031,1.36972,156,12,1,0,0,0,0,run_002
U000032,2730030,MODEL_A,BATCH_01,691855.0,49418.21428571428,8160.61272377709,36767.0,60171.0,14,1.525,4.0,0.0,2.0,14.0,14.554644444444445,61.803022222222225,41.81242777777778,1.2662268888888888,0.10327692715480909,0.15735668644095455,0.14923507939031938,0.05083611233536391,14.8164,62.1792,42.2204,1.37038,162,12,1,0,0,0,0,run_002
U000033,2802092,MODEL_A,BATCH_01,742306.0,53021.857142857145,11279.2546934432,33419.0,73613.0,14,1.625,4.0,0.0,4.0,14.0,14.576618918918918,61.818593023255815,41.7775027027027,1.2556755813953488,0.0806052343139002,0.18776841155726134,0.14930708565177317,0.047364398640566595,14.7242,62.1798,42.0736,1.36428,160,12,1,0,0,0,0,run_002
U000034,2892790,MODEL_A,BATCH_01,700831.0,50059.357142857145,14127.005995648862,33617.0,90698.0,14,1.625,4.0,0.0,2.0,14.0,14.580434285714286,61.86380714285714,41.81030857142857,1.2687045238095238,0.08775195638126557,0.20589954144496583,0.14474456277795475,0.05786837715158389,14.723,62.3182,42.1354,1.40988,154,12,1,0,0,0,0,run_002
U000035,2942118,MODEL_B,BATCH_02,694996.0,49642.57142857143,8386.816822703498,38351.0,70714.0,14,1.5853658536585367,4.0,0.0,2.0,14.0,14.582415151515152,61.886357142857136,41.798824242424246,1.2741457142857142,0.09471734305689522,0.20160909791566878,0.19500751592935958,0.049162537846678886,14.7913,62.4159,42.2783,1.39059,150,12,2,0,0,0,0,run_002
U000036,3009608,MODEL_A,BATCH_01,717293.0,51235.21428571428,8281.504324313692,42285.0,70978.0,14,1.675,4.0,0.0,4.0,14.0,14.59642,61.89756904761905,41.740694285714284,1.2856078571428573,0.09832028633950533,0.22241065456152465,0.1527977651185061,0.05078107404005969,14.7656,62.491,41.9916,1.38368,154,12,1,0,0,0,0,run_002
U000037,3070767,MODEL_A,BATCH_01,704722.0,50337.28571428572,10080.271420556488,37571.0,70502.0,14,1.675,4.0,0.0,4.0,14.0,14.589456410256409,61.917123913043476,41.757725641025644,1.28088,0.10184452494100435,0.22333571758407236,0.17104274122346255,0.04227281006877958,14.8574,62.4822,42.1545,1.36044,170,12,1,0,0,0,0,run_002
U000038,3133212,MODEL_A,BATCH_01,730561.0,52182.92857142857,9435.350602627625,37555.0,69841.0,14,1.725,4.0,0.0,4.0,14.0,14.5819,62.00178181818182,41.75740285714286,1.284868409090909,0.10730864501109699,0.17232690846952445,0.1612484026108106,0.047093912308067136,14.8121,62.4022,42.1687,1.39936,158,12,1,0,0,0,0,run_002
U000039,3184480,MODEL_A,BATCH_01,713800.0,50985.71428571428,8720.30502667434,37010.0,68391.0,14,1.7,4.0,0.0,2.0,14.0,14.61401081081081,62.00929302325582,41.71481081081081,1.2831246511627907,0.08896880784167427,0.19935082189010633,0.16663333463990146,0.043779856987564564,14.8098,62.4864,42.0088,1.36034,160,12,1,0,0,0,0,run_002
U000040,3249964,MODEL_B,BATCH_01,659319.0,47094.21428571428,9997.626504314921,28524.0,65484.0,14,1.6,4.0,0.0,2.0,14.0,14.592386111111113,61.994244186046515,41.76052222222222,1.2897193023255813,0.10878515695174536,0.21473960455168073,0.14075930846887016,0.05576734679495947,14.7874,62.5334,42.0266,1.43047,158,12,1,0,0,0,0,run_002
U000041,3330095,MODEL_A,BATCH_01,764507.0,54607.642857142855,11870.080290099413,41927.0,80131.0,14,1.7,4.0,0.0,4.0,14.0,14.603991891891893,62.02059565217392,41.69758918918919,1.2986228260869566,0.08924797034224498,0.22478618181781523,0.16933927283511063,0.046394230563869945,14.7576,62.4473,42.0096,1.37381,166,12,1,0,0,0,0,run_002
U000042,3392228,MODEL_A,BATCH_02,690962.0,49354.42857142857,8632.573131987989,36278.0,64293.0,14,1.7,4.0,0.0,3.0,14.0,14.634138235294117,62.07931219512195,41.720867647058824,1.3049965853658536,0.10473519860626843,0.18082965076989224,0.13896303131798698,0.05393558841849024,14.8786,62.5293,41.9571,1.4176,150,12,1,0,0,0,0,run_002
U000043,3460194,MODEL_A,BATCH_01,735026.0,52501.857142857145,11648.482845135093,35887.0,73059.0,14,1.75,4.0,0.0,5.0,14.0,14.597811428571429,62.07601590909091,41.72090571428571,1.302370909090909,0.10559940054260716,0.22310446290677807,0.12039857567766273,0.051652040001955696,14.7874,62.6539,41.9708,1.41299,158,12,1,0,0,0,0,run_002
U000044,3520100,MODEL_A,BATCH_01,679733.0,48552.357142857145,8215.089246269685,35040.0,63826.0,14,1.775,4.0,0.0,5.0,14.0,14.593582857142858,62.152879069767444,41.724265714285714,1.303750465116279,0.1067152464042798,0.1715574741375255,0.15812700022981652,0.05895563222633685,14.7435,62.4801,42.0185,1.4467,156,12,1,0,0,0,0,run_002
U000045,3570660,MODEL_B,BATCH_01,685604.0,48971.71428571428,7681.8730731565665,33422.0,61331.0,14,1.825,4.0,0.0,5.0,14.0,14.632766666666667,62.11394249999999,41.70990606060606,1.3161942500000001,0.10855640718845948,0.2070534922677146,0.15140110827573694,0.04215224743149101,14.9234,62.5097,41.9456,1.37911,146,12,1,0,0,0,0,run_002
U000046,3632243,MODEL_A,BATCH_01,664270.0,47447.857142857145,8208.086274261152,35513.0,61583.0,14,1.8,4.0,0.0,4.0,14.0,14.59008484848485,62.157087804878046,41.68865151515151,1.315781707317073,0.09393869051545062,0.22500271131157792,0.1808746667605987,0.053767909430367446,14.8479,62.6428,42.0946,1.47358,148,12,1,0,0,0,0,run_002
U000047,3676067,MODEL_A,BATCH_01,687253.0,49089.5,8595.494935854926,37017.0,60198.0,14,1.8048780487804879,4.0,0.0,5.0,14.0,14.571102857142858,62.210185714285714,41.66582857142858,1.3293445238095238,0.1025706255557152,0.19340612592945067,0.13660366580954145,0.05713311543261056,14.7657,62.602,41.9973,1.4359,154,12,2,0,0,0,0,run_002
U000048,3742141,MODEL_A,BATCH_01,685328.0,48952.0,11254.866051897456,33896.0,72881.0,14,1.775,4.0,0.0,3.0,14.0,14.594965789473685,62.18008181818182,41.63503157894737,1.3343370454545456,0.08290486008091158,0.19034719718369136,0.12708900712718904,0.044811651183206,14.7872,62.5527,41.8633,1.42958,164,12,1,0,0,0,0,run_002
U000049,3806225,MODEL_A,BATCH_02,770204.0,55014.57142857143,12623.278506938532,34463.0,69663.0,14,1.775,4.0,0.0,5.0,14.0,14.603862162162162,62.2452914893617,41.632197297297296,1.3280902127659575,0.10754119198229546,0.21896035459076954,0.15516070788144193,0.04141863524557418,14.9082,62.6366,42.0287,1.43862,168,12,1,1,1,0,0,run_002
U000050,3863632,MODEL_B,BATCH_01,712905.0,50921.78571428572,9278.935285229254,33850.0,64167.0,14,1.9,4.0,0.0,5.0,14.0,14.629981578947369,62.31069361702128,41.69617631578947,1.3263955319148937,0.09860330802866737,0.1797774329362684,0.15264752976323198,0.04394271630837972,14.7997,62.705,42.0786,1.42315,170,12,1,0,0,0,0,run_002
U000051,3912013,MODEL_A,BATCH_01,698628.0,49902.0,8096.204039310882,38629.0,64192.0,14,1.8780487804878048,4.0,0.0,2.0,14.0,14.614925,62.27299090909091,41.65213611111111,1.323820909090909,0.08506822933890858,0.19319054194454957,0.14795139965113574,0.04327194433574942,14.7707,62.6664,41.8966,1.40185,160,12,2,0,0,0,0,run_002
U000052,3967914,MODEL_A,BATCH_01,713001.0,50928.642857142855,8559.152973972841,37742.0,66054.0,14,1.829268292682927,4.0,0.0,3.0,14.0,14.628854054054054,62.346446666666665,41.6658972972973,1.3288415555555557,0.09574600831422705,0.2068360721133339,0.13147476624493215,0.04550523441197607,14.7762,62.8956,41.9984,1.42166,164,12,2,0,0,0,0,run_002
U000053,4019552,MODEL_A,BATCH_01,707171.0,50512.21428571428,8888.280271307756,35545.0,61185.0,14,1.9,4.0,0.0,4.0,14.0,14.638273684210526,62.36317954545454,41.63319736842105,1.3349445454545454,0.10917749417672275,0.14500665193971438,0.16363201709908362,0.04462437176703486,14.8378,62.6312,41.9726,1.42193,164,12,1,0,0,0,0,run_002
U000054,4083790,MODEL_A,BATCH_01,682478.0,48748.42857142857,7954.388239439678,37537.0,64238.0,14,1.875,4.0,0.0,2.0,14.0,14.649370588235294,62.373304545454545,41.66286470588235,1.3361313636363636,0.10948670745224923,0.22741121237472778,0.11002834588593684,0.0447510520905769,14.8525,62.9001,41.8417,1.43692,156,12,1,0,0,0,0,run_002
U000055,4151916,MODEL_B,BATCH_01,717152.0,51225.142857142855,9089.44130344606,38888.0,68126.0,14,1.85,4.0,0.0,3.0,14.0,14.615613157894735,62.4218829787234,41.61685,1.3354834042553192,0.1193652631145543,0.21647737839356762,0.15863295344574135,0.045370815379041966,14.828,62.9212,41.9257,1.47219,170,12,1,1,1,0,0,run_002
U000056,4224664,MODEL_A,BATCH_02,718883.0,51348.78571428572,10647.179967401778,32416.0,72748.0,14,1.775,4.0,0.0,4.0,14.0,14.646279999999999,62.44260952380953,41.62661428571428,1.345642619047619,0.10962037112100068,0.1979115025305862,0.15199885863127516,0.05585139197599474,14.9597,62.961,41.939,1.46613,154,12,1,0,0,0,0,run_002
U000057,4280317,MODEL_A,BATCH_01,699827.0,49987.642857142855,9005.07757287002,34603.0,65144.0,14,1.85,4.0,0.0,4.0,14.0,14.6342,62.40699512195122,41.5768,1.3501834146341463,0.07454747927775049,0.19003166834927762,0.14953638049287357,0.05080157136397242,14.7784,62.8464,41.9236,1.4646,150,12,1,0,0,0,0,run_002
U000058,4331153,MODEL_A,BATCH_01,677735.0,48409.642857142855,10586.740710088134,36112.0,77250.0,14,1.825,4.0,0.0,3.0,14.0,14.637525714285715,62.49823095238095,41.61064,1.3559147619047618,0.11500684466294933,0.2098941864520977,0.1260155970738644,0.046773208051248114,14.8217,62.9679,41.8394,1.46664,154,12,1,0,0,0,0,run_002
U000059,4390115,MODEL_A,BATCH_01,700436.0,50031.142857142855,8805.522400587754,38166.0,64817.0,14,1.8,4.0,0.0,3.0,14.0,14.645372222222221,62.49195909090909,41.53467222222222,1.3597184090909091,0.09282421362403598,0.19910459599916702,0.1485671346296464,0.044448894822014653,14.9085,62.986,41.8487,1.45988,160,12,1,0,0,0,0,run_002
U000060,4451310,MODEL_B,BATCH_01,712515.0,50893.92857142857,10539.66622931081,30632.0,66525.0,14,1.9024390243902438,4.0,0.0,4.0,14.0,14.636574358974359,62.56926595744681,41.57675641025641,1.3622523404255318,0.09961137569244496,0.2147296057802005,0.1381439748478907,0.055565348922912976,14.8069,63.0463,41.8919,1.49935,172,12,2,0,0,0,0,run_002
U000061,4506691,MODEL_A,BATCH_01,698357.0,49882.642857142855,10239.269254328521,37882.0,67653.0,14,1.9,4.0,0.0,4.0,14.0,14.66035588235294,62.58238250000001,41.576897058823526,1.3647805,0.1061000362470351,0.20832568054149447,0.17296889102903593,0.048227136522703516,14.9053,63.1067,42.0539,1.45661,148,12,1,0,0,0,0,run_002
U000062,4568113,MODEL_A,BATCH_01,746755.0,53339.642857142855,11667.027870206524,34974.0,74294.0,14,1.925,4.0,0.0,4.0,14.0,14.645597435897438,62.55448085106382,41.58555128205128,1.37020914893617,0.1092769019923327,0.21527151070450415,0.1398889293836455,0.05399642962551711,14.8184,63.045,41.8719,1.4872,172,12,1,0,0,0,0,run_002
U000063,4656188,MODEL_A,BATCH_02,724663.0,51761.642857142855,13661.947156002565,29937.0,88075.0,14,1.875,4.0,0.0,3.0,14.0,14.640974285714284,62.585838095238095,41.586174285714286,1.3750135714285714,0.1025884248225061,0.14963772341710424,0.1432097111866082,0.04518791268456042,14.8516,62.9486,41.9046,1.47916,154,12,1,0,0,0,0,run_002
U000064,4709163,MODEL_A,BATCH_01,727372.0,51955.142857142855,8052.985751662767,38174.0,66467.0,14,1.925,4.0,0.0,5.0,14.0,14.636197368421055,62.61644042553191,41.61348684210526,1.3843044680851062,0.10713053287447381,0.20061663598664378,0.15883867758788053,0.04682037933321949,14.8562,63.0507,41.9145,1.49397,170,12,1,0,0,0,0,run_002
U000065,4779206,MODEL_B,BATCH_01,731814.0,52272.42857142857,10284.164770800156,38133.0,72111.0,14,1.95,4.0,0.0,2.0,14.0,14.669325,62.64710652173913,41.54271,1.387605,0.08650564158273726,0.1659930726830005,0.14032769670146594,0.055616730086868224,14.8423,63.0963,41.7946,1.52009,172,12,1,0,0,0,0,run_002
U000066,4826395,MODEL_A,BATCH_01,675609.0,48257.78571428572,7806.677725152717,39440.0,63029.0,14,1.9268292682926829,4.0,0.0,2.0,14.0,14.638300000000001,62.70937045454546,41.541585714285716,1.3846668181818182,0.12638813235426866,0.2179673674952562,0.15176907020954336,0.05321096974561254,14.9531,63.1475,41.8847,1.49917,158,12,2,0,0,0,0,run_002
U000067,4867791,MODEL_A,BATCH_01,711922.0,50851.57142857143,9979.490581374195,35028.0,68051.0,14,1.9,4.0,0.0,3.0,14.0,14.679016216216217,62.741442222222226,41.56764054054054,1.3888648888888888,0.10941846663539392,0.2155714693646619,0.1118590692182176,0.04999396752801199,14.992,63.143,41.7675,1.50356,164,12,1,0,0,0,0,run_002
U000068,4919891,MODEL_A,BATCH_01,721486.0,51534.71428571428,8221.840449292748,40504.0,66240.0,14,1.875,4.0,0.0,4.0,14.0,14.663794285714285,62.71451590909091,41.55748,1.3728304545454544,0.09255070134433205,0.19743146699454822,0.13246236046959464,0.06563975216973986,14.8212,63.214,41.7882,1.56764,158,12,1,0,0,0,0,run_002
U000069,4983319,MODEL_A,BATCH_01,723614.0,51686.71428571428,11450.571127365532,39432.0,74407.0,14,1.9,4.0,0.0,4.0,14.0,14.686530555555557,62.813893023255815,41.49805555555556,1.398086976744186,0.10064079496462223,0.23653298309754597,0.13240152663005206,0.052590809650450564,14.959,63.2954,41.7698,1.51638,158,12,1,0,0,0,0,run_002
U000070,5045798,MODEL_B,BATCH_02,684290.0,48877.857142857145,9143.905451233564,36304.0,66554.0,14,1.9,4.0,0.0,4.0,14.0,14.660751428571428,62.80558181818182,41.50841142857143,1.3923393181818182,0.1181752123193467,0.21810189774797636,0.13694177975336133,0.06080735047358451,14.9234,63.2084,41.8096,1.53397,158,12,1,0,0,0,0,run_002
U000071,5095894,MODEL_A,BATCH_01,700701.0,50050.07142857143,10208.872185613736,34405.0,69642.0,14,1.9268292682926829,4.0,0.0,4.0,14.0,14.670641666666667,62.84942,41.53534444444445,1.4074757777777778,0.11920482342829679,0.183837341147005,0.15674192518630997,0.0485663097541013,14.9531,63.1401,41.9829,1.49416,162,12,2,0,0,0,0,run_002
U000072,5149487,MODEL_A,BATCH_01,702461.0,50175.78571428572,10448.522546852637,35504.0,66772.0,14,1.8780487804878048,4.0,0.0,3.0,14.0,14.654434146341465,62.854612244897965,41.52655609756098,1.4060279591836735,0.09998316510732243,0.17664932733225794,0.1656521099303907,0.04875882377322372,14.8632,63.1708,41.8937,1.53554,180,12,2,0,0,0,0,run_002
U000073,5209146,MODEL_A,BATCH_01,700890.0,50063.57142857143,9154.821014208732,32991.0,65062.0,14,1.853658536585366,4.0,0.0,5.0,14.0,14.689686111111111,62.865879069767445,41.46369166666667,1.404563023255814,0.07212211530365005,0.22429837436319433,0.16107853874075648,0.04867162165911481,14.8394,63.253,41.7337,1.52552,158,12,2,0,0,0,0,run_002
U000074,5262587,MODEL_A,BATCH_01,712733.0,50909.5,9634.446315574773,34536.0,69712.0,14,1.875,4.0,0.0,6.0,14.0,14.675082051282052,62.83819574468085,41.49641794871795,1.4252606382978723,0.09327585819491162,0.2036178464005609,0.15543758583566064,0.055594583267744316,14.916,63.2819,41.8439,1.54545,172,12,1,0,0,0,0,run_002
U000075,5330310,MODEL_B,BATCH_01,713702.0,50978.71428571428,9615.95179039313,36358.0,64384.0,14,1.9,4.0,0.0,7.0,14.0,14.65995,62.926418181818185,41.48064166666667,1.4154586363636363,0.09667345772533155,0.2295931328208179,0.12305808936084879,0.05676027171013962,14.9071,63.3604,41.7269,1.52881,160,12,1,0,0,0,0,run_002
U000076,5384229,MODEL_A,BATCH_01,711169.0,50797.78571428572,7635.334249683874,35906.0,60223.0,14,1.925,4.0,0.0,5.0,14.0,14.681359459459458,62.93871555555556,41.46782702702703,1.4324544444444443,0.09943534320088371,0.19810003092509948,0.15734296165568634,0.05142455637124931,14.8614,63.5509,41.8623,1.51815,164,12,1,0,0,0,0,run_002
U000077,5474031,MODEL_A,BATCH_02,751127.0,53651.92857142857,14089.042187591613,35149.0,89802.0,14,1.9,4.0,0.0,4.0,14.0,14.666117142857145,62.93433720930233,41.47086,1.4386909302325581,0.10657523022484626,0.19068404311003154,0.16069197278534775,0.04407683895706904,14.8726,63.4549,41.8001,1.55539,156,12,1,0,0,0,0,run_002
U000078,5524076,MODEL_A,BATCH_01,657632.0,46973.71428571428,9220.497562317516,32537.0,62431.0,14,1.9,4.0,0.0,4.0,14.0,14.682454545454545,63.00184102564103,41.53672727272727,1.4234446153846154,0.1086843281334442,0.18423350560740498,0.10971959223609448,0.051812854574808755,14.8836,63.5027,41.7915,1.51706,144,12,1,0,0,0,0,run_002
U000079,5602982,MODEL_A,BATCH_01,708973.0,50640.92857142857,9969.372779161693,37883.0,78906.0,14,1.85,4.0,0.0,4.0,14.0,14.693513888888889,63.03449545454546,41.4469,1.441681818181818,0.10664765526262539,0.18966308065858614,0.16049742677064946,0.057097418720326705,14.9023,63.4562,41.8494,1.56808,160,12,1,0,0,0,0,run_002
U000080,5674803,MODEL_B,BATCH_01,747734.0,53409.57142857143,15157.012830899232,38549.0,95972.0,14,1.975,4.0,0.0,5.0,14.0,14.70312,63.055325581395344,41.405857142857144,1.42995,0.10459448247735596,0.20434550933933804,0.1299391198752308,0.060787847352199297,14.9656,63.449,41.7006,1.6587,156,12,1,0,0,0,1,run_002
U000081,5728697,MODEL_A,BATCH_01,709455.0,50675.357142857145,9905.075184020508,35985.0,67139.0,14,1.9,4.0,0.0,2.0,14.0,14.67032972972973,63.10200222222222,41.42059189189189,1.429009777777778,0.1166405348468935,0.16764929776293216,0.14941859801387608,0.05293126222190471,14.9438,63.6352,41.7601,1.54359,164,12,1,0,0,0,0,run_002
U000082,5805436,MODEL_A,BATCH_01,718206.0,51300.42857142857,10625.859876258959,37415.0,76739.0,14,1.9,4.0,0.0,4.0,14.0,14.699491428571429,63.14817380952381,41.43868285714286,1.4443242857142857,0.0917745779596066,0.19949577421959333,0.16136240994896558,0.04240761678840812,14.8934,63.4866,41.953,1.55979,154,12,1,0,0,0,1,run_002
U000083,5875209,MODEL_A,BATCH_01,735453.0,52532.357142857145,11321.480812407637,34801.0,69773.0,14,1.9,4.0,0.0,5.0,14.0,14.683389189189189,63.11560444444445,41.43183783783784,1.4415635555555557,0.09482789903522783,0.16555314438621072,0.16268531032393527,0.045232706748524136,14.8616,63.558,41.7435,1.53144,164,12,1,0,0,0,0,run_002
U000084,5934791,MODEL_A,BATCH_02,705275.0,50376.78571428572,8524.117163207455,35802.0,64787.0,14,1.925,4.0,0.0,4.0,14.0,14.71682162162162,63.16037234042553,41.40773243243243,1.4386236170212765,0.11407545050714622,0.20478836552182056,0.17889717104473057,0.05438309453695474,14.944,63.7725,41.7921,1.54606,168,12,1,0,0,0,0,run_002
U000085,5999457,MODEL_B,BATCH_01,692006.0,49429.0,8952.7050488837,36051.0,64666.0,14,1.9,4.0,0.0,4.0,14.0,14.701565714285714,63.19461707317073,41.41451714285714,1.4540748780487804,0.08086362136649722,0.17482090393090788,0.1576832407180973,0.052668743060849246,14.8652,63.6666,41.7617,1.57179,152,12,1,0,0,0,0,run_002
U000086,6060381,MODEL_A,BATCH_01,738359.0,52739.92857142857,12827.365653550622,36772.0,81077.0,14,1.825,4.0,0.0,5.0,14.0,14.689535897435897,63.190543478260864,41.393351282051285,1.4587365217391304,0.09324202939599713,0.22640870090482518,0.14321750273768247,0.045947556927793815,14.8569,63.7401,41.7031,1.54197,170,12,1,0,0,0,0,run_002
U000087,6133161,MODEL_A,BATCH_01,729036.0,52074.0,10236.947561876801,37647.0,72780.0,14,1.875,4.0,0.0,5.0,14.0,14.718144444444444,63.271134090909094,41.37841111111111,1.4429640909090908,0.09844617512542267,0.20152830367686395,0.14448899864750536,0.0464906540404394,15.002,63.6055,41.6559,1.54376,160,12,1,0,0,0,0,run_002
U000088,6196294,MODEL_A,BATCH_01,710676.0,50762.57142857143,10439.785988922642,30240.0,63133.0,14,1.9,4.0,0.0,5.0,14.0,14.69659142857143,63.250855813953486,41.35926571428571,1.4614890697674419,0.09909196670541068,0.2066020194230416,0.15186733557103577,0.05747731071242905,14.8926,63.6143,41.6351,1.59034,156,12,1,0,0,0,0,run_002
U000089,6263940,MODEL_A,BATCH_01,701156.0,50082.57142857143,9376.283950759742,37169.0,67646.0,14,1.9,4.0,0.0,3.0,14.0,14.724746153846153,63.291999999999994,41.41185128205128,1.4663046666666668,0.10931268007093932,0.16595699607264164,0.1437115401581549,0.04009388836899532,14.9745,63.6573,41.6653,1.54644,168,12,1,0,0,0,0,run_002
U000090,6318847,MODEL_B,BATCH_01,683751.0,48839.357142857145,9612.18001853852,34937.0,65483.0,14,1.9,4.0,0.0,3.0,14.0,14.715617142857143,63.26367619047619,41.38526285714286,1.4719047619047618,0.10613027645225408,0.1704827390011337,0.17397178791860785,0.054262295009500146,14.9002,63.6836,41.8372,1.58151,154,12,1,0,0,0,0,run_002
U000091,6396233,MODEL_A,BATCH_02,730619.0,52187.07142857143,12301.56789546817,34938.0,77386.0,14,1.925,4.0,0.0,4.0,14.0,14.68924054054054,63.36205555555556,39.877318918918924,1.6507855555555555,0.09250048486197072,0.19228750793296606,0.155424790382569,0.03964067817484477,14.8402,63.8264,40.26,1.76904,164,12,1,1,1,0,1,run_002
U000092,6449391,MODEL_A,BATCH_01,703175.0,50226.78571428572,8377.737772293824,36956.0,63652.0,14,1.875,4.0,0.0,3.0,14.0,14.722227027027026,63.34536739130435,41.410291891891895,1.4777550000000002,0.09371938803520692,0.15068393271915195,0.1633193180694029,0.042039797269307136,14.925,63.6627,41.7529,1.61525,166,12,1,0,0,0,0,run_002
U000093,6524592,MODEL_A,BATCH_01,720327.0,51451.92857142857,10548.20964367002,36979.0,75201.0,14,1.9,4.0,0.0,5.0,14.0,14.730231428571427,63.37193181818182,39.8457,1.6665284090909092,0.10739609416555543,0.21853431934481338,0.19796519747613392,0.048390326437822095,14.9194,63.7046,40.3883,1.79268,158,12,1,0,0,0,1,run_002
U000094,6576786,MODEL_A,BATCH_01,721147.0,51510.5,9019.215382470065,38986.0,71440.0,14,1.9,4.0,0.0,5.0,14.0,14.74968947368421,63.41977446808511,41.34174210526316,1.4938368085106384,0.09694147521020989,0.20852284148482694,0.15219774766877422,0.05758536117974485,14.9758,63.8808,41.7569,1.65298,170,12,1,0,0,0,1,run_002
U000095,6637145,MODEL_B,BATCH_01,710831.0,50773.642857142855,8001.700084810274,34011.0,60359.0,14,1.975,4.0,0.0,4.0,14.0,14.727747222222222,63.44970000000001,41.35061944444445,1.482086511627907,0.07037232607906135,0.19526908662273146,0.13614388149400597,0.0504785169242804,14.8609,63.8627,41.6655,1.60465,158,12,1,0,0,0,0,run_002
U000096,6691589,MODEL_A,BATCH_01,668017.0,47715.5,7747.074532214873,35305.0,63207.0,14,1.875,4.0,0.0,2.0,14.0,14.72295,63.487497499999996,41.319990625,1.4948935,0.10826198212758519,0.1923770089780307,0.14491321398234594,0.04368303370405655,14.885,63.821,41.5823,1.58163,144,12,1,0,0,0,0,run_002
U000097,6755194,MODEL_A,BATCH_01,734776.0,52484.0,12094.096442861319,34495.0,71311.0,14,1.875,4.0,0.0,4.0,14.0,14.701636842105263,63.487515555555554,41.33937631578947,1.5000371111111113,0.09912348678795237,0.2120184886401498,0.13977109555851533,0.03821626162811171,14.9103,63.9069,41.6006,1.58619,166,12,1,0,0,0,0,run_002
U000098,6805074,MODEL_A,BATCH_02,698573.0,49898.07142857143,11054.122158127853,35644.0,69490.0,14,1.925,4.0,0.0,5.0,14.0,14.751308333333334,63.53949318181819,41.318244444444446,1.4912527272727274,0.10016487087368926,0.18883289696365654,0.1614105492117092,0.05105866527207455,14.9865,64.0576,41.6328,1.59148,160,12,1,0,0,0,0,run_002
U000099,6866964,MODEL_A,BATCH_01,695149.0,49653.5,8998.834477949824,35402.0,61890.0,14,1.9,4.0,0.0,4.0,14.0,14.713251428571429,63.51791190476191,41.33750857142857,1.5005814285714285,0.10779022757033194,0.19019381668077576,0.11731678925889875,0.044308696749797385,14.946,63.9147,41.6856,1.57338,154,12,1,0,0,0,0,run_002
U000100,6937984,MODEL_B,BATCH_01,721045.0,51503.21428571428,11879.65924905367,34208.0,71131.0,14,1.9,4.0,0.0,4.0,14.0,14.73496857142857,63.588209523809525,41.25474857142857,1.5052769047619048,0.07555492264660518,0.1408756133746028,0.12119075719811326,0.048149195089293086,14.8665,63.848,41.4753,1.59463,154,12,1,0,0,0,0,run_002
U000101,6999459,MODEL_A,BATCH_01,710343.0,50738.78571428572,10059.121112996607,37675.0,63471.0,14,1.9,4.0,0.0,5.0,14.0,14.725641176470589,63.61938333333333,41.28420588235294,1.5126707142857143,0.09942178322878817,0.22422044239680164,0.14063873327672788,0.04891740432421584,14.879,64.0432,41.64,1.60436,152,12,1,0,0,0,0,run_002
U000102,7056951,MODEL_A,BATCH_01,722767.0,51626.21428571428,11143.126678868848,32140.0,65326.0,14,1.9,4.0,0.0,5.0,14.0,14.75101052631579,63.64957608695653,41.28613421052631,1.5173443478260868,0.1015394099751119,0.2140331004357165,0.13921237766558647,0.045986871684677515,14.9544,64.1384,41.5647,1.60093,168,12,1,0,0,0,0,run_002
U000103,7110065,MODEL_A,BATCH_01,680257.0,48589.78571428572,7189.262775712246,34093.0,60692.0,14,1.9268292682926829,4.0,0.0,4.0,14.0,14.75238157894737,63.599315555555556,41.29346842105264,1.5191617777777777,0.10090783018197415,0.18271507619982322,0.1423012660771832,0.043446608209956855,14.9465,64.0377,41.5147,1.60837,166,12,2,0,0,0,0,run_002
U000104,7171665,MODEL_A,BATCH_01,701779.0,50127.07142857143,9706.127735090347,34646.0,65452.0,14,1.875,4.0,0.0,4.0,14.0,14.766871428571429,63.68163255813953,41.28354,1.5137162790697674,0.08606472452011159,0.22093290375665453,0.17111552547569697,0.04291148187025492,14.9428,64.062,41.5786,1.60189,156,12,1,0,0,0,0,run_002
U000105,7217961,MODEL_B,BATCH_02,693621.0,49544.357142857145,8856.58133912197,38542.0,64469.0,14,1.925,4.0,0.0,4.0,14.0,14.749705882352941,63.65201951219512,41.34772058823529,1.539369756097561,0.11051655557091183,0.20158157557117046,0.14924081166460573,0.047613981323126386,14.9487,64.092,41.6451,1.62816,150,12,1,0,0,0,0,run_002
U000106,7282990,MODEL_A,BATCH_01,714213.0,51015.21428571428,11164.179181502926,30940.0,66950.0,14,1.9,4.0,0.0,4.0,14.0,14.74403243243243,63.667468888888884,41.26107297297297,1.5299024444444442,0.09852747235064896,0.2259873818100779,0.15650863066128845,0.05623719551860657,14.973,64.2406,41.6276,1.64656,164,12,1,1,1,0,0,run_002
U000107,7346686,MODEL_A,BATCH_01,707720.0,50551.42857142857,8790.140943249873,36177.0,63696.0,14,1.95,4.0,0.0,4.0,14.0,14.761807894736842,63.73050444444444,41.2764447368421,1.5191177777777776,0.10921134824109296,0.18655494432612935,0.19530109768082293,0.05658535543314145,14.9476,64.1695,41.7546,1.68207,166,12,1,0,0,0,0,run_002
U000108,7395354,MODEL_A,BATCH_01,701823.0,50130.21428571428,9385.400931385784,37436.0,66755.0,14,1.9024390243902438,4.0,0.0,2.0,14.0,14.737423684210526,63.74398666666667,41.24799736842105,1.5430386666666667,0.0945286412601605,0.2080048476270769,0.15021969584549916,0.04834398832608586,14.888,64.0967,41.5479,1.65858,166,12,2,0,0,0,0,run_002
U000109,7449883,MODEL_A,BATCH_01,726928.0,51923.42857142857,8811.521126992126,35157.0,67713.0,14,1.875,4.0,0.0,4.0,14.0,14.797340540540542,63.8875,41.24646486486487,1.5498984090909091,0.0972615216238603,0.20964744492311557,0.1421146919768522,0.05542021602196959,15.0331,64.3533,41.4705,1.71127,162,12,1,0,0,0,0,run_002
U000110,7512888,MODEL_B,BATCH_01,713456.0,50961.142857142855,14828.807747381152,28360.0,86415.0,14,1.9,4.0,0.0,4.0,14.0,14.74579142857143,63.82127619047618,41.23097714285714,1.5399757142857142,0.10389981988159863,0.22327866195114518,0.12894835054875153,0.05848354540914641,15.0225,64.21,41.4418,1.66659,154,12,1,0,0,0,0,run_002
U000111,7593959,MODEL_A,BATCH_01,722312.0,51593.71428571428,11821.822782975894,35042.0,81071.0,14,1.825,4.0,0.0,4.0,14.0,14.750014705882352,63.82721666666667,41.25221764705882,1.5327561904761904,0.11462253766524273,0.2007933046166175,0.14590166566143398,0.05260912866870073,14.9437,64.3301,41.4803,1.66734,152,12,1,0,0,0,0,run_002
U000112,7645623,MODEL_A,BATCH_02,725817.0,51844.07142857143,11251.094172187368,34860.0,80111.0,14,1.875,4.0,0.0,5.0,14.0,14.77231052631579,63.82230666666666,41.23987894736842,1.5420857777777779,0.08430647049475554,0.20133452081728856,0.17658614337284317,0.05726004320358803,14.9656,64.2317,41.777,1.67663,166,12,1,0,0,0,0,run_002
U000113,7699479,MODEL_A,BATCH_01,709491.0,50677.92857142857,9508.294779290876,31636.0,64941.0,14,1.9,4.0,0.0,5.0,14.0,14.772455555555556,63.879104545454545,41.24165555555555,1.5612240909090909,0.09261996836364494,0.19168816725930307,0.14902645487955576,0.043625823284997964,15.0146,64.241,41.5204,1.64933,160,12,1,0,0,0,0,run_002
U000114,7764683,MODEL_A,BATCH_01,702573.0,50183.78571428572,7562.922676590572,40451.0,65204.0,14,1.875,4.0,0.0,4.0,14.0,14.756842857142857,63.9315619047619,41.177339999999994,1.5460297619047618,0.08737653570379537,0.17928517949492512,0.12665393609916586,0.05627256180535103,14.9422,64.4004,41.4342,1.67296,154,12,1,0,0,0,0,run_002
U000115,7820880,MODEL_B,BATCH_01,721260.0,51518.57142857143,10449.525036790214,32563.0,67312.0,14,1.9,4.0,0.0,4.0,14.0,14.768484210526315,63.98713260869565,41.18835263157895,1.5519658695652172,0.1090309044369206,0.2161698900344075,0.1307091877017233,0.05413608341028035,14.978,64.3764,41.4584,1.65756,168,12,1,0,0,0,0,run_002
U000116,7888688,MODEL_A,BATCH_01,727103.0,51935.92857142857,11111.134951821188,35908.0,67808.0,14,1.875,4.0,0.0,3.0,14.0,14.797070270270268,64.03277111111112,41.174216216216216,1.5621433333333332,0.0963545503303784,0.23808787302764436,0.16455318375918807,0.04571590826158678,15.0238,64.5597,41.5928,1.65619,164,12,1,0,0,0,0,run_002
U000117,7936788,MODEL_A,BATCH_01,693949.0,49567.78571428572,9677.099527143542,32661.0,64335.0,14,1.925,4.0,0.0,4.0,14.0,14.76928611111111,64.05288409090909,41.18246944444444,1.5772761363636363,0.09933847521846764,0.20457465566637262,0.12207122936909581,0.047472698259884046,15.0258,64.6952,41.4256,1.68388,160,12,1,0,0,0,0,run_002
U000118,7983434,MODEL_A,BATCH_01,673708.0,48122.0,6768.467512039815,39271.0,63992.0,14,1.9268292682926829,4.0,0.0,4.0,14.0,14.735042857142856,64.05902093023256,41.163402857142856,1.5789441860465117,0.08255501297963219,0.15698827763052542,0.1568004173270925,0.050637761800409756,14.9243,64.3097,41.5336,1.69708,156,12,2,0,0,0,0,run_002
U000119,8046555,MODEL_A,BATCH_02,717621.0,51258.642857142855,10238.592598648453,31654.0,66871.0,14,1.925,4.0,0.0,4.0,14.0,14.760032432432434,64.04974222222222,41.20467567567568,1.5742953333333332,0.10414071691187324,0.23036465114020419,0.13335724869980214,0.05035903383794121,15.049,64.5833,41.4565,1.66736,164,12,1,0,0,0,0,run_002
U000120,8102086,MODEL_B,BATCH_01,700563.0,50040.21428571428,8615.117430143644,38012.0,66940.0,14,1.9268292682926829,4.0,0.0,4.0,14.0,14.780523684210527,64.0685804347826,41.16992894736842,1.571915,0.10648716566293125,0.18777183627366587,0.1769439580051761,0.05715126594301206,14.9793,64.5016,41.5244,1.70517,168,12,2,0,0,0,0,run_002
U000121,8151042,MODEL_A,BATCH_01,708154.0,50582.42857142857,8691.955827654103,35944.0,64419.0,14,1.853658536585366,4.0,0.0,4.0,14.0,14.798829729729729,64.12000454545455,41.16737027027027,1.5868934090909088,0.09587681583059476,0.21613851927350017,0.1392938079202546,0.05778580637440635,14.9743,64.4964,41.5364,1.69865,162,12,2,0,0,0,0,run_002
U000122,8214317,MODEL_A,BATCH_01,727447.0,51960.5,11565.676140067346,36831.0,71327.0,14,1.875,4.0,0.0,5.0,14.0,14.77198888888889,64.1977659090909,40.517516666666666,1.6589547727272729,0.09724762730202223,0.21673625698034837,0.7555589395559114,0.1005725245546515,14.9752,64.6073,41.3879,1.88631,160,12,1,0,0,0,0,run_002
U000123,8277101,MODEL_A,BATCH_01,720239.0,51445.642857142855,10389.405954789072,36242.0,71186.0,14,1.9,4.0,0.0,5.0,14.0,14.78237142857143,64.15983571428572,41.120900000000006,1.5847488095238096,0.11100521336837291,0.18514269489739138,0.15930026217621682,0.05190979545713751,15.0261,64.4598,41.5093,1.66878,154,12,1,0,0,0,0,run_002
U000124,8336642,MODEL_A,BATCH_01,713354.0,50953.857142857145,9514.118705757919,33943.0,63628.0,14,1.85,4.0,0.0,3.0,14.0,14.8123,64.1660659574468,41.14634871794872,1.593285744680851,0.10673247914886617,0.1981006214205667,0.16895261072077664,0.048378556008820794,15.0963,64.6073,41.5105,1.69363,172,12,1,0,0,0,1,run_002
U000125,8398942,MODEL_B,BATCH_01,755192.0,53942.28571428572,11488.460688404299,37935.0,73050.0,14,1.85,4.0,0.0,5.0,14.0,14.812607894736843,64.22513695652174,41.12507631578947,1.5924243478260869,0.10897140309615831,0.19143582778419319,0.14520959769152703,0.04599870102765818,15.0244,64.612,41.4156,1.66178,168,12,1,0,0,0,0,run_002
U000126,8456340,MODEL_A,BATCH_02,677871.0,48419.357142857145,7344.604001548377,33694.0,61273.0,14,1.951219512195122,4.0,0.0,5.0,14.0,14.809682857142857,64.24610731707317,39.666222857142856,1.7622817073170733,0.08186479702287588,0.16060245388885405,0.13452203861802817,0.03840678728443963,15.0207,64.5669,39.9818,1.85392,152,12,2,0,0,0,1,run_002
U000127,8511436,MODEL_A,BATCH_01,693280.0,49520.0,11725.759781845203,31483.0,75181.0,14,1.9,4.0,0.0,1.0,14.0,14.780975675675677,64.2784909090909,41.13901351351351,1.6142211363636363,0.11696977863582556,0.22316750494700555,0.16253475895287142,0.05458901376888982,15.1035,64.7986,41.5644,1.72156,162,12,1,0,0,0,0,run_002
U000128,8585369,MODEL_A,BATCH_01,726483.0,51891.642857142855,11285.493292835603,37773.0,73933.0,14,1.9,4.0,0.0,3.0,14.0,14.777358333333334,64.30112727272727,41.14749166666667,1.595686590909091,0.10651952839067297,0.1917336613986161,0.1320552013904996,0.05043124303598251,15.0077,64.7913,41.3519,1.74105,160,12,1,0,0,0,0,run_002
U000129,8642167,MODEL_A,BATCH_01,757141.0,54081.5,13412.490703989897,35282.0,82723.0,14,1.95,4.0,0.0,4.0,14.0,14.838924324324324,64.30197555555556,41.10281351351352,1.617161111111111,0.09386478574525699,0.1744516332495436,0.18914102199470442,0.055532847823371506,15.0381,64.6564,41.4188,1.74689,164,12,1,0,0,0,0,run_002
U000130,8690291,MODEL_B,BATCH_01,690145.0,49296.07142857143,8747.151804262527,36825.0,62448.0,14,1.925,4.0,0.0,2.0,14.0,14.809078947368421,64.38086,41.08949736842106,1.6110073333333332,0.11128816055602227,0.16771457138408044,0.15707803790755678,0.053022308786876776,15.0109,64.7114,41.4157,1.74223,166,12,1,0,0,0,0,run_002
U000131,8746214,MODEL_A,BATCH_01,684559.0,48897.07142857143,10564.596264187041,30340.0,67769.0,14,1.875,4.0,0.0,3.0,14.0,14.84315142857143,64.39069268292683,41.10514571428572,1.6178170731707318,0.10466735367042455,0.19419796264410558,0.18155027393641274,0.05194888200163235,15.0686,64.7864,41.4289,1.72872,152,12,1,0,0,0,0,run_002
U000132,8796996,MODEL_A,BATCH_01,715419.0,51101.357142857145,9044.564815887561,35463.0,66237.0,14,1.875,4.0,0.0,4.0,14.0,14.788535135135135,64.35092272727273,41.11232432432432,1.6244934090909091,0.09372365768048634,0.15917807471966822,0.17529324067181032,0.045992592373382254,14.9431,64.8091,41.5582,1.72566,162,12,1,0,0,0,0,run_002
U000133,8841159,MODEL_A,BATCH_02,698632.0,49902.28571428572,10941.899746658897,34120.0,64427.0,14,1.9024390243902438,4.0,0.0,4.0,14.0,14.837283333333334,64.43368181818181,41.10935277777778,1.6243347727272728,0.10784042046336029,0.19954541043212515,0.1634558454771057,0.04395521634724584,15.0588,64.879,41.3511,1.73996,160,12,2,1,0,1,0,run_002
U000134,8893013,MODEL_A,BATCH_01,680976.0,48641.142857142855,7581.164847143243,32921.0,60127.0,14,1.925,4.0,0.0,3.0,14.0,14.797765714285713,64.4806243902439,41.03670857142857,1.6312829268292681,0.08291578627405867,0.19209122153352895,0.16195567362240534,0.054054435721960045,14.9698,64.7767,41.4894,1.72329,152,12,1,0,0,0,0,run_002
U000135,8960714,MODEL_B,BATCH_01,728917.0,52065.5,9142.706330100598,38383.0,67701.0,14,1.9,4.0,0.0,4.0,14.0,14.803173684210526,64.5318652173913,41.0402947368421,1.630745,0.11577936072480086,0.25262101013828303,0.12262331674436351,0.04836628236695485,15.0477,65.1975,41.2546,1.75189,168,12,1,0,0,0,0,run_002
U000136,9008259,MODEL_A,BATCH_01,651400.0,46528.57142857143,8254.612787026188,28397.0,56739.0,14,1.9268292682926829,4.0,0.0,4.0,14.0,14.834388571428573,64.48101627906976,41.03592857142857,1.6357934883720928,0.12754549078069105,0.187518524710585,0.17347005263060197,0.04698308570436208,15.1289,64.97,41.4815,1.75425,156,12,2,1,1,0,0,run_002
U000137,9058315,MODEL_A,BATCH_01,702175.0,50155.357142857145,10214.93956160548,37078.0,71086.0,14,1.925,4.0,0.0,3.0,14.0,14.818321052631578,64.49452954545455,41.09402631578948,1.6303200000000002,0.09336641608692077,0.23447936347888815,0.15292579844258794,0.05003583989920229,15.0261,65.1188,41.4088,1.72441,164,12,1,0,0,0,0,run_002
U000138,9113234,MODEL_A,BATCH_01,687787.0,49127.642857142855,8790.327066700103,33078.0,64524.0,14,1.85,4.0,0.0,3.0,14.0,14.851975675675675,64.55687045454546,39.57886756756757,1.8161518181818181,0.09890643559952504,0.19485553214905296,0.17109917373339958,0.05901843221234688,15.0631,64.9717,39.9017,1.94519,162,12,1,0,0,0,0,run_002
U000139,9179795,MODEL_A,BATCH_01,707407.0,50529.07142857143,9441.730573643517,36964.0,66230.0,14,1.925,4.0,0.0,6.0,14.0,14.829351428571428,64.55320930232558,41.048765714285715,1.6602011627906976,0.09299528568515673,0.1679649578163955,0.1596370735778637,0.05193790725973168,15.0016,64.9011,41.3799,1.84597,156,12,1,0,0,0,0,run_002
U000140,9240952,MODEL_B,BATCH_02,686298.0,49021.28571428572,7280.400352776164,33309.0,61157.0,14,1.9,4.0,0.0,5.0,14.0,14.84123611111111,64.59041818181818,41.01515,1.6449961363636363,0.11490268715688486,0.1904791843266156,0.11794856869476172,0.05525646619915341,15.0781,64.8941,41.2329,1.77639,160,12,1,0,0,0,0,run_002
U000141,9298003,MODEL_A,BATCH_01,701568.0,50112.0,10999.008675610445,35492.0,67474.0,14,1.875,4.0,0.0,6.0,14.0,14.810558333333335,64.67207441860465,41.034552777777776,1.6523269767441862,0.10422997752223587,0.19069499593032865,0.1594484717233777,0.04711189914068744,15.0547,65.221,41.2967,1.76261,158,12,1,0,0,0,0,run_002
U000142,9356049,MODEL_A,BATCH_01,707668.0,50547.71428571428,9651.041844346064,32410.0,62207.0,14,1.925,4.0,0.0,5.0,14.0,14.859271428571427,64.68836744186046,41.07496857142857,1.6609358139534882,0.11047439834222073,0.20474424664389337,0.13262312319773603,0.051554770470348066,15.0714,65.4121,41.3066,1.79848,156,12,1,0,0,0,0,run_002
U000143,9454369,MODEL_A,BATCH_01,736752.0,52625.142857142855,14574.829455960358,31475.0,93372.0,14,1.9,4.0,0.0,5.0,14.0,14.839797058823528,64.64653571428572,41.01072941176471,1.667962142857143,0.07538537148221511,0.20601787256287082,0.1405330491258666,0.04809734288770162,14.9926,65.1883,41.4186,1.77571,152,12,1,0,0,0,0,run_002
U000144,9528249,MODEL_A,BATCH_01,742120.0,53008.57142857143,12882.18121589356,39857.0,81890.0,14,1.9,4.0,0.0,6.0,14.0,14.879991666666667,64.77504047619047,41.03361666666667,1.674209761904762,0.09184313140194143,0.1940492093227705,0.18133831286930469,0.044819877258900506,15.1197,65.2978,41.3225,1.73957,156,12,1,0,0,0,0,run_002
U000145,9590697,MODEL_B,BATCH_01,731320.0,52237.142857142855,8193.39318134897,37519.0,62448.0,14,1.9,4.0,0.0,5.0,14.0,14.857167567567567,64.80584999999999,40.99661621621622,1.654574090909091,0.09607147528462014,0.1943652058775311,0.1673397683249953,0.042255947555409255,15.0706,65.1182,41.3193,1.74708,162,12,1,0,0,0,0,run_002
U000146,9662748,MODEL_A,BATCH_01,735959.0,52568.5,11983.273629714686,36628.0,74726.0,14,1.9,4.0,0.0,5.0,14.0,14.875360526315788,64.77184565217391,40.95984736842106,1.6676806521739131,0.09191855248864297,0.2210644367665198,0.1605237234918843,0.04108704718316815,15.0878,65.3731,41.328,1.77519,168,12,1,0,0,0,0,run_002
U000147,9723501,MODEL_A,BATCH_02,704693.0,50335.21428571428,10705.617297464925,36635.0,70449.0,14,1.9,4.0,0.0,4.0,14.0,14.867456756756757,64.78785111111111,40.95937297297297,1.6704844444444444,0.10058272311480305,0.1983719401691292,0.11515789317437262,0.0481706337152134,15.0972,65.2097,41.1918,1.76023,164,12,1,0,0,0,0,run_002
U000148,9781968,MODEL_A,BATCH_01,713952.0,50996.57142857143,10193.25636588521,36050.0,71170.0,14,1.875,4.0,0.0,5.0,14.0,14.848069444444443,64.85894186046511,40.94919166666667,1.6863162790697674,0.07705715807834551,0.18535087862208835,0.14239098361302685,0.05074978587912876,14.9936,65.1797,41.1938,1.79394,158,12,1,0,0,0,0,run_002
U000149,9836182,MODEL_A,BATCH_01,754449.0,53889.21428571428,9418.115279188714,42106.0,72291.0,14,1.8780487804878048,4.0,0.0,6.0,14.0,14.846340000000001,64.8010306122449,40.985525,1.6920812244897958,0.07674164048686585,0.1905653422539548,0.1279842493314039,0.053644090954202236,14.9742,65.2261,41.2042,1.81836,178,12,2,0,0,0,0,run_002
U000150,9913403,MODEL_B,BATCH_01,746572.0,53326.57142857143,13290.071885632324,35582.0,80673.0,14,1.9,4.0,0.0,5.0,14.0,14.86104,64.84048775510205,39.432315,1.8661810204081632,0.09547923871523606,0.1916709904939709,0.13850885845964794,0.04753475505901352,15.0745,65.2292,39.7337,2.00884,178,12,1,1,1,0,1,run_002
U000151,9963289,MODEL_A,BATCH_01,745626.0,53259.0,13006.747373220147,33359.0,85937.0,14,1.975,4.0,0.0,5.0,14.0,14.87794358974359,64.88697291666666,40.96167948717949,1.698231875,0.08844902723237622,0.16422843294343423,0.1378855192188662,0.04481992986865166,15.0885,65.1972,41.1853,1.80099,174,12,1,0,0,0,0,run_002
U000152,10021348,MODEL_A,BATCH_01,687394.0,49099.57142857143,8711.827669361886,35841.0,63990.0,14,1.9,4.0,0.0,2.0,14.0,14.857911111111113,64.97482558139535,40.86759444444445,1.6962551162790698,0.08782209216943009,0.21945248438202083,0.1541396249127846,0.04489886849630024,15.0309,65.4206,41.2408,1.80555,158,12,1,0,0,0,0,run_002
U000153,10081431,MODEL_A,BATCH_01,746375.0,53312.5,12453.78964720872,36577.0,85510.0,14,1.925,4.0,0.0,5.0,14.0,14.847958333333334,64.97944090909091,40.87428611111111,1.707161590909091,0.10155928704807979,0.19257656926976405,0.14080073285681236,0.039578973037617725,15.0409,65.427,41.2554,1.79187,160,12,1,0,0,0,0,run_002
U000154,10127150,MODEL_A,BATCH_02,689154.0,49225.28571428572,7631.5029412860185,35438.0,59633.0,14,1.9024390243902438,4.0,0.0,5.0,14.0,14.856923529411764,64.89849523809524,40.931479411764705,1.7093928571428572,0.08303921329553594,0.17363615020985176,0.18192667317291453,0.04898565256778039,15.0247,65.2004,41.2609,1.82231,152,12,2,0,0,0,0,run_002
U000155,10190842,MODEL_B,BATCH_01,739160.0,52797.142857142855,9371.465543849608,33057.0,67226.0,14,2.0,4.0,0.0,5.0,14.0,14.854923076923077,65.00161086956521,40.93285128205128,1.7092886956521738,0.11858622104554312,0.18509507614347964,0.16570368110734252,0.059132242252568405,15.0497,65.3788,41.2957,1.82402,170,12,1,0,0,0,0,run_002
U000156,10248287,MODEL_A,BATCH_01,693615.0,49543.92857142857,8809.946882440812,31065.0,62486.0,14,2.0,4.0,0.0,3.0,14.0,14.854172222222221,65.04021428571428,40.9219,1.7063907142857142,0.09453638335465175,0.16946831140785054,0.16494294424782988,0.04308126429927159,15.107,65.3986,41.2396,1.7907,156,12,1,0,0,0,0,run_002
U000157,10315170,MODEL_A,BATCH_01,741752.0,52982.28571428572,10844.362295884235,37828.0,66883.0,14,1.95,4.0,0.0,2.0,14.0,14.869994736842106,65.09934565217391,40.888465789473685,1.7111421739130435,0.11184233822751999,0.16905757954879927,0.15768029796260608,0.05108003044952733,15.1153,65.5921,41.4321,1.80935,168,12,1,0,0,0,0,run_002
U000158,10380024,MODEL_A,BATCH_01,734214.0,52443.857142857145,11992.741464076335,34119.0,72668.0,14,1.9,4.0,0.0,3.0,14.0,14.86038888888889,65.06138888888889,40.860025,1.7150304444444446,0.09007268423026175,0.1757142983552105,0.133986942594099,0.0529362457007379,15.0772,65.5105,41.2477,1.82767,162,12,1,0,0,0,0,run_002
U000159,10442909,MODEL_A,BATCH_01,704231.0,50302.21428571428,8841.879170077013,39030.0,65042.0,14,1.925,4.0,0.0,3.0,14.0,14.878280555555556,65.09631956521739,40.87896111111111,1.7193123913043478,0.08394373564458682,0.17129596170833736,0.13106812901863119,0.04615480387588336,15.0515,65.4199,41.1769,1.8041,164,12,1,0,0,0,0,run_002
U000160,10509585,MODEL_B,BATCH_01,706537.0,50466.92857142857,9782.068048332,38139.0,66676.0,14,1.9,4.0,0.0,3.0,14.0,14.870674285714287,65.18753571428572,40.87745142857143,1.717452380952381,0.08569878969169813,0.18693542620763223,0.12554535007068057,0.04636991401652711,15.0152,65.5751,41.0671,1.84351,154,12,1,1,1,0,0,run_002
U000161,10559849,MODEL_A,BATCH_02,744954.0,53211.0,12194.121294863608,37244.0,85113.0,14,1.875,4.0,0.0,5.0,14.0,14.864637837837837,65.14695,40.879237837837834,1.7207715217391304,0.09548630894109951,0.23730013508447573,0.15258316739723338,0.042319779718361324,15.0506,65.6658,41.2033,1.82253,166,12,1,0,0,0,0,run_002
U000162,10627389,MODEL_A,BATCH_01,721818.0,51558.42857142857,10786.144685976225,36636.0,70351.0,14,1.9,4.0,0.0,4.0,14.0,14.925402702702703,65.18978666666666,40.86785405405406,1.7162422222222224,0.0834822053110938,0.22685004318031154,0.13383959427985737,0.05155245827349467,15.0776,65.6261,41.1663,1.80933,164,12,1,0,0,0,0,run_002
U000163,10683602,MODEL_A,BATCH_01,673210.0,48086.42857142857,7409.101998054987,35303.0,59277.0,14,1.875,4.0,0.0,4.0,14.0,14.885960606060605,65.18698048780487,40.19719393939394,1.8233224390243903,0.12760158683230088,0.17737774694069627,0.768616239557894,0.09723769039782074,15.1771,65.4556,41.1681,2.07477,148,12,1,0,0,0,1,run_002
U000164,10745081,MODEL_A,BATCH_01,707892.0,50563.71428571428,10804.96449592694,34182.0,67489.0,14,1.875,4.0,0.0,5.0,14.0,14.911177777777779,65.2194953488372,40.866391666666665,1.7358069767441862,0.08386148481228226,0.19175352353313962,0.1554155671096043,0.04451918840096253,15.1019,65.6405,41.3368,1.85082,158,12,1,0,0,0,0,run_002
U000165,10804191,MODEL_B,BATCH_01,702172.0,50155.142857142855,9943.93384359099,31621.0,66004.0,14,1.85,4.0,0.0,4.0,14.0,14.910797222222222,65.24584418604651,40.864375,1.7360160465116279,0.09899560303687695,0.22808166697617516,0.15181261640588423,0.055267142100008645,15.1341,65.6793,41.1871,1.85273,158,12,1,0,0,0,0,run_002
U000166,10872522,MODEL_A,BATCH_01,707540.0,50538.57142857143,10370.007015161826,36358.0,68331.0,14,1.85,4.0,0.0,4.0,14.0,14.925314285714284,65.24060952380952,40.86332285714286,1.737957380952381,0.09349360513789537,0.19896901561644562,0.18377388293884359,0.03626360791243675,15.093,65.6652,41.4177,1.80264,154,12,1,0,0,0,0,run_002
U000167,10921794,MODEL_A,BATCH_01,690274.0,49305.28571428572,6813.616202740052,37208.0,60244.0,14,1.85,4.0,0.0,5.0,14.0,14.901176470588235,65.31388780487805,40.88598235294118,1.7442234146341464,0.0692842806905156,0.2063487208527371,0.11791104626225302,0.04139125901743973,15.0681,65.7294,41.1707,1.8116,150,12,1,0,0,0,0,run_002
U000168,10994913,MODEL_A,BATCH_02,709565.0,50683.21428571428,13506.379348455885,33432.0,79353.0,14,1.825,4.0,0.0,5.0,14.0,14.908811428571429,65.31274146341464,40.886968571428575,1.7519875609756097,0.0857320956146959,0.20687474468335768,0.1700638474764322,0.0481290203920923,15.0669,65.8175,41.2796,1.86717,152,12,1,0,0,0,0,run_002
U000169,11050256,MODEL_A,BATCH_01,731742.0,52267.28571428572,8850.152084121939,37492.0,68413.0,14,1.825,4.0,0.0,5.0,14.0,14.88547105263158,65.37025555555556,40.81723947368421,1.746302,0.11843268109020176,0.19351272515775245,0.14032469401736472,0.05242044997378928,15.1637,65.8089,41.1227,1.84931,166,12,1,0,0,0,0,run_002
U000170,11105767,MODEL_B,BATCH_01,719255.0,51375.357142857145,15291.39248379318,32482.0,91757.0,14,1.825,4.0,0.0,5.0,14.0,14.91788611111111,65.33386046511629,40.83236111111111,1.7570272093023256,0.09852522853934492,0.2205790141763646,0.14174686144729523,0.04237125296401867,15.1951,65.8146,41.0552,1.86881,158,12,1,0,0,0,1,run_002
U000171,11156759,MODEL_A,BATCH_01,700021.0,50001.5,8286.506805552117,35765.0,61433.0,14,1.9024390243902438,4.0,0.0,5.0,14.0,14.881994285714287,65.42273023255814,40.83805714285714,1.7661579069767441,0.09979531682651366,0.1778851147910653,0.14952204300549657,0.06035591988001319,15.0519,65.7675,41.0976,1.89349,156,12,2,0,0,0,0,run_002
U000172,11217978,MODEL_A,BATCH_01,710613.0,50758.07142857143,9670.400703369858,35500.0,63780.0,14,1.9,4.0,0.0,3.0,14.0,14.931508108108106,65.48910697674418,40.7842054054054,1.766626511627907,0.11161816702584844,0.15884103673221917,0.16337399144625625,0.047211490927916745,15.1391,65.7466,41.1937,1.88797,160,12,1,0,0,0,0,run_002
U000173,11262201,MODEL_A,BATCH_01,646139.0,46152.78571428572,7680.46175673724,35250.0,61281.0,14,1.825,4.0,0.0,3.0,14.0,14.888410344827586,65.40205675675675,40.7627724137931,1.757319189189189,0.0775614012289047,0.1997459616342446,0.15060496789508457,0.05647563453868002,15.0611,65.7587,41.0904,1.93443,132,12,1,0,0,0,0,run_002
U000174,11337372,MODEL_A,BATCH_01,733264.0,52376.0,12821.342933382004,30238.0,75171.0,14,1.825,4.0,0.0,5.0,14.0,14.939408108108108,65.51661739130435,40.80144054054054,1.7666628260869566,0.08105744320603214,0.20108788493740498,0.15413344769938733,0.04069879652400568,15.127,65.8838,41.0002,1.85616,166,12,1,0,0,0,0,run_002
U000175,11392783,MODEL_B,BATCH_02,727310.0,51950.71428571428,8708.476952668867,40092.0,71519.0,14,1.875,4.0,0.0,4.0,14.0,14.929051351351353,65.50371777777778,40.79608378378378,1.7810548888888889,0.08856782906532931,0.19500045954361764,0.1525815456176236,0.05770070224175716,15.0738,65.8739,41.1174,1.92097,164,12,1,0,0,0,0,run_002
U000176,11439724,MODEL_A,BATCH_01,632778.0,45198.42857142857,6696.93592064869,34214.0,57873.0,14,1.829268292682927,4.0,0.0,3.0,14.0,14.901125714285714,65.53744,40.77894285714285,1.7678114999999999,0.09453182266199188,0.2148232198689746,0.15810592742119015,0.04195877931726412,15.1108,65.9945,41.0767,1.83964,150,12,2,0,0,0,0,run_002
U000177,11506257,MODEL_A,BATCH_01,727293.0,51949.5,10086.65964186208,35379.0,75413.0,14,1.775,4.0,0.0,4.0,14.0,14.925637142857141,65.57711627906976,40.76164,1.787034418604651,0.10266457400828476,0.23131696552178455,0.18481313487825712,0.05031087898553142,15.1094,65.9749,41.0864,1.92865,156,12,1,0,0,0,0,run_002
U000178,11571755,MODEL_A,BATCH_01,706678.0,50477.0,11363.882401308509,36824.0,67804.0,14,1.75,4.0,0.0,4.0,14.0,14.91921142857143,65.5861738095238,40.78971142857142,1.7918064285714286,0.08486863818807974,0.22395301778582274,0.1176841354979471,0.05268754204680457,15.1902,66.0669,41.003,1.90188,154,12,1,0,0,0,0,run_002
U000179,11622682,MODEL_A,BATCH_01,699464.0,49961.71428571428,9303.387740524924,37872.0,65324.0,14,1.853658536585366,4.0,0.0,5.0,14.0,14.924075757575759,65.66929024390244,40.785554545454545,1.793561463414634,0.11784843027779121,0.17800405024166968,0.15344245275287546,0.04802022082211694,15.1398,66.0182,41.1413,1.89674,148,12,2,0,0,0,0,run_002
U000180,11691003,MODEL_B,BATCH_01,688808.0,49200.57142857143,12411.0322059683,31984.0,75010.0,14,1.775,4.0,0.0,2.0,14.0,14.930045714285715,65.67619285714285,40.728002857142855,1.8019209523809523,0.09230175685937819,0.18262870288776462,0.15923042217031683,0.04993331220100998,15.07,66.1021,41.1795,1.93057,154,12,1,0,0,0,0,run_002
U000181,11757747,MODEL_A,BATCH_01,705421.0,50387.21428571428,10147.60195376661,31888.0,66744.0,14,1.85,4.0,0.0,5.0,14.0,14.89423157894737,65.6882195652174,40.70535526315789,1.7962417391304348,0.08848432173009026,0.21605962100984158,0.1637423614019792,0.05313038859695807,15.0942,66.198,41.1118,1.90475,168,12,1,0,0,0,0,run_002
U000182,11825074,MODEL_A,BATCH_02,712254.0,50875.28571428572,11305.518117808131,36862.0,71838.0,14,1.8,4.0,0.0,2.0,14.0,14.950589189189188,65.73993043478261,40.749921621621624,1.7994619565217391,0.09319591903256473,0.1622715144024789,0.1398090188140293,0.047658829687667215,15.1091,66.0311,41.0359,1.89059,166,12,1,0,0,0,1,run_002
U000183,11877533,MODEL_A,BATCH_01,702749.0,50196.357142857145,9799.49771559859,38740.0,66253.0,14,1.9,4.0,0.0,5.0,14.0,14.952674285714286,65.70915227272727,40.727645714285714,1.8003129545454544,0.12067379788420633,0.1656396979277573,0.1703476710296023,0.04882713883094618,15.1527,66.0923,41.1012,1.91481,158,12,1,0,0,0,0,run_002
U000184,11933551,MODEL_A,BATCH_01,676505.0,48321.78571428572,7498.977542393275,35843.0,62309.0,14,1.85,4.0,0.0,2.0,14.0,14.948669444444445,65.68245813953489,40.72681388888889,1.8171797674418604,0.07781380641154921,0.18414084054972846,0.1632007880806911,0.054091036291491756,15.102,66.1283,41.1063,1.95388,158,12,1,0,0,0,0,run_002
U000185,12010000,MODEL_B,BATCH_01,729096.0,52078.28571428572,12741.479979418957,34092.0,76449.0,14,1.8,4.0,0.0,4.0,14.0,14.919382857142857,65.79740238095239,40.72743142857143,1.7957111904761907,0.10682994866971128,0.20861107877894253,0.12915894624437585,0.035674939568026545,15.1647,66.0658,41.0665,1.85998,154,12,1,0,0,0,0,run_002
U000186,12073257,MODEL_A,BATCH_01,717187.0,51227.642857142855,10468.20475834502,32550.0,64853.0,14,1.825,4.0,0.0,5.0,14.0,14.926859459459461,65.83858666666666,40.68736486486486,1.8256453333333331,0.09548464233541383,0.21965255166864137,0.15726153414017177,0.047110388769357435,15.1168,66.3991,40.9749,1.93671,164,12,1,0,0,0,0,run_002
U000187,12156057,MODEL_A,BATCH_01,745005.0,53214.642857142855,12206.662957374758,38498.0,82800.0,14,1.825,4.0,0.0,4.0,14.0,14.942234210526316,65.88837333333333,40.72303947368421,1.801147111111111,0.12397714322104612,0.16909076556689787,0.14173121981407397,0.05146616336011556,15.1986,66.231,40.9694,1.91189,166,12,1,0,0,0,0,run_002
U000188,12216457,MODEL_A,BATCH_01,734131.0,52437.92857142857,10830.03940233109,34862.0,68995.0,14,1.775,4.0,0.0,4.0,14.0,14.964715384615387,65.9143652173913,40.66305384615384,1.814896956521739,0.10392742543277513,0.2400663308498908,0.16936345974848205,0.04324190220245817,15.1615,66.4965,41.0792,1.93698,170,12,1,0,0,0,0,run_002
U000189,12270911,MODEL_A,BATCH_02,780054.0,55718.142857142855,14298.10054548475,36100.0,86840.0,14,1.9,4.0,0.0,5.0,14.0,14.960729268292683,65.92167083333334,40.6863512195122,1.81398,0.09022242859705795,0.166893013198905,0.16690269488829512,0.04841412823511292,15.1132,66.3062,40.9773,1.92006,178,12,1,0,0,0,0,run_002
U000190,12326290,MODEL_B,BATCH_01,681604.0,48686.0,8268.788796059926,34966.0,63303.0,14,1.951219512195122,4.0,0.0,1.0,14.0,14.940425714285714,65.95852619047619,40.693665714285714,1.8278833333333335,0.10548258106229193,0.19253248450589192,0.17959971987214068,0.04715509607856672,15.1473,66.326,41.1668,1.92105,154,12,2,0,0,0,0,run_002
U000191,12380967,MODEL_A,BATCH_01,684794.0,48913.857142857145,8170.218515646115,35905.0,60237.0,14,1.925,4.0,0.0,1.0,14.0,14.966952941176471,65.94495853658537,40.6733,1.8198243902439026,0.10270467291984428,0.23798073658976127,0.13693442137598444,0.06089318422651178,15.1709,66.566,40.9338,1.9605,150,12,1,0,0,0,0,run_002
U000192,12431063,MODEL_A,BATCH_01,690586.0,49327.57142857143,8190.0226985154195,31516.0,60009.0,14,1.925,4.0,0.0,3.0,14.0,14.938769444444445,65.94506976744186,40.65978055555556,1.8371837209302326,0.1234357295332142,0.18031786686806403,0.14600992494532572,0.05656441646154019,15.1752,66.3587,40.8789,1.97185,158,12,1,0,0,0,0,run_002
U000193,12481069,MODEL_A,BATCH_01,683989.0,48856.357142857145,10475.538140075469,34800.0,70975.0,14,1.9024390243902438,4.0,0.0,2.0,14.0,14.967186486486487,65.95067045454545,40.68478918918919,1.8447681818181818,0.07359525257243989,0.23846075449085014,0.17189170813138188,0.052587891270189244,15.1188,66.5676,41.0372,1.96089,162,12,2,0,0,0,0,run_002
U000194,12532444,MODEL_A,BATCH_01,720448.0,51460.57142857143,9715.436097851118,36133.0,69934.0,14,1.8780487804878048,4.0,0.0,4.0,14.0,14.949761538461539,66.0287847826087,40.63258205128205,1.8329884782608696,0.09359508707131227,0.20138218609001934,0.13630181655312268,0.04331965076125726,15.146,66.509,40.9008,1.93669,170,12,2,0,0,0,0,run_002
U000195,12615759,MODEL_B,BATCH_01,721431.0,51530.78571428572,12545.284600987743,33310.0,85095.0,14,1.825,4.0,0.0,4.0,14.0,14.9497,66.06147380952382,40.67105428571429,1.8561452380952381,0.1026522513434669,0.17550829465427023,0.1728867996574584,0.047078981548037635,15.1522,66.5152,40.9896,1.94821,154,12,1,0,0,0,0,run_002
U000196,12699328,MODEL_A,BATCH_02,763306.0,54521.857142857145,14184.822641211886,35791.0,83569.0,14,1.875,4.0,0.0,6.0,14.0,14.977986111111111,66.06565581395348,40.62617777777778,1.8643481395348838,0.08920488504489575,0.18469705479169649,0.14673593212903913,0.04986795937921189,15.1682,66.4076,40.9448,1.96716,158,12,1,0,0,0,0,run_002
U000197,12758644,MODEL_A,BATCH_01,685754.0,48982.42857142857,7868.6380085685805,36238.0,61973.0,14,1.8780487804878048,4.0,0.0,4.0,14.0,14.965222857142855,66.07670930232558,40.60392,1.8470586046511628,0.10266922067469679,0.21602662513808615,0.13517544982464227,0.05174443110507255,15.1297,66.5437,40.8526,1.96307,156,12,2,0,0,0,0,run_002
U000198,12808918,MODEL_A,BATCH_01,711188.0,50799.142857142855,10713.106551230692,36049.0,72637.0,14,1.9024390243902438,4.0,0.0,4.0,14.0,14.946020588235294,66.11657804878048,40.64415588235294,1.8476982926829268,0.1259832547300268,0.16968469511449075,0.15451135329703977,0.05130105612472511,15.1564,66.4689,40.927,1.96486,150,12,2,1,1,0,0,run_002
U000199,12855361,MODEL_A,BATCH_01,704860.0,50347.142857142855,10130.928037504704,35038.0,67812.0,14,1.875,4.0,0.0,3.0,14.0,14.990334210526315,66.12881063829786,40.601644736842104,1.874645744680851,0.09087374156551849,0.16845541047751517,0.15385980578570677,0.05136285977345209,15.2004,66.5115,40.9532,1.98622,170,12,1,0,0,0,0,run_002
U000200,12917661,MODEL_B,BATCH_01,713449.0,50960.642857142855,7408.897733932365,37646.0,63437.0,14,1.825,4.0,0.0,4.0,14.0,14.989072222222221,66.18654772727272,40.633408333333335,1.8623379545454546,0.1014146554951815,0.20591172808307362,0.12039149560615085,0.05071072234582244,15.2164,66.7633,40.8466,1.9691,160,12,1,0,0,0,0,run_002
U000201,12970461,MODEL_A,BATCH_01,736630.0,52616.42857142857,13321.931181986434,37679.0,91295.0,14,1.825,4.0,0.0,6.0,14.0,14.960414285714286,66.21968636363637,40.578002857142856,1.8745336363636362,0.10427485778646034,0.19957494901625725,0.1929308295519319,0.0469271884841558,15.2112,66.7553,40.9021,1.96536,158,12,1,0,0,0,0,run_002
U000202,13020128,MODEL_A,BATCH_01,688676.0,49191.142857142855,10250.840317202837,32639.0,65554.0,14,1.8048780487804879,4.0,0.0,5.0,14.0,14.983814705882352,66.18069761904762,40.588073529411766,1.865780238095238,0.10115915492761113,0.2135379288729852,0.15394743949335143,0.04244586322387586,15.208,66.6038,40.9768,1.96377,152,12,2,0,0,0,0,run_002
U000203,13075179,MODEL_A,BATCH_02,720246.0,51446.142857142855,12665.589474921915,30745.0,78148.0,14,1.85,4.0,0.0,5.0,14.0,14.973847222222222,66.24812558139534,40.59664444444444,1.8853876744186047,0.10425796711210698,0.16994275099493172,0.16025036562373154,0.04533063207133463,15.2182,66.6515,40.9247,1.98414,158,12,1,0,0,0,0,run_002
U000204,13138037,MODEL_A,BATCH_01,755806.0,53986.142857142855,11243.178662618524,39123.0,72523.0,14,1.825,4.0,0.0,2.0,14.0,14.98768947368421,66.29814042553191,40.60300789473684,1.8763053191489363,0.0930643189077831,0.21335337257966952,0.1345750436315032,0.05341984604551351,15.1788,66.7899,40.9066,1.98282,170,12,1,0,0,0,0,run_002
U000205,13207615,MODEL_B,BATCH_01,701879.0,50134.21428571428,10543.149676657144,34138.0,69578.0,14,1.85,4.0,0.0,4.0,14.0,14.999637142857143,66.34272558139536,40.58426571428571,1.8835686046511626,0.11422619480588456,0.2059251714452925,0.16485706811527037,0.05956405473987029,15.2113,66.8559,40.9648,2.00238,156,12,1,0,0,0,0,run_002
U000206,13259899,MODEL_A,BATCH_01,669832.0,47845.142857142855,7384.706679838594,34394.0,58916.0,14,1.85,4.0,0.0,4.0,14.0,15.008558333333333,66.34780697674418,39.09638888888889,2.05987,0.09801291860915935,0.1711474293386064,0.1364058163355171,0.05119431785806288,15.2136,66.8485,39.4079,2.1548,158,12,1,0,0,0,1,run_002
U000207,13311955,MODEL_A,BATCH_01,704198.0,50299.857142857145,9636.358423716381,31844.0,70525.0,14,1.85,4.0,0.0,4.0,14.0,14.992143243243243,66.36014772727273,40.56353513513513,1.8848134090909092,0.08983475738061278,0.16989175827449035,0.1464774048108441,0.055233284957329785,15.2069,66.7335,40.8716,2.0394,162,12,1,0,0,0,0,run_002
U000208,13366674,MODEL_A,BATCH_01,702584.0,50184.57142857143,7121.729540522558,38175.0,60269.0,14,1.85,4.0,0.0,4.0,14.0,15.012808823529411,66.34311904761906,40.58802647058823,1.8911440476190475,0.11032385485510007,0.22593872279360608,0.15102590046547693,0.056293258230818155,15.2439,66.8553,40.9179,2.00079,152,12,1,0,0,0,0,run_002
U000209,13412923,MODEL_A,BATCH_01,703117.0,50222.642857142855,9757.305835645908,36034.0,66731.0,14,1.875,4.0,0.0,4.0,14.0,15.014388571428572,66.39802619047619,40.582454285714284,1.9120795238095236,0.09364186083606181,0.22235115828349486,0.146909881025265,0.04576506261183604,15.2422,66.892,40.9003,2.01258,154,12,1,0,0,0,0,run_002
U000210,13470109,MODEL_B,BATCH_02,683433.0,48816.642857142855,7741.721629309224,36800.0,63928.0,14,1.825,4.0,0.0,2.0,14.0,14.9949625,66.417795,40.565403125,1.90524975,0.10452295549689795,0.24905243804756394,0.12102097787860429,0.042333360518111596,15.2748,66.9619,40.7537,1.97267,144,12,1,0,0,0,0,run_002
U000211,13528024,MODEL_A,BATCH_01,712661.0,50904.357142857145,11052.200884941374,37097.0,74050.0,14,1.825,4.0,0.0,4.0,14.0,15.011079487179487,66.4466170212766,40.54675384615385,1.9170563829787235,0.11539669834619978,0.1775917488770107,0.14940951820267254,0.060059090917613335,15.2347,66.8186,40.8814,2.06402,172,12,1,0,0,0,0,run_002
U000212,13593521,MODEL_A,BATCH_01,682008.0,48714.857142857145,8883.354328848318,36910.0,65497.0,14,1.825,4.0,0.0,4.0,14.0,14.991014705882353,66.45561428571429,40.52207941176471,1.9135742857142857,0.0958901079751536,0.2086684212688673,0.14441289243926278,0.07180857018431973,15.2096,66.8162,40.7902,2.13657,152,12,1,0,0,0,0,run_002
U000213,13636913,MODEL_A,BATCH_01,665492.0,47535.142857142855,8979.09094985201,37539.0,62969.0,14,1.7560975609756098,4.0,0.0,4.0,14.0,15.000008571428573,66.49429761904761,39.81839142857143,1.9966202380952383,0.10103298055419242,0.20525686048139885,0.7609766412011535,0.11001711763681443,15.3137,67.0455,40.7997,2.19251,154,12,2,0,0,0,1,run_002
U000214,13702044,MODEL_A,BATCH_01,749975.0,53569.642857142855,10754.184671073881,38212.0,70924.0,14,1.8,4.0,0.0,6.0,14.0,14.99938717948718,66.53983333333333,40.513466666666666,1.9186706249999999,0.10642736138964315,0.19765692858698383,0.1795004945504603,0.04717165843147276,15.1973,66.9851,40.8199,2.01027,174,12,1,0,0,0,0,run_002
U000215,13762974,MODEL_B,BATCH_01,712408.0,50886.28571428572,10755.103371305759,36651.0,76697.0,14,1.775,4.0,0.0,5.0,14.0,15.009083333333333,66.59857727272727,40.523583333333335,1.9145534090909093,0.0979106983794053,0.20459513607125732,0.14255294855897266,0.04521086136961165,15.2232,67.0185,40.7713,1.99143,160,12,1,0,0,0,0,run_002
U000216,13824390,MODEL_A,BATCH_01,716119.0,51151.357142857145,10036.7072412845,34789.0,63999.0,14,1.825,4.0,0.0,6.0,14.0,15.012488571428571,66.5763,40.51037142857143,1.9186472727272728,0.08016201158179805,0.23508070756607824,0.15119336192133462,0.04100787873043913,15.1474,67.0834,40.7462,2.01007,158,12,1,0,0,0,0,run_002
U000217,13919151,MODEL_A,BATCH_02,758661.0,54190.07142857143,16788.41903705457,37881.0,94761.0,14,1.8,4.0,0.0,5.0,14.0,15.044670588235293,66.58605365853658,39.95935588235294,1.999191707317073,0.10442881156315047,0.1841838335706493,0.7192689517589003,0.10477865385903858,15.2383,67.0651,40.6821,2.17895,150,12,1,0,0,0,1,run_002
U000218,13965883,MODEL_A,BATCH_01,682048.0,48717.71428571428,7849.267074344943,37863.0,64790.0,14,1.775,4.0,0.0,5.0,14.0,15.001461764705882,66.73385121951219,40.46083529411765,1.9205248780487802,0.10048179094713136,0.19343808068985746,0.16091080887730067,0.05051798274485789,15.2401,67.1221,40.8031,2.0363,150,12,1,0,0,0,0,run_002
U000219,14043544,MODEL_A,BATCH_01,696820.0,49772.857142857145,12111.85393836038,31475.0,77661.0,14,1.8,4.0,0.0,5.0,14.0,15.030608823529413,66.6674756097561,40.46698823529412,1.9289036585365853,0.08745352832651077,0.21201055608210753,0.1416371222626762,0.03991069454144454,15.1956,67.1049,40.8129,2.02659,150,12,1,0,0,0,0,run_002
U000220,14098224,MODEL_B,BATCH_01,681477.0,48676.92857142857,8326.807712852098,38005.0,66006.0,14,1.7804878048780488,4.0,0.0,5.0,14.0,15.024577777777779,66.71111860465116,40.446866666666665,1.9353011627906977,0.10890565539850441,0.22569776488524984,0.1682450016239063,0.04738025509033536,15.2913,67.1141,40.7793,2.04858,158,12,2,0,0,0,0,run_002
U000221,14143129,MODEL_A,BATCH_01,708318.0,50594.142857142855,9840.058386765044,33367.0,68591.0,14,1.829268292682927,4.0,0.0,5.0,14.0,15.024494285714287,66.74067674418605,40.47071142857143,1.954973953488372,0.10412688510505122,0.2342469777588322,0.12795288602457142,0.05050066162412108,15.2913,67.1924,40.6636,2.09715,156,12,2,0,0,0,0,run_002
U000222,14196376,MODEL_A,BATCH_01,693217.0,49515.5,10241.813479367504,33298.0,66952.0,14,1.8780487804878048,4.0,0.0,4.0,14.0,15.028364864864864,66.75389111111112,40.458662162162156,1.9325788888888888,0.09859432374977634,0.171975767085501,0.12012655445022997,0.051696001833367665,15.2261,67.1015,40.7078,2.06471,164,12,2,0,0,0,0,run_002
U000223,14261126,MODEL_A,BATCH_01,701154.0,50082.42857142857,13323.479175525414,32895.0,81168.0,14,1.9,4.0,0.0,3.0,14.0,15.041039393939394,66.77774871794871,40.45362424242424,1.9552038461538461,0.10554351868836466,0.217204141028416,0.14294847198882324,0.052953178504837516,15.2706,67.1227,40.8643,2.04609,144,12,1,0,0,0,0,run_002
U000224,14314169,MODEL_A,BATCH_02,690450.0,49317.857142857145,8034.14894116304,37498.0,60346.0,14,1.9,4.0,0.0,3.0,14.0,15.05795135135135,66.79723555555555,40.44547027027027,1.944752888888889,0.0977326103361777,0.23041970219930655,0.15093202823505442,0.04794808118362947,15.2433,67.1828,40.7742,2.03694,164,12,1,0,0,0,0,run_002
U000225,14372967,MODEL_B,BATCH_01,692021.0,49430.07142857143,8658.375362478946,37677.0,64907.0,14,1.925,4.0,0.0,3.0,14.0,15.015455555555555,66.83686744186046,40.43011388888888,1.952702558139535,0.0902210252481396,0.19398559436073998,0.12292519247267544,0.053784275365885904,15.1852,67.2766,40.689,2.09231,158,12,1,0,0,0,0,run_002
U000226,14426367,MODEL_A,BATCH_01,684909.0,48922.07142857143,8158.585156982568,31750.0,63538.0,14,1.95,4.0,0.0,4.0,14.0,15.019065714285713,66.809,40.448031428571426,1.9714685714285716,0.09766866239201487,0.21522978531747058,0.14653472941377968,0.042547565381119354,15.2286,67.3078,40.8994,2.07719,154,12,1,0,0,0,0,run_002
U000227,14496407,MODEL_A,BATCH_01,713098.0,50935.57142857143,8134.771905594155,40965.0,67528.0,14,1.9,4.0,0.0,4.0,14.0,15.062178378378379,66.86990666666667,40.37148108108108,1.9765275555555557,0.11700495035855733,0.22904604975657764,0.15264735838206073,0.043363233177614494,15.3104,67.4755,40.814,2.05761,164,12,1,0,0,0,0,run_002
U000228,14552288,MODEL_A,BATCH_01,689559.0,49254.21428571428,7075.375925631866,36941.0,60602.0,14,1.85,4.0,0.0,5.0,14.0,15.060356756756757,66.97424186046511,40.40358648648649,1.9643590697674418,0.10769269174765661,0.23299993483808434,0.15183372331117592,0.056207888525076306,15.3341,67.4976,40.8075,2.06746,160,12,1,0,0,0,0,run_002
U000229,14614025,MODEL_A,BATCH_01,712086.0,50863.28571428572,11406.14205274827,34194.0,71841.0,14,1.925,4.0,0.0,6.0,14.0,15.058918918918918,66.91054545454546,40.432521621621625,1.9645888636363635,0.09940886344854867,0.2111094827329859,0.1726002142639565,0.039100957296073276,15.2326,67.2607,40.829,2.05348,162,12,1,0,0,0,0,run_002
U000230,14679323,MODEL_B,BATCH_01,703632.0,50259.42857142857,8938.462978475798,35132.0,65298.0,14,1.9,4.0,0.0,3.0,14.0,15.051877142857142,66.9832619047619,40.375542857142854,1.976689761904762,0.11160026904277692,0.17978531771136388,0.15123572034821547,0.04767086032716598,15.2743,67.3667,40.6932,2.10553,154,12,1,0,0,0,0,run_002
U000231,14749449,MODEL_A,BATCH_02,701579.0,50112.78571428572,10811.424791741027,33693.0,70126.0,14,1.85,4.0,0.0,4.0,14.0,15.052225714285715,66.99515476190476,40.40947714285714,1.9812145238095238,0.0973231135803553,0.20541743365630766,0.12501337595660217,0.051018064720415285,15.2477,67.3846,40.6689,2.11501,154,12,1,0,0,0,0,run_002
U000232,14820028,MODEL_A,BATCH_01,734528.0,52466.28571428572,10891.304254937806,30858.0,71907.0,14,1.9,4.0,0.0,6.0,14.0,15.075020512820512,66.97970434782609,40.36845384615385,1.9845302173913042,0.09760732602866931,0.2119404643410962,0.12893043788712272,0.051792273146961436,15.3576,67.4167,40.6028,2.12513,170,12,1,0,0,0,0,run_002
U000233,14869841,MODEL_A,BATCH_01,688230.0,49159.28571428572,9480.6351331265,38243.0,73180.0,14,1.925,4.0,0.0,4.0,14.0,15.032590625,67.02613157894737,40.336846875,1.9775757894736843,0.1089334818027093,0.1682826677739478,0.14070482254241867,0.05201367567734465,15.2288,67.3405,40.5848,2.09377,140,12,1,0,0,0,0,run_002
U000234,14928109,MODEL_A,BATCH_01,698661.0,49904.357142857145,11126.704706779457,32257.0,70304.0,14,1.853658536585366,4.0,0.0,4.0,14.0,15.041080555555554,67.00078863636364,40.35048888888889,1.9890097727272726,0.10839290124211302,0.21360535357795443,0.16759434490592004,0.046562916150218264,15.2445,67.3409,40.7192,2.07843,160,12,2,0,0,0,0,run_002
U000235,15000715,MODEL_B,BATCH_01,716790.0,51199.28571428572,11671.207362424133,35185.0,79533.0,14,1.9,4.0,0.0,5.0,14.0,15.033414705882352,67.11282682926829,40.36157647058823,1.982218780487805,0.10545355471213866,0.1843798118346895,0.15107634445482315,0.05260078622012801,15.2236,67.3889,40.7246,2.10891,150,12,1,0,0,0,0,run_002
U000236,15057145,MODEL_A,BATCH_01,673948.0,48139.142857142855,7813.5626352480895,35639.0,59058.0,14,1.875,4.0,0.0,4.0,14.0,15.091588235294118,67.12144634146341,40.32333529411765,1.996751951219512,0.09810119933998224,0.2138872916953703,0.14215443987854803,0.04426428838349897,15.2998,67.6268,40.6148,2.07003,150,12,1,0,0,0,0,run_002
U000237,15111549,MODEL_A,BATCH_01,694589.0,49613.5,11763.354085725461,35397.0,79316.0,14,1.875,4.0,0.0,5.0,14.0,15.05559696969697,67.1405975,40.38002727272727,1.9979109999999998,0.13551247286884832,0.18797393093601386,0.1701501841622691,0.054660912852294685,15.2957,67.5439,40.7575,2.08052,146,12,1,0,0,0,0,run_002
U000238,15175635,MODEL_A,BATCH_02,711703.0,50835.92857142857,10845.329852516708,33992.0,66560.0,14,1.875,4.0,0.0,5.0,14.0,15.045255555555554,67.14618409090909,40.34565277777778,2.010516590909091,0.10742522833366316,0.21966236135676548,0.13981318042528962,0.054181229992098325,15.2505,67.5049,40.7331,2.14616,160,12,1,0,0,0,0,run_002
U000239,15228268,MODEL_A,BATCH_01,712866.0,50919.0,8119.875188506477,41439.0,63175.0,14,1.9,4.0,0.0,5.0,14.0,15.02443888888889,67.10716000000001,39.41714722222222,2.121240888888889,0.10014094147115925,0.22946117754426726,0.7490872749023575,0.10972963126004147,15.2216,67.835,40.4554,2.28447,162,12,1,1,1,0,1,run_002
U000240,15279352,MODEL_B,BATCH_01,715818.0,51129.857142857145,11468.98461642826,34201.0,74843.0,14,1.9,4.0,0.0,5.0,14.0,15.056149999999999,67.21735,40.32133421052632,2.0012428260869566,0.08702305612478364,0.19642476733401812,0.1797513617229419,0.05376214623125926,15.2753,67.6125,40.6265,2.12665,168,12,1,0,0,0,0,run_002
U000241,15365966,MODEL_A,BATCH_01,730629.0,52187.78571428572,10339.415897641202,39317.0,73983.0,14,1.925,4.0,0.0,5.0,14.0,15.047397368421054,67.27149565217391,40.33472105263158,2.0079565217391306,0.11040430731619441,0.19038323683971095,0.15632861811614968,0.04800717776043224,15.2497,67.7412,40.7105,2.10025,168,12,1,0,0,0,0,run_002
U000242,15424434,MODEL_A,BATCH_01,715685.0,51120.357142857145,9875.297764602365,36058.0,71702.0,14,1.9,4.0,0.0,4.0,14.0,15.056238235294117,67.26828780487806,40.297650000000004,2.0263382926829268,0.07435803237451627,0.17525896153281587,0.16134377799274008,0.040000113868740375,15.2115,67.6203,40.5865,2.10661,150,12,1,0,0,0,0,run_002
U000243,15496482,MODEL_A,BATCH_01,743108.0,53079.142857142855,10032.739528142873,40217.0,72048.0,14,1.875,4.0,0.0,5.0,14.0,15.09442222222222,67.32767555555554,40.30717222222222,2.0283462222222224,0.12396665936823717,0.20650932859796015,0.13479687917352026,0.057435639762689984,15.4599,67.8653,40.5646,2.14146,162,12,1,0,0,0,0,run_002
U000244,15555150,MODEL_A,BATCH_01,713566.0,50969.0,11138.982580248381,34097.0,79842.0,14,1.9,4.0,0.0,6.0,14.0,15.069129729729731,67.29064545454546,40.26295945945946,2.020031590909091,0.10697205207401125,0.1806923113311899,0.13464112063692277,0.05264975005763158,15.2606,67.6383,40.5286,2.16259,162,12,1,0,0,0,0,run_002
U000245,15606299,MODEL_B,BATCH_02,700072.0,50005.142857142855,7050.362225906092,36614.0,60023.0,14,1.975,4.0,0.0,5.0,14.0,15.098465714285712,67.40084047619047,40.28674285714286,2.0304709523809525,0.09817460718433427,0.18306602308873876,0.14600045182386573,0.04573738513591313,15.2799,67.7042,40.6883,2.12019,154,12,1,0,0,0,0,run_002
U000246,15676721,MODEL_A,BATCH_01,701350.0,50096.42857142857,7046.372953668987,40136.0,65313.0,14,1.875,4.0,0.0,3.0,14.0,15.095629411764705,67.3955,40.26455294117647,2.0230259523809524,0.09501753755001129,0.160581964482544,0.17304492889226783,0.054392221873080064,15.2954,67.7361,40.6169,2.17247,152,12,1,0,0,0,0,run_002
U000247,15737503,MODEL_A,BATCH_01,718612.0,51329.42857142857,8225.486721294843,37465.0,64165.0,14,1.875,4.0,0.0,6.0,14.0,15.105030555555556,67.42907954545454,40.283791666666666,2.030420909090909,0.08708926723916109,0.239873642686317,0.12676093218563578,0.04862315252989094,15.3446,67.8863,40.5625,2.10584,160,12,1,0,0,0,0,run_002
U000248,15804706,MODEL_A,BATCH_01,744828.0,53202.0,10618.675283161774,40683.0,71020.0,14,1.9,4.0,0.0,5.0,14.0,15.079249999999998,67.40903260869565,40.30095789473685,2.0554697826086956,0.08829230859342621,0.22015315381630307,0.1429676312479058,0.0554366290657532,15.2424,67.8707,40.526,2.18272,168,12,1,0,0,0,0,run_002
U000249,15857261,MODEL_A,BATCH_01,715037.0,51074.07142857143,8784.6432479928,38615.0,66427.0,14,1.8780487804878048,4.0,0.0,5.0,14.0,15.08097837837838,67.4778311111111,40.268748648648646,2.047948888888889,0.1283963571115608,0.18941667491901046,0.14960584811360028,0.040378245843198005,15.3497,67.9106,40.5425,2.15172,164,12,2,0,0,0,0,run_002
U000250,15900792,MODEL_B,BATCH_01,727908.0,51993.42857142857,12399.921834209501,34323.0,78180.0,14,1.875,4.0,0.0,5.0,14.0,15.071086486486484,67.50812222222223,40.206018918918915,2.040150666666667,0.10340303069425413,0.19912900556821014,0.1383943356215574,0.048216997540475155,15.3155,67.8905,40.4973,2.12619,164,12,1,0,0,0,0,run_002
U000251,15975137,MODEL_A,BATCH_01,703719.0,50265.642857142855,9499.668598326049,35229.0,68890.0,14,1.85,4.0,0.0,6.0,14.0,15.112936363636363,67.45523499999999,40.214542424242424,2.0476335,0.10946905903662296,0.2265838301311951,0.14605334648319232,0.04979242453709243,15.4065,68.0146,40.5573,2.17245,146,12,1,0,0,0,0,run_002
U000252,16047777,MODEL_A,BATCH_02,707691.0,50549.357142857145,13380.923744168516,32102.0,72640.0,14,1.875,4.0,0.0,5.0,14.0,15.08723611111111,67.57463095238096,39.30159444444445,2.1695240476190474,0.09126708733250312,0.17903523905494664,0.7716245715351673,0.09988313852330609,15.2886,68.0113,40.4405,2.31921,156,12,1,0,0,0,0,run_002
U000253,16098648,MODEL_A,BATCH_01,687617.0,49115.5,9492.630029902954,34070.0,64737.0,14,1.8780487804878048,4.0,0.0,5.0,14.0,15.114016666666666,67.545725,40.24330833333333,2.0540679545454545,0.09855899900929521,0.1815206018482453,0.1633835424042812,0.0467558534865283,15.433,67.8432,40.6584,2.16058,160,12,2,0,0,0,0,run_002
U000254,16142648,MODEL_A,BATCH_01,706718.0,50479.857142857145,8352.573125940042,34912.0,64486.0,14,1.829268292682927,4.0,0.0,3.0,14.0,15.085597222222223,67.58835777777777,40.24030833333333,2.0523186666666664,0.09452240395380525,0.15703402857760862,0.12192472707137446,0.0509141725045019,15.2453,67.8535,40.415,2.15176,162,12,2,0,0,0,0,run_002
U000255,16228973,MODEL_B,BATCH_01,744002.0,53143.0,12334.127663956182,34094.0,73933.0,14,1.9,4.0,0.0,5.0,14.0,15.109036111111111,67.5995090909091,40.219458333333336,2.0740895454545454,0.08868170097208102,0.2244995590384448,0.1317788913835804,0.051910194677119964,15.2482,68.1806,40.4441,2.23121,160,12,1,0,0,0,0,run_002
U000256,16287482,MODEL_A,BATCH_01,733858.0,52418.42857142857,10692.063625485427,38500.0,66968.0,14,1.853658536585366,4.0,0.0,4.0,14.0,15.11809487179487,67.59218085106383,40.23754871794872,2.0722587234042553,0.10348197134797034,0.19044029035517862,0.14092004428005334,0.04185837387611071,15.2937,67.9534,40.5168,2.17418,172,12,2,0,0,0,0,run_002
U000257,16349488,MODEL_A,BATCH_01,734529.0,52466.357142857145,11705.51931360155,36623.0,69338.0,14,1.9,4.0,0.0,5.0,14.0,15.117372222222222,67.66038604651163,40.24444166666667,2.072916511627907,0.10433441456917289,0.19387367215031132,0.14031147672232622,0.05533316046517986,15.2999,68.0644,40.6046,2.1975,158,12,1,0,0,0,0,run_002
U000258,16406426,MODEL_A,BATCH_01,712840.0,50917.142857142855,9334.109193681015,38587.0,70051.0,14,1.975,4.0,0.0,5.0,14.0,15.103405714285714,67.69606904761905,40.21892285714286,2.0750785714285715,0.09736764453185014,0.1931910156575034,0.15730501485165335,0.051531628392072704,15.2769,68.1848,40.5783,2.17822,154,12,1,0,0,0,0,run_002
U000259,16467859,MODEL_A,BATCH_02,676250.0,48303.57142857143,9647.8623516323,26914.0,61433.0,14,1.95,4.0,0.0,2.0,14.0,15.128762857142858,67.75406428571429,40.19392571428571,2.0767495238095237,0.10423403555493405,0.16204537127581276,0.12535349860871547,0.0509953427310331,15.4298,68.1334,40.4861,2.16661,154,12,1,0,0,0,0,run_002
U000260,16520966,MODEL_B,BATCH_01,688773.0,49198.07142857143,8816.75114125454,37086.0,65496.0,14,1.8780487804878048,4.0,0.0,3.0,14.0,15.110276470588236,67.75588536585366,40.13541764705882,2.0782836585365856,0.0829297075798956,0.21443123322055316,0.16315001921560945,0.04319777162980145,15.2532,68.2247,40.4853,2.18121,150,12,2,0,0,0,0,run_002
U000261,16568920,MODEL_A,BATCH_01,668668.0,47762.0,9702.563380563208,35262.0,70807.0,14,1.829268292682927,4.0,0.0,4.0,14.0,15.123194117647058,67.786965,40.223747058823534,2.07879075,0.11860814510631816,0.1489768482271418,0.11911048915796989,0.06604352148539865,15.3422,68.2104,40.395,2.25376,148,12,2,0,0,0,0,run_002
U000262,16638808,MODEL_A,BATCH_01,738104.0,52721.71428571428,11152.47620954179,39112.0,76502.0,14,1.875,4.0,0.0,6.0,14.0,15.129383333333331,67.75770681818182,40.18915833333333,2.0954022727272728,0.10581746412707937,0.2188170993676855,0.13502914685355963,0.04778871735402086,15.3855,68.3138,40.3991,2.19911,160,12,1,0,0,0,0,run_002
U000263,16704833,MODEL_A,BATCH_01,697003.0,49785.92857142857,9500.700641890217,37213.0,70270.0,14,1.9,4.0,0.0,4.0,14.0,15.108880555555556,67.88704772727273,40.13292777777778,2.093778409090909,0.08631082640067982,0.18938106593387244,0.14597557645248405,0.04994481060843527,15.3011,68.4406,40.4411,2.21345,160,12,1,0,0,0,0,run_002
U000264,16772530,MODEL_A,BATCH_01,769184.0,54941.71428571428,17306.434954523847,32687.0,104741.0,14,1.95,4.0,0.0,5.0,14.0,15.107354054054053,67.83679545454545,40.13583513513514,2.0836586363636367,0.0822614787484758,0.17180088387371384,0.14201567248452263,0.03865100976995009,15.3267,68.1823,40.4059,2.17417,162,12,1,0,0,0,0,run_002
U000265,16825630,MODEL_B,BATCH_01,686980.0,49070.0,7799.959398316418,37540.0,65493.0,14,1.8780487804878048,4.0,0.0,4.0,14.0,15.14668108108108,67.8668152173913,40.11892972972973,2.0955028260869564,0.09293231359387252,0.22660027063570318,0.1457993576896105,0.04907874387883863,15.3487,68.3903,40.5177,2.19114,166,12,2,0,0,0,0,run_002
U000266,16897198,MODEL_A,BATCH_02,728572.0,52040.857142857145,10866.461074596195,33480.0,65059.0,14,2.05,4.0,0.0,6.0,14.0,15.130065853658538,67.91848958333334,40.12803658536585,2.1000183333333333,0.10509577443873765,0.17661481858695685,0.14947443051588616,0.054870935155350686,15.3905,68.3596,40.5758,2.2473,178,12,1,0,0,0,1,run_002
U000267,16963345,MODEL_A,BATCH_01,698269.0,49876.357142857145,10785.336246012936,33399.0,66147.0,14,1.95,4.0,0.0,1.0,14.0,15.08879722222222,67.92746136363637,40.10093055555555,2.1000888636363637,0.11005163330029931,0.24113835092425626,0.13625483859181756,0.04793500285468486,15.301,68.3746,40.3476,2.18461,160,12,1,0,0,0,0,run_002
U000268,17021079,MODEL_A,BATCH_01,726969.0,51926.357142857145,8940.428931433993,39102.0,66014.0,14,1.975,4.0,0.0,4.0,14.0,15.13616,67.93186808510637,40.1177175,2.106674893617021,0.12712317830174943,0.1689411334400041,0.14355061447679868,0.048475473398246274,15.398,68.3105,40.3913,2.20776,174,12,1,0,0,0,0,run_002
U000269,17077384,MODEL_A,BATCH_01,702582.0,50184.42857142857,9790.706116707634,33321.0,64492.0,14,1.925,4.0,0.0,2.0,14.0,15.148539999999999,67.97936904761904,40.10779142857143,2.1251904761904763,0.09537915729895534,0.22398141308784453,0.11582477986274174,0.05614142316409216,15.4243,68.5482,40.3667,2.21826,154,12,1,0,0,0,0,run_002
U000270,17179818,MODEL_B,BATCH_01,768003.0,54857.357142857145,15989.04928913316,40894.0,100401.0,14,1.95,4.0,0.0,5.0,14.0,15.158502777777777,67.98010888888888,40.09515277777778,2.1105104444444445,0.11582825336582508,0.19787761118959785,0.17290467313541222,0.05017616773816915,15.4093,68.3645,40.4919,2.22503,162,12,1,0,0,0,0,run_002
U000271,17236961,MODEL_A,BATCH_01,693878.0,49562.71428571428,8801.56420913195,35281.0,60979.0,14,1.95,4.0,0.0,3.0,14.0,15.151897297297296,68.02475217391304,40.1451054054054,2.1364804347826087,0.1135199211261725,0.2085652679502693,0.14286786619877873,0.03942447367120082,15.3568,68.6049,40.4086,2.22733,166,12,1,0,0,0,0,run_002
U000272,17285955,MODEL_A,BATCH_01,685316.0,48951.142857142855,8265.925178402298,35028.0,64100.0,14,1.925,4.0,0.0,3.0,14.0,15.139005714285712,68.09513095238096,40.11164857142857,2.1300326190476193,0.0737254802424151,0.16606240450298973,0.15395256788915157,0.04914179603314806,15.2784,68.4426,40.4802,2.23527,154,12,1,0,0,0,0,run_002
U000273,17349066,MODEL_A,BATCH_02,726387.0,51884.78571428572,9678.220570543323,35408.0,65010.0,14,1.9,4.0,0.0,4.0,14.0,15.136643243243242,68.07114888888889,40.06162432432432,2.1226131111111113,0.11205291542773822,0.19268215304228456,0.15623998528866712,0.05366442201404031,15.3368,68.44,40.501,2.23639,164,12,1,0,0,0,0,run_002
U000274,17407535,MODEL_A,BATCH_01,711307.0,50807.642857142855,8026.024598930492,38831.0,63622.0,14,1.9,4.0,0.0,4.0,14.0,15.14185,68.10439285714286,40.073867647058826,2.145797857142857,0.08333286030168778,0.19654133356979298,0.11808086782290693,0.055144299510166014,15.2922,68.6234,40.3126,2.27787,152,12,1,0,0,0,0,run_002
U000275,17456610,MODEL_B,BATCH_01,701948.0,50139.142857142855,8318.205250738081,37720.0,64647.0,14,1.95,4.0,0.0,4.0,14.0,15.148908108108108,68.08846086956521,39.195167567567566,2.235962391304348,0.09116163416450788,0.16277590523069588,0.7796648464614823,0.10087406322703768,15.3828,68.4892,40.3504,2.39676,166,12,1,1,1,0,0,run_002
U000276,17507239,MODEL_A,BATCH_01,685343.0,48953.07142857143,11682.50448296535,31347.0,77387.0,14,1.925,4.0,0.0,2.0,14.0,15.167707894736841,68.18826744186046,40.0597947368421,2.1325046511627908,0.11748067899015856,0.2075356454993294,0.16230509300325033,0.06089813901092929,15.3931,68.6925,40.4514,2.24696,162,12,1,0,0,0,0,run_002
U000277,17574762,MODEL_A,BATCH_01,709692.0,50692.28571428572,10332.428215824431,34366.0,67523.0,14,1.925,4.0,0.0,3.0,14.0,15.169561111111111,68.19471363636363,40.03579166666667,2.1558770454545457,0.0935011085580674,0.1839296156975686,0.1700795685638249,0.048814720072113627,15.3864,68.6998,40.4289,2.25363,160,12,1,0,0,0,0,run_002
U000278,17640108,MODEL_A,BATCH_01,720075.0,51433.92857142857,9763.204411417437,35593.0,65797.0,14,1.9,4.0,0.0,4.0,14.0,15.172129411764706,68.18685238095239,40.111479411764705,2.145829047619048,0.10346553379986963,0.25532252032368036,0.1327745224269473,0.04012816204755394,15.3772,68.7579,40.3809,2.21011,152,12,1,0,0,0,0,run_002
U000279,17691611,MODEL_A,BATCH_01,723227.0,51659.07142857143,12254.30769135921,33008.0,71353.0,14,1.925,4.0,0.0,4.0,14.0,15.167652777777777,68.217275,40.04477777777778,2.137756590909091,0.09949985925650107,0.18621329496287284,0.17288108400385835,0.04966789815074201,15.3681,68.5561,40.4146,2.26333,160,12,1,0,0,0,0,run_002
U000280,17759296,MODEL_B,BATCH_02,698231.0,49873.642857142855,8528.654791638895,36195.0,67685.0,14,1.925,4.0,0.0,3.0,14.0,15.15819714285714,68.25100930232558,40.04298857142857,2.15219511627907,0.09264753412709886,0.17652058130907633,0.1590515727892151,0.05127540784226796,15.3442,68.6885,40.3976,2.28659,156,12,1,0,0,0,1,run_002
U000281,17829269,MODEL_A,BATCH_01,755352.0,53953.71428571428,11457.19359803513,40448.0,77253.0,14,1.925,4.0,0.0,4.0,14.0,15.174535897435899,68.25013913043477,40.05154102564102,2.165664347826087,0.0917431181620425,0.18999839236543273,0.14668723389713897,0.05098087814300462,15.4206,68.6373,40.4082,2.28075,170,12,1,0,0,0,0,run_002
U000282,17910372,MODEL_A,BATCH_01,752804.0,53771.71428571428,11826.91086156789,37704.0,81103.0,14,1.95,4.0,0.0,4.0,14.0,15.182674999999998,68.28295555555556,40.01175555555555,2.161580888888889,0.09019316215767108,0.2022821404460456,0.15831817952545532,0.038786950231783225,15.4023,68.7211,40.3334,2.23882,162,12,1,0,0,0,0,run_002
U000283,17979175,MODEL_A,BATCH_01,710837.0,50774.07142857143,10892.366384585304,35256.0,68803.0,14,1.875,4.0,0.0,3.0,14.0,15.190817142857142,68.39294186046511,40.014157142857144,2.159438604651163,0.09271699027532275,0.17383979109480857,0.14958991843529781,0.04951243550296443,15.3385,68.8001,40.4663,2.25058,156,12,1,0,0,0,0,run_002
U000284,18041300,MODEL_A,BATCH_01,737477.0,52676.92857142857,14623.150031394034,35251.0,93401.0,14,1.9,4.0,0.0,5.0,14.0,15.194645714285713,68.36222727272728,40.077291428571435,2.165840454545455,0.11564076307268864,0.21463882087112574,0.14390036048564728,0.04238934003527053,15.5379,68.7306,40.3282,2.25966,158,12,1,0,0,0,0,run_002
U000285,18093900,MODEL_B,BATCH_01,697152.0,49796.57142857143,10432.053988433076,33474.0,67580.0,14,1.8780487804878048,4.0,0.0,5.0,14.0,15.184537142857144,68.40284418604651,39.994345714285714,2.1774434883720932,0.11403908794721172,0.19789903185875163,0.1482796311878678,0.04319018130722599,15.4771,68.8217,40.2703,2.26503,156,12,2,0,0,0,0,run_002
U000286,18139002,MODEL_A,BATCH_01,685116.0,48936.857142857145,13188.266719131254,31505.0,79133.0,14,1.853658536585366,4.0,0.0,5.0,14.0,15.204648717948718,68.43018478260869,39.98486666666666,2.17708,0.11377451354553697,0.17990687710577072,0.151377340189366,0.05276281299888726,15.4431,68.8686,40.4124,2.278,170,12,2,0,0,0,0,run_002
U000287,18198347,MODEL_A,BATCH_02,712129.0,50866.357142857145,13100.75881893366,32079.0,74115.0,14,1.9,4.0,0.0,5.0,14.0,15.175305882352943,68.38409512195122,38.48724117647059,2.368219268292683,0.07969686485288935,0.19249939084477524,0.12970123505322426,0.05326346906606085,15.38,68.8738,38.9072,2.47011,150,12,1,0,0,0,1,run_002
U000288,18262759,MODEL_A,BATCH_01,714669.0,51047.78571428572,11282.209447952673,35003.0,69136.0,14,1.9,4.0,0.0,5.0,14.0,15.17868611111111,68.42992727272727,40.018125,2.1950502272727275,0.10811982018054336,0.23476507640482977,0.1475412356403657,0.05321020095802734,15.3522,68.8934,40.2611,2.29811,160,12,1,0,0,0,1,run_002
U000289,18312505,MODEL_A,BATCH_01,719750.0,51410.71428571428,11529.953141732602,34278.0,73779.0,14,1.9268292682926829,4.0,0.0,5.0,14.0,15.187182051282052,68.51230652173913,39.99568205128205,2.193256956521739,0.12289476857478474,0.18837822639239427,0.12235134454296222,0.05173192476044463,15.4539,68.8581,40.2023,2.28806,170,12,2,0,0,0,0,run_002
U000290,18388126,MODEL_B,BATCH_01,714302.0,51021.57142857143,13076.688758210958,36124.0,84631.0,14,1.925,4.0,0.0,4.0,14.0,15.174658823529413,68.49048780487806,39.98370294117647,2.1891924390243904,0.10499996282148569,0.23956403235369353,0.1584361633904178,0.0527356423484387,15.3824,69.0249,40.2346,2.2854,150,12,1,0,0,0,0,run_002
U000291,18444925,MODEL_A,BATCH_01,705915.0,50422.5,10157.67473959393,36443.0,71399.0,14,1.95,4.0,0.0,5.0,14.0,15.2069,68.50249534883721,39.94752857142858,2.2015662790697674,0.09406842003062914,0.15926883973704398,0.14151579328081818,0.04662816510504264,15.4324,68.7941,40.1868,2.29878,156,12,1,0,0,0,0,run_002
U000292,18502454,MODEL_A,BATCH_01,711064.0,50790.28571428572,10191.948733633377,32134.0,66347.0,14,1.85,4.0,0.0,3.0,14.0,15.210087179487179,68.54360652173914,39.99485128205128,2.193362608695652,0.10408956209232612,0.1974993439113416,0.1488083151889239,0.05332845758691165,15.3925,68.9465,40.2355,2.29517,170,12,1,0,0,0,0,run_002
U000293,18565041,MODEL_A,BATCH_01,731975.0,52283.92857142857,8309.401167577376,35802.0,64775.0,14,1.875,4.0,0.0,5.0,14.0,15.240152631578948,68.56979347826088,39.93543684210526,2.197688913043478,0.09061687014596023,0.16017600652917127,0.1425965778389518,0.04693545147816236,15.4345,68.8199,40.2503,2.30128,168,12,1,0,0,0,0,run_002
U000294,18626462,MODEL_A,BATCH_02,733038.0,52359.857142857145,10649.976965357126,42722.0,81037.0,14,1.85,4.0,0.0,5.0,14.0,15.211622857142856,68.62959523809525,39.978100000000005,2.211809761904762,0.0966929649053379,0.20735773136601607,0.17508003043986145,0.04858396566207956,15.3832,68.9628,40.3104,2.29821,154,12,1,0,0,0,0,run_002
U000295,18691933,MODEL_B,BATCH_01,756165.0,54011.78571428572,12822.660465445066,34589.0,83612.0,14,1.9,4.0,0.0,5.0,14.0,15.190032500000001,68.65228936170213,39.9139325,2.2272361702127657,0.12307927898987166,0.16980379628321685,0.12981392281913487,0.05132524222409196,15.5181,69.0512,40.1461,2.3231,174,12,1,0,0,0,0,run_002
U000296,18747342,MODEL_A,BATCH_01,718925.0,51351.78571428572,10940.072290427528,30936.0,68029.0,14,1.85,4.0,0.0,3.0,14.0,15.175624324324325,68.71124888888889,39.968786486486486,2.209476,0.08737309656297562,0.23065513377632482,0.15534091569863365,0.044899581259436286,15.3824,69.258,40.3051,2.29949,164,12,1,0,0,0,0,run_002
U000297,18816342,MODEL_A,BATCH_01,719871.0,51419.357142857145,9623.37099587124,37859.0,69000.0,14,1.95,4.0,0.0,5.0,14.0,15.218691666666665,68.70803953488372,39.980125,2.2078916279069767,0.11315029291042224,0.2175257588901389,0.11622738151694374,0.044060028258547,15.5242,69.206,40.1853,2.30315,158,12,1,0,0,0,0,run_002
U000298,18879741,MODEL_A,BATCH_01,705645.0,50403.21428571428,10407.798874502136,37744.0,65968.0,14,2.0,4.0,0.0,3.0,14.0,15.227240540540542,68.67906222222223,39.896483783783786,2.230762888888889,0.08309136022562251,0.1973523052919328,0.13084501118480643,0.05143767948702687,15.4592,69.0467,40.2023,2.33577,164,12,1,0,0,0,0,run_002
U000299,18956747,MODEL_A,BATCH_01,701544.0,50110.28571428572,12098.623033085349,31370.0,77006.0,14,2.0,4.0,0.0,3.0,14.0,15.216597058823528,68.7506725,39.897323529411764,2.21376075,0.09410402202235718,0.1766515750508573,0.15022996727002652,0.05278298285347515,15.3943,69.1267,40.0897,2.34547,148,12,1,0,0,0,0,run_002
U000300,19030673,MODEL_B,BATCH_01,702488.0,50177.71428571428,10768.036828635808,37145.0,73926.0,14,1.975,4.0,0.0,3.0,14.0,15.20218918918919,68.76097727272727,39.91873243243243,2.222229772727273,0.10852326884074175,0.18100999826379663,0.16433294633837936,0.054729467700964,15.4105,69.222,40.2868,2.35462,162,12,1,0,0,0,0,run_002
U000301,19083196,MODEL_A,BATCH_02,712061.0,50861.5,8347.40411744873,33829.0,64062.0,14,2.025,4.0,0.0,5.0,14.0,15.228367567567568,68.76301333333333,39.851575675675676,2.2246662222222224,0.10270507413099045,0.22900538064341772,0.157439546432212,0.049876181111049585,15.3848,69.3506,40.2637,2.3485,164,12,1,0,0,0,0,run_002
U000302,19138968,MODEL_A,BATCH_01,675553.0,48253.78571428572,6732.524937010819,33837.0,59144.0,14,1.975609756097561,4.0,0.0,2.0,14.0,15.240161111111112,68.86382666666667,39.88883888888889,2.233097111111111,0.09311517684421897,0.18803596174426507,0.15329571847115345,0.04642005050828703,15.3847,69.3054,40.1898,2.38915,162,12,2,0,0,0,0,run_002
U000303,19180488,MODEL_A,BATCH_01,696022.0,49715.857142857145,10275.890572351627,40506.0,79177.0,14,1.9,4.0,0.0,4.0,14.0,15.238682352941176,68.86461428571428,39.90387352941177,2.233917857142857,0.10024216275747372,0.1931846021882897,0.18173555765022598,0.05113046180668086,15.4678,69.3219,40.2774,2.32277,152,12,1,0,0,0,0,run_002
U000304,19251760,MODEL_A,BATCH_01,726037.0,51859.78571428572,12809.43245712418,33080.0,78611.0,14,1.875,4.0,0.0,5.0,14.0,15.238480555555554,68.90829090909091,39.922755555555554,2.2417402272727274,0.11282313040315944,0.22593068788764945,0.1661706875379196,0.054406136388199126,15.4976,69.566,40.2485,2.36831,160,12,1,0,0,0,0,run_002
U000305,19304498,MODEL_B,BATCH_01,702471.0,50176.5,6845.667431078073,41876.0,64599.0,14,1.925,4.0,0.0,5.0,14.0,15.206669444444445,68.84246279069767,39.888555555555556,2.257485581395349,0.10601860165473534,0.17387437038776288,0.15789379693677424,0.044710624832004046,15.403,69.2087,40.2876,2.33107,158,12,1,1,1,0,0,run_002
U000306,19355787,MODEL_A,BATCH_01,696895.0,49778.21428571428,7985.804705645092,35009.0,63961.0,14,1.975609756097561,4.0,0.0,5.0,14.0,15.192580000000001,68.93228139534884,39.40398571428572,2.3070572093023256,0.10182093509455388,0.2066856737678363,0.7794103363678087,0.09778408253283596,15.3751,69.3542,40.2744,2.51821,156,12,2,0,0,0,1,run_002
U000307,19403604,MODEL_A,BATCH_01,721666.0,51547.57142857143,9920.761855936158,36289.0,66951.0,14,1.925,4.0,0.0,3.0,14.0,15.243965853658537,68.94766875,39.86144390243902,2.25064125,0.09076707169936717,0.1851639080178611,0.1567816683301695,0.04076722341277648,15.3869,69.3028,40.2554,2.31264,178,12,1,0,0,0,0,run_002
U000308,19460984,MODEL_A,BATCH_02,703952.0,50282.28571428572,9845.56974503739,33882.0,72459.0,14,1.85,4.0,0.0,3.0,14.0,15.211078378378378,68.92469772727273,39.880137837837836,2.2398997727272727,0.0850317690145378,0.1979259228220157,0.17047388909114836,0.05358101969951834,15.4131,69.2782,40.2523,2.35793,162,12,1,0,0,0,0,run_002
U000309,19507245,MODEL_A,BATCH_01,710302.0,50735.857142857145,10624.58872222749,32069.0,69627.0,14,1.85,4.0,0.0,4.0,14.0,15.249856410256411,69.0217170212766,39.7887282051282,2.2465712765957444,0.09416706540944725,0.22138578301546205,0.1499553915225931,0.04811867117581476,15.452,69.589,40.1678,2.33987,172,12,1,0,0,0,0,run_002
U000310,19560520,MODEL_B,BATCH_01,736499.0,52607.07142857143,11657.62370867095,38051.0,80499.0,14,1.85,4.0,0.0,4.0,14.0,15.227002702702702,69.03167727272726,39.84064594594595,2.275425909090909,0.07777707990892399,0.20881892218416145,0.15278050994553918,0.055468711663179404,15.4036,69.4494,40.263,2.40421,162,12,1,0,0,0,0,run_002
U000311,19620784,MODEL_A,BATCH_01,693532.0,49538.0,7478.501659886362,36481.0,60644.0,14,1.85,4.0,0.0,4.0,14.0,15.228466666666666,69.04222325581395,39.85033333333334,2.2578634883720934,0.0788170141167866,0.20797906927336687,0.15794313081431882,0.04825246274907681,15.4181,69.5455,40.252,2.38304,158,12,1,0,0,0,0,run_002
U000312,19673479,MODEL_A,BATCH_01,737316.0,52665.42857142857,10988.137608798414,33610.0,71978.0,14,1.875,4.0,0.0,4.0,14.0,15.244081578947368,69.05172765957447,39.16631842105263,2.3423734042553193,0.08838359837834328,0.19585168934251218,0.7829715979299704,0.10909935972546794,15.4504,69.4964,40.0453,2.5025,170,12,1,1,1,0,1,run_002
U000313,19721651,MODEL_A,BATCH_01,696834.0,49773.857142857145,7859.20463637915,38382.0,61995.0,14,1.853658536585366,4.0,0.0,3.0,14.0,15.232127027027028,69.08409782608696,38.93987567567567,2.382330217391304,0.09638232217075415,0.23679229763104775,0.7697967034676518,0.10767759365581704,15.4555,69.5737,40.1152,2.57744,166,12,2,1,0,1,0,run_002
U000314,19773959,MODEL_A,BATCH_01,667486.0,47677.57142857143,8555.144270817735,32496.0,60611.0,14,1.85,4.0,0.0,3.0,14.0,15.245508823529413,69.14276976744186,39.778217647058824,2.26947488372093,0.08083395014190305,0.21627714311886764,0.15009222310539674,0.046747834040585856,15.3772,69.6301,40.0181,2.38064,154,12,1,0,0,0,0,run_002
U000315,19834533,MODEL_B,BATCH_02,708982.0,50641.57142857143,13413.4516392732,33875.0,86251.0,14,1.85,4.0,0.0,4.0,14.0,15.257228571428573,69.15935365853659,39.796231428571424,2.279023414634146,0.09944911075646687,0.2000122209985688,0.15688560795430995,0.049520936613202164,15.5031,69.5154,40.0906,2.36372,152,12,1,0,0,0,0,run_002
U000316,19900217,MODEL_A,BATCH_01,720145.0,51438.92857142857,9161.388645701176,35255.0,65684.0,14,1.9,4.0,0.0,5.0,14.0,15.230552777777778,69.19976444444444,39.76190833333333,2.290749111111111,0.09032246196224208,0.2013448118341398,0.14829353203311701,0.047109559965053796,15.3824,69.6885,40.0904,2.42151,162,12,1,0,0,0,0,run_002
U000317,19957455,MODEL_A,BATCH_01,686586.0,49041.857142857145,9426.59941015637,32416.0,66464.0,14,1.9024390243902438,4.0,0.0,3.0,14.0,15.260997435897435,69.18923777777778,39.78987435897436,2.2853262222222224,0.09983708436400232,0.22182131761734206,0.14616415558496976,0.046048384202670586,15.4622,69.655,40.0826,2.38969,168,12,2,0,0,0,0,run_002
U000318,20026883,MODEL_A,BATCH_01,718485.0,51320.357142857145,12252.446798698822,34120.0,80638.0,14,1.875,4.0,0.0,3.0,14.0,15.237837142857142,69.26789047619047,39.803,2.2898754761904763,0.11392515366965932,0.20100270815980115,0.11843981345715038,0.0560102374441334,15.4566,69.8103,40.1131,2.41222,154,12,1,0,0,0,0,run_002
U000319,20095147,MODEL_A,BATCH_01,689809.0,49272.07142857143,13116.310840759626,31205.0,68264.0,14,1.825,4.0,0.0,4.0,14.0,15.237074285714286,69.29576428571428,39.77717428571429,2.2798364285714285,0.11234362554983131,0.16872625516256984,0.17999826362374222,0.045097409953286344,15.4989,69.6468,40.1901,2.38602,154,12,1,0,0,0,0,run_002
U000320,20159424,MODEL_B,BATCH_01,720648.0,51474.857142857145,10185.154444334412,35899.0,66210.0,14,1.9,4.0,0.0,4.0,14.0,15.266489473684212,69.23275111111111,39.764173684210526,2.284135555555556,0.1338979659726293,0.18025884497554936,0.1575048204911571,0.05356547100832247,15.464,69.6707,40.1179,2.38277,166,12,1,0,0,0,0,run_002
U000321,20231313,MODEL_A,BATCH_01,718518.0,51322.71428571428,9796.30191943385,40336.0,71889.0,14,1.925,4.0,0.0,3.0,14.0,15.28633611111111,69.27098444444445,39.76365833333333,2.309508888888889,0.10078141595347524,0.24496287376917283,0.11941435992853977,0.05307124123727134,15.4846,69.71,39.9952,2.43548,162,12,1,0,0,0,0,run_002
U000322,20292564,MODEL_A,BATCH_02,691645.0,49403.21428571428,9558.099064133005,37815.0,67170.0,14,1.85,4.0,0.0,3.0,14.0,15.286116216216218,69.40629555555556,39.720351351351354,2.3047122222222223,0.12016452266583277,0.1920597894070257,0.13084543600417645,0.052740665390745574,15.4984,69.7671,39.9691,2.45289,164,12,1,0,0,0,0,run_002
U000323,20346407,MODEL_A,BATCH_01,711184.0,50798.857142857145,9502.40784754574,35340.0,70828.0,14,1.85,4.0,0.0,5.0,14.0,15.215226470588235,69.39756363636364,39.76521764705882,2.3148861363636364,0.10297925448279581,0.20308267887953252,0.16398021031854432,0.04510467939504512,15.4118,69.7909,40.2498,2.40541,156,12,1,0,0,0,0,run_002
U000324,20410776,MODEL_A,BATCH_01,709500.0,50678.57142857143,8861.96094564842,38346.0,64369.0,14,1.825,4.0,0.0,4.0,14.0,15.297440540540542,69.42239130434783,39.74418378378378,2.309209347826087,0.11629269457197544,0.1725011727188339,0.16667644056926867,0.061519088976139,15.6361,69.8554,40.0409,2.42377,166,12,1,0,0,0,0,run_002
U000325,20491361,MODEL_B,BATCH_01,766288.0,54734.857142857145,14741.367804489946,36050.0,80585.0,14,1.8,4.0,0.0,5.0,14.0,15.323454054054054,69.35233863636364,39.77061621621622,2.300173863636364,0.09750326944545266,0.1711418155526467,0.1287287857679287,0.03403872085263045,15.5465,69.6943,40.0728,2.3557,162,12,1,0,0,0,0,run_002
U000326,20554499,MODEL_A,BATCH_01,702135.0,50152.5,11155.89074297659,31335.0,73367.0,14,1.85,4.0,0.0,5.0,14.0,15.265672727272728,69.4183238095238,39.758236363636364,2.3174161904761905,0.10595884894832805,0.22530762472837756,0.15274241556085025,0.042058166745729805,15.4963,69.9508,39.9997,2.41734,150,12,1,0,0,0,0,run_002
U000327,20605313,MODEL_A,BATCH_01,739039.0,52788.5,8968.56593244513,35158.0,71115.0,14,1.925,4.0,0.0,5.0,14.0,15.291935135135136,69.47300217391304,39.71481081081081,2.3190102173913045,0.07802564114235581,0.17566371975912481,0.11801686033920879,0.04775334405924461,15.5309,69.9048,39.8719,2.42364,166,12,1,0,0,0,0,run_002
U000328,20668752,MODEL_A,BATCH_01,729003.0,52071.642857142855,11605.87350377878,31015.0,65875.0,14,1.925,4.0,0.0,4.0,14.0,15.300673529411764,69.47198139534883,38.85915294117647,2.444036511627907,0.08868345241712372,0.1981458640879223,0.8136542636456051,0.10249497920069593,15.4606,69.9008,40.0887,2.59529,154,12,1,0,0,0,1,run_002
U000329,20715816,MODEL_A,BATCH_02,679639.0,48545.642857142855,11020.95376025661,32484.0,68918.0,14,1.95,4.0,0.0,5.0,14.0,15.262762857142857,69.5067238095238,38.94964,2.4154359523809523,0.1056531258013541,0.15391983470898385,0.770233737327601,0.10280831384383406,15.4547,69.8088,39.9996,2.56299,154,12,1,1,1,0,0,run_002
U000330,20783737,MODEL_B,BATCH_01,702341.0,50167.21428571428,7864.141658660055,36292.0,65631.0,14,1.95,4.0,0.0,6.0,14.0,15.330234210526315,69.53584666666667,39.683771052631585,2.3458526666666666,0.08890166835243539,0.19667866108775914,0.1400334707246306,0.06161181108727889,15.5264,69.8974,39.9146,2.48778,166,12,1,0,0,0,0,run_002
U000331,20861107,MODEL_A,BATCH_01,718523.0,51323.07142857143,10059.06076410934,31569.0,72112.0,14,1.925,4.0,0.0,6.0,14.0,15.304032432432432,69.59977777777779,39.708616216216214,2.344366888888889,0.08469402790848583,0.20121260791973236,0.1643903611555156,0.05493226038504244,15.5075,70.1396,40.1623,2.4459,164,12,1,0,0,0,0,run_002
U000332,20924505,MODEL_A,BATCH_01,689850.0,49275.0,8890.265739733371,36872.0,63398.0,14,1.9,4.0,0.0,4.0,14.0,15.307239393939394,69.55332250000001,39.67673333333334,2.3509160000000002,0.11382270462048028,0.1979992275140319,0.13179359256681056,0.051445186553137914,15.6183,70.0478,39.9526,2.46257,146,12,1,0,0,0,0,run_002
U000333,20969364,MODEL_A,BATCH_01,709255.0,50661.07142857143,10038.589783463578,36064.0,68868.0,14,1.853658536585366,4.0,0.0,5.0,14.0,15.294391891891893,69.58590444444444,39.67711891891892,2.3568804444444442,0.10528017218191994,0.22259275692246497,0.1738718011732873,0.05609068294676347,15.4931,70.0959,40.0505,2.47235,164,12,2,0,0,0,0,run_002
U000334,21021926,MODEL_A,BATCH_01,713432.0,50959.42857142857,9759.791333789923,39802.0,71409.0,14,1.853658536585366,4.0,0.0,6.0,14.0,15.291841176470587,69.69170476190477,39.60995588235294,2.3662307142857144,0.10037765994859449,0.18622356476647142,0.173680600600516,0.044794119681203046,15.5116,70.1996,39.8933,2.48647,152,12,2,0,0,0,0,run_002
U000335,21069213,MODEL_B,BATCH_01,709708.0,50693.42857142857,8031.3756721257405,36324.0,63900.0,14,2.0,4.0,0.0,6.0,14.0,15.319755555555556,69.68412790697674,39.62936944444445,2.360319534883721,0.09839204800750492,0.22036560241215525,0.14841679885558706,0.04818252024252551,15.5355,70.104,39.9242,2.47234,158,12,1,0,0,0,0,run_002
U000336,21133184,MODEL_A,BATCH_02,686807.0,49057.642857142855,5765.366084942619,40521.0,60658.0,14,1.95,4.0,0.0,2.0,14.0,15.3272625,69.74094047619047,39.614246875,2.3602064285714284,0.09645176882606879,0.17907623537984144,0.13305038576122058,0.05354944019754442,15.5194,70.2101,39.86,2.50863,148,12,1,0,0,0,1,run_002
U000337,21187189,MODEL_A,BATCH_01,686331.0,49023.642857142855,7885.539526999287,36082.0,64287.0,14,1.975,4.0,0.0,2.0,14.0,15.298105263157893,69.72153695652175,39.633286842105264,2.358336304347826,0.08553437098733532,0.23852634828481067,0.15663233964348158,0.05399668464549754,15.4545,70.1988,39.9882,2.46635,168,12,1,0,0,0,0,run_002
U000338,21244390,MODEL_A,BATCH_01,715040.0,51074.28571428572,10619.114061471862,36337.0,68825.0,14,1.925,4.0,0.0,4.0,14.0,15.275694444444444,69.75164047619049,39.14136944444445,2.4301338095238094,0.08726073882154861,0.19411945663345484,0.7531912467511398,0.10737303322148573,15.5381,70.2011,39.9371,2.63777,156,12,1,0,0,0,1,run_002
U000339,21302244,MODEL_A,BATCH_01,695957.0,49711.21428571428,8083.313726232782,35398.0,59856.0,14,1.95,4.0,0.0,5.0,14.0,15.305437142857143,69.7763238095238,39.60964857142857,2.3497842857142857,0.10864632877507892,0.21506431801368794,0.13488412973282474,0.05569193693633984,15.515,70.3831,39.9658,2.44931,154,12,1,0,0,0,0,run_002
U000340,21387143,MODEL_B,BATCH_01,729363.0,52097.357142857145,12139.544121507284,32613.0,73729.0,14,1.975,4.0,0.0,4.0,14.0,15.316621621621623,69.79159090909091,39.59213243243243,2.3791193181818184,0.11146194202291426,0.2198101885382037,0.14746104768916346,0.04451833964379835,15.6161,70.3867,39.8152,2.46948,162,12,1,0,0,0,0,run_002
U000341,21448851,MODEL_A,BATCH_01,715411.0,51100.78571428572,10621.94184172607,35906.0,75228.0,14,1.925,4.0,0.0,4.0,14.0,15.338823529411764,69.84485000000001,38.90785294117647,2.460380238095238,0.09329377210960249,0.2155237921900954,0.7492976938987564,0.10052725698785846,15.5179,70.2639,39.8096,2.65732,152,12,1,0,0,0,0,run_002
U000342,21496475,MODEL_A,BATCH_01,685258.0,48947.0,9477.012203626853,34456.0,63594.0,14,1.925,4.0,0.0,5.0,14.0,15.339847222222224,69.83988181818182,39.58703333333333,2.371065454545455,0.08606010685598496,0.18579167412282407,0.1429089300418777,0.06000724926960799,15.5397,70.246,39.9159,2.47384,160,12,1,0,0,0,0,run_002
U000343,21585637,MODEL_A,BATCH_02,763182.0,54513.0,14722.12920951105,37341.0,83750.0,14,1.925,4.0,0.0,6.0,14.0,15.3388,69.89441555555555,39.62710555555556,2.3887737777777778,0.08918543122538088,0.19082666927626046,0.1260239159716331,0.05193986331627313,15.4692,70.3942,39.8613,2.49903,162,12,1,0,0,0,0,run_002
U000344,21647999,MODEL_A,BATCH_01,717691.0,51263.642857142855,7744.235281382314,33130.0,62362.0,14,1.9,4.0,0.0,5.0,14.0,15.317913157894736,69.86892888888889,39.599392105263156,2.3818377777777777,0.09071862400361642,0.18762798858648616,0.1434282896095217,0.04382509258865345,15.4572,70.3126,39.9567,2.45813,166,12,1,0,0,0,0,run_002
U000345,21729591,MODEL_B,BATCH_01,763687.0,54549.07142857143,13607.199827604196,36646.0,81592.0,14,1.875,4.0,0.0,5.0,14.0,15.336473684210528,69.94210652173912,39.58723684210526,2.3872784782608694,0.11433047094305046,0.17470647943485684,0.11844549988839727,0.05384080476397843,15.6801,70.2659,39.8772,2.50074,168,12,1,0,0,0,0,run_002
U000346,21780776,MODEL_A,BATCH_01,727195.0,51942.5,8926.305323635825,41465.0,69887.0,14,1.95,4.0,0.0,4.0,14.0,15.345737837837836,70.02108222222222,39.6175027027027,2.3850728888888892,0.11137624510178507,0.17225864180576064,0.13310829652431067,0.05046804252657948,15.5236,70.4163,39.8488,2.47794,164,12,1,0,0,0,0,run_002
U000347,21832305,MODEL_A,BATCH_01,669444.0,47817.42857142857,7611.076934960656,32900.0,56815.0,14,1.8780487804878048,4.0,0.0,4.0,14.0,15.330891428571428,69.96678095238096,39.58002571428571,2.3920592857142857,0.10478227109647138,0.20443333726287857,0.12519976118859466,0.04818808340662851,15.5305,70.4936,39.8288,2.47833,154,12,2,0,0,0,0,run_002
U000348,21882901,MODEL_A,BATCH_01,732321.0,52308.642857142855,10150.11543403206,39227.0,78196.0,14,1.8780487804878048,4.0,0.0,5.0,14.0,15.314948571428571,70.05450476190477,39.56644285714285,2.4002454761904763,0.08203864717468314,0.1952398386880029,0.1516984339864752,0.04678439156032872,15.4845,70.4279,39.8592,2.50799,154,12,2,0,0,0,0,run_002
U000349,21940128,MODEL_A,BATCH_01,714640.0,51045.71428571428,10848.542322702739,37089.0,75660.0,14,1.9,4.0,0.0,5.0,14.0,15.353127777777777,70.03497777777778,39.52061944444445,2.4203535555555553,0.09927552888260358,0.23644840479757226,0.12070644631725261,0.0424364855431329,15.5401,70.5223,39.7449,2.53719,162,12,1,0,0,0,0,run_002
U000350,22016226,MODEL_B,BATCH_02,736534.0,52609.57142857143,14064.799671598517,32519.0,82055.0,14,1.9,4.0,0.0,5.0,14.0,15.342331428571427,70.02851395348837,39.54786285714285,2.413047441860465,0.1049992234465081,0.22041574092673735,0.14527282059408486,0.05545686543839711,15.5618,70.3748,39.8914,2.52337,156,12,1,0,0,0,0,run_002
U000351,22076814,MODEL_A,BATCH_01,685439.0,48959.92857142857,10948.316262992474,37003.0,72085.0,14,1.875,4.0,0.0,4.0,14.0,15.339509375,70.114885,39.49335,2.40559925,0.08600645646947368,0.20529494673236734,0.15629542539690658,0.047036409540907785,15.5034,70.713,39.7345,2.50518,144,12,1,0,0,0,0,run_002
U000352,22131544,MODEL_A,BATCH_01,735920.0,52565.71428571428,10200.605498080617,37849.0,70313.0,14,1.925,4.0,0.0,5.0,14.0,15.319457499999999,70.15163541666666,39.547489999999996,2.4272766666666667,0.12860491853157438,0.17962875840641607,0.1389710111811737,0.056943788271373655,15.6447,70.6541,39.8608,2.54049,176,12,1,0,0,0,0,run_002
U000353,22188632,MODEL_A,BATCH_01,675030.0,48216.42857142857,7249.7812456577,36159.0,58214.0,14,1.9,4.0,0.0,1.0,14.0,15.329705714285716,70.15696829268293,39.54544,2.424560243902439,0.11284776039075896,0.22013159863934167,0.18189415829962582,0.050334288238128855,15.6815,70.6669,39.8357,2.52499,152,12,1,0,0,0,1,run_002
U000354,22263367,MODEL_A,BATCH_01,708525.0,50608.92857142857,10545.557427468875,36849.0,74735.0,14,1.85,4.0,0.0,2.0,14.0,15.372615151515152,70.12881282051282,39.53274848484848,2.417643846153846,0.09310571317463619,0.19382688176428822,0.17336198062365843,0.0525279316482085,15.6129,70.7294,39.9155,2.52578,144,12,1,0,0,0,0,run_002
U000355,22316973,MODEL_B,BATCH_01,747788.0,53413.42857142857,12018.254050301251,40824.0,86620.0,14,1.825,4.0,0.0,4.0,14.0,15.34377435897436,70.22855869565217,39.4905717948718,2.425246739130435,0.09286244699596431,0.18727290671469712,0.15006515242723717,0.04391096193457084,15.5297,70.6951,39.9718,2.56664,170,12,1,0,0,0,0,run_002
U000356,22387250,MODEL_A,BATCH_01,740025.0,52858.92857142857,12844.236183921239,34196.0,70486.0,14,1.825,4.0,0.0,5.0,14.0,15.35657105263158,70.24052826086957,39.47938947368421,2.4293691304347824,0.09260830885580557,0.19514354450340332,0.13302742003360243,0.05096969669763858,15.6504,70.6352,39.7287,2.53115,168,12,1,0,0,0,0,run_002
U000357,22451385,MODEL_A,BATCH_02,727153.0,51939.5,10021.091877788414,30801.0,67984.0,14,1.85,4.0,0.0,5.0,14.0,15.39316842105263,70.2353152173913,39.53033421052632,2.4362810869565217,0.11166532793264186,0.22627527283514373,0.18092379353826973,0.04472585795603458,15.5706,70.7868,39.9028,2.55118,168,12,1,0,0,0,0,run_002
U000358,22528297,MODEL_A,BATCH_01,743960.0,53140.0,12071.570358618506,37804.0,76912.0,14,1.8,4.0,0.0,4.0,14.0,15.353102564102564,70.23722916666667,39.537056410256405,2.433779791666667,0.10447743772342648,0.16913763117692582,0.1482659502289748,0.049309005154407386,15.6094,70.5432,39.997,2.53448,174,12,1,0,0,0,0,run_002
U000359,22589137,MODEL_A,BATCH_01,732504.0,52321.71428571428,11425.459030863229,35052.0,74863.0,14,1.9,4.0,0.0,5.0,14.0,15.332058333333334,70.26094418604652,39.51441388888889,2.4414741860465115,0.106058068663216,0.21213619648294355,0.15192167935726125,0.050140176374058716,15.5513,70.8014,39.8397,2.53097,158,12,1,0,0,0,0,run_002
U000360,22643782,MODEL_B,BATCH_01,688078.0,49148.42857142857,8910.96901157639,33468.0,62554.0,14,1.925,4.0,0.0,3.0,14.0,15.3731,70.31078837209301,39.46071111111111,2.4444941860465117,0.07414813743927932,0.2070386750266992,0.15576480214509839,0.05189055892808752,15.5318,70.683,39.8533,2.56695,158,12,1,0,0,0,0,run_002
U000361,22700470,MODEL_A,BATCH_01,703162.0,50225.857142857145,7183.483629475677,37575.0,65986.0,14,1.85,4.0,0.0,2.0,14.0,15.34677222222222,70.36345,39.496633333333335,2.4364041304347825,0.09664642070413508,0.21179078119691397,0.15156067149117977,0.05608625248771701,15.5299,70.7121,39.9476,2.54102,164,12,1,0,0,0,0,run_002
U000362,22752283,MODEL_A,BATCH_01,734754.0,52482.42857142857,9750.702615427543,36135.0,69058.0,14,1.875,4.0,0.0,3.0,14.0,15.347792105263158,70.39500638297872,39.46216578947369,2.435636595744681,0.08606459039449624,0.25720865527753206,0.14991649256821177,0.04868581519500922,15.542,70.849,39.8288,2.53421,170,12,1,0,0,0,0,run_002
U000363,22814034,MODEL_A,BATCH_01,687237.0,49088.357142857145,7937.869851900716,38383.0,61751.0,14,1.925,4.0,0.0,3.0,14.0,15.369057142857145,70.38303720930233,39.44995714285714,2.4453774418604652,0.117330674705683,0.20728761479926758,0.15612188919467485,0.05018718490824523,15.5938,70.8549,39.8208,2.56076,156,12,1,0,0,0,0,run_002
U000364,22876539,MODEL_A,BATCH_02,707396.0,50528.28571428572,9024.641867418608,34037.0,71621.0,14,1.95,4.0,0.0,3.0,14.0,15.370482857142857,70.40497142857143,39.48551714285714,2.4464190476190475,0.10685739668778534,0.16232232055120677,0.16546993237748123,0.04829767644815192,15.5705,70.7642,39.8914,2.55478,154,12,1,0,0,0,0,run_002
U000365,22969340,MODEL_B,BATCH_01,757781.0,54127.21428571428,15245.502157274863,36804.0,92801.0,14,1.95,4.0,0.0,3.0,14.0,15.356077142857144,70.4883,39.47102571428571,2.456234418604651,0.12017738136436723,0.16842087445557422,0.13586505706432744,0.04557970012345851,15.6169,70.9135,39.7311,2.56742,156,12,1,0,0,0,0,run_002
U000366,23055353,MODEL_A,BATCH_01,694964.0,49640.28571428572,12618.477175149948,35436.0,86013.0,14,1.95,4.0,0.0,3.0,14.0,15.36576,70.46129285714285,38.53492,2.585164285714286,0.09562775317066992,0.19377680823862725,0.7324770065855103,0.10374319386768305,15.6059,70.8754,39.6646,2.759,154,12,1,0,0,0,1,run_002
U000367,23107418,MODEL_A,BATCH_01,703819.0,50272.78571428572,11615.87678189158,36464.0,81479.0,14,1.975,4.0,0.0,4.0,14.0,15.37683142857143,70.54308571428571,39.421,2.487197619047619,0.10633396273182001,0.215529722438356,0.13987679452667823,0.049041363716442556,15.6765,70.9087,39.7686,2.60618,154,12,1,0,0,0,0,run_002
U000368,23183844,MODEL_A,BATCH_01,690605.0,49328.92857142857,11576.4908557372,33187.0,76426.0,14,1.975,4.0,0.0,3.0,14.0,15.380797142857142,70.52171219512195,39.42272,2.465279268292683,0.07907670693593587,0.2283466292669128,0.13633278014174255,0.05050827053019358,15.5726,71.0576,39.7573,2.57892,152,12,1,0,0,0,0,run_002
U000369,23246117,MODEL_A,BATCH_01,677971.0,48426.5,7954.966912371359,35950.0,62273.0,14,1.925,4.0,0.0,3.0,14.0,15.397525714285715,70.58167142857144,38.980225714285716,2.5243516666666665,0.11442582067424655,0.16576845486152622,0.6973218091353526,0.09661145553741009,15.6101,70.9405,39.6437,2.76506,154,12,1,0,0,0,1,run_002
U000370,23291622,MODEL_B,BATCH_01,706118.0,50437.0,10749.382930411186,36580.0,74951.0,14,2.0,4.0,0.0,5.0,14.0,15.384569696969697,70.57572926829268,39.44226363636364,2.476460487804878,0.10367487184959681,0.23450527418791667,0.14869438417897218,0.05125343598000131,15.5689,71.2471,39.7823,2.59098,148,12,1,0,0,0,0,run_002
U000371,23352668,MODEL_A,BATCH_02,693838.0,49559.857142857145,10775.01966342766,34809.0,75288.0,14,1.975,4.0,0.0,2.0,14.0,15.366364864864867,70.61510666666666,39.3935,2.486708,0.11040252416653486,0.1978702988874761,0.13297854254644897,0.0497617224471691,15.6265,71.0341,39.7391,2.56895,164,12,1,0,0,0,0,run_002
U000372,23408307,MODEL_A,BATCH_01,688877.0,49205.5,7454.514809057766,38965.0,58453.0,14,1.95,4.0,0.0,3.0,14.0,15.395125714285713,70.57592558139535,39.38545428571429,2.476650465116279,0.09135010654830432,0.19232172461420788,0.1489956954428693,0.0474938366905437,15.5894,70.9605,39.6812,2.58559,156,12,1,0,0,0,0,run_002
U000373,23481119,MODEL_A,BATCH_01,729970.0,52140.71428571428,9408.901255468933,36708.0,72812.0,14,1.9,4.0,0.0,3.0,14.0,15.366774285714285,70.6720880952381,39.36200285714286,2.497961428571428,0.09016219157671285,0.1777591673082914,0.17205225691412507,0.060785867523564525,15.5637,70.9746,39.7058,2.61528,154,12,1,0,0,0,0,run_002
U000374,23560870,MODEL_A,BATCH_01,785546.0,56110.42857142857,11112.786818756169,37837.0,79751.0,14,1.9,4.0,0.0,5.0,14.0,15.404225,70.71315625,39.416377499999996,2.501503958333333,0.10973909326098667,0.22047375769566405,0.18181204790337846,0.05490467715377195,15.6952,71.2692,39.7233,2.63419,176,12,1,0,0,0,0,run_002
U000375,23624234,MODEL_B,BATCH_01,768110.0,54865.0,13583.757597275448,36974.0,84588.0,14,1.95,4.0,0.0,5.0,14.0,15.411110256410257,70.73623404255319,38.508864102564104,2.6068444680851064,0.09148141828829393,0.20461263324994391,0.7688985866629019,0.10906439603177587,15.6228,71.1244,39.7256,2.8158,172,12,1,0,0,0,0,run_002
U000376,23681825,MODEL_A,BATCH_01,706090.0,50435.0,7244.307611444365,37453.0,60225.0,14,1.95,4.0,0.0,4.0,14.0,15.375166666666665,70.71311363636363,39.44435277777777,2.4840570454545454,0.11751582993671233,0.2017261401595693,0.15193635789107954,0.05106642279991111,15.6167,71.1685,39.73,2.58427,160,12,1,0,0,0,0,run_002
U000377,23756962,MODEL_A,BATCH_01,717230.0,51230.71428571428,13980.389938594877,33820.0,75137.0,14,1.925,4.0,0.0,4.0,14.0,15.394534210526317,70.80237555555556,38.76747368421053,2.5806553333333335,0.09208944029705426,0.1966697822557542,0.7539417490167183,0.11173667469058259,15.5645,71.1819,39.5825,2.76209,166,12,1,0,0,0,1,run_002
U000378,23814590,MODEL_A,BATCH_02,734306.0,52450.42857142857,9410.229235450975,38284.0,70977.0,14,2.025,4.0,0.0,5.0,14.0,15.390583333333334,70.83469090909091,39.371361111111106,2.517099318181818,0.09696265997058558,0.19965502319632822,0.1640581922503249,0.05400379372538219,15.5796,71.334,39.7487,2.60303,160,12,1,0,0,0,0,run_002
U000379,23869280,MODEL_A,BATCH_01,654372.0,46740.857142857145,10107.244331568421,32791.0,63788.0,14,2.0,4.0,0.0,1.0,14.0,15.377621212121213,70.79882307692307,39.37129393939394,2.4983858974358975,0.09104403041103172,0.22553053062260936,0.16043111827859904,0.05459669855634462,15.5437,71.3155,39.7,2.61376,144,12,1,0,0,0,0,run_002
U000380,23926595,MODEL_B,BATCH_01,673606.0,48114.71428571428,9216.259056092715,37202.0,68820.0,14,1.9268292682926829,4.0,0.0,4.0,14.0,15.401454285714285,70.82363255813954,39.06854285714286,2.545289069767442,0.09288304265820199,0.18912161081334275,0.5714662952779076,0.08006501256609722,15.6197,71.2546,39.6095,2.79929,156,12,2,1,0,1,1,run_002
U000381,23977697,MODEL_A,BATCH_01,683457.0,48818.357142857145,8874.652050445895,37513.0,70215.0,14,1.975609756097561,4.0,0.0,4.0,14.0,15.38828108108108,70.87438181818182,39.38717567567567,2.520903409090909,0.09530383237554178,0.2465528381246413,0.1505462616337317,0.04781144204511512,15.6335,71.5559,39.7495,2.63652,162,12,2,0,0,0,0,run_002
U000382,24046173,MODEL_A,BATCH_01,698816.0,49915.42857142857,10717.63961323205,33210.0,74154.0,14,2.0,4.0,0.0,4.0,14.0,15.409022857142856,70.93006904761904,39.35158571428571,2.5288500000000003,0.10430901231638733,0.1768034756971256,0.1345429324500887,0.04332046978553011,15.5977,71.2577,39.5926,2.62897,154,12,1,0,0,0,0,run_002
U000383,24111686,MODEL_A,BATCH_01,706375.0,50455.357142857145,9306.0364330582,31457.0,65513.0,14,1.975,4.0,0.0,3.0,14.0,15.448956756756758,70.94433863636364,39.36007027027027,2.528839772727273,0.09845740912400346,0.16719770252108704,0.15334107926968207,0.04735067591122088,15.622,71.3596,39.7079,2.61465,162,12,1,0,0,0,0,run_002
U000384,24170489,MODEL_A,BATCH_01,751457.0,53675.5,12531.119845286097,35954.0,74195.0,14,2.05,4.0,0.0,4.0,14.0,15.41529268292683,70.89805102040816,39.31177804878049,2.5325151020408163,0.12110784530789875,0.19032084546283137,0.16011902215569862,0.06541797536235887,15.6679,71.2264,39.5903,2.66506,180,12,1,0,0,0,0,run_002
U000385,24225971,MODEL_B,BATCH_02,686166.0,49011.857142857145,8864.271117218857,32612.0,65185.0,14,2.048780487804878,4.0,0.0,2.0,14.0,15.405277777777778,70.98033636363635,39.328425,2.534348409090909,0.09040152056594457,0.15492031423675112,0.13742859626522025,0.04137126499368358,15.6199,71.26,39.5926,2.62247,160,12,2,0,0,0,0,run_002
U000386,24304634,MODEL_A,BATCH_01,706716.0,50479.71428571428,11924.536923300831,33079.0,81532.0,14,2.025,4.0,0.0,3.0,14.0,15.42440303030303,70.97417804878049,39.329803030303026,2.529089024390244,0.10318926023589055,0.1930681842150532,0.16536849852082397,0.05325882949356272,15.7022,71.2884,39.6126,2.64894,148,12,1,0,0,0,0,run_002
U000387,24364481,MODEL_A,BATCH_01,726591.0,51899.357142857145,11465.708603732883,37663.0,74430.0,14,2.0,4.0,0.0,4.0,14.0,15.436883783783784,71.00526590909091,39.30781621621622,2.533192272727273,0.08712754225053364,0.19998746349451318,0.14880681083859051,0.05251271216477609,15.5884,71.6451,39.6684,2.62676,162,12,1,0,0,0,0,run_002
U000388,24412461,MODEL_A,BATCH_01,670679.0,47905.642857142855,8046.981867155517,35441.0,60857.0,14,1.975609756097561,4.0,0.0,5.0,14.0,15.421805714285714,71.04615952380952,39.31026,2.5450652380952383,0.08979569930372719,0.21715273264992288,0.14383895651653203,0.05963829499935207,15.6468,71.5502,39.6459,2.67776,154,12,2,0,0,0,0,run_002
U000389,24456076,MODEL_A,BATCH_01,696205.0,49728.92857142857,9096.236182444538,33439.0,69827.0,14,1.951219512195122,4.0,0.0,5.0,14.0,15.444726315789472,71.10858444444445,39.30785789473684,2.540808222222222,0.11393936197680463,0.15633577929856432,0.15420788466464797,0.047956353370391475,15.708,71.583,39.7349,2.68407,166,12,2,0,0,0,0,run_002
U000390,24510314,MODEL_B,BATCH_01,688468.0,49176.28571428572,8827.623013356091,32343.0,62426.0,14,1.925,4.0,0.0,4.0,14.0,15.431011764705882,71.10024390243903,39.25662352941177,2.543842195121951,0.0810947061931237,0.19052357996949013,0.1615102906165567,0.049208507064947456,15.6127,71.4655,39.6122,2.66138,150,12,1,0,0,0,0,run_002
U000391,24556949,MODEL_A,BATCH_01,696821.0,49772.92857142857,13699.31466261268,35398.0,81938.0,14,1.9268292682926829,4.0,0.0,5.0,14.0,15.43554054054054,71.10521136363637,38.6898945945946,2.6420036363636363,0.09771150409769096,0.21323912029926465,0.7772608016996981,0.0993026249235232,15.6691,71.5167,39.6819,2.81289,162,12,2,0,0,0,1,run_002
U000392,24602923,MODEL_A,BATCH_02,724653.0,51760.92857142857,11519.566461288547,38231.0,79435.0,14,1.875,4.0,0.0,5.0,14.0,15.482572972972973,71.14987500000001,39.252343243243246,2.5549856818181818,0.08884451977299296,0.20341409949187592,0.1484055826677939,0.05425315587853051,15.7215,71.5636,39.7125,2.66545,162,12,1,0,0,0,0,run_002
U000393,24661924,MODEL_A,BATCH_01,710103.0,50721.642857142855,11516.10665784861,31705.0,71966.0,14,1.9,4.0,0.0,4.0,14.0,15.445816216216215,71.14458409090909,39.253213513513515,2.563846818181818,0.11013801067931296,0.2450094473196866,0.14848721449292426,0.04707395417567569,15.7021,71.6428,39.5155,2.6805,162,12,1,0,0,0,0,run_002
U000394,24714195,MODEL_A,BATCH_01,704442.0,50317.28571428572,6396.048352496449,38077.0,60839.0,14,1.925,4.0,0.0,5.0,14.0,15.434832432432433,71.2557590909091,39.23231891891892,2.5666290909090907,0.10541251257705503,0.16441296180184806,0.16486439181244497,0.04810760263942152,15.7022,71.6001,39.5242,2.65291,162,12,1,0,0,0,0,run_002
U000395,24777444,MODEL_B,BATCH_01,720498.0,51464.142857142855,9136.377171733653,35854.0,63249.0,14,2.0,4.0,0.0,4.0,14.0,15.468730555555554,71.2071590909091,39.23806388888889,2.559126590909091,0.08282962140768046,0.19330781492423735,0.13912909555573763,0.05050505712386198,15.6851,71.5476,39.5036,2.68388,160,12,1,0,0,0,0,run_002
U000396,24831553,MODEL_A,BATCH_01,676388.0,48313.42857142857,9093.409453802546,34343.0,64125.0,14,1.9268292682926829,4.0,0.0,2.0,14.0,15.439158823529413,71.30995,39.213144117647055,2.5778340476190476,0.06993050714013863,0.21885426852967113,0.1325668389248656,0.03882960676167044,15.5553,71.7338,39.5633,2.66866,152,12,2,0,0,0,0,run_002
U000397,24878941,MODEL_A,BATCH_01,725731.0,51837.92857142857,10109.913888884483,34128.0,72276.0,14,1.951219512195122,4.0,0.0,4.0,14.0,15.414326470588234,71.34442857142857,39.2275794117647,2.5702233333333333,0.1069028227901355,0.22351833043804573,0.16744360204650915,0.05122365881859887,15.6739,71.737,39.5529,2.68981,152,12,2,0,0,0,0,run_002
U000398,24934713,MODEL_A,BATCH_01,680756.0,48625.42857142857,6697.210437813018,38543.0,59539.0,14,1.9268292682926829,4.0,0.0,2.0,14.0,15.433485714285714,71.33715813953489,39.226485714285715,2.578565581395349,0.08579126907057298,0.21185962696869345,0.14947652411166182,0.04277051739905078,15.5765,71.9857,39.5658,2.69329,156,12,2,0,0,0,0,run_002
U000399,24985454,MODEL_A,BATCH_02,702362.0,50168.71428571428,10629.586368886907,38640.0,70888.0,14,1.9,4.0,0.0,3.0,14.0,15.413642857142856,71.35773255813955,39.21857714285714,2.5863032558139536,0.10900798482818809,0.20975571360732767,0.13934467440743653,0.05241164155127821,15.6762,71.8539,39.5403,2.70387,156,12,1,0,0,0,0,run_002
U000400,25051027,MODEL_B,BATCH_01,733476.0,52391.142857142855,11937.619527276867,33831.0,73800.0,14,1.95,4.0,0.0,4.0,14.0,15.43361842105263,71.4312347826087,39.18811052631579,2.5882928260869567,0.09574939377484537,0.2071568844216506,0.1559486571599315,0.06745696358627624,15.5975,71.8859,39.5029,2.80108,168,12,1,0,0,0,0,run_002
U000401,25107445,MODEL_A,BATCH_01,688808.0,49200.57142857143,10257.053548388323,33156.0,67092.0,14,1.9,4.0,0.0,3.0,14.0,15.47955135135135,71.44295454545454,39.176002702702704,2.589995681818182,0.09899153336866039,0.1998179572144871,0.16758006127501213,0.035663477533141356,15.6733,71.8101,39.6468,2.68223,162,12,1,0,0,0,1,run_002
U000402,25178432,MODEL_A,BATCH_01,711828.0,50844.857142857145,11751.222233368831,34162.0,71463.0,14,1.9,4.0,0.0,4.0,14.0,15.445056756756756,71.45124545454546,39.187783783783786,2.5963772727272727,0.10434053367204398,0.23629261269889063,0.16518729019159117,0.04844512908357131,15.6276,71.9752,39.4971,2.71941,162,12,1,0,0,0,0,run_002
U000403,25246231,MODEL_A,BATCH_01,708551.0,50610.78571428572,10062.397857511754,31971.0,67799.0,14,1.9,4.0,0.0,4.0,14.0,15.422480555555556,71.45209767441861,39.204325000000004,2.604039069767442,0.10596703481863577,0.21020367276068708,0.12496104392969795,0.05712363891528258,15.6922,72.0278,39.4278,2.73688,158,12,1,0,0,0,0,run_002
U000404,25319515,MODEL_A,BATCH_01,694852.0,49632.28571428572,12011.637308675485,32614.0,73284.0,14,1.925,4.0,0.0,4.0,14.0,15.455517647058825,71.4578,39.19349117647059,2.5941107142857143,0.09906770097319384,0.18346995500692817,0.16618492869645748,0.05238050365252309,15.5913,71.8276,39.5677,2.69982,152,12,1,0,0,0,0,run_002
U000405,25387353,MODEL_B,BATCH_01,728931.0,52066.5,10788.013866894486,35251.0,69763.0,14,1.925,4.0,0.0,5.0,14.0,15.485019444444443,71.48238666666667,39.17944722222222,2.6005142222222224,0.11247673999402075,0.21108728870906723,0.1569562859727183,0.049179288993015983,15.8147,71.8568,39.5148,2.69562,162,12,1,0,0,0,0,run_002
U000406,25445182,MODEL_A,BATCH_02,703982.0,50284.42857142857,10683.10378922851,33994.0,65449.0,14,1.875,4.0,0.0,4.0,14.0,15.474654054054053,71.52171136363637,39.15594054054054,2.614381818181818,0.10352214093450583,0.22117242901464487,0.134815663159119,0.055342449003758495,15.6916,71.9927,39.4033,2.72762,162,12,1,0,0,0,0,run_002
U000407,25509262,MODEL_A,BATCH_01,738161.0,52725.78571428572,12777.338594790936,37926.0,84107.0,14,1.85,4.0,0.0,5.0,14.0,15.457762162162162,71.57891818181818,38.73265945945946,2.661936818181818,0.09917843445962377,0.20208522755663666,0.7511164185025863,0.10889547795878912,15.6699,72.0349,39.3565,2.93706,162,12,1,0,0,0,1,run_002
U000408,25554935,MODEL_A,BATCH_01,664100.0,47435.71428571428,8217.176020887087,36880.0,63252.0,14,1.9024390243902438,4.0,0.0,5.0,14.0,15.487250000000001,71.61312195121951,39.153441176470594,2.609231707317073,0.09455325339337999,0.1903336616473727,0.12684381739247483,0.04617440800391698,15.6835,71.9947,39.3778,2.69413,150,12,2,0,0,0,0,run_002
U000409,25597721,MODEL_A,BATCH_01,690873.0,49348.07142857143,9118.664894382508,35005.0,61847.0,14,1.9268292682926829,4.0,0.0,4.0,14.0,15.47756111111111,71.56769565217391,39.13917222222222,2.610343695652174,0.1061098225634386,0.20136924509359705,0.1509641728757588,0.0507225282124311,15.7034,71.9808,39.4036,2.73038,164,12,2,0,0,0,0,run_002
U000410,25655641,MODEL_B,BATCH_01,690770.0,49340.71428571428,10792.142443809409,34895.0,73886.0,14,1.875,4.0,0.0,2.0,14.0,15.474777777777778,71.59169761904761,39.124180555555554,2.632770476190476,0.10191614511411137,0.20998954269909154,0.1569475942007288,0.04201332157794255,15.6853,72.0588,39.5055,2.7118,156,12,1,0,0,0,0,run_002
U000411,25710127,MODEL_A,BATCH_01,661905.0,47278.92857142857,7165.107615964443,32967.0,58005.0,14,1.925,4.0,0.0,4.0,14.0,15.466717647058822,71.67101707317073,39.12064705882353,2.6366253658536585,0.11408241696669422,0.21378913197639307,0.11876992077961654,0.054791378751477056,15.7655,72.1556,39.4531,2.74569,150,12,1,0,0,0,0,run_002
U000412,25786301,MODEL_A,BATCH_01,742638.0,53045.57142857143,10901.667125256125,37799.0,76174.0,14,1.85,4.0,0.0,2.0,14.0,15.500934210526315,71.67242826086957,39.16597894736842,2.6287723913043477,0.09152069704278756,0.18086021817112619,0.15117867924519326,0.048454663492326466,15.679,72.1032,39.5046,2.70601,168,12,1,0,0,0,0,run_002
U000413,25840960,MODEL_A,BATCH_02,701218.0,50087.0,13852.848637901714,33240.0,74542.0,14,1.85,4.0,0.0,5.0,14.0,15.481827272727273,71.6918292682927,39.123954545454545,2.6398941463414634,0.11909950743162015,0.224990362286814,0.11059126912563366,0.04581118580519438,15.7501,72.2952,39.3486,2.7018,148,12,1,0,0,0,0,run_002
U000414,25889808,MODEL_A,BATCH_01,713738.0,50981.28571428572,8127.922550628235,39225.0,63742.0,14,1.853658536585366,4.0,0.0,5.0,14.0,15.48481282051282,71.71774042553191,39.107984615384616,2.6331876595744683,0.09668502082722906,0.197661539505833,0.16207811232219738,0.0419479842606741,15.7292,72.0689,39.4474,2.72516,172,12,2,0,0,0,0,run_002
U000415,25952120,MODEL_B,BATCH_01,728597.0,52042.642857142855,12202.789048203082,36891.0,76133.0,14,1.825,4.0,0.0,4.0,14.0,15.464805263157894,71.74236666666667,39.152986842105264,2.635928,0.09828316769738143,0.17688728434694487,0.16394920962208054,0.04482773718256468,15.6366,72.1951,39.6013,2.72283,166,12,1,0,0,0,0,run_002
U000416,26037339,MODEL_A,BATCH_01,729239.0,52088.5,13147.021146954225,38421.0,85219.0,14,1.875,4.0,0.0,5.0,14.0,15.521121621621623,71.75563720930232,39.100927027027026,2.6361746511627904,0.08676627972488662,0.1868052933675122,0.1388738129235172,0.047779714730797215,15.7651,72.1225,39.3228,2.72988,160,12,1,0,0,0,0,run_002
U000417,26086001,MODEL_A,BATCH_01,705105.0,50364.642857142855,12558.248779232672,32217.0,81585.0,14,1.853658536585366,4.0,0.0,5.0,14.0,15.498714705882351,71.80909523809524,38.83425588235294,2.6926488095238095,0.08857975735769028,0.19954350091460973,0.5929033158399828,0.0819482668815495,15.6394,72.1662,39.343,2.92352,152,12,2,0,0,0,0,run_002
U000418,26134918,MODEL_A,BATCH_01,709812.0,50700.857142857145,8059.398401456937,37883.0,66138.0,14,1.951219512195122,4.0,0.0,5.0,14.0,15.499159459459458,71.83368888888889,38.5536972972973,2.7264268888888887,0.09618537501286976,0.2101144744508063,0.762346890816077,0.09469182821664231,15.6684,72.3501,39.4052,2.91246,164,12,2,1,0,1,1,run_002
U000419,26189356,MODEL_A,BATCH_01,711507.0,50821.92857142857,7740.0675058106235,38755.0,63846.0,14,1.875,4.0,0.0,1.0,14.0,15.482152631578948,71.82412888888888,39.08149210526316,2.663758,0.09362033660118967,0.2140683574152535,0.1618897779548151,0.051194155499165346,15.7489,72.2009,39.4249,2.76468,166,12,1,0,0,0,0,run_002
U000420,26261337,MODEL_B,BATCH_02,732016.0,52286.857142857145,10754.451435118839,34895.0,71981.0,14,1.9,4.0,0.0,3.0,14.0,15.514058333333331,71.9162,39.06713333333333,2.6438518181818185,0.108187718803938,0.22777807743095,0.13811266622373566,0.049975206795887905,15.8011,72.4888,39.3454,2.73116,160,12,1,0,0,0,0,run_002
U000421,26325905,MODEL_A,BATCH_01,699014.0,49929.57142857143,10395.582898625637,35879.0,67232.0,14,1.9,4.0,0.0,2.0,14.0,15.457964864864865,71.88343333333333,39.09172972972973,2.6695544444444446,0.09156105800143613,0.2013025696444402,0.14417552547900456,0.05445201188183779,15.6623,72.2781,39.3472,2.85274,164,12,1,0,0,0,1,run_002
U000422,26387407,MODEL_A,BATCH_01,675513.0,48250.92857142857,10081.601700159523,34269.0,65715.0,14,1.9,4.0,0.0,3.0,14.0,15.531660606060607,71.95171025641025,39.092890909090904,2.6826602564102564,0.10245390103417834,0.17471305617297445,0.13874532956922317,0.05079430124931549,15.7091,72.3291,39.4391,2.79451,144,12,1,0,0,0,0,run_002
U000423,26462260,MODEL_A,BATCH_01,728006.0,52000.42857142857,10768.200533295929,39330.0,74853.0,14,1.875,4.0,0.0,4.0,14.0,15.512186486486488,71.99327173913044,38.61992432432432,2.7232321739130434,0.10204873335313365,0.2338962653856462,0.7282432390521931,0.1042252443916657,15.719,72.4482,39.4956,2.94842,166,12,1,0,0,0,1,run_002
U000424,26519241,MODEL_A,BATCH_01,716676.0,51191.142857142855,10235.616789180076,35070.0,72460.0,14,1.975609756097561,4.0,0.0,4.0,14.0,15.529886486486488,71.99954222222223,39.01932162162162,2.6816586666666664,0.08754845376565379,0.18395807636139705,0.13090780287229875,0.06062784717213102,15.6906,72.6034,39.4106,2.82527,164,12,2,0,0,0,0,run_002
U000425,26573593,MODEL_B,BATCH_01,661185.0,47227.5,7675.909635396265,35888.0,61638.0,14,1.853658536585366,4.0,0.0,1.0,14.0,15.541865714285713,72.01155227272727,39.04830857142857,2.6742327272727273,0.09656498860979668,0.20947004502352431,0.17125492413947288,0.04517692410355956,15.7932,72.4114,39.348,2.77084,158,12,2,0,0,0,0,run_002
U000426,26624528,MODEL_A,BATCH_01,715462.0,51104.42857142857,10163.66615195283,36364.0,64256.0,14,1.925,4.0,0.0,4.0,14.0,15.49905,72.06637857142857,39.05964411764706,2.691113571428571,0.08101937011192649,0.20545450096953416,0.15908290042230774,0.052389563744822495,15.738,72.3882,39.3368,2.8083,152,12,1,0,0,0,0,run_002
U000427,26674361,MODEL_A,BATCH_02,684760.0,48911.42857142857,9141.856903734148,34758.0,64350.0,14,1.875,4.0,0.0,2.0,14.0,15.518348648648649,72.09632888888889,39.00396486486486,2.670330888888889,0.09309813705506222,0.2219412449093674,0.17044579166966184,0.04790280656145996,15.6974,72.7145,39.3672,2.76291,164,12,1,0,0,0,0,run_002
U000428,26733132,MODEL_A,BATCH_01,691033.0,49359.5,9455.746472180494,34216.0,67186.0,14,1.875,4.0,0.0,4.0,14.0,15.530283333333333,72.07320454545454,39.029374999999995,2.691511818181818,0.08721346390159207,0.19067263429037323,0.1641161912008878,0.040565438335053175,15.6774,72.3909,39.439,2.78353,160,12,1,0,0,0,0,run_002
U000429,26797976,MODEL_A,BATCH_01,733437.0,52388.357142857145,9758.004852878032,33698.0,64844.0,14,1.85,4.0,0.0,4.0,14.0,15.523622222222222,72.13341627906976,38.97327777777778,2.6779316279069767,0.10918222542706438,0.15823595842350632,0.13896262418591107,0.0514397200119312,15.7685,72.4572,39.3404,2.80914,158,12,1,0,0,0,0,run_002
U000430,26854746,MODEL_B,BATCH_01,740798.0,52914.142857142855,12055.047802330917,38477.0,80597.0,14,1.825,4.0,0.0,4.0,14.0,15.537162162162161,72.13138260869565,38.995937837837836,2.698755,0.10543378741432265,0.18666796345305414,0.10821609130539551,0.05362535655411125,15.6958,72.5065,39.2176,2.80126,166,12,1,0,0,0,0,run_002
