unit_id,prediction_time,vehicle_model,supplier_batch,total_cycle_time,mean_cycle_time,std_cycle_time,min_cycle_time,max_cycle_time,upstream_cycle_count,mean_queue_length,max_queue_length,total_blocked_events,total_starved_events,upstream_station_count,current_mean,temperature_mean,torque_mean,vibration_mean,current_std,temperature_std,torque_std,vibration_std,current_max,temperature_max,torque_max,vibration_max,sensor_reading_count,sensor_station_count,manual_check_count,manual_fail_count,s07_manual_fail,s14_manual_fail,target,run_id
U000001,686591,MODEL_A,BATCH_01,686591.0,49042.21428571428,8928.890698423607,37066.0,68993.0,14,0.4,1.0,0.0,0.0,14.0,14.483257142857143,60.97378636363636,42.01710571428571,1.1342802272727273,0.09434621874562148,0.20439751123833036,0.12817306302040893,0.05083063723132433,14.6412,61.3775,42.239,1.23749,158,12,1,0,0,0,0,run_003
U000002,808922,MODEL_A,BATCH_01,751941.0,53710.07142857143,10936.432082119525,37832.0,72060.0,14,0.475,1.0,0.0,10.0,14.0,14.516043243243244,61.03760681818182,41.98413243243243,1.1529561363636363,0.09470359473565827,0.19642427429884077,0.15131536063256726,0.05337501916413398,14.6773,61.4357,42.3442,1.29424,162,12,1,0,0,0,0,run_003
U000003,857435,MODEL_A,BATCH_01,728246.0,52017.57142857143,11722.693840543689,34132.0,69769.0,14,0.525,1.0,0.0,7.0,14.0,14.532322500000001,61.08794255319149,42.01193,1.1600327659574468,0.08907898105268514,0.23610309349637285,0.15522849196570934,0.04990333602607133,14.7111,61.6208,42.3037,1.27951,174,12,1,0,0,0,0,run_003
U000004,944809,MODEL_A,BATCH_01,724235.0,51731.07142857143,11312.987488616012,36440.0,71404.0,14,0.5,1.0,0.0,5.0,14.0,14.479871428571428,61.06273111111111,41.989445714285715,1.1563042222222222,0.07822478383941156,0.1860632527128903,0.13886581619521365,0.04987279534835185,14.677,61.4674,42.2552,1.26578,160,12,1,0,0,0,0,run_003
U000005,999189,MODEL_B,BATCH_01,675313.0,48236.642857142855,8806.92231763124,34812.0,60203.0,14,0.5,1.0,0.0,5.0,14.0,14.530438235294117,61.123521951219516,42.00286176470588,1.165969268292683,0.09545624101286755,0.221235589939994,0.15146526357392623,0.047892275911165676,14.7189,61.6014,42.3925,1.26763,150,12,1,0,0,0,0,run_003
U000006,1057426,MODEL_A,BATCH_01,680769.0,48626.357142857145,8396.733921885643,32749.0,65487.0,14,0.5,1.0,0.0,5.0,14.0,14.472681818181819,61.128595,41.96465454545454,1.16383475,0.11966065940437971,0.19575297875717806,0.1684206064643468,0.04720070778410545,14.7292,61.4176,42.257,1.25459,146,12,1,0,0,0,0,run_003
U000007,1127226,MODEL_A,BATCH_02,702631.0,50187.92857142857,11597.149533493039,31621.0,69800.0,14,0.475,2.0,0.0,5.0,14.0,14.520116666666667,61.15689534883722,41.93466111111111,1.18013,0.11901654746894925,0.17697848800333596,0.1491709896686689,0.051435725587053456,14.7455,61.4735,42.2644,1.2899,158,12,1,0,0,0,0,run_003
U000008,1209055,MODEL_A,BATCH_01,761169.0,54369.21428571428,12349.313896722368,38966.0,81829.0,14,0.55,2.0,0.0,7.0,14.0,14.531786486486487,61.172036956521744,41.92561351351351,1.1801084782608695,0.12012384850219796,0.21957441498265676,0.1442813573892711,0.050222373897049845,14.9653,61.5164,42.1711,1.28417,166,12,1,0,0,0,0,run_003
U000009,1259280,MODEL_A,BATCH_01,687852.0,49132.28571428572,8828.372447169073,33089.0,65823.0,14,0.625,2.0,0.0,6.0,14.0,14.490152777777777,61.20878863636364,41.95484444444444,1.1862656818181818,0.10198793342102802,0.16423664749224645,0.15972937370877274,0.058288732701864646,14.6925,61.5733,42.2949,1.37788,160,12,1,0,0,0,0,run_003
U000010,1314244,MODEL_B,BATCH_01,712113.0,50865.21428571428,10138.922778303204,36168.0,65668.0,14,0.675,2.0,0.0,6.0,14.0,14.515557142857144,61.271657777777776,41.91958857142857,1.1727453333333333,0.10929155364198546,0.19940704999036177,0.13847200985255106,0.048149019181929556,14.7696,61.7208,42.3366,1.269,160,12,1,0,0,0,0,run_003
U000011,1390013,MODEL_A,BATCH_01,719999.0,51428.5,13482.742580795646,32665.0,76615.0,14,0.7,3.0,0.0,4.0,14.0,14.544856756756758,61.300968181818185,41.89688648648649,1.1838697727272727,0.09635649819677276,0.19505015070396808,0.14565474238410087,0.04095312462103735,14.7356,61.7193,42.2239,1.26319,162,12,1,0,0,0,0,run_003
U000012,1440600,MODEL_A,BATCH_01,701944.0,50138.857142857145,6552.632951219426,37465.0,58250.0,14,0.725,2.0,0.0,5.0,14.0,14.502354285714286,61.33154634146342,41.93233142857142,1.2024926829268292,0.09936733793726922,0.1872464874137316,0.15101075297012775,0.037504937009971824,14.6924,61.9232,42.3395,1.28191,152,12,1,0,0,0,0,run_003
U000013,1498014,MODEL_A,BATCH_01,704376.0,50312.57142857143,10933.354779081978,36423.0,74210.0,14,0.8,3.0,0.0,5.0,14.0,14.521254285714285,61.3418511627907,41.905159999999995,1.1943160465116278,0.08384679776710804,0.21444465638802385,0.14255397574252565,0.0471630574829563,14.6757,61.8466,42.1832,1.29056,156,12,1,0,0,0,0,run_003
U000014,1590765,MODEL_A,BATCH_02,727785.0,51984.642857142855,11123.19391463789,38856.0,75591.0,14,0.875,3.0,0.0,4.0,14.0,14.515102564102563,61.34512340425532,41.931238461538456,1.202703829787234,0.10003800195604502,0.23212564927002158,0.1610570634660529,0.052297696622034866,14.7093,61.9284,42.3293,1.32177,172,12,1,0,0,0,0,run_003
U000015,1648930,MODEL_B,BATCH_01,701100.0,50078.57142857143,6715.643673993131,42153.0,62184.0,14,0.825,3.0,0.0,2.0,14.0,14.534755555555556,61.29648863636364,41.872197222222226,1.2025572727272726,0.09453376553061263,0.16476613760243058,0.15878250260945173,0.053457260057490075,14.743,61.6379,42.2231,1.34907,160,12,1,0,0,0,0,run_003
U000016,1711625,MODEL_A,BATCH_01,685036.0,48931.142857142855,8702.944893780255,34762.0,63594.0,14,0.9,4.0,0.0,4.0,14.0,14.51538857142857,61.39185581395349,41.86136,1.2167646511627908,0.09265923264822577,0.19206211086437455,0.14629526589582278,0.053656017252265494,14.7601,61.8081,42.1086,1.30661,156,12,1,0,0,0,0,run_003
U000017,1776702,MODEL_A,BATCH_01,695647.0,49689.07142857143,8758.504214272469,38385.0,65077.0,14,0.925,4.0,0.0,4.0,14.0,14.545021212121213,61.43302,41.89646060606061,1.21322075,0.10411605831227407,0.18643444603041276,0.135975760568277,0.05057957226185598,14.7291,61.8276,42.1879,1.33439,146,12,1,0,0,0,0,run_003
U000018,1831349,MODEL_A,BATCH_01,707573.0,50540.92857142857,10534.093173809766,33711.0,68522.0,14,0.975,4.0,0.0,5.0,14.0,14.538597222222222,61.40413255813954,41.88692777777778,1.212403488372093,0.0693446855976355,0.2131707751801805,0.18377165429041425,0.04946154778178802,14.6726,61.7879,42.3276,1.31894,158,12,1,0,0,0,0,run_003
U000019,1914155,MODEL_A,BATCH_01,708261.0,50590.07142857143,14507.37723454087,31001.0,82806.0,14,0.925,4.0,0.0,3.0,14.0,14.543031428571428,61.50719047619048,41.88172,1.2143519047619047,0.11201891849522723,0.18129774702906962,0.12570174737893516,0.03986745406775259,14.803,61.9613,42.1953,1.31975,154,12,1,0,0,0,0,run_003
U000020,1985227,MODEL_B,BATCH_01,716425.0,51173.21428571428,13193.45621119437,33826.0,75691.0,14,0.95,4.0,0.0,4.0,14.0,14.542408333333334,61.47736136363637,41.881144444444445,1.2206934090909092,0.10069534923293526,0.17451117271610084,0.16617719019071947,0.051927037629206495,14.7175,61.8361,42.2264,1.33717,160,12,1,0,0,0,0,run_003
U000021,2039161,MODEL_A,BATCH_02,724741.0,51767.21428571428,11363.423862270844,37188.0,76135.0,14,1.05,4.0,0.0,5.0,14.0,14.541376315789474,61.48432,41.87125789473684,1.2259442222222223,0.11127830811227342,0.17868976620236043,0.1473396694011219,0.05155886214666288,14.7277,61.9535,42.1994,1.32249,166,12,1,0,0,0,0,run_003
U000022,2096704,MODEL_A,BATCH_01,717208.0,51229.142857142855,9989.672943419295,32719.0,68008.0,14,1.1,4.0,0.0,3.0,14.0,14.567210810810812,61.524235555555556,41.86661081081081,1.2237595555555556,0.11116594148634987,0.1758203385116276,0.15309487033968622,0.05585468218981513,14.7842,61.9101,42.1276,1.32794,164,12,1,0,0,0,0,run_003
U000023,2141574,MODEL_A,BATCH_01,703168.0,50226.28571428572,8802.39311366361,36093.0,64263.0,14,1.075,4.0,0.0,2.0,14.0,14.552002702702701,61.50256818181818,41.868721621621624,1.2188102272727273,0.10276509482657384,0.2126239083591471,0.14713528758544836,0.05560294222132562,14.7347,62.003,42.1513,1.33123,162,12,1,0,0,0,0,run_003
U000024,2195469,MODEL_A,BATCH_01,706654.0,50475.28571428572,8045.876100200662,37396.0,63746.0,14,1.15,4.0,0.0,4.0,14.0,14.56607105263158,61.60738222222222,41.81733421052632,1.2263944444444446,0.09582270483045327,0.17728607888854844,0.1601564307529425,0.05352647129970348,14.7971,61.9159,42.2252,1.31388,166,12,1,0,0,0,0,run_003
U000025,2255718,MODEL_B,BATCH_01,689603.0,49257.357142857145,10226.756554835367,32593.0,62537.0,14,1.15,4.0,0.0,2.0,14.0,14.54645,61.63024418604651,41.81609705882353,1.244223023255814,0.10325599623061059,0.19701924767262907,0.1496627956952889,0.05240099219957049,14.8638,62.078,42.1778,1.39779,154,12,1,0,0,0,0,run_003
U000026,2309838,MODEL_A,BATCH_01,700761.0,50054.357142857145,9274.696375765481,29182.0,62372.0,14,1.225,4.0,0.0,4.0,14.0,14.545523529411765,61.686919512195125,41.82353235294118,1.254510975609756,0.1145606100236201,0.18387516039355792,0.146588001742646,0.057125592679852226,14.8134,62.1637,42.1501,1.36945,150,11,1,0,0,0,0,run_003
U000027,2371769,MODEL_A,BATCH_01,710874.0,50776.71428571428,9409.033134571933,33457.0,64486.0,14,1.25,4.0,0.0,4.0,14.0,14.552505405405403,61.67263111111111,41.83378648648649,1.2457473333333333,0.09890108118144622,0.18664835778716785,0.15279157583337388,0.05244215715693552,14.7462,62.1246,42.147,1.3585,164,12,1,0,0,0,0,run_003
U000028,2433744,MODEL_A,BATCH_02,730002.0,52143.0,10654.43924814008,37045.0,72505.0,14,1.35,4.0,0.0,4.0,14.0,14.573080555555556,61.71280000000001,41.79982222222222,1.2443702272727273,0.09924219096862917,0.20438813964588795,0.14218912176817922,0.04874667175227341,14.7845,62.2226,42.2192,1.35763,160,12,1,0,0,0,0,run_003
U000029,2491524,MODEL_A,BATCH_01,691591.0,49399.357142857145,9050.29739933907,33119.0,62036.0,14,1.35,4.0,0.0,3.0,14.0,14.582694285714286,61.724393023255814,41.80348857142857,1.2587944186046511,0.10967422600018484,0.19742696708179974,0.16991350008932582,0.040135557463030394,14.8152,62.0907,42.1437,1.35994,156,12,1,0,0,0,0,run_003
U000030,2552936,MODEL_B,BATCH_01,746417.0,53315.5,10603.725540872596,36913.0,77227.0,14,1.425,4.0,0.0,5.0,14.0,14.559010526315788,61.69660638297872,41.800592105263156,1.2560499999999999,0.08620687183204663,0.21506696874538428,0.134090121734599,0.050215059710600064,14.7528,62.2258,42.1325,1.36086,170,12,1,0,0,0,0,run_003
U000031,2607213,MODEL_A,BATCH_01,720088.0,51434.857142857145,10946.839008851564,35404.0,74181.0,14,1.425,4.0,0.0,4.0,14.0,14.553543243243242,61.759919999999994,41.80962432432432,1.2591644444444443,0.08935735852475991,0.18069125173772468,0.14965395901026995,0.0526434282592698,14.7673,62.087,42.0886,1.35675,164,12,1,0,0,0,0,run_003
U000032,2678522,MODEL_A,BATCH_01,688036.0,49145.42857142857,10928.820414315152,33393.0,71309.0,14,1.45,4.0,0.0,5.0,14.0,14.563558823529412,61.8366125,41.800879411764704,1.270769,0.08123853436172179,0.19095856200717,0.128226224754513,0.055731571901989886,14.7345,62.2634,42.0757,1.40528,148,12,1,0,0,0,0,run_003
U000033,2747099,MODEL_A,BATCH_01,729578.0,52112.71428571428,11510.681309973803,36163.0,71199.0,14,1.55,4.0,0.0,5.0,14.0,14.56675,61.846266666666665,41.80879210526316,1.270089111111111,0.10226484098996444,0.18152345578464582,0.18487779803497015,0.048121413624206036,14.7671,62.2026,42.1987,1.35157,166,12,1,0,0,0,0,run_003
U000034,2809795,MODEL_A,BATCH_01,653458.0,46675.57142857143,7474.840875222035,36037.0,56863.0,14,1.4634146341463414,4.0,0.0,2.0,14.0,14.589088235294117,61.837162790697676,41.74916470588236,1.2755360465116279,0.11290283772557859,0.18986644431742228,0.1500113851888401,0.0467774512803284,14.8032,62.2168,42.0659,1.39994,154,12,2,0,0,0,0,run_003
U000035,2856104,MODEL_B,BATCH_02,727591.0,51970.78571428572,11577.545476405685,34265.0,71544.0,14,1.5,4.0,0.0,5.0,14.0,14.593616216216216,61.88451818181818,40.79936216216216,1.3911793181818182,0.12324472383007716,0.2015676345290591,0.7610944737501105,0.10292296756804417,14.8459,62.2521,41.9074,1.57768,162,12,1,1,1,0,1,run_003
U000036,2923139,MODEL_A,BATCH_01,723924.0,51708.857142857145,9696.054763563476,34564.0,67035.0,14,1.55,4.0,0.0,5.0,14.0,14.568875,61.888806976744185,41.76076944444444,1.2716413953488372,0.10077440257468996,0.1783329902916357,0.14433612124768197,0.03921074965469082,14.8669,62.1948,42.0833,1.33227,158,12,1,0,0,0,0,run_003
U000037,2982165,MODEL_A,BATCH_01,719226.0,51373.28571428572,10643.992935190987,37079.0,68012.0,14,1.575,4.0,0.0,5.0,14.0,14.591173684210526,61.89784130434782,41.79253421052632,1.2795747826086956,0.09689206779853514,0.24175209301733258,0.13345265032620987,0.0505522264479081,14.7755,62.4856,42.0129,1.37883,168,12,1,0,0,0,0,run_003
U000038,3039657,MODEL_A,BATCH_01,704922.0,50351.57142857143,9743.348134964739,34532.0,67467.0,14,1.575,4.0,0.0,5.0,14.0,14.587108333333333,61.94727727272727,41.738927777777775,1.263155,0.09768629784014857,0.2060805835427465,0.19265021242969474,0.05305631389557746,14.8239,62.5055,42.1719,1.36818,160,12,1,0,0,0,0,run_003
U000039,3114350,MODEL_A,BATCH_01,711086.0,50791.857142857145,11818.337894704426,31643.0,74693.0,14,1.6,4.0,0.0,5.0,14.0,14.598024242424243,62.02553170731707,41.74459393939394,1.2779536585365854,0.09166579252338009,0.16432818449527295,0.13137392468492942,0.04963425464112951,14.7909,62.4277,42.0215,1.44879,148,12,1,0,0,0,0,run_003
U000040,3197434,MODEL_B,BATCH_01,749354.0,53525.28571428572,14762.542836144827,34143.0,83084.0,14,1.675,4.0,0.0,6.0,14.0,14.593578378378378,61.98593181818182,41.68252972972973,1.2894059090909091,0.10627553061927461,0.2239651174798869,0.13602252441102133,0.06077226525920959,14.8136,62.4157,41.8863,1.42864,162,12,1,0,0,0,0,run_003
U000041,3251960,MODEL_A,BATCH_01,694839.0,49631.357142857145,6493.316737019129,34763.0,58214.0,14,1.725,4.0,0.0,4.0,14.0,14.597602777777777,62.079773333333335,41.725024999999995,1.288263777777778,0.09776535900120757,0.1676530405331187,0.18227219421983837,0.0447630878925568,14.8313,62.4832,42.0951,1.38821,162,12,1,0,0,0,0,run_003
U000042,3303230,MODEL_A,BATCH_02,715608.0,51114.857142857145,10641.31165178098,35378.0,74930.0,14,1.7,4.0,0.0,3.0,14.0,14.59656842105263,62.125062222222226,41.7471052631579,1.2873046666666668,0.08742029916185189,0.1864703672399047,0.1434546014398054,0.038511423252187045,14.7398,62.5044,42.0844,1.35105,166,12,1,0,0,0,0,run_003
U000043,3360148,MODEL_A,BATCH_01,705050.0,50360.71428571428,7708.968118402712,35379.0,63302.0,14,1.725,4.0,0.0,5.0,14.0,14.611524324324325,62.13701086956521,41.691156756756754,1.3015382608695654,0.1059195486243253,0.22055814474319552,0.1388284483745242,0.04109742210376317,14.8653,62.6585,41.966,1.3806,166,12,1,0,0,0,0,run_003
U000044,3438584,MODEL_A,BATCH_01,724469.0,51747.78571428572,12650.163508694395,35123.0,78436.0,14,1.7,4.0,0.0,3.0,14.0,14.614365714285714,62.104517073170726,41.736714285714285,1.3059280487804878,0.11042829705250375,0.1891064579839089,0.14966001498073492,0.05133738229689515,14.8309,62.4895,42.0702,1.39503,152,12,1,0,0,0,0,run_003
U000045,3503574,MODEL_B,BATCH_01,711074.0,50791.0,11185.37302428076,33056.0,70265.0,14,1.775,4.0,0.0,5.0,14.0,14.581022222222222,62.15210227272728,41.692475,1.316519090909091,0.09530023567984938,0.2360819964852929,0.13499422500875483,0.047909174235197485,14.7686,62.6319,41.9589,1.41494,160,12,1,0,0,0,0,run_003
U000046,3552291,MODEL_A,BATCH_01,706407.0,50457.642857142855,10443.310951602854,37834.0,78608.0,14,1.725,4.0,0.0,2.0,14.0,14.615099999999998,62.174454545454545,41.667602631578944,1.31565,0.09229944803793862,0.18447542655354918,0.15065391426969105,0.054039668633759336,14.8658,62.5478,42.1425,1.40769,164,12,1,0,0,0,0,run_003
U000047,3632025,MODEL_A,BATCH_01,748441.0,53460.07142857143,12539.073800075359,36958.0,79734.0,14,1.7,4.0,0.0,4.0,14.0,14.601108108108107,62.213747727272725,41.67643513513514,1.3078793181818182,0.10537307894223169,0.22113180904487517,0.13483292792731733,0.05462383696373398,14.855,62.6748,42.0303,1.44732,162,12,1,0,0,0,0,run_003
U000048,3683903,MODEL_A,BATCH_01,723569.0,51683.5,11170.012752213644,35004.0,73918.0,14,1.7,4.0,0.0,5.0,14.0,14.633227027027027,62.23846888888889,41.71085135135135,1.3163851111111111,0.10213442843366534,0.16231307265761152,0.1440151142176508,0.049215699482538657,14.8805,62.5465,41.9608,1.41399,164,12,1,0,0,0,0,run_003
U000049,3737482,MODEL_A,BATCH_02,689960.0,49282.857142857145,8916.58447766031,33052.0,68540.0,14,1.75,4.0,0.0,5.0,14.0,14.623608333333332,62.24643409090909,41.65156666666667,1.3202770454545456,0.08808180410439893,0.18573757549380537,0.16395262381902617,0.047605753247170056,14.7878,62.6106,42.2293,1.41935,160,12,1,0,0,0,0,run_003
U000050,3789296,MODEL_B,BATCH_01,706271.0,50447.92857142857,8638.950002653775,38445.0,65171.0,14,1.7,4.0,0.0,3.0,14.0,14.627220512820513,62.26124375,41.65163076923077,1.3245977083333333,0.08951616196174664,0.1848233969096253,0.1565034708776812,0.06116290421557276,14.7988,62.6976,41.9285,1.45025,174,12,1,0,0,0,0,run_003
U000051,3844444,MODEL_A,BATCH_01,708564.0,50611.71428571428,10456.330901042102,32587.0,67894.0,14,1.725,4.0,0.0,5.0,14.0,14.650088571428572,62.289341860465115,41.63155428571429,1.3278716279069769,0.08003133125965911,0.17734917029966515,0.18977437275517975,0.04618080970903454,14.7706,62.7175,42.0489,1.4062,156,12,1,0,0,0,0,run_003
U000052,3895141,MODEL_A,BATCH_01,703203.0,50228.78571428572,9757.6602978896,28637.0,63072.0,14,1.725,4.0,0.0,5.0,14.0,14.609219444444445,62.33673409090909,41.629925,1.3174852272727273,0.07986749318874307,0.17788874357263879,0.17825616298702568,0.04539767551106124,14.78,62.7815,42.0015,1.42882,160,12,1,0,0,0,0,run_003
U000053,3955767,MODEL_A,BATCH_01,693660.0,49547.142857142855,11464.721774323063,34100.0,71610.0,14,1.725,4.0,0.0,5.0,14.0,14.62895882352941,62.37317142857143,41.62846764705882,1.3455754761904761,0.08949800105317084,0.1890585988467865,0.1710739477192097,0.05063817499516427,14.8191,62.6826,42.0826,1.48234,152,12,1,0,0,0,0,run_003
U000054,4008204,MODEL_A,BATCH_01,700258.0,50018.42857142857,11346.08136158631,34012.0,68282.0,14,1.725,4.0,0.0,5.0,14.0,14.647105405405405,62.382881818181815,41.60667027027027,1.337660909090909,0.11486969899737604,0.19269841755149408,0.1439631721133037,0.050432365383988265,14.8561,62.7662,41.8522,1.44218,162,12,1,0,0,0,0,run_003
U000055,4065545,MODEL_B,BATCH_01,710092.0,50720.857142857145,6747.333967600068,38910.0,61575.0,14,1.8,4.0,0.0,6.0,14.0,14.611315789473684,62.42937173913043,41.65652894736842,1.3369595652173913,0.09480528131689746,0.20756058356595897,0.16344185495219235,0.042072313670447684,14.7937,62.965,41.952,1.44439,168,12,1,0,0,0,0,run_003
U000056,4166348,MODEL_A,BATCH_02,751911.0,53707.92857142857,12874.037567996987,40703.0,87334.0,14,1.8,4.0,0.0,5.0,14.0,14.612480555555557,62.39298604651163,41.61409722222223,1.3449920930232557,0.09249952839862642,0.16512710051494855,0.1314716840477427,0.05625737473595454,14.8191,62.7916,41.8524,1.45392,158,12,1,0,0,0,0,run_003
U000057,4226062,MODEL_A,BATCH_01,722443.0,51603.07142857143,10121.48865201987,33074.0,67382.0,14,1.8,4.0,0.0,4.0,14.0,14.673838888888888,62.43515111111111,41.62251111111111,1.3514175555555554,0.10428351267517291,0.20997287554502514,0.12994904886757372,0.049271499098711626,14.8571,62.8328,41.8596,1.46896,162,12,1,0,0,0,0,run_003
U000058,4292568,MODEL_A,BATCH_01,719732.0,51409.42857142857,9753.194732727607,37182.0,68909.0,14,1.775,4.0,0.0,4.0,14.0,14.61038,62.50083809523809,41.60567428571429,1.3493835714285713,0.09526835410626998,0.18432804526022165,0.16312737957310067,0.04722104919348781,14.8151,62.8836,41.9724,1.43962,154,12,1,0,0,0,0,run_003
U000059,4368427,MODEL_A,BATCH_01,717907.0,51279.07142857143,11317.335494135234,35133.0,75859.0,14,1.875,4.0,0.0,5.0,14.0,14.613254285714286,62.57559772727273,41.62894571428571,1.3602406818181818,0.10970559893175373,0.17885935164014596,0.13012028901537717,0.04810933412298365,14.7876,62.9359,41.9403,1.46187,158,12,1,0,0,0,0,run_003
U000060,4425658,MODEL_B,BATCH_01,685506.0,48964.71428571428,9649.338059629323,32919.0,60291.0,14,1.85,4.0,0.0,3.0,14.0,14.637416666666667,62.5130511627907,41.60060555555555,1.3647297674418604,0.09282815921290895,0.1998612296809167,0.1300091819712185,0.051298164846427935,14.8564,62.9593,41.9258,1.47981,158,12,1,0,0,0,0,run_003
U000061,4470671,MODEL_A,BATCH_01,676573.0,48326.642857142855,8610.785067461735,32035.0,62149.0,14,1.8780487804878048,4.0,0.0,4.0,14.0,14.646741176470588,62.55659761904762,41.55292058823529,1.3704209523809523,0.08202972897027964,0.1919909391765667,0.1330024373880371,0.0545723366805762,14.8156,62.947,41.8675,1.49565,152,12,2,0,0,0,0,run_003
U000062,4520540,MODEL_A,BATCH_01,681428.0,48673.42857142857,10181.499003390607,33923.0,63798.0,14,1.825,4.0,0.0,3.0,14.0,14.64293142857143,62.55271627906976,41.588097142857144,1.3631302325581396,0.09301377751023088,0.19858894124755577,0.17339019323261362,0.04302608226072341,14.817,63.0556,42.0021,1.4514,156,12,1,1,1,0,0,run_003
U000063,4590838,MODEL_A,BATCH_02,682220.0,48730.0,10289.862539262764,35441.0,70298.0,14,1.75,4.0,0.0,5.0,14.0,14.629888571428571,62.640065853658534,41.56174285714286,1.3801963414634146,0.09113783927600598,0.21225412435304541,0.15786877515223596,0.04264244386500953,14.8093,63.1649,41.888,1.49274,152,12,1,0,0,0,0,run_003
U000064,4677922,MODEL_A,BATCH_01,733707.0,52407.642857142855,14354.635443256342,34097.0,87084.0,14,1.8,4.0,0.0,6.0,14.0,14.618805555555557,62.62898888888889,41.568286111111114,1.3937784444444445,0.08560801345816879,0.18512888412501652,0.14926473921531383,0.04503890429171184,14.7776,63.0259,41.8487,1.47639,162,12,1,0,0,0,0,run_003
U000065,4725710,MODEL_B,BATCH_01,691844.0,49417.42857142857,9310.519589849271,36101.0,68377.0,14,1.8048780487804879,4.0,0.0,4.0,14.0,14.661041666666668,62.70250227272727,41.58301111111111,1.396045,0.0982683625152499,0.18537408876488606,0.16760770997911925,0.048780734354722924,14.9335,63.0391,42.0096,1.51924,160,12,2,0,0,0,0,run_003
U000066,4787284,MODEL_A,BATCH_01,720280.0,51448.57142857143,7653.041705143082,40241.0,62873.0,14,1.975,4.0,0.0,5.0,14.0,14.624812121212122,62.710414285714286,41.594654545454546,1.393415238095238,0.08330676652280285,0.22818377015395386,0.1363996267656841,0.04910497531983332,14.7778,63.14,41.9085,1.46619,150,12,1,0,0,0,0,run_003
U000067,4855075,MODEL_A,BATCH_01,687415.0,49101.07142857143,9798.57824431127,36142.0,67791.0,14,1.875,4.0,0.0,2.0,14.0,14.668380555555554,62.72101666666667,41.570175,1.3969047619047619,0.10105261661825883,0.23762182284263594,0.15407230839539546,0.04743040875147679,14.8723,63.2265,42.0276,1.50095,156,12,1,0,0,0,0,run_003
U000068,4915387,MODEL_A,BATCH_01,702351.0,50167.92857142857,11079.941248554911,29692.0,65478.0,14,1.85,4.0,0.0,4.0,14.0,14.654702857142857,62.7100119047619,41.52078857142857,1.3794619047619048,0.0866389889331665,0.17819837151589654,0.1549664361600108,0.05590812830812292,14.8582,63.1285,41.8377,1.527,154,12,1,0,0,0,0,run_003
U000069,4986084,MODEL_A,BATCH_01,685361.0,48954.357142857145,11657.976995682748,29661.0,70697.0,14,1.825,4.0,0.0,4.0,14.0,14.645358823529412,62.76629268292683,41.50889705882353,1.4097690243902439,0.0895899754864623,0.20033763174980826,0.12999659316117257,0.05337039285994048,14.8103,63.1972,41.7855,1.4912,150,12,1,0,0,0,0,run_003
U000070,5055456,MODEL_B,BATCH_02,711838.0,50845.57142857143,13587.283085604407,32690.0,71465.0,14,1.875,4.0,0.0,6.0,14.0,14.648735294117648,62.79279024390243,41.54820588235294,1.405209268292683,0.0970078312438645,0.2061147105435202,0.13636505359929024,0.05724925263225031,14.8386,63.2293,41.8554,1.51319,150,12,1,0,0,0,0,run_003
U000071,5119555,MODEL_A,BATCH_01,716148.0,51153.42857142857,9069.080181620368,33179.0,64099.0,14,1.95,4.0,0.0,4.0,14.0,14.679665714285715,62.86459318181819,41.54815714285714,1.4016770454545453,0.09765469761556059,0.20395920978165388,0.16352964704353995,0.04712169779088566,14.8708,63.252,41.9338,1.52308,158,12,1,0,0,0,0,run_003
U000072,5174095,MODEL_A,BATCH_01,697011.0,49786.5,8082.84419429391,37297.0,60793.0,14,1.925,4.0,0.0,3.0,14.0,14.682483783783784,62.84155111111111,41.48983513513514,1.4182997777777777,0.09245764349604005,0.20224981359944483,0.14975447167542869,0.058010160453653155,14.8392,63.4213,41.9053,1.5293,164,12,1,0,0,0,0,run_003
U000073,5225522,MODEL_A,BATCH_01,691695.0,49406.78571428572,10837.266659211498,30802.0,67650.0,14,1.85,4.0,0.0,3.0,14.0,14.680094285714286,62.897528571428566,41.535202857142856,1.42034,0.10238267012955427,0.22173201721096988,0.12723706564499745,0.047755966196037454,14.8553,63.4865,41.7458,1.52881,154,12,1,0,0,0,0,run_003
U000074,5299241,MODEL_A,BATCH_01,709110.0,50650.71428571428,9753.076953758446,37800.0,73719.0,14,1.875,4.0,0.0,4.0,14.0,14.676602857142857,62.88324390243903,41.46252571428571,1.4163587804878048,0.10044675934137878,0.23477746915833064,0.1482342925769831,0.039239391445021386,14.926,63.4008,41.8361,1.47957,152,12,1,0,0,0,0,run_003
U000075,5351989,MODEL_B,BATCH_01,727227.0,51944.78571428572,11118.476854584627,34320.0,78595.0,14,1.853658536585366,4.0,0.0,5.0,14.0,14.664916216216216,62.88733409090909,41.48687567567568,1.4149079545454546,0.08134929322070064,0.2300674915568201,0.14526736156596332,0.04694492258150961,14.8322,63.3081,41.7672,1.52228,162,12,2,0,0,0,0,run_003
U000076,5413523,MODEL_A,BATCH_01,711662.0,50833.0,12731.191242831066,33875.0,70337.0,14,1.875,4.0,0.0,4.0,14.0,14.666245714285713,62.95263095238095,41.478654285714285,1.4347359523809524,0.09505651366379884,0.18124043656935795,0.14405518824570152,0.05130001650071167,14.8155,63.3056,41.8224,1.58509,154,12,1,0,0,0,0,run_003
U000077,5470956,MODEL_A,BATCH_02,702614.0,50186.71428571428,9148.738411796048,35598.0,72475.0,14,1.925,4.0,0.0,4.0,14.0,14.664297142857142,63.01146590909091,41.48782285714285,1.4150031818181819,0.08645341651369647,0.20256465972356077,0.1298939320362268,0.045507280826756126,14.8412,63.5568,41.8395,1.55341,158,12,1,0,0,0,0,run_003
U000078,5524465,MODEL_A,BATCH_01,688885.0,49206.07142857143,9820.212753956353,27627.0,63855.0,14,1.9,4.0,0.0,3.0,14.0,14.677216216216216,63.00971627906977,41.45966756756757,1.4365993023255814,0.09802582004959944,0.18212812461643946,0.14320693274274662,0.04403857818491968,14.9092,63.3981,41.7346,1.5182,160,11,1,0,0,0,0,run_003
U000079,5596362,MODEL_A,BATCH_01,721288.0,51520.57142857143,9243.877422499596,36985.0,71897.0,14,1.85,4.0,0.0,3.0,14.0,14.69085294117647,63.00532558139535,41.42314117647059,1.4198248837209302,0.11127452602730997,0.2058721703399636,0.1158492178800639,0.051621559282186084,14.931,63.5336,41.6037,1.53071,154,12,1,0,0,0,0,run_003
U000080,5671368,MODEL_B,BATCH_01,721079.0,51505.642857142855,13116.216572256257,33970.0,75006.0,14,1.8,4.0,0.0,3.0,14.0,14.692673529411765,63.0129380952381,41.44513823529412,1.4437138095238096,0.12431411658015797,0.19884264394224385,0.17093544238529962,0.05286096046451604,14.9183,63.4298,41.7947,1.55392,152,12,1,0,0,0,0,run_003
U000081,5739342,MODEL_A,BATCH_01,736571.0,52612.21428571428,9517.718498258284,37371.0,68649.0,14,1.9,4.0,0.0,5.0,14.0,14.705894736842104,63.06560869565217,41.42451315789474,1.437617608695652,0.09559422392187816,0.20853752961047234,0.12231299719020025,0.040764116855924674,14.9036,63.7583,41.7788,1.53121,168,12,1,0,0,0,0,run_003
U000082,5795614,MODEL_A,BATCH_01,708466.0,50604.71428571428,10695.974242162842,34669.0,66368.0,14,1.875,4.0,0.0,3.0,14.0,14.71107142857143,63.11286046511628,41.43071428571429,1.4267693023255814,0.09402506102545397,0.18426142548994834,0.13956322864535667,0.04815752403239016,14.8792,63.5241,41.6972,1.52393,156,12,1,0,0,0,0,run_003
U000083,5861589,MODEL_A,BATCH_01,724116.0,51722.57142857143,10640.567890529483,32816.0,65975.0,14,1.875,4.0,0.0,4.0,14.0,14.721924324324323,63.120063829787235,41.46667297297297,1.4519270212765958,0.1010368343322964,0.19342015701972678,0.12053152803001022,0.046126525327195494,14.8923,63.5919,41.748,1.56706,168,12,1,0,0,0,0,run_003
U000084,5907589,MODEL_A,BATCH_02,704997.0,50356.92857142857,9568.970875172005,38125.0,66318.0,14,1.9024390243902438,4.0,0.0,4.0,14.0,14.678965714285713,63.134945238095234,40.519737142857146,1.5690050000000002,0.09742712493073448,0.20381621468130295,0.7890619095541466,0.09312012821763244,14.8563,63.5601,41.7564,1.72737,154,12,2,2,1,1,1,run_003
U000085,5955124,MODEL_B,BATCH_01,695176.0,49655.42857142857,10673.42326827416,32938.0,73627.0,14,1.853658536585366,4.0,0.0,2.0,14.0,14.68157894736842,63.20921777777778,41.394084210526316,1.4502793333333333,0.10827085444932202,0.21677886647340586,0.14015401475542072,0.05920372770818957,14.9738,63.7057,41.7228,1.57884,166,12,2,0,0,0,0,run_003
U000086,6013649,MODEL_A,BATCH_01,682208.0,48729.142857142855,7147.209609966061,37612.0,61501.0,14,1.925,4.0,0.0,4.0,14.0,14.690591176470589,63.23142439024391,41.39272647058823,1.4563278048780488,0.09125201987850619,0.2301115607487896,0.15104362867371568,0.0478758359985596,14.8875,63.6368,41.6771,1.55706,150,12,1,0,0,0,0,run_003
U000087,6073058,MODEL_A,BATCH_01,685791.0,48985.07142857143,9248.562836082536,33023.0,65430.0,14,1.975,4.0,0.0,2.0,14.0,14.701577142857143,63.25398095238095,41.4315,1.450425,0.08924277227518983,0.2098371357285882,0.13466068686975913,0.04932170636031032,14.8594,63.8411,41.7766,1.57531,154,12,1,0,0,0,0,run_003
U000088,6145227,MODEL_A,BATCH_01,701352.0,50096.57142857143,11407.138768294217,33365.0,72169.0,14,1.9,4.0,0.0,2.0,14.0,14.714710256410257,63.25621489361702,41.398382051282056,1.4681731914893619,0.10289187680808654,0.18668618399629167,0.14289603668732248,0.04809589945037719,14.985,63.6775,41.6697,1.55579,172,12,1,0,0,0,0,run_003
U000089,6197243,MODEL_A,BATCH_01,701218.0,50087.0,6744.50322057212,40036.0,63560.0,14,1.9,4.0,0.0,3.0,14.0,14.720008333333332,63.30854772727273,41.39233333333333,1.469028409090909,0.12596505042499437,0.1694610629471574,0.15752631707568163,0.05043352211797328,14.9476,63.72,41.858,1.58561,160,12,1,0,0,0,0,run_003
U000090,6261400,MODEL_B,BATCH_01,696206.0,49729.0,9278.27388621894,37094.0,64825.0,14,1.95,4.0,0.0,4.0,14.0,14.70470625,63.2812725,41.428496875,1.4651885,0.11164488326688965,0.1933259768549565,0.1133716653580093,0.044558674573460896,15.0188,63.7051,41.7554,1.58198,144,12,1,0,0,0,0,run_003
U000091,6325755,MODEL_A,BATCH_02,687609.0,49114.92857142857,7742.628747239686,38521.0,64355.0,14,1.9,4.0,0.0,3.0,14.0,14.7202,63.335320930232555,41.352117142857146,1.4658406976744187,0.11497095541150958,0.21064795225586772,0.11242010361798735,0.04576958989356871,14.9639,63.7563,41.5831,1.56781,156,12,1,0,0,0,0,run_003
U000092,6392905,MODEL_A,BATCH_01,734523.0,52465.92857142857,11147.728402368219,37619.0,67678.0,14,1.9,4.0,0.0,4.0,14.0,14.735164864864865,63.3483152173913,41.34875675675676,1.4661954347826087,0.0826985967105724,0.21472578789122576,0.16139215102170007,0.05022161715642737,14.8771,63.8967,41.7168,1.55597,166,12,1,0,0,0,0,run_003
U000093,6477693,MODEL_A,BATCH_01,736698.0,52621.28571428572,13069.784457221998,36031.0,84788.0,14,1.875,4.0,0.0,4.0,14.0,14.70067027027027,63.37829090909091,41.394243243243245,1.4808988636363636,0.11539566683773243,0.18480604391881197,0.13542678739726816,0.04578688876086233,14.9028,63.7499,41.6386,1.5909,162,12,1,0,0,0,0,run_003
U000094,6529276,MODEL_A,BATCH_01,727127.0,51937.642857142855,11717.506288962177,33794.0,73601.0,14,1.9024390243902438,4.0,0.0,4.0,14.0,14.706416666666668,63.413368181818186,41.31973611111111,1.4905475000000001,0.10053595945161674,0.21959842077282754,0.14780457203981556,0.050192129102451986,14.9043,63.9226,41.6133,1.58172,160,12,2,0,0,0,0,run_003
U000095,6592108,MODEL_B,BATCH_01,769583.0,54970.21428571428,10788.32109401053,42433.0,71226.0,14,1.9,4.0,0.0,4.0,14.0,14.68692564102564,63.49623695652174,41.37936153846154,1.4848997826086958,0.10604110602658463,0.24042847063680556,0.14525933544668632,0.049107904251267855,14.9363,64.0773,41.7025,1.64022,170,12,1,0,0,0,0,run_003
U000096,6673238,MODEL_A,BATCH_01,708581.0,50612.92857142857,12541.677623423833,37404.0,81130.0,14,1.875,4.0,0.0,4.0,14.0,14.735496969696971,63.42606097560976,41.32540303030303,1.4937426829268294,0.08820148271446619,0.21771801932551313,0.16705178741345644,0.05126696392533841,14.8986,63.8336,41.5895,1.59874,148,12,1,0,0,0,0,run_003
U000097,6729706,MODEL_A,BATCH_01,712253.0,50875.21428571428,10338.780289455153,30972.0,63946.0,14,1.95,4.0,0.0,5.0,14.0,14.70393947368421,63.498756521739125,41.315973684210526,1.4982360869565217,0.09137944218351063,0.21432088678445882,0.13457234502496912,0.05173114103938478,14.8807,63.9124,41.5883,1.6129,168,12,1,0,0,0,0,run_003
U000098,6792897,MODEL_A,BATCH_02,691123.0,49365.92857142857,8366.580833330863,34619.0,63191.0,14,1.975,4.0,0.0,2.0,14.0,14.74108484848485,63.4757268292683,41.27576666666667,1.508951219512195,0.11885436235476407,0.18091265990028138,0.16920581710351118,0.04439395945368708,14.9445,63.8468,41.7178,1.60483,148,12,1,0,0,0,0,run_003
U000099,6860938,MODEL_A,BATCH_01,696839.0,49774.21428571428,10004.477229863494,35223.0,68041.0,14,1.95,4.0,0.0,1.0,14.0,14.742805714285714,63.541851219512196,41.29655142857143,1.5003060975609754,0.10015159962558298,0.23259154124984138,0.12367769633781475,0.05271506226298366,14.9183,64.0986,41.5138,1.65593,152,12,1,0,0,0,0,run_003
U000100,6921602,MODEL_B,BATCH_01,708512.0,50608.0,8975.605906267017,34952.0,63726.0,14,1.925,4.0,0.0,2.0,14.0,14.751526315789473,63.54498666666666,41.37258947368421,1.5012826666666668,0.10276194922091235,0.20226843055701937,0.15771238239871246,0.04874487858413248,14.9749,63.902,41.6499,1.59362,166,12,1,0,0,0,0,run_003
U000101,6981363,MODEL_A,BATCH_01,711362.0,50811.57142857143,13914.025280072818,36546.0,86782.0,14,1.925,4.0,0.0,4.0,14.0,14.737126470588235,63.554561904761904,41.29125882352941,1.500820238095238,0.0994822027903194,0.20102757480114403,0.15054189413410132,0.04360714203576399,14.9461,63.8735,41.5566,1.60994,152,12,1,0,0,0,0,run_003
U000102,7042289,MODEL_A,BATCH_01,706939.0,50495.642857142855,8581.834890826472,37878.0,61121.0,14,1.925,4.0,0.0,5.0,14.0,14.732477777777778,63.662465909090905,41.27693611111111,1.5153363636363637,0.10493823519742103,0.21308201930316922,0.14241833580342209,0.06046865084741477,15.0609,64.0624,41.5312,1.69125,160,12,1,0,0,0,0,run_003
U000103,7117343,MODEL_A,BATCH_01,753116.0,53794.0,11043.143441834083,34868.0,75054.0,14,2.025,4.0,0.0,5.0,14.0,14.750627777777778,63.65569333333333,41.292027777777776,1.5233648888888887,0.08379957248820731,0.19210759698195626,0.16267624044816414,0.04668418749340284,14.9338,64.0785,41.6763,1.66118,162,12,1,0,0,0,0,run_003
U000104,7174726,MODEL_A,BATCH_01,658961.0,47068.642857142855,7928.560744424045,31603.0,59674.0,14,1.975,4.0,0.0,2.0,14.0,14.756342424242424,63.70708780487805,41.298745454545454,1.5240424390243903,0.1077924511222347,0.20836271762856595,0.15840495788269296,0.042540851412523936,14.9771,64.1388,41.6294,1.61478,148,12,1,0,0,0,0,run_003
U000105,7231681,MODEL_B,BATCH_02,729854.0,52132.42857142857,10752.846054126148,28403.0,69060.0,14,1.95,4.0,0.0,4.0,14.0,14.718347222222222,63.69581590909092,39.80631944444444,1.6984877272727272,0.08197881080276097,0.20183005508685786,0.15908104281321345,0.045486709424286446,14.8996,64.0999,40.0817,1.83202,160,12,1,1,1,0,1,run_003
U000106,7305082,MODEL_A,BATCH_01,720836.0,51488.28571428572,14952.981006776241,33335.0,84448.0,14,1.95,4.0,0.0,4.0,14.0,14.735077777777779,63.69625348837209,41.25585277777778,1.5244427906976745,0.10565203564021207,0.2248590768722207,0.14889582069566232,0.04761599202776819,14.894,64.3293,41.4847,1.60841,158,12,1,0,0,0,0,run_003
U000107,7361032,MODEL_A,BATCH_01,688171.0,49155.07142857143,7827.034829696027,36631.0,62510.0,14,1.975,4.0,0.0,4.0,14.0,14.750705714285715,63.8027619047619,41.28602,1.542472619047619,0.09974114421210294,0.214615458666709,0.14899435796661134,0.054458070873078,14.9922,64.209,41.6291,1.63125,154,12,1,0,0,0,0,run_003
U000108,7416412,MODEL_A,BATCH_01,740005.0,52857.5,11644.56327912466,33938.0,80541.0,14,1.95,4.0,0.0,4.0,14.0,14.757742857142857,63.774834090909096,41.2502,1.5180061363636363,0.0942532642146999,0.22099591171971666,0.11174371675979769,0.045402163006352345,14.9513,64.3281,41.4785,1.58983,158,12,1,0,0,0,0,run_003
U000109,7467667,MODEL_A,BATCH_01,686174.0,49012.42857142857,8315.50480186802,34533.0,62559.0,14,1.95,4.0,0.0,5.0,14.0,14.710224242424243,63.7826675,39.70962121212121,1.721321,0.08811074718182464,0.17819930557219027,0.1261156903342563,0.04682402538035908,14.9074,64.3195,39.9928,1.81191,146,12,1,0,0,0,1,run_003
U000110,7518928,MODEL_B,BATCH_01,733550.0,52396.42857142857,10606.710566097629,34257.0,70725.0,14,2.025,4.0,0.0,4.0,14.0,14.780605405405405,63.873377272727275,41.29493783783784,1.5529511363636361,0.09917408080392374,0.19905355346207038,0.15414112464331525,0.05013330676821407,14.9653,64.4296,41.6249,1.67406,162,12,1,0,0,0,0,run_003
U000111,7572523,MODEL_A,BATCH_01,693277.0,49519.78571428572,10366.992035958472,33152.0,67152.0,14,2.0,4.0,0.0,1.0,14.0,14.77538611111111,63.81018837209302,41.22516111111111,1.5414123255813954,0.09951219351783057,0.1987427856843435,0.1321517704930355,0.05492114771098172,14.9873,64.2788,41.4379,1.71945,158,12,2,0,0,0,0,run_003
U000112,7618881,MODEL_A,BATCH_02,691194.0,49371.0,12435.673375724064,34502.0,72395.0,14,1.951219512195122,4.0,0.0,3.0,14.0,14.743822222222223,63.878584090909094,41.22893611111111,1.5561954545454546,0.0854565724668252,0.18637263241449248,0.15595162098324405,0.051145362037315956,14.9267,64.2647,41.52,1.68938,160,12,2,0,0,0,0,run_003
U000113,7672034,MODEL_A,BATCH_01,697633.0,49830.92857142857,9059.788828106874,37013.0,72921.0,14,2.0,4.0,0.0,5.0,14.0,14.748897058823529,63.87936585365854,41.2036794117647,1.563979756097561,0.08109741424452441,0.18422164043585573,0.13657391112376852,0.06380320428817836,14.8772,64.3363,41.4061,1.71969,150,12,1,0,0,0,0,run_003
U000114,7755784,MODEL_A,BATCH_01,712390.0,50885.0,13263.865702901829,32692.0,83750.0,14,2.025,4.0,0.0,3.0,14.0,14.795185294117646,63.951058536585364,41.194238235294115,1.5577897560975609,0.09328160730836489,0.18824030383476595,0.11265949505964738,0.052295024930092804,14.9869,64.2649,41.423,1.66916,150,12,1,0,0,0,0,run_003
U000115,7818791,MODEL_B,BATCH_01,668714.0,47765.28571428572,9752.356168391556,35879.0,63007.0,14,1.975,4.0,0.0,1.0,14.0,14.790665714285716,63.97336046511628,41.18797142857143,1.569040465116279,0.11127568293857057,0.165624986813347,0.15687622616615382,0.054266709033276794,14.9698,64.3691,41.5625,1.69863,156,12,1,0,0,0,0,run_003
U000116,7872361,MODEL_A,BATCH_01,696922.0,49780.142857142855,8745.242538371653,37585.0,68976.0,14,1.95,4.0,0.0,2.0,14.0,14.767891666666666,63.95958333333334,40.920433333333335,1.6057454761904761,0.11588014836767462,0.19796949003253025,0.6599938869846822,0.08798559242374829,14.9693,64.3657,41.6051,1.83476,156,12,1,0,0,0,1,run_003
U000117,7946702,MODEL_A,BATCH_01,712814.0,50915.28571428572,11908.849853582202,33206.0,74341.0,14,1.925,4.0,0.0,2.0,14.0,14.755802857142855,64.02426666666668,41.19800571428571,1.5711111904761905,0.09850894998369847,0.2188444515717496,0.1473780112556857,0.056766484022742626,14.9374,64.4734,41.47,1.69732,154,12,1,0,0,0,0,run_003
U000118,8002759,MODEL_A,BATCH_01,703955.0,50282.5,9737.666880173649,36721.0,65866.0,14,1.9,4.0,0.0,2.0,14.0,14.787167567567566,64.02841363636364,40.25870810810811,1.6925347727272728,0.10887631630548598,0.20689475314635947,0.7485887865319191,0.10698812828052662,14.9726,64.5041,41.4094,1.86177,162,12,1,1,1,0,0,run_003
U000119,8063411,MODEL_A,BATCH_02,738840.0,52774.28571428572,13125.440883018991,36680.0,76498.0,14,1.925,4.0,0.0,4.0,14.0,14.778042857142857,64.06339069767442,41.16838571428571,1.5714102325581394,0.09972681002947734,0.19453341470095972,0.1854025194048881,0.05287297151296965,14.9907,64.5444,41.6065,1.66677,156,12,1,0,0,0,0,run_003
U000120,8137126,MODEL_B,BATCH_01,727603.0,51971.642857142855,11930.316725482593,31899.0,73715.0,14,1.925,4.0,0.0,4.0,14.0,14.793775000000002,64.05230454545455,41.16731111111111,1.5821527272727274,0.10772286764789404,0.15496570056289888,0.1392564946477813,0.05490677779840079,15.0644,64.3346,41.4914,1.67339,160,12,1,0,0,0,0,run_003
U000121,8201829,MODEL_A,BATCH_01,728685.0,52048.92857142857,12506.026291747918,34241.0,72695.0,14,1.95,4.0,0.0,5.0,14.0,14.773217142857142,64.1522536585366,41.13441142857143,1.5770741463414633,0.0958835215116707,0.2085796036260052,0.18556692430214425,0.05760227825249667,15.0316,64.6265,41.5345,1.73465,152,12,1,0,0,0,0,run_003
U000122,8264124,MODEL_A,BATCH_01,723816.0,51701.142857142855,9998.221002197903,32242.0,67512.0,14,1.95,4.0,0.0,4.0,14.0,14.784514285714286,64.20459047619048,41.14384285714286,1.5824864285714284,0.07770221490846115,0.20718801501443374,0.10531261107018455,0.05271089861950055,14.9244,64.7808,41.4118,1.71988,154,12,1,0,0,0,0,run_003
U000123,8327154,MODEL_A,BATCH_01,689365.0,49240.357142857145,9425.285260789336,33688.0,63030.0,14,1.95,4.0,0.0,4.0,14.0,14.798574285714286,64.19627073170732,41.157379999999996,1.5826241463414634,0.09666669948806567,0.17735399663371185,0.14263211378351134,0.051466375818373364,15.0144,64.6635,41.4921,1.69853,152,12,1,0,0,0,0,run_003
U000124,8402881,MODEL_A,BATCH_01,718445.0,51317.5,13083.742523570116,36251.0,75727.0,14,1.925,4.0,0.0,5.0,14.0,14.795333333333332,64.16553571428571,41.14273055555556,1.5981514285714287,0.0970432274813653,0.16481245634523592,0.1478440217052014,0.05324092908295955,15.0097,64.445,41.4786,1.69697,156,12,1,0,0,0,0,run_003
U000125,8453226,MODEL_B,BATCH_01,695134.0,49652.42857142857,12778.38518577539,33429.0,81779.0,14,1.975,4.0,0.0,5.0,14.0,14.783347222222224,64.30084186046511,41.13092222222222,1.5943051162790698,0.10658604970662669,0.20054646087100214,0.1627408897798888,0.04756466912941704,15.0455,64.7453,41.5593,1.73571,158,12,1,0,0,0,0,run_003
U000126,8524720,MODEL_A,BATCH_02,729031.0,52073.642857142855,11211.375930154725,33104.0,71494.0,14,2.0,4.0,0.0,5.0,14.0,14.791802702702702,64.26380227272728,41.129175675675675,1.5985129545454546,0.09628736067535473,0.19805308601088628,0.17060951257412663,0.044585762540302165,15.0102,64.6238,41.5236,1.66936,162,12,1,0,0,0,0,run_003
U000127,8590602,MODEL_A,BATCH_01,705539.0,50395.642857142855,7388.990350589103,39005.0,65882.0,14,2.025,4.0,0.0,4.0,14.0,14.798516666666668,64.30418181818182,41.123491666666666,1.6030131818181816,0.09901391099955908,0.1755171631079286,0.14440183294246242,0.054298140992321185,15.0286,64.7583,41.5205,1.71369,160,12,1,0,0,0,0,run_003
U000128,8667788,MODEL_A,BATCH_01,703290.0,50235.0,11668.720066913937,33286.0,77186.0,14,2.0,4.0,0.0,2.0,14.0,14.797197222222223,64.31552790697674,41.12146944444444,1.6070153488372092,0.11394415295250303,0.22284449876815207,0.14958924678588473,0.039841455458977625,15.0501,64.7601,41.4964,1.69091,158,12,1,0,0,0,0,run_003
U000129,8732043,MODEL_A,BATCH_01,706363.0,50454.5,10409.956659556568,33937.0,72388.0,14,2.0,4.0,0.0,4.0,14.0,14.79408108108108,64.30165111111111,41.09897297297297,1.6077499999999998,0.08113037120667112,0.18970008101572916,0.15870879981317376,0.04234699801531499,14.9722,64.744,41.4998,1.70388,164,12,2,0,0,0,0,run_003
U000130,8788335,MODEL_B,BATCH_01,727367.0,51954.78571428572,7849.666168095906,40382.0,62869.0,14,1.9268292682926829,4.0,0.0,2.0,14.0,14.796494736842105,64.35461086956522,41.13418157894737,1.6304743478260868,0.09533064776861078,0.18883637623704347,0.14262778027280518,0.04400074144083252,15.049,64.7805,41.5138,1.76076,168,12,2,0,0,0,0,run_003
U000131,8837564,MODEL_A,BATCH_01,724152.0,51725.142857142855,11489.496466553488,36722.0,72247.0,14,1.9268292682926829,4.0,0.0,5.0,14.0,14.788313513513513,64.35486,41.08386216216216,1.6189397777777776,0.10533801983815441,0.1921708986103952,0.17800394713375176,0.05170993725883962,15.018,64.6895,41.4574,1.74021,164,12,2,0,0,0,0,run_003
U000132,8887229,MODEL_A,BATCH_01,691092.0,49363.71428571428,9008.895274445922,39863.0,75193.0,14,1.9268292682926829,4.0,0.0,4.0,14.0,14.789888235294118,64.40606046511628,41.06578235294118,1.6221018604651165,0.09719785433691698,0.21646971760011435,0.14986481275932234,0.0431208947945753,15.0153,64.8305,41.3746,1.70061,154,12,2,0,0,0,0,run_003
U000133,8937456,MODEL_A,BATCH_02,704010.0,50286.42857142857,10858.948650868453,33123.0,65576.0,14,1.9024390243902438,4.0,0.0,4.0,14.0,14.832725714285715,64.37438809523809,41.04636285714286,1.6326259523809523,0.07966332591474166,0.22696362897876535,0.18753453812990176,0.05172671857874334,15.0031,64.834,41.4687,1.76959,154,12,2,0,0,0,0,run_003
U000134,9002358,MODEL_A,BATCH_01,726250.0,51875.0,14611.179392190394,27972.0,88554.0,14,1.875,4.0,0.0,4.0,14.0,14.826882857142856,64.49876976744186,41.073768571428566,1.6376260465116277,0.10869216240404485,0.22765375289479883,0.13333110217321034,0.04186064171120615,14.9862,64.9335,41.381,1.7139,156,12,1,0,0,0,0,run_003
U000135,9075665,MODEL_B,BATCH_01,737633.0,52688.07142857143,13659.504639426184,30693.0,76528.0,14,1.925,4.0,0.0,4.0,14.0,14.81566,64.42009285714286,41.074197142857145,1.639117619047619,0.10331169058613192,0.1994200559829001,0.17623227234285474,0.061478560364054614,15.0,64.7929,41.5492,1.74562,154,12,1,0,0,0,0,run_003
U000136,9123816,MODEL_A,BATCH_01,717020.0,51215.71428571428,9047.811579250883,39897.0,67830.0,14,1.951219512195122,4.0,0.0,5.0,14.0,14.83881,64.52720624999999,41.0486025,1.6521131249999998,0.09272763480435724,0.19966462988769892,0.1505647002718359,0.05237813646349305,15.0594,64.8999,41.4024,1.7982,176,12,2,0,0,0,0,run_003
U000137,9183362,MODEL_A,BATCH_01,658801.0,47057.21428571428,8664.593551464945,33262.0,59837.0,14,2.0,4.0,0.0,4.0,14.0,14.84068857142857,64.50144285714285,40.983174285714284,1.6488116666666666,0.10605752815010816,0.18085405400536333,0.12405027999318087,0.05361037203599126,15.0234,64.8734,41.2003,1.74555,154,12,2,1,0,1,0,run_003
U000138,9249943,MODEL_A,BATCH_01,713808.0,50986.28571428572,11702.524319588036,35409.0,75652.0,14,1.925,4.0,0.0,4.0,14.0,14.836675675675675,64.56387777777778,41.05734864864864,1.6422066666666666,0.1334780160954634,0.19864096195819536,0.18174972355415625,0.044459198455131084,15.0619,64.9316,41.5035,1.76124,164,12,1,0,0,0,0,run_003
U000139,9309849,MODEL_A,BATCH_01,687025.0,49073.21428571428,8441.820011371694,32139.0,62141.0,14,2.0,4.0,0.0,3.0,14.0,14.850810810810811,64.59494090909091,41.05771081081081,1.6499729545454545,0.11435433428064203,0.20732453305978124,0.1444157766538912,0.04361904105124782,15.08,65.125,41.3258,1.77361,162,12,1,0,0,0,0,run_003
U000140,9388210,MODEL_B,BATCH_02,729317.0,52094.07142857143,14199.974487865957,33792.0,78361.0,14,1.925,4.0,0.0,2.0,14.0,14.83942162162162,64.62095333333333,41.02488648648649,1.6470493333333334,0.08702756311503693,0.21321810067286928,0.1765106404758688,0.058698460967899345,15.0247,64.97,41.5037,1.77002,164,12,1,0,0,0,0,run_003
U000141,9438176,MODEL_A,BATCH_01,705356.0,50382.57142857143,7315.270642391064,35839.0,63412.0,14,1.925,4.0,0.0,4.0,14.0,14.834281578947369,64.64775777777778,41.03321842105263,1.637518,0.08136271759015758,0.1770428408463577,0.12689453772935716,0.05096369195988278,14.9987,65.1429,41.2347,1.77786,166,12,1,0,0,0,0,run_003
U000142,9487299,MODEL_A,BATCH_01,696378.0,49741.28571428572,8321.81529224494,35107.0,61292.0,14,1.925,4.0,0.0,4.0,14.0,14.858526315789474,64.65063260869564,41.02214736842105,1.6713110869565215,0.10400938545023451,0.1886485504309813,0.13953253759228185,0.05503824832598028,15.0022,65.0821,41.2864,1.80565,168,12,1,0,0,0,0,run_003
U000143,9545898,MODEL_A,BATCH_01,710751.0,50767.92857142857,9228.8443518909,38116.0,70050.0,14,1.925,4.0,0.0,4.0,14.0,14.84311142857143,64.66385,41.00144,1.6550716666666665,0.09238167876493987,0.18183189938551997,0.15740239216359936,0.04447624857604759,15.0501,65.0004,41.4233,1.73909,154,12,1,0,0,0,0,run_003
U000144,9605942,MODEL_A,BATCH_01,691101.0,49364.357142857145,8612.923658059466,36391.0,64274.0,14,1.95,4.0,0.0,4.0,14.0,14.868832352941176,64.72685853658537,41.01438823529412,1.6556260975609756,0.10822360611977692,0.22737282926463423,0.13909423394951947,0.053712108173020384,15.0855,65.255,41.294,1.78357,150,12,1,0,0,0,0,run_003
U000145,9672581,MODEL_B,BATCH_01,729153.0,52082.357142857145,11999.163923483891,36401.0,72553.0,14,2.0,4.0,0.0,5.0,14.0,14.830986111111109,64.73267111111112,40.02749166666667,1.7914242222222223,0.09294101402126827,0.22163276507672539,0.7889706267844044,0.10270349970776183,15.0178,65.2641,41.3245,1.94503,162,12,1,0,0,0,1,run_003
U000146,9744966,MODEL_A,BATCH_01,706136.0,50438.28571428572,9851.908315171708,33399.0,72385.0,14,2.0,4.0,0.0,2.0,14.0,14.837874285714285,64.68747073170731,40.996368571428576,1.6563746341463415,0.0838375086028889,0.15971094396424684,0.17301243371066713,0.04821344434374923,14.9878,65.1185,41.3746,1.74269,152,12,1,0,0,0,0,run_003
U000147,9800063,MODEL_A,BATCH_02,672866.0,48061.857142857145,6949.858093262302,37896.0,59773.0,14,2.024390243902439,4.0,0.0,3.0,14.0,14.85952857142857,64.79900238095239,40.96708857142857,1.6721757142857143,0.11197970554427025,0.2010706919591351,0.16490857676020365,0.05955963742714489,15.0748,65.1978,41.2654,1.76839,154,12,2,0,0,0,0,run_003
U000148,9862064,MODEL_A,BATCH_01,689469.0,49247.78571428572,11289.222008886796,29346.0,73352.0,14,1.975,4.0,0.0,2.0,14.0,14.854730555555555,64.81479302325582,41.00400555555555,1.6798848837209304,0.09116283960801576,0.2378254445870389,0.11870335882705742,0.044664388678874636,15.063,65.3394,41.224,1.77317,158,12,1,0,0,0,0,run_003
U000149,9943596,MODEL_A,BATCH_01,745043.0,53217.357142857145,11356.503325659456,35924.0,81532.0,14,2.0,4.0,0.0,4.0,14.0,14.826120512820513,64.8443,40.97918717948718,1.6809106382978722,0.12187786202736602,0.19542367686199294,0.13385624492339765,0.051277754749914854,15.1008,65.2012,41.247,1.77841,172,12,1,0,0,0,0,run_003
U000150,9993566,MODEL_B,BATCH_01,703357.0,50239.78571428572,8092.834486598162,39434.0,68616.0,14,2.0,4.0,0.0,1.0,14.0,14.85588285714286,64.85465681818181,40.96673428571429,1.6880181818181819,0.09477825664556795,0.19355444086958573,0.1413994403492895,0.05227183653069555,15.0346,65.1957,41.2483,1.79768,158,12,1,0,0,0,0,run_003
U000151,10051566,MODEL_A,BATCH_01,708159.0,50582.78571428572,9829.432734070995,35521.0,69455.0,14,1.975,4.0,0.0,3.0,14.0,14.866247368421053,64.93408936170212,40.97060526315789,1.6948808510638298,0.08499180162956281,0.18979652060086,0.14437199127061484,0.04853255007364898,15.1171,65.3502,41.3142,1.80702,170,12,1,0,0,0,0,run_003
U000152,10101124,MODEL_A,BATCH_01,742017.0,53001.21428571428,12953.631656967693,35699.0,75267.0,14,1.95,4.0,0.0,4.0,14.0,14.879468421052632,64.96740425531915,40.922305263157895,1.6943640425531914,0.09338267419967548,0.1737134559097476,0.14931518260154944,0.04886103064724682,15.1005,65.2352,41.2242,1.77805,170,12,1,0,0,0,0,run_003
U000153,10159141,MODEL_A,BATCH_01,739871.0,52847.92857142857,11396.99565313519,31933.0,70656.0,14,1.951219512195122,4.0,0.0,4.0,14.0,14.836702500000001,64.92954285714285,40.962759999999996,1.6995155102040815,0.10370557062282194,0.21857671517493932,0.11431701042187443,0.05294097161230707,15.0759,65.504,41.2241,1.80564,178,12,2,0,0,0,0,run_003
U000154,10230620,MODEL_A,BATCH_02,738246.0,52731.857142857145,14937.196564576341,33476.0,72629.0,14,1.975,4.0,0.0,5.0,14.0,14.885908108108108,64.96937555555556,40.353543243243244,1.7721433333333332,0.0965246669060367,0.20322703622433055,0.7357805958981968,0.10986344495037303,15.1653,65.4319,41.2765,1.97867,164,12,1,0,0,0,1,run_003
U000155,10278348,MODEL_B,BATCH_01,703972.0,50283.71428571428,10228.23324414844,32441.0,65877.0,14,1.975,4.0,0.0,5.0,14.0,14.859305405405406,65.04239545454546,40.94082972972973,1.6997904545454545,0.07961374792621477,0.2053814352183463,0.15190992737815395,0.047695402048130074,15.013,65.4822,41.2357,1.78222,162,12,1,0,0,0,0,run_003
U000156,10332351,MODEL_A,BATCH_01,713327.0,50951.92857142857,12439.666069375915,30974.0,75473.0,14,1.925,4.0,0.0,5.0,14.0,14.872205405405406,65.01043409090909,40.92575945945946,1.7090295454545454,0.10110823393754798,0.19071661302886364,0.15052174899967855,0.05039638871126995,15.0905,65.4364,41.2682,1.83006,162,12,1,0,0,0,0,run_003
U000157,10380924,MODEL_A,BATCH_01,730989.0,52213.5,10858.821573335592,36090.0,73474.0,14,2.025,4.0,0.0,5.0,14.0,14.900008108108107,65.02270652173912,40.88701621621622,1.7158465217391303,0.07948922141599654,0.22402949250506202,0.13819886539475063,0.04629172108451131,15.0439,65.5318,41.1385,1.84484,166,12,1,0,0,0,0,run_003
U000158,10446199,MODEL_A,BATCH_01,710233.0,50730.92857142857,7798.441998879655,40434.0,65511.0,14,1.975,4.0,0.0,3.0,14.0,14.88722162162162,65.08180222222222,40.90721081081081,1.7154613333333333,0.1043888993011101,0.2269621308910052,0.129884086750424,0.04998796171443317,15.0537,65.5125,41.1436,1.84215,164,12,1,0,0,0,0,run_003
U000159,10496960,MODEL_A,BATCH_01,711880.0,50848.57142857143,8263.340772670259,36144.0,65123.0,14,2.024390243902439,4.0,0.0,5.0,14.0,14.870264864864865,65.13832666666666,40.88757837837838,1.7141806666666668,0.09869475730817785,0.21033733555237696,0.15822108852126254,0.05455807453780537,15.0955,65.6608,41.1345,1.84571,164,12,2,0,0,0,0,run_003
U000160,10552035,MODEL_B,BATCH_01,696845.0,49774.642857142855,8811.406651059164,34215.0,66575.0,14,1.95,4.0,0.0,3.0,14.0,14.883308333333332,65.15582222222223,40.86454444444444,1.7250884444444443,0.10528210911641202,0.23278882538090653,0.16593408061971632,0.04520401047953978,15.1205,65.6351,41.175,1.83905,162,12,1,0,0,0,0,run_003
U000161,10606593,MODEL_A,BATCH_02,685685.0,48977.5,9954.639836238715,31142.0,63762.0,14,1.9,4.0,0.0,5.0,14.0,14.882988235294118,65.14455714285714,40.45401470588235,1.7801945238095238,0.10885211754376276,0.24652994983824447,0.7436899293316402,0.10485754760050467,15.1097,65.6123,41.292,2.01268,152,12,1,0,0,0,1,run_003
U000162,10653404,MODEL_A,BATCH_01,691016.0,49358.28571428572,8830.38448007413,36758.0,68223.0,14,1.8780487804878048,4.0,0.0,5.0,14.0,14.900916216216215,65.15142608695652,40.85898648648649,1.741861739130435,0.10864691158241177,0.2217997339290912,0.14753865625689477,0.055347506871657876,15.1015,65.5795,41.1175,1.84562,166,12,2,0,0,0,0,run_003
U000163,10714748,MODEL_A,BATCH_01,709345.0,50667.5,8971.12690588749,38561.0,67657.0,14,1.9,4.0,0.0,6.0,14.0,14.87049142857143,65.22673255813953,40.83770285714286,1.7336167441860464,0.11625366881352629,0.20280786206340365,0.13301384820809417,0.04627779040085411,15.1347,65.6323,41.0977,1.84277,156,12,1,0,0,0,0,run_003
U000164,10792540,MODEL_A,BATCH_01,738721.0,52765.78571428572,12793.793965336183,36760.0,77792.0,14,1.925,4.0,0.0,5.0,14.0,14.882311428571429,65.21597906976744,40.93788857142857,1.7401281395348835,0.11073427858518618,0.18933760167657576,0.16337166715881943,0.052047499837296694,15.1737,65.647,41.415,1.86073,156,12,1,0,0,0,0,run_003
U000165,10842583,MODEL_B,BATCH_01,700873.0,50062.357142857145,7828.333623714298,39502.0,62195.0,14,1.951219512195122,4.0,0.0,4.0,14.0,14.89018108108108,65.26648,40.84712432432432,1.7364659999999998,0.08413551515210412,0.21240824928339322,0.15794509490010425,0.0483372273906787,15.0643,65.7886,41.1468,1.8517,164,12,2,0,0,0,0,run_003
U000166,10912368,MODEL_A,BATCH_01,680535.0,48609.642857142855,11583.033006594955,33349.0,75404.0,14,1.8,4.0,0.0,2.0,14.0,14.875552777777777,65.30519772727273,40.83205833333333,1.7501331818181818,0.09511047557179018,0.21767779633662843,0.13877462793011802,0.046755131581201606,15.0257,65.7452,41.12,1.87001,160,12,1,0,0,0,0,run_003
U000167,10966243,MODEL_A,BATCH_01,745120.0,53222.857142857145,12202.032635571848,38743.0,87112.0,14,1.875,4.0,0.0,6.0,14.0,14.902023076923077,65.28730217391305,40.8514641025641,1.7436034782608696,0.11568478829524265,0.18567930955055112,0.13855003179011274,0.05270331333532775,15.1548,65.6203,41.1829,1.84546,170,12,1,0,0,0,0,run_003
U000168,11022845,MODEL_A,BATCH_02,694276.0,49591.142857142855,11407.642524992707,37448.0,76286.0,14,1.8780487804878048,4.0,0.0,5.0,14.0,14.879523529411765,65.35341627906976,40.86488235294117,1.7615446511627908,0.09876506577463917,0.18116816829916194,0.14794531026923322,0.04978750146031761,15.0196,65.8852,41.2435,1.84214,154,12,2,0,0,0,0,run_003
U000169,11077977,MODEL_A,BATCH_01,736160.0,52582.857142857145,9436.44861372966,34802.0,66755.0,14,1.829268292682927,4.0,0.0,4.0,14.0,14.88324054054054,65.37624545454545,40.80911891891892,1.7634338636363636,0.09342810206386142,0.16161351609166164,0.15878395321567929,0.05418426975955587,15.0417,65.753,41.1038,1.91027,162,12,2,0,0,0,0,run_003
U000170,11144485,MODEL_B,BATCH_01,734967.0,52497.642857142855,10482.840510583459,35572.0,71643.0,14,1.85,4.0,0.0,5.0,14.0,14.907673684210526,65.40928636363637,40.824781578947366,1.7602827272727273,0.08041868037730633,0.19883393981833025,0.17923028348010317,0.05300793202441769,15.1281,65.8933,41.1932,1.88949,164,12,1,0,0,0,0,run_003
U000171,11221661,MODEL_A,BATCH_01,718581.0,51327.21428571428,11956.828394613756,33750.0,77176.0,14,1.925,4.0,0.0,5.0,14.0,14.92172857142857,65.44865581395348,40.82120857142857,1.7808811627906975,0.11167426785450761,0.21276524432243288,0.12936722098563558,0.04948300738682218,15.1914,65.8638,41.0797,1.87767,156,12,1,0,0,0,0,run_003
U000172,11302604,MODEL_A,BATCH_01,699773.0,49983.78571428572,11365.418149798988,33868.0,80943.0,14,1.9,4.0,0.0,4.0,14.0,14.901245714285713,65.37242045454546,40.089931428571425,1.8614950000000001,0.09919498428631845,0.1984370506237522,0.7378727934253362,0.10337493966703341,15.0874,65.7478,41.0011,2.06453,158,12,1,0,0,0,1,run_003
U000173,11372523,MODEL_A,BATCH_01,705066.0,50361.857142857145,11156.467099035792,36547.0,69919.0,14,1.875,4.0,0.0,3.0,14.0,14.943642105263157,65.44065333333333,40.78606842105263,1.7581895555555553,0.09579565704645304,0.19652829382235945,0.15043027495975145,0.049092956121087925,15.1421,65.8995,41.068,1.87536,166,12,1,0,0,0,0,run_003
U000174,11418686,MODEL_A,BATCH_01,721284.0,51520.28571428572,11934.172727144462,36390.0,79656.0,14,1.951219512195122,4.0,0.0,5.0,14.0,14.914087499999999,65.47779795918368,40.769917500000005,1.7777048979591836,0.09469282643476813,0.21341448959887568,0.15186666535112794,0.047505543716955104,15.1254,66.0673,41.0492,1.89878,178,12,2,0,0,0,0,run_003
U000175,11485989,MODEL_B,BATCH_02,718930.0,51352.142857142855,12231.584769686306,37748.0,80353.0,14,1.9,4.0,0.0,2.0,14.0,14.918359459459458,65.51452727272728,40.79073513513514,1.7836036363636365,0.08969967316755595,0.2147814566544825,0.14444536109665249,0.04110426046445561,15.1447,65.8872,41.0332,1.8872,162,12,1,0,0,0,0,run_003
U000176,11548467,MODEL_A,BATCH_01,718034.0,51288.142857142855,9744.091060402021,35119.0,66676.0,14,2.0,4.0,0.0,4.0,14.0,14.918074358974359,65.57699361702127,40.73592564102564,1.7794446808510638,0.09825475137285435,0.17622609045873766,0.17970576348714848,0.05181943457190993,15.1669,66.0437,41.1262,1.85527,172,12,1,0,0,0,0,run_003
U000177,11612922,MODEL_A,BATCH_01,707808.0,50557.71428571428,9227.102690765614,36920.0,64455.0,14,1.975,4.0,0.0,2.0,14.0,14.91675294117647,65.6242268292683,40.7813705882353,1.7760002439024392,0.09942487108911567,0.2154667515237445,0.12818949876484748,0.04723795960283447,15.0567,66.0006,41.0041,1.89568,150,12,1,0,0,0,0,run_003
U000178,11660627,MODEL_A,BATCH_01,675215.0,48229.642857142855,8551.46501715118,33935.0,59839.0,14,1.95,4.0,0.0,3.0,14.0,14.932651428571427,65.60674047619048,40.7927,1.7811059523809523,0.07745808495160303,0.26115335188307554,0.12989655839302688,0.037885380735332354,15.085,66.1278,41.1416,1.87722,154,12,1,0,0,0,0,run_003
U000179,11705200,MODEL_A,BATCH_01,688259.0,49161.357142857145,9465.874843612979,36146.0,68216.0,14,1.951219512195122,4.0,0.0,4.0,14.0,14.950994594594594,65.59364444444444,40.72618648648648,1.7938166666666666,0.10373731768790403,0.22004602055391945,0.1321760424630782,0.053170745331346525,15.213,66.0997,40.8952,1.91271,164,12,2,0,0,0,0,run_003
U000180,11756528,MODEL_B,BATCH_01,695680.0,49691.42857142857,9185.135489258933,37297.0,72149.0,14,1.925,4.0,0.0,5.0,14.0,14.929338235294118,65.71753023255813,40.74925588235294,1.7925106976744187,0.10930894780171763,0.21946374853577358,0.16933633770511106,0.0504766134625186,15.1368,66.192,41.1197,1.90736,154,12,1,0,0,0,0,run_003
U000181,11816431,MODEL_A,BATCH_01,743882.0,53134.42857142857,8228.498701410901,39205.0,65621.0,14,2.025,4.0,0.0,6.0,14.0,14.923805263157895,65.68542127659575,40.71684736842105,1.7952636170212768,0.10588959050329687,0.1933593837303899,0.1368169456409151,0.05275724217441751,15.1587,66.0492,40.932,1.90684,170,12,1,0,0,0,0,run_003
U000182,11896975,MODEL_A,BATCH_02,722862.0,51633.0,12427.834726934536,36710.0,80544.0,14,1.975,4.0,0.0,2.0,14.0,14.920158333333335,65.69150930232558,40.73162777777778,1.8197613953488372,0.10303238707180522,0.19158313850395495,0.16823844067464083,0.04917301701917979,15.1091,66.2703,41.028,1.917,158,12,1,0,0,0,0,run_003
U000183,11953640,MODEL_A,BATCH_01,686352.0,49025.142857142855,9086.661321850945,36429.0,66571.0,14,1.925,4.0,0.0,4.0,14.0,14.94703611111111,65.71409069767442,40.68270833333334,1.8020809302325582,0.08042190587423596,0.15810460493572795,0.1509122987982468,0.04357505805880639,15.0848,66.0223,41.0932,1.92543,158,12,1,0,0,0,0,run_003
U000184,12022169,MODEL_A,BATCH_01,716412.0,51172.28571428572,8965.529229980033,39094.0,68529.0,14,1.95,4.0,0.0,5.0,14.0,14.9532,65.75000227272727,40.73425833333333,1.817965,0.0942163589071149,0.22548075201577145,0.13538905922245983,0.053775387622531284,15.1365,66.1925,41.0101,1.95825,160,12,1,0,0,0,0,run_003
U000185,12073671,MODEL_B,BATCH_01,727770.0,51983.57142857143,10583.643205177767,36028.0,77684.0,14,2.0,4.0,0.0,5.0,14.0,14.954044444444444,65.712,40.73519444444444,1.8087604347826087,0.11147415701650182,0.1635915319731843,0.13934400790734636,0.0532928654368803,15.2331,66.0562,40.9933,1.90326,164,12,1,0,0,0,0,run_003
U000186,12141875,MODEL_A,BATCH_01,694734.0,49623.857142857145,10611.414767251224,32242.0,68204.0,14,1.975,4.0,0.0,3.0,14.0,14.91475588235294,65.71685,40.727282352941174,1.826507857142857,0.10230585513377186,0.2025252929100244,0.16783408017152768,0.05032934258029266,15.1947,66.1305,41.0961,1.94886,152,12,1,0,0,0,0,run_003
U000187,12186495,MODEL_A,BATCH_01,718086.0,51291.857142857145,12317.682367275871,35044.0,72942.0,14,1.95,4.0,0.0,4.0,14.0,14.941615384615384,65.82306304347826,40.68049487179487,1.8106680434782607,0.09114833063823799,0.19301561290757563,0.17015747342530183,0.0540070291564828,15.124,66.2548,41.1006,1.92737,170,12,1,0,0,0,0,run_003
U000188,12242985,MODEL_A,BATCH_01,699405.0,49957.5,10133.022373560463,31551.0,64591.0,14,1.951219512195122,4.0,0.0,4.0,14.0,14.950232352941176,65.84374761904762,40.71228235294117,1.8274257142857142,0.11700068821498745,0.2152812105789526,0.17404154932447988,0.05064440368971782,15.1758,66.241,41.1376,1.91943,152,12,2,0,0,0,0,run_003
U000189,12292951,MODEL_A,BATCH_02,679911.0,48565.07142857143,9483.030540142467,35390.0,68108.0,14,1.9268292682926829,4.0,0.0,5.0,14.0,14.956528571428573,65.91412142857143,40.69656,1.8146035714285715,0.08883649743945875,0.20099772057403767,0.15634372426690815,0.04788751045591646,15.1056,66.2693,40.9557,1.97477,154,12,2,0,0,0,0,run_003
U000190,12345972,MODEL_B,BATCH_01,691125.0,49366.07142857143,8225.314157800021,35286.0,64681.0,14,1.8780487804878048,4.0,0.0,5.0,14.0,14.947933333333332,65.92722558139535,40.66876388888889,1.8200481395348835,0.10946979492079109,0.21606610109940297,0.17803057707319803,0.047942652014365504,15.173,66.326,40.993,1.92763,158,12,2,0,0,0,0,run_003
U000191,12404473,MODEL_A,BATCH_01,750367.0,53597.642857142855,10272.941782305463,35877.0,76048.0,14,1.9,4.0,0.0,5.0,14.0,14.958619512195122,65.93422549019608,40.669360975609756,1.8456203921568626,0.0995246181090695,0.22765623983816632,0.12335910359200955,0.04751615687156465,15.1616,66.3816,41.0206,1.9291,184,12,1,0,0,0,0,run_003
U000192,12456932,MODEL_A,BATCH_01,688245.0,49160.357142857145,9736.071689319078,33266.0,62310.0,14,1.875,4.0,0.0,4.0,14.0,14.948912121212121,65.977165,40.69978787878788,1.83210325,0.09985060952986154,0.21028470389523876,0.1336661553965128,0.04847304074338913,15.2207,66.5644,41.0451,1.92182,146,12,1,0,0,0,0,run_003
U000193,12518687,MODEL_A,BATCH_01,716080.0,51148.57142857143,10363.53660094472,36468.0,68298.0,14,1.875,4.0,0.0,5.0,14.0,14.95357142857143,66.0187840909091,40.672068571428575,1.8404279545454545,0.08810294971168176,0.2138007308961116,0.12395630580127469,0.04776995633530509,15.1519,66.4893,40.9554,1.98257,158,12,1,0,0,0,0,run_003
U000194,12568250,MODEL_A,BATCH_01,704360.0,50311.42857142857,13698.869598026555,33948.0,77273.0,14,1.875,4.0,0.0,5.0,14.0,14.970735135135135,66.0243953488372,40.65732432432432,1.841383953488372,0.09142406143356917,0.1644411588981177,0.188097044110223,0.04534869841884656,15.1345,66.4051,41.0044,1.94684,160,12,1,0,0,0,0,run_003
U000195,12620333,MODEL_B,BATCH_01,701122.0,50080.142857142855,8009.577035381723,38777.0,67903.0,14,1.9,4.0,0.0,5.0,14.0,14.973082352941177,65.98141707317073,40.65235588235294,1.8414546341463414,0.0991208795867624,0.21152540261448435,0.17542347237846762,0.04804972830815801,15.1137,66.4003,41.0776,1.95904,150,12,1,0,0,0,0,run_003
U000196,12674277,MODEL_A,BATCH_02,712563.0,50897.357142857145,9869.249302034796,32320.0,65109.0,14,1.8780487804878048,4.0,0.0,5.0,14.0,14.95249142857143,66.02101190476189,40.63496,1.844825476190476,0.10093736663492517,0.20736895738988026,0.14563071791349613,0.04727966448863566,15.1339,66.3882,40.8562,1.95492,154,12,2,0,0,0,0,run_003
U000197,12727791,MODEL_A,BATCH_01,714062.0,51004.42857142857,9936.233388766788,35923.0,69434.0,14,1.9,4.0,0.0,5.0,14.0,14.948205405405407,66.12787272727273,40.62943513513513,1.8524770454545454,0.08552600301775014,0.19703516197078377,0.18316115887414633,0.05343274919388381,15.1015,66.5894,40.9829,1.97569,162,12,1,0,0,0,1,run_003
U000198,12807629,MODEL_A,BATCH_01,721514.0,51536.71428571428,11267.177910458946,36366.0,79838.0,14,1.925,4.0,0.0,5.0,14.0,14.962394285714286,66.16900227272727,40.65582571428571,1.862503409090909,0.09856694930755602,0.1843871993849873,0.16360420737948503,0.050840622237568744,15.2975,66.5858,41.0344,1.96141,158,12,1,0,0,0,0,run_003
U000199,12865056,MODEL_A,BATCH_01,712244.0,50874.57142857143,9562.632038016809,33466.0,65574.0,14,1.9,4.0,0.0,4.0,14.0,14.958938095238095,66.14375799999999,40.5794619047619,1.8576888,0.11286073860397439,0.22752990840855974,0.1652551271517542,0.05020417502924777,15.1812,66.683,40.8753,1.97869,184,12,1,0,0,0,0,run_003
U000200,12913813,MODEL_B,BATCH_01,686175.0,49012.5,10067.149369264214,33919.0,65415.0,14,1.8780487804878048,4.0,0.0,3.0,14.0,15.005466666666667,66.1680475,40.61961818181818,1.86300125,0.0948406909858143,0.2244217709484561,0.14119774355169976,0.04415380415631659,15.2836,66.7304,40.9018,1.98727,146,12,2,0,0,0,0,run_003
U000201,12983978,MODEL_A,BATCH_01,760485.0,54320.357142857145,12377.297558943848,35410.0,76054.0,14,1.95,4.0,0.0,5.0,14.0,14.991933333333332,66.22350425531914,39.897956410256405,1.9494327659574469,0.11694279378201929,0.17002843235055187,0.7851141957819586,0.10747400750883546,15.2152,66.6458,40.8076,2.17178,172,12,1,1,1,0,1,run_003
U000202,13045239,MODEL_A,BATCH_01,689657.0,49261.21428571428,7897.956611862156,37006.0,61261.0,14,1.9,4.0,0.0,3.0,14.0,14.941325714285716,66.21832558139535,39.06912,2.0527127906976745,0.10338041213617476,0.189171046426776,0.11599668047988639,0.048064516974859715,15.1853,66.5311,39.2957,2.13952,156,12,1,0,0,0,0,run_003
U000203,13091434,MODEL_A,BATCH_02,691988.0,49427.71428571428,10832.335350369149,30299.0,68934.0,14,1.9024390243902438,4.0,0.0,4.0,14.0,15.030064864864864,66.2328511111111,40.601056756756755,1.8724108888888888,0.10659771265061155,0.1840159227574699,0.16838207469347247,0.04975463490617193,15.2524,66.6979,41.0114,1.96584,164,12,2,0,0,0,0,run_003
U000204,13141483,MODEL_A,BATCH_01,690274.0,49305.28571428572,8759.828163300319,34538.0,59523.0,14,1.9,4.0,0.0,3.0,14.0,15.014014285714286,66.25530952380953,40.537394285714285,1.8773488095238098,0.0949972821371506,0.19075646561880344,0.18530878354925404,0.04620020542676224,15.2125,66.6072,40.9229,1.98912,154,12,1,0,0,0,0,run_003
U000205,13199681,MODEL_B,BATCH_01,702344.0,50167.42857142857,10045.772005516212,33382.0,67743.0,14,1.853658536585366,4.0,0.0,4.0,14.0,14.992527027027025,66.34425777777777,40.59934054054054,1.890506,0.12372736975716853,0.23811890029304125,0.13716614511739686,0.04785763999993769,15.3169,66.8763,40.9956,1.97314,164,12,2,0,0,0,0,run_003
U000206,13260365,MODEL_A,BATCH_01,718056.0,51289.71428571428,10081.545580748187,34215.0,66194.0,14,1.85,4.0,0.0,5.0,14.0,14.958994444444446,66.34571590909091,40.58663333333333,1.8873772727272728,0.10118055415781525,0.17354094744091123,0.17599861363090266,0.05862407900257906,15.1639,66.6637,40.9258,2.04837,160,12,1,0,0,0,0,run_003
U000207,13321272,MODEL_A,BATCH_01,711560.0,50825.71428571428,9278.181456667957,29602.0,68289.0,14,1.825,4.0,0.0,5.0,14.0,15.014430555555556,66.32919333333334,40.496188888888895,1.885259777777778,0.09330747273532773,0.19167472494258955,0.18219214782794307,0.0558053803405146,15.195,66.7428,40.8477,2.02291,162,12,1,0,0,0,0,run_003
U000208,13371737,MODEL_A,BATCH_01,708778.0,50627.0,8956.522505114102,35272.0,74073.0,14,1.85,4.0,0.0,5.0,14.0,14.98988108108108,66.39362173913044,40.53689189189189,1.8919423913043476,0.1208113424537012,0.22252458931597016,0.09561109994363846,0.05662410563178048,15.2763,66.8527,40.6957,2.00841,166,12,1,0,0,0,0,run_003
U000209,13437508,MODEL_A,BATCH_01,770010.0,55000.71428571428,10995.273875824812,34706.0,71965.0,14,1.85,4.0,0.0,6.0,14.0,15.002045,66.40835306122449,40.56419,1.9023873469387755,0.07780869027333162,0.18349997854454994,0.14367860287139814,0.0524522106213325,15.2075,66.9956,40.8609,2.00396,178,12,1,0,0,0,0,run_003
U000210,13490256,MODEL_B,BATCH_02,694246.0,49589.0,10456.864252728923,33612.0,67089.0,14,1.85,4.0,0.0,4.0,14.0,14.991697222222221,66.48594285714286,40.55873611111111,1.9027135714285717,0.1095964584571471,0.19410279919427378,0.17121968704024346,0.0472206985837638,15.1645,66.8608,40.932,1.99833,156,12,1,0,0,0,0,run_003
U000211,13555212,MODEL_A,BATCH_01,710986.0,50784.71428571428,10800.804837735805,35162.0,70476.0,14,1.925,4.0,0.0,5.0,14.0,15.010705405405407,66.4527711111111,40.5150027027027,1.906365111111111,0.10206770886128608,0.19699857593188982,0.1650530697255461,0.05429493960273498,15.2318,66.7639,40.9731,2.01335,164,12,1,0,0,0,0,run_003
U000212,13628599,MODEL_A,BATCH_01,694046.0,49574.71428571428,11973.812229056512,28146.0,69312.0,14,1.9,4.0,0.0,4.0,14.0,15.003251351351352,66.47413636363636,40.52763243243243,1.8986786363636363,0.09755406655235299,0.21815426917335876,0.12232768618676718,0.050722945571009335,15.2225,67.0078,40.7699,2.00518,162,12,1,0,0,0,0,run_003
U000213,13692154,MODEL_A,BATCH_01,707948.0,50567.71428571428,9400.989198594365,33573.0,61742.0,14,1.9,4.0,0.0,5.0,14.0,15.009075675675675,66.49647777777778,40.545248648648645,1.9054526666666665,0.10695054777638897,0.2034369680011338,0.13581038992658928,0.044487507511046936,15.2502,66.8944,40.8054,2.03846,164,12,1,0,0,0,0,run_003
U000214,13756464,MODEL_A,BATCH_01,706119.0,50437.07142857143,9514.100155229407,37368.0,64310.0,14,1.9,4.0,0.0,4.0,14.0,14.990073529411765,66.53675476190476,40.51409705882353,1.9076330952380953,0.0753953511500848,0.21525844727469348,0.17459018071818572,0.04821039704118565,15.1285,66.9404,40.9536,2.02742,152,12,1,0,0,0,0,run_003
U000215,13816922,MODEL_B,BATCH_01,681508.0,48679.142857142855,9957.706963855784,36050.0,70937.0,14,1.9,4.0,0.0,4.0,14.0,15.060042857142857,66.57334418604651,40.51058857142857,1.920727441860465,0.08208383908331471,0.16778551969748423,0.2127655251422919,0.05137278652828824,15.2367,66.9259,41.0634,2.023,156,12,1,0,0,0,0,run_003
U000216,13887229,MODEL_A,BATCH_01,717689.0,51263.5,10040.255649135634,34812.0,70307.0,14,1.875,4.0,0.0,5.0,14.0,14.997805714285713,66.5786,40.506034285714286,1.932466590909091,0.12003741069511045,0.18441556333454928,0.1653276976596645,0.04774096539115979,15.3483,66.9091,40.8078,2.02379,158,12,1,0,0,0,0,run_003
U000217,13942106,MODEL_A,BATCH_02,715400.0,51100.0,10721.154817247281,35561.0,67330.0,14,1.9,4.0,0.0,5.0,14.0,15.01434722222222,66.59630888888888,38.96471666666667,2.106568222222222,0.08967863413675985,0.1815660358484946,0.16431940238450407,0.058134167949075444,15.1863,66.9606,39.3067,2.25085,162,12,1,0,0,0,0,run_003
U000218,14008269,MODEL_A,BATCH_01,715284.0,51091.71428571428,10682.561443259337,34827.0,66163.0,14,2.0,4.0,0.0,5.0,14.0,15.027383333333335,66.66728888888889,40.51379444444444,1.9469480000000001,0.08547334588714127,0.19522982054052251,0.14458712043894165,0.04439072285348078,15.1951,67.165,40.7965,2.05097,162,12,1,0,0,0,0,run_003
U000219,14073185,MODEL_A,BATCH_01,662040.0,47288.57142857143,7882.655123890542,37985.0,64916.0,14,1.875,4.0,0.0,1.0,14.0,15.06674857142857,66.63483414634146,40.47090571428571,1.9260590243902438,0.10078415891932432,0.20619735038277925,0.1573757716289213,0.04696302810748462,15.2476,67.0899,40.7417,2.01678,152,12,1,0,0,0,0,run_003
U000220,14131851,MODEL_B,BATCH_01,715097.0,51078.357142857145,8206.485405384648,38604.0,69025.0,14,1.85,4.0,0.0,5.0,14.0,14.996216666666665,66.67967906976745,40.45699444444445,1.9334074418604652,0.12642684050469685,0.18493474467928048,0.1484309978108059,0.04922699419613002,15.2221,67.0909,40.7249,2.02783,158,12,1,0,0,0,0,run_003
U000221,14178919,MODEL_A,BATCH_01,689719.0,49265.642857142855,10738.391002574632,30497.0,70715.0,14,1.8048780487804879,4.0,0.0,5.0,14.0,15.034651351351352,66.67917441860465,40.47695945945946,1.9389183720930234,0.12336777587005072,0.22183082688973238,0.14122912915514965,0.05255128211612659,15.3965,67.2853,40.9363,2.0583,160,12,2,0,0,0,0,run_003
U000222,14232854,MODEL_A,BATCH_01,716877.0,51205.5,11937.057708278418,38780.0,87214.0,14,1.825,4.0,0.0,5.0,14.0,15.043312121212121,66.710275,40.44348484848485,1.9538087499999999,0.12377852135360498,0.21129300442264917,0.13667497055334377,0.06464678182989116,15.3977,67.0356,40.6759,2.08708,146,12,1,0,0,0,0,run_003
U000223,14284753,MODEL_A,BATCH_01,681798.0,48699.857142857145,5219.671767710816,35196.0,57639.0,14,1.875,4.0,0.0,5.0,14.0,15.03221388888889,66.73595909090909,40.41968611111111,1.9615850000000001,0.10823266249223777,0.21938302950858424,0.13557657436250747,0.04279560858258108,15.2151,67.2793,40.7071,2.08753,160,12,1,0,0,0,0,run_003
U000224,14343725,MODEL_A,BATCH_02,684544.0,48896.0,7980.33877245051,32705.0,62258.0,14,1.8,4.0,0.0,2.0,14.0,15.03926,66.74775581395349,40.42531714285714,1.9490397674418605,0.08942515832346325,0.18121420145957365,0.14562633384536897,0.03942731555469369,15.1766,67.0963,40.7024,2.02016,156,12,1,0,0,0,0,run_003
U000225,14410276,MODEL_B,BATCH_01,728406.0,52029.0,11849.456235495496,32330.0,69629.0,14,1.825,4.0,0.0,5.0,14.0,15.044486486486486,66.82336363636364,40.43013783783783,1.9559143181818184,0.10297764903706642,0.18393024852196924,0.16398407333124268,0.05568810487981889,15.2355,67.1529,40.7875,2.10668,162,12,1,0,0,0,0,run_003
U000226,14452571,MODEL_A,BATCH_01,694149.0,49582.07142857143,11460.60790080718,33599.0,71841.0,14,1.825,4.0,0.0,5.0,14.0,15.027394594594595,66.84702222222222,39.805289189189196,2.0344700000000002,0.0988164514697883,0.2530249223162244,0.7795773056185274,0.09689783363747814,15.2373,67.2433,40.7237,2.22981,164,12,1,0,0,0,1,run_003
U000227,14503746,MODEL_A,BATCH_01,699556.0,49968.28571428572,10069.345211532425,34364.0,70408.0,14,1.825,4.0,0.0,5.0,14.0,15.033105882352942,66.96027857142857,40.42578235294118,1.9606807142857143,0.08958160979148669,0.19819478782213415,0.16127009617895174,0.05027557382932194,15.2423,67.3581,40.7057,2.05751,152,12,1,0,0,0,0,run_003
U000228,14556395,MODEL_A,BATCH_01,689298.0,49235.57142857143,8716.77288304023,31288.0,63037.0,14,1.8,4.0,0.0,4.0,14.0,15.016636842105264,66.89847333333334,40.399460526315785,1.982129111111111,0.11089779668089485,0.1968969612859397,0.14189809350465635,0.05369187723492352,15.3075,67.2479,40.7076,2.07679,166,12,1,0,0,0,0,run_003
U000229,14631206,MODEL_A,BATCH_01,717710.0,51265.0,11007.360530397551,34331.0,74811.0,14,1.8,4.0,0.0,4.0,14.0,15.044249999999998,66.9307023255814,39.49583333333333,2.088481395348837,0.09677038360395761,0.2295900647928948,0.7614837921546963,0.09984472834836611,15.2105,67.346,40.7065,2.24164,158,12,1,1,1,0,1,run_003
U000230,14689255,MODEL_B,BATCH_01,681231.0,48659.357142857145,7001.005077373289,35268.0,58556.0,14,1.8,4.0,0.0,4.0,14.0,15.046128571428572,66.95940487804877,40.38764857142857,1.974371463414634,0.07903937429582591,0.17878680033942626,0.1471692990111331,0.052394591636970266,15.2711,67.3594,40.6936,2.05634,152,12,1,0,0,0,0,run_003
U000231,14764478,MODEL_A,BATCH_02,712027.0,50859.07142857143,10768.249371785882,35456.0,75223.0,14,1.8,4.0,0.0,4.0,14.0,15.057832432432434,66.95745111111111,40.39527837837838,1.974322888888889,0.1105682570834615,0.22962277922143326,0.11764952928822892,0.05196191177733507,15.2429,67.5677,40.606,2.11091,164,12,1,0,0,0,0,run_003
U000232,14814368,MODEL_A,BATCH_01,680191.0,48585.07142857143,7603.469384880378,34750.0,62391.0,14,1.8048780487804879,4.0,0.0,4.0,14.0,15.041885294117648,66.97868372093023,40.37961764705882,1.982500465116279,0.10580908803366995,0.17216232502279236,0.16402332515314888,0.05461456468716926,15.2454,67.2986,40.6947,2.07852,154,12,2,0,0,0,0,run_003
U000233,14866023,MODEL_A,BATCH_01,670963.0,47925.92857142857,8894.542557220007,34421.0,64581.0,14,1.829268292682927,4.0,0.0,4.0,14.0,15.062582857142855,67.0214046511628,40.366974285714285,1.9908265116279071,0.08600396873781732,0.23068588615927424,0.15263281842547607,0.05199888455230918,15.2351,67.4739,40.6388,2.10861,156,12,2,0,0,0,0,run_003
U000234,14925442,MODEL_A,BATCH_01,670190.0,47870.71428571428,9786.504439423565,35191.0,66835.0,14,1.775,4.0,0.0,3.0,14.0,15.077325714285715,67.0718380952381,38.86747428571429,2.1731054761904764,0.1261050876961636,0.2122016711646361,0.16271448892942109,0.04568998444994253,15.4445,67.5727,39.2526,2.26434,154,12,1,0,0,0,1,run_003
U000235,14984916,MODEL_B,BATCH_01,688654.0,49189.57142857143,9810.84242218613,31868.0,65551.0,14,1.825,4.0,0.0,4.0,14.0,15.057938888888888,67.13035813953488,40.34674722222222,1.9975611627906975,0.08816079555571114,0.185285340093593,0.13054900226376068,0.046020202044697416,15.2712,67.5219,40.5936,2.09813,158,12,1,0,0,0,0,run_003
U000236,15049948,MODEL_A,BATCH_01,695431.0,49673.642857142855,8382.09569542443,38034.0,65032.0,14,1.85,4.0,0.0,4.0,14.0,15.079848484848485,67.09924390243903,40.37500606060606,2.004532926829268,0.11471007235965629,0.21902468131329414,0.12329647434992107,0.03903828692731673,15.3026,67.6856,40.5888,2.10217,148,12,1,0,0,0,0,run_003
U000237,15115692,MODEL_A,BATCH_01,705142.0,50367.28571428572,9903.098663693963,36880.0,69545.0,14,1.875,4.0,0.0,4.0,14.0,15.062108571428572,67.1318780487805,40.34421428571428,1.9990021951219512,0.10189331898501262,0.1889131844422115,0.165644110249969,0.047545293958087834,15.2427,67.5218,40.6211,2.09529,152,12,1,0,0,0,0,run_003
U000238,15185835,MODEL_A,BATCH_02,706573.0,50469.5,10781.47644912685,36187.0,70143.0,14,1.825,4.0,0.0,4.0,14.0,15.070213157894736,67.14329347826087,40.338757894736844,2.0014328260869565,0.11240608373228059,0.22692832779651392,0.20183890503229826,0.042374727670736516,15.245,67.5493,40.7239,2.08411,168,12,1,0,0,0,0,run_003
U000239,15252937,MODEL_A,BATCH_01,732556.0,52325.42857142857,9494.581075655618,38226.0,67102.0,14,1.85,4.0,0.0,5.0,14.0,15.07687837837838,67.20836888888888,40.3191972972973,2.0015775555555555,0.1107766224213172,0.1746767050377011,0.14332782060423271,0.0462827116336286,15.2714,67.6517,40.5425,2.0971,164,12,1,0,0,0,0,run_003
U000240,15330093,MODEL_B,BATCH_01,760068.0,54290.57142857143,11059.744437959089,38469.0,77156.0,14,1.9,4.0,0.0,4.0,14.0,15.060448717948717,67.21673333333334,40.34775384615385,2.0137483333333335,0.12291086387638596,0.17646902607290674,0.1555157985647723,0.0549872430595568,15.3201,67.6215,40.624,2.14255,174,12,1,0,0,0,0,run_003
U000241,15395339,MODEL_A,BATCH_01,674749.0,48196.357142857145,9800.326058996066,32593.0,66477.0,14,1.9,4.0,0.0,3.0,14.0,15.07410294117647,67.27193902439025,40.30304705882353,2.0155363414634144,0.09168741853907804,0.20129106770799454,0.1469064786724391,0.051842347591331925,15.2596,67.6917,40.5267,2.13188,150,12,1,0,0,0,0,run_003
U000242,15449182,MODEL_A,BATCH_01,691120.0,49365.71428571428,8823.550614721347,34792.0,64995.0,14,1.875,4.0,0.0,4.0,14.0,15.077948648648649,67.31741818181818,40.3548,2.031884318181818,0.09673260573359917,0.19871585682767645,0.14965079537227682,0.05002004911510782,15.2523,67.7774,40.6196,2.16106,162,12,1,0,0,0,0,run_003
U000243,15499660,MODEL_A,BATCH_01,733093.0,52363.78571428572,12141.267942774419,39305.0,82980.0,14,1.853658536585366,4.0,0.0,5.0,14.0,15.079494736842106,67.27438913043478,40.29420789473684,2.0165271739130435,0.10163965747458265,0.16795318293204461,0.15909069550243354,0.05051170683506254,15.3175,67.6625,40.6039,2.10799,168,12,2,0,0,0,0,run_003
U000244,15568988,MODEL_A,BATCH_01,726020.0,51858.57142857143,11955.73275889846,35692.0,71347.0,14,1.875,4.0,0.0,6.0,14.0,15.063756756756758,67.31825111111111,40.26074594594595,2.025874888888889,0.09939145262977037,0.20973224881243058,0.14345702336432506,0.05416483166402269,15.23,67.8047,40.6056,2.18117,164,12,1,0,0,0,0,run_003
U000245,15639891,MODEL_B,BATCH_02,722348.0,51596.28571428572,12466.52985106411,31467.0,77212.0,14,1.875,4.0,0.0,5.0,14.0,15.073091176470587,67.3409268292683,40.255279411764704,2.024607317073171,0.08441990418625457,0.2174775413972569,0.14394319961288582,0.04244372274108329,15.2577,67.7602,40.5792,2.12741,150,12,1,0,0,0,0,run_003
U000246,15717103,MODEL_A,BATCH_01,709053.0,50646.642857142855,11767.656034867141,33943.0,77212.0,14,1.8,4.0,0.0,4.0,14.0,15.067994444444444,67.3814,40.27923333333334,2.027364772727273,0.09463464465117356,0.1955980120696086,0.1474392310653545,0.051319895842153296,15.2281,67.8161,40.5214,2.14269,160,12,1,0,0,0,0,run_003
U000247,15777432,MODEL_A,BATCH_01,718906.0,51350.42857142857,9866.315318093375,38752.0,78353.0,14,1.825,4.0,0.0,5.0,14.0,15.09148,67.35753658536585,40.251671428571434,2.0330748780487804,0.09056913446449137,0.2078273078256277,0.13497113541405106,0.045626801834116444,15.287,67.7679,40.577,2.1678,152,12,1,0,0,0,0,run_003
U000248,15824574,MODEL_A,BATCH_01,693588.0,49542.0,10349.70081321566,32993.0,69087.0,14,1.825,4.0,0.0,4.0,14.0,15.080036842105262,67.43365777777778,40.273936842105265,2.034776,0.10031228919096154,0.1894549436588229,0.15214922692746058,0.04769649750815514,15.2687,68.0303,40.5559,2.1278,166,12,1,0,0,0,0,run_003
U000249,15884810,MODEL_A,BATCH_01,700659.0,50047.07142857143,8663.583469498462,36243.0,67458.0,14,1.85,4.0,0.0,3.0,14.0,15.084942857142856,67.36278095238096,40.27876571428571,2.040472380952381,0.08530763459977304,0.14907889585490028,0.16193788014300478,0.05207228520888762,15.2326,67.7733,40.61,2.12083,154,12,1,0,0,0,0,run_003
U000250,15965779,MODEL_B,BATCH_01,714157.0,51011.21428571428,12102.745207841654,34877.0,80969.0,14,1.8,4.0,0.0,4.0,14.0,15.12120294117647,67.48935609756097,40.28353529411765,2.0565458536585366,0.08948521626772407,0.22608933085042165,0.16296930159398654,0.050700785446362064,15.3816,68.0115,40.5184,2.21472,150,12,1,0,0,0,0,run_003
U000251,16023456,MODEL_A,BATCH_01,683220.0,48801.42857142857,7959.17059569831,33941.0,61546.0,14,1.829268292682927,4.0,0.0,5.0,14.0,15.128815151515152,67.52742500000001,40.24099090909091,2.0662495,0.08073631896957896,0.21498333477451007,0.12415597640578287,0.04417913807182343,15.351,67.9424,40.4736,2.14097,146,12,2,0,0,0,0,run_003
U000252,16090441,MODEL_A,BATCH_02,754366.0,53883.28571428572,10809.8312477298,37795.0,78593.0,14,1.85,4.0,0.0,5.0,14.0,15.09382972972973,67.55080652173913,40.24644594594595,2.0476915217391305,0.10756011979060523,0.18959174314203012,0.14434481015685643,0.04768000806149224,15.2939,68.0244,40.553,2.16253,166,12,1,0,0,0,0,run_003
U000253,16165261,MODEL_A,BATCH_01,695661.0,49690.07142857143,11051.599859569831,35620.0,74820.0,14,1.85,4.0,0.0,3.0,14.0,15.108970588235294,67.56818717948717,40.20472058823529,2.0580935897435895,0.07857743345343066,0.21381285247604304,0.15871319431014105,0.03619242981962274,15.2499,68.037,40.5634,2.16075,146,12,1,0,0,0,0,run_003
U000254,16214728,MODEL_A,BATCH_01,729170.0,52083.57142857143,8978.592588993046,38709.0,64744.0,14,1.9024390243902438,4.0,0.0,5.0,14.0,15.093110256410256,67.60583125000001,40.23347692307693,2.0732597916666666,0.08790645983948736,0.17029840538008617,0.15677583302876213,0.04725056683165947,15.2641,67.9359,40.5577,2.16869,174,12,2,0,0,0,0,run_003
U000255,16265129,MODEL_B,BATCH_01,672435.0,48031.07142857143,9019.371131619439,31115.0,63239.0,14,1.825,4.0,0.0,2.0,14.0,15.10728857142857,67.53736190476191,40.236874285714286,2.06545,0.11098690111219167,0.1859510123692844,0.18396969914005243,0.059088850378259956,15.4516,67.9908,40.5713,2.24572,154,12,1,0,0,0,0,run_003
U000256,16313813,MODEL_A,BATCH_01,729999.0,52142.78571428572,13099.577721782141,32312.0,84869.0,14,1.85,4.0,0.0,5.0,14.0,15.120489189189191,67.56327441860465,40.21861621621622,2.067503488372093,0.10476799178232865,0.18275189933613187,0.21106961136279367,0.057734217628375085,15.371,67.8839,40.6889,2.18136,160,12,1,0,0,0,0,run_003
U000257,16392304,MODEL_A,BATCH_01,730776.0,52198.28571428572,13592.065583831063,31269.0,78491.0,14,1.875,4.0,0.0,4.0,14.0,15.102326315789474,67.67764222222222,40.19548157894737,2.069977333333333,0.11315288792390238,0.19011608593517929,0.15018307000577177,0.050542458991516104,15.2871,68.0946,40.4687,2.19019,166,12,1,0,0,0,0,run_003
U000258,16459291,MODEL_A,BATCH_01,669951.0,47853.642857142855,8330.133313247965,36309.0,66987.0,14,1.85,4.0,0.0,2.0,14.0,15.094784375,67.73893333333334,40.21186875,2.0722251282051283,0.08710256879058921,0.18961578511535426,0.15546586480950644,0.05141186704457877,15.2555,68.2583,40.5247,2.20442,142,12,1,0,0,0,0,run_003
U000259,16518404,MODEL_A,BATCH_02,709553.0,50682.357142857145,9747.91140238724,35143.0,64947.0,14,1.85,4.0,0.0,4.0,14.0,15.08913947368421,67.74481304347826,40.211876315789475,2.073902391304348,0.10621572016667927,0.2148950437448192,0.15678691760477279,0.053103473507851016,15.28,68.3135,40.5012,2.18182,168,12,1,0,0,0,0,run_003
U000260,16567601,MODEL_B,BATCH_01,735250.0,52517.857142857145,10812.362496108459,39023.0,75333.0,14,1.8,4.0,0.0,4.0,14.0,15.110536842105262,67.6947456521739,40.168386842105264,2.075829347826087,0.09077399145621676,0.15912999536580347,0.19112913445732532,0.05581820907203724,15.3378,68.0063,40.6245,2.18333,168,12,1,0,0,0,0,run_003
U000261,16645957,MODEL_A,BATCH_01,734246.0,52446.142857142855,14513.062137033887,34166.0,83723.0,14,1.825,4.0,0.0,5.0,14.0,15.126388235294117,67.77797073170731,39.48770882352942,2.162631707317073,0.11301440177655529,0.23266243491795652,0.7625255299720665,0.11359448487718127,15.3688,68.2661,40.4892,2.34408,150,12,1,0,0,0,1,run_003
U000262,16714584,MODEL_A,BATCH_01,750744.0,53624.57142857143,10395.670642622828,39156.0,69051.0,14,1.85,4.0,0.0,5.0,14.0,15.137063888888889,67.75270888888889,40.18494444444444,2.0873075555555554,0.0955609428667763,0.19262296169911092,0.1452715456249217,0.040509817505679224,15.3359,68.2255,40.5032,2.16999,162,12,1,0,0,0,0,run_003
U000263,16794095,MODEL_A,BATCH_01,732932.0,52352.28571428572,13202.866305515581,37568.0,79511.0,14,1.875,4.0,0.0,5.0,14.0,15.13738857142857,67.86715714285714,40.13185142857143,2.0895409523809523,0.07908185547612195,0.17509191473700877,0.14503041946925624,0.05830320201262117,15.2849,68.3286,40.4252,2.19755,154,12,1,0,0,0,0,run_003
U000264,16845973,MODEL_A,BATCH_01,719140.0,51367.142857142855,12741.255781950966,34115.0,80050.0,14,1.875,4.0,0.0,5.0,14.0,15.122568421052632,67.81552666666667,40.18601842105263,2.104559111111111,0.10595831435627559,0.20400380834234916,0.12228783028280969,0.05193905273675982,15.3239,68.3128,40.4968,2.20864,166,12,1,0,0,0,0,run_003
U000265,16903174,MODEL_B,BATCH_01,726146.0,51867.57142857143,11587.401093855779,36988.0,83468.0,14,1.9024390243902438,4.0,0.0,5.0,14.0,15.119439999999999,67.87545,40.17563428571428,2.099006666666667,0.0902868279103746,0.164846736283784,0.1362877512576132,0.05434797968586278,15.3055,68.2321,40.6446,2.22263,154,12,2,0,0,0,0,run_003
U000266,16957711,MODEL_A,BATCH_02,694187.0,49584.78571428572,7957.559571574995,35075.0,64363.0,14,1.975,4.0,0.0,4.0,14.0,15.154458823529414,67.88993488372094,40.15739705882353,2.1131306976744186,0.1022239345680549,0.22093611970940474,0.15521192059283803,0.043366576464641274,15.3216,68.5888,40.4554,2.21197,154,12,1,0,0,0,0,run_003
U000267,17004804,MODEL_A,BATCH_01,707188.0,50513.42857142857,7377.477072552917,38109.0,62733.0,14,1.9268292682926829,4.0,0.0,2.0,14.0,15.112986842105263,67.88280909090909,40.14193947368421,2.0945979545454545,0.09244861880789755,0.18189247375429304,0.13236103684767153,0.04643624309160894,15.3286,68.2388,40.3466,2.21236,164,12,2,0,0,0,0,run_003
U000268,17066298,MODEL_A,BATCH_01,688885.0,49206.07142857143,7484.6535654301,38421.0,61621.0,14,1.9,4.0,0.0,3.0,14.0,15.15100294117647,67.94393095238095,40.10706470588235,2.1116442857142856,0.09903953751450734,0.19367360207455794,0.1897138800729529,0.051387815256093775,15.3207,68.2842,40.7334,2.22932,152,12,1,0,0,0,0,run_003
U000269,17136079,MODEL_A,BATCH_01,717949.0,51282.07142857143,9334.477773405313,39414.0,69781.0,14,1.875,4.0,0.0,3.0,14.0,15.141129411764707,67.9853441860465,40.11759117647059,2.115422790697674,0.109373803105241,0.16145104270825886,0.14154659874668743,0.04746613230331814,15.3224,68.4748,40.3879,2.24987,154,12,1,0,0,0,0,run_003
U000270,17204509,MODEL_B,BATCH_01,719835.0,51416.78571428572,11153.832809181104,36039.0,73708.0,14,1.9,4.0,0.0,4.0,14.0,15.15163888888889,68.03680238095238,40.11556111111111,2.124367619047619,0.09526131662140942,0.1762600828987115,0.14043347235873,0.04790349586558402,15.3989,68.3965,40.4356,2.25932,156,12,1,0,0,0,0,run_003
U000271,17264663,MODEL_A,BATCH_01,698956.0,49925.42857142857,9977.723994473396,33861.0,64583.0,14,1.9024390243902438,4.0,0.0,4.0,14.0,15.132119444444445,68.06728636363636,40.06934722222222,2.117462272727273,0.09686593037933393,0.19752921431373036,0.13006012342893247,0.05596479719383562,15.3205,68.5422,40.2685,2.25922,160,12,2,0,0,0,0,run_003
U000272,17320288,MODEL_A,BATCH_01,676120.0,48294.28571428572,7233.095522331006,37864.0,58825.0,14,1.951219512195122,4.0,0.0,4.0,14.0,15.20309705882353,67.9912761904762,40.08998823529412,2.133067857142857,0.08859770325121502,0.17787648607201906,0.1376581729672093,0.05916771353165898,15.4017,68.5062,40.2928,2.25047,152,12,2,0,0,0,0,run_003
U000273,17366371,MODEL_A,BATCH_02,680941.0,48638.642857142855,8361.886128850841,33018.0,58854.0,14,1.875,4.0,0.0,3.0,14.0,15.158632432432434,68.08369777777777,40.08206756756756,2.129700222222222,0.09784470136693951,0.22352774841869671,0.14393920023177542,0.04385020340415606,15.4434,68.5648,40.3938,2.25335,164,12,1,0,0,0,0,run_003
U000274,17413700,MODEL_A,BATCH_01,696293.0,49735.21428571428,8591.718411251719,36261.0,66309.0,14,1.9,4.0,0.0,4.0,14.0,15.109908571428573,68.12848604651163,39.16702285714286,2.237683953488372,0.08494234505353208,0.22416588838391566,0.7716570119995394,0.10012700520884993,15.2774,68.5975,40.2949,2.4284,156,12,1,1,1,0,0,run_003
U000275,17463468,MODEL_B,BATCH_01,677017.0,48358.357142857145,8669.27085574846,36142.0,66257.0,14,1.9,4.0,0.0,3.0,14.0,15.152873684210528,68.16266222222222,40.06375263157895,2.140709333333333,0.09406463471984929,0.18148508364562443,0.14961605228382346,0.04427433169764091,15.4019,68.4774,40.4109,2.23151,166,12,1,0,0,0,0,run_003
U000276,17515845,MODEL_A,BATCH_01,698130.0,49866.42857142857,8912.839457031254,35556.0,70145.0,14,1.85,4.0,0.0,4.0,14.0,15.136858333333334,68.13227727272728,40.10426388888889,2.1419395454545453,0.09802105714007142,0.1807735739892703,0.17167368573260017,0.041102528862082835,15.355,68.695,40.4504,2.24295,160,12,1,0,0,0,0,run_003
U000277,17572046,MODEL_A,BATCH_01,693962.0,49568.71428571428,8697.503925119696,31567.0,61718.0,14,1.875,4.0,0.0,5.0,14.0,15.125144444444446,68.15365681818183,40.10704722222222,2.1380904545454547,0.07661147412923193,0.20349553494641703,0.15246053257175662,0.04810519876921621,15.3361,68.5792,40.4531,2.26007,160,12,1,0,0,0,0,run_003
U000278,17613070,MODEL_A,BATCH_01,709317.0,50665.5,11460.018920309256,33721.0,67452.0,14,1.9,4.0,0.0,4.0,14.0,15.14855,68.1728711111111,40.069725,2.1633235555555554,0.10731012067834042,0.1998582038507896,0.21227885484495554,0.04943719082907837,15.4462,68.7336,40.5151,2.28547,162,12,1,0,0,0,0,run_003
U000279,17690091,MODEL_A,BATCH_01,733499.0,52392.78571428572,12213.607387340067,33952.0,77021.0,14,1.925,4.0,0.0,2.0,14.0,15.180042857142858,68.28136818181818,39.59179142857143,2.210873409090909,0.10333152894421692,0.24883016695593022,0.675513824202786,0.09979961746543589,15.388,68.912,40.3631,2.38939,158,12,1,0,0,0,0,run_003
U000280,17746463,MODEL_B,BATCH_02,736516.0,52608.28571428572,8643.062308345005,35552.0,64393.0,14,1.925,4.0,0.0,3.0,14.0,15.167399999999999,68.2239224489796,38.52181538461538,2.3369397959183673,0.09685683955416342,0.22548472533753752,0.1583093100604693,0.04733010112892384,15.3813,68.714,38.7888,2.45319,176,12,1,0,0,0,1,run_003
U000281,17795748,MODEL_A,BATCH_01,705372.0,50383.71428571428,9568.556626372023,36425.0,66100.0,14,1.9,4.0,0.0,3.0,14.0,15.166644736842105,68.24584666666667,39.99801578947368,2.158908888888889,0.11022361962348136,0.2014953412500016,0.12269294683645825,0.0516938130297578,15.3711,68.6586,40.2573,2.25079,166,12,1,0,0,0,0,run_003
U000282,17845664,MODEL_A,BATCH_01,678847.0,48489.07142857143,9870.224784785694,33168.0,74796.0,14,1.825,4.0,0.0,3.0,14.0,15.160127777777777,68.35510243902439,40.05296944444444,2.1647007317073172,0.10421133914478423,0.1953141360575367,0.16291356309307903,0.04696351921386662,15.3648,68.7155,40.4018,2.23368,154,12,1,0,0,0,0,run_003
U000283,17907162,MODEL_A,BATCH_01,734439.0,52459.92857142857,10177.960597171834,38635.0,77809.0,14,1.825,4.0,0.0,5.0,14.0,15.150980555555556,68.34538809523809,40.03652222222222,2.1583473809523808,0.09546483516964888,0.21906424183316933,0.1250077303006514,0.04589126656164354,15.3782,68.6905,40.2626,2.24787,156,12,1,0,0,0,0,run_003
U000284,17962945,MODEL_A,BATCH_01,735987.0,52570.5,8148.791658890293,38477.0,63949.0,14,1.875,4.0,0.0,5.0,14.0,15.213810526315791,68.33907391304348,39.46938157894736,2.2323741304347826,0.09508810363956997,0.21914448144726986,0.697571194024361,0.10471372631186444,15.4119,68.8742,40.1844,2.44139,168,12,1,0,0,0,1,run_003
U000285,18008836,MODEL_B,BATCH_01,657746.0,46981.857142857145,8975.813730903074,33737.0,60320.0,14,1.7804878048780488,4.0,0.0,2.0,14.0,15.19968125,68.4079975,39.982421875,2.1667300000000003,0.0845192417011765,0.21010089088950273,0.16939723449464916,0.061275648193539804,15.4466,68.8241,40.3316,2.28109,144,12,2,0,0,0,0,run_003
U000286,18073840,MODEL_A,BATCH_01,787345.0,56238.92857142857,14655.634177624373,37953.0,95521.0,14,1.875,4.0,0.0,5.0,14.0,15.17396923076923,68.41321276595744,40.0524,2.1672002127659575,0.11444730608644903,0.19548847582738604,0.15276344974812264,0.04979034398657609,15.3581,68.8796,40.334,2.28343,172,12,1,0,0,0,0,run_003
U000287,18149263,MODEL_A,BATCH_02,713515.0,50965.357142857145,9846.090435428543,33958.0,75423.0,14,1.9,4.0,0.0,3.0,14.0,15.154616666666666,68.41555909090908,40.010155555555556,2.1754179545454546,0.09723386682192003,0.20062947257138206,0.13838632352831207,0.055720526366048524,15.3902,68.8504,40.2843,2.27531,160,12,1,0,0,0,0,run_003
U000288,18197305,MODEL_A,BATCH_01,676870.0,48347.857142857145,8906.16211790071,29457.0,62533.0,14,1.925,4.0,0.0,4.0,14.0,15.177436666666667,68.47755263157894,40.061593333333334,2.1743784210526313,0.11868333550434482,0.18756794046473843,0.1890943149701326,0.05435588327024212,15.5243,68.9083,40.4619,2.27879,136,12,1,0,0,0,1,run_003
U000289,18264331,MODEL_A,BATCH_01,714780.0,51055.71428571428,9532.526845801907,36343.0,67026.0,14,1.9,4.0,0.0,4.0,14.0,15.183905405405405,68.50663111111112,39.98911621621622,2.1725326666666667,0.10653992977581996,0.21038597194660846,0.15572201284752638,0.05842034438602548,15.393,68.913,40.291,2.28118,164,12,1,0,0,0,0,run_003
U000290,18327064,MODEL_B,BATCH_01,687228.0,49087.71428571428,7538.749839519623,34877.0,62733.0,14,1.875,4.0,0.0,5.0,14.0,15.194584848484848,68.50757560975609,39.96918484848484,2.1875478048780486,0.08791129094580259,0.18563483479736168,0.11178049953260072,0.041159658618129626,15.3645,68.8777,40.1441,2.29102,148,12,1,0,0,0,0,run_003
U000291,18382411,MODEL_A,BATCH_01,709703.0,50693.07142857143,8613.50728587004,33363.0,67745.0,14,1.9,4.0,0.0,5.0,14.0,15.193159999999999,68.49602954545455,39.951525714285715,2.1959802272727273,0.11028352818184278,0.1912943836075407,0.13510297454568662,0.05409615085342433,15.4331,68.9032,40.168,2.35083,158,12,1,0,0,0,0,run_003
U000292,18434357,MODEL_A,BATCH_01,696484.0,49748.857142857145,10764.13055445755,35922.0,75630.0,14,1.85,4.0,0.0,3.0,14.0,15.188755263157894,68.54987173913044,39.98031842105263,2.1935191304347827,0.0882824971094203,0.21271656014836451,0.17166359600111547,0.045309363556484884,15.3748,69.0269,40.3203,2.26358,168,12,1,0,0,0,0,run_003
U000293,18496980,MODEL_A,BATCH_01,731526.0,52251.857142857145,9877.593251372544,36421.0,72772.0,14,1.875,4.0,0.0,5.0,14.0,15.22567027027027,68.64465681818182,39.99310810810811,2.1928979545454546,0.11228383396272781,0.1776824727293652,0.18250628661680227,0.05289285011599618,15.4995,68.9692,40.3514,2.29267,162,12,1,0,0,0,0,run_003
U000294,18546797,MODEL_A,BATCH_02,697354.0,49811.0,8202.759657578663,37349.0,62711.0,14,1.853658536585366,4.0,0.0,3.0,14.0,15.220027027027026,68.61669545454545,39.99867837837838,2.2073754545454545,0.09165072482179484,0.21140530339714572,0.15243341193804913,0.04835320087307876,15.4772,69.2537,40.2619,2.30026,162,12,2,0,0,0,0,run_003
U000295,18621675,MODEL_B,BATCH_01,708671.0,50619.357142857145,11684.032717985046,39279.0,75303.0,14,1.825,4.0,0.0,2.0,14.0,15.191520588235294,68.65911463414635,38.46881764705883,2.393801219512195,0.08745413959885975,0.19707694761307576,0.1188175261803971,0.05185051418236486,15.3713,69.0421,38.743,2.51417,150,12,1,1,1,0,1,run_003
U000296,18682788,MODEL_A,BATCH_01,744564.0,53183.142857142855,12320.176465126957,33124.0,74625.0,14,1.825,4.0,0.0,5.0,14.0,15.207021621621623,68.68527045454545,39.88579459459459,2.1985924999999997,0.10351431230922992,0.17904779481383062,0.17852101175109997,0.059960873332648795,15.354,68.975,40.1977,2.33781,162,12,1,0,0,0,0,run_003
U000297,18756624,MODEL_A,BATCH_01,734363.0,52454.5,11288.066433525819,33342.0,73836.0,14,1.825,4.0,0.0,5.0,14.0,15.194032432432433,68.68635333333334,39.94761621621622,2.215247111111111,0.1017462640702458,0.186575565485848,0.12655376001594865,0.04805608932289547,15.3445,69.0701,40.1825,2.32178,164,12,1,0,0,0,0,run_003
U000298,18833400,MODEL_A,BATCH_01,744733.0,53195.21428571428,12621.679427316083,38806.0,80172.0,14,1.825,4.0,0.0,5.0,14.0,15.223949999999999,68.731375,39.92185833333333,2.235348636363636,0.07022421031443324,0.1972740887817024,0.155435530733116,0.046395184272493555,15.3634,69.1793,40.4336,2.33583,160,12,1,0,0,0,0,run_003
U000299,18906583,MODEL_A,BATCH_01,746282.0,53305.857142857145,10277.117531061556,36236.0,73183.0,14,1.85,4.0,0.0,5.0,14.0,15.20980512820513,68.78685,39.91904871794872,2.2322077083333336,0.1154056961759322,0.18579240989466533,0.1545636214974869,0.04064448114846604,15.4428,69.095,40.2336,2.31358,174,12,1,0,0,0,0,run_003
U000300,18966701,MODEL_B,BATCH_01,697990.0,49856.42857142857,10129.736162668538,34928.0,69672.0,14,1.875,4.0,0.0,4.0,14.0,15.192208571428571,68.79549999999999,39.90372857142857,2.2316872093023252,0.10965623656905046,0.2070669709929394,0.16142002494666358,0.049742018614407975,15.4103,69.2813,40.2419,2.32593,156,12,1,0,0,0,0,run_003
U000301,19032141,MODEL_A,BATCH_02,709067.0,50647.642857142855,10459.402781944342,35024.0,65440.0,14,2.025,4.0,0.0,5.0,14.0,15.19255277777778,68.76269555555555,39.91325555555556,2.2329584444444444,0.11016478173590989,0.20856574280237924,0.1351979320307708,0.04684435810384863,15.3879,69.1504,40.1524,2.30409,162,12,1,0,0,0,0,run_003
U000302,19094101,MODEL_A,BATCH_01,658750.0,47053.57142857143,9038.221206157137,34435.0,61960.0,14,1.975,4.0,0.0,1.0,14.0,15.23008125,68.76830512820513,39.903759375,2.2381192307692306,0.08797408136454435,0.23178708463715048,0.1357087485219847,0.04634777059219136,15.3617,69.2998,40.1605,2.34682,142,12,1,0,0,0,0,run_003
U000303,19149500,MODEL_A,BATCH_01,656078.0,46862.71428571428,6556.791727532737,36973.0,61502.0,14,1.9268292682926829,4.0,0.0,2.0,14.0,15.226771428571428,68.88294523809525,39.917165714285716,2.2438626190476194,0.09393382392573447,0.18921096395084874,0.15168484926253686,0.04999494589380528,15.3981,69.2559,40.237,2.33125,154,12,2,0,0,0,0,run_003
U000304,19196281,MODEL_A,BATCH_01,704101.0,50292.92857142857,9567.831419471633,34569.0,64852.0,14,1.853658536585366,4.0,0.0,3.0,14.0,15.200991666666665,68.87791162790698,39.84970833333333,2.243388372093023,0.08266101646397257,0.21026908068030947,0.15431457365672616,0.0360237276256736,15.3566,69.4045,40.2259,2.33392,158,12,2,0,0,0,0,run_003
U000305,19271727,MODEL_B,BATCH_01,735875.0,52562.5,12149.40323795624,38173.0,75687.0,14,1.9,4.0,0.0,4.0,14.0,15.21553783783784,68.8567930232558,39.88361351351352,2.2300523255813953,0.09283390290474954,0.20766290839144788,0.1221927124626453,0.05094454715609018,15.4191,69.2949,40.1684,2.32349,160,12,1,0,0,0,0,run_003
U000306,19335450,MODEL_A,BATCH_01,738405.0,52743.21428571428,10437.406000892777,36747.0,65853.0,14,1.9,4.0,0.0,4.0,14.0,15.206291666666667,68.92043023255815,39.864780555555555,2.2547541860465117,0.10009296642907267,0.20943576755391433,0.14260566171778988,0.04624452565967532,15.4241,69.4393,40.1115,2.35395,158,12,1,0,0,0,0,run_003
U000307,19390994,MODEL_A,BATCH_01,697056.0,49789.71428571428,8200.154270861864,36132.0,62915.0,14,1.9,4.0,0.0,4.0,14.0,15.245722222222222,68.90727727272727,39.865769444444446,2.2541170454545454,0.07638390672353172,0.1592967975322093,0.1655358568311548,0.05001576535544477,15.3716,69.3257,40.1862,2.36419,160,12,1,0,0,0,0,run_003
U000308,19444192,MODEL_A,BATCH_02,690856.0,49346.857142857145,7898.563314904834,38194.0,59502.0,14,1.85,4.0,0.0,4.0,14.0,15.22031142857143,68.98496046511629,39.8664,2.2633148837209305,0.11171409614417874,0.20796299595238768,0.14064351054642915,0.048284945912487866,15.5102,69.5321,40.1177,2.38304,156,12,1,0,0,0,0,run_003
U000309,19506804,MODEL_A,BATCH_01,692011.0,49429.357142857145,11294.33805468061,30943.0,66097.0,14,1.8,4.0,0.0,4.0,14.0,15.234527777777778,68.97516744186046,39.84704444444444,2.267053488372093,0.10301703773401782,0.16166412671681202,0.14429410926386924,0.05071427656060325,15.4587,69.3226,40.0916,2.35631,158,12,1,0,0,0,0,run_003
U000310,19583092,MODEL_B,BATCH_01,755102.0,53935.857142857145,11768.856299292916,37467.0,76288.0,14,1.825,4.0,0.0,5.0,14.0,15.265020000000002,69.06489361702128,39.8405425,2.2585240425531916,0.10217332483428493,0.18669028805490714,0.12959247937877452,0.05457792867560927,15.445,69.5758,40.0712,2.39692,174,12,1,0,0,0,0,run_003
U000311,19627680,MODEL_A,BATCH_01,687102.0,49078.71428571428,10171.601374782269,33314.0,68302.0,14,1.853658536585366,4.0,0.0,3.0,14.0,15.217997368421052,69.03707111111112,39.83058947368421,2.264264888888889,0.09283161881787326,0.1642087787242233,0.1312797133202433,0.06279448085266383,15.4074,69.4558,40.1156,2.40799,166,12,2,0,0,0,0,run_003
U000312,19680067,MODEL_A,BATCH_01,729949.0,52139.21428571428,10754.514602489731,35852.0,69269.0,14,1.829268292682927,4.0,0.0,3.0,14.0,15.238858974358976,69.09915957446809,39.85586923076923,2.265596595744681,0.09345317915222187,0.19949652351724378,0.12424641719677486,0.047163871410434294,15.5002,69.5704,40.0769,2.36652,172,12,2,0,0,0,0,run_003
U000313,19750675,MODEL_A,BATCH_01,724930.0,51780.71428571428,12150.809098913609,34389.0,82939.0,14,1.825,4.0,0.0,3.0,14.0,15.284440540540542,69.21478604651162,39.81184864864865,2.2769320930232557,0.09975354479766492,0.14963036294465729,0.13533575659082878,0.04838389561660748,15.5326,69.5015,40.124,2.36494,160,12,1,0,0,0,0,run_003
U000314,19799015,MODEL_A,BATCH_01,691770.0,49412.142857142855,10036.079175095783,35421.0,66272.0,14,1.829268292682927,4.0,0.0,4.0,14.0,15.206394117647058,69.1063487804878,39.85576176470588,2.280541463414634,0.10347949567404877,0.20102498989173678,0.1628321258874723,0.0455390717165477,15.4277,69.5145,40.2235,2.36114,150,12,2,0,0,0,0,run_003
U000315,19845497,MODEL_B,BATCH_02,685467.0,48961.92857142857,9083.578272094908,36080.0,67284.0,14,1.8780487804878048,4.0,0.0,4.0,14.0,15.253758333333334,69.15617674418604,39.807138888888886,2.271651395348837,0.10508702889918015,0.23495233441336602,0.1771311883125491,0.04607638619372514,15.4445,69.6751,40.1118,2.3418,158,12,2,0,0,0,0,run_003
U000316,19915344,MODEL_A,BATCH_01,714190.0,51013.57142857143,10258.611622319193,34946.0,73404.0,14,1.9,4.0,0.0,4.0,14.0,15.225845714285713,69.22936511627907,39.799437142857144,2.2895932558139536,0.09589314317282058,0.1945197319942262,0.15825125236139337,0.04826616115827749,15.4118,69.73,40.1439,2.41007,156,12,1,1,1,0,0,run_003
U000317,19979214,MODEL_A,BATCH_01,699527.0,49966.21428571428,9168.968436052046,35874.0,65601.0,14,1.9,4.0,0.0,4.0,14.0,15.231315789473683,69.22205555555556,39.775005263157894,2.278840222222222,0.09180839779735019,0.18029801410134652,0.14002978630502638,0.04178589716904767,15.4203,69.5592,40.0716,2.36272,166,12,1,0,0,0,0,run_003
U000318,20059549,MODEL_A,BATCH_01,743918.0,53137.0,10798.553606849393,41238.0,80335.0,14,1.9,4.0,0.0,4.0,14.0,15.261082857142856,69.21118333333334,39.79906285714286,2.2952957142857144,0.08161894779189119,0.18711547877814522,0.17260826455183745,0.05798469643111929,15.4324,69.5683,40.1988,2.40363,154,12,1,0,0,0,0,run_003
U000319,20103610,MODEL_A,BATCH_01,663040.0,47360.0,7778.024932214724,29485.0,57804.0,14,1.8780487804878048,4.0,0.0,3.0,14.0,15.260445945945945,69.27229318181818,39.77141081081081,2.3009225,0.10649804795966525,0.23824003275739716,0.15121984324483015,0.05404597698708359,15.5315,69.7786,40.0391,2.39901,162,12,2,0,0,0,0,run_003
U000320,20151253,MODEL_B,BATCH_01,681880.0,48705.71428571428,8024.800246050428,31599.0,60162.0,14,1.85,4.0,0.0,4.0,14.0,15.252961764705882,69.3076238095238,39.808247058823525,2.2980019047619047,0.10528581018871677,0.18091183111889708,0.13772813192815953,0.04622812828856342,15.4753,69.7216,40.1691,2.37573,152,12,1,0,0,0,0,run_003
U000321,20229463,MODEL_A,BATCH_01,722043.0,51574.5,10997.60729046935,38571.0,78210.0,14,1.85,4.0,0.0,4.0,14.0,15.264622857142857,69.34384444444444,39.75353714285715,2.3019097777777775,0.0928918000741102,0.19893713894726664,0.1319039536617325,0.04798384086377828,15.4832,69.8253,39.9828,2.41962,160,12,1,0,0,0,0,run_003
U000322,20278235,MODEL_A,BATCH_02,709735.0,50695.357142857145,9870.383131891573,37268.0,73173.0,14,1.825,4.0,0.0,4.0,14.0,15.280264864864867,69.3077,39.78012972972973,2.305528888888889,0.10660467265195836,0.17449035529480858,0.1489661442984517,0.0412775961257338,15.614,69.6555,40.1772,2.42142,164,12,1,0,0,0,0,run_003
U000323,20356006,MODEL_A,BATCH_01,722702.0,51621.57142857143,12083.026217443567,29861.0,77771.0,14,1.825,4.0,0.0,6.0,14.0,15.296522222222222,69.37626666666667,39.76408333333333,2.312968666666667,0.09800793877789715,0.2277311463107307,0.1552303403701366,0.047510783876352214,15.472,69.8521,40.0467,2.38542,162,12,1,0,0,0,0,run_003
U000324,20426083,MODEL_A,BATCH_01,738961.0,52782.92857142857,11897.115697410965,34457.0,70964.0,14,1.825,4.0,0.0,6.0,14.0,15.281177777777778,69.37326136363636,39.72764444444445,2.320026590909091,0.08162387994807502,0.22166317861021678,0.1169979400171369,0.041928878871926284,15.4597,69.8816,40.0128,2.40668,160,12,1,0,0,0,0,run_003
U000325,20468228,MODEL_B,BATCH_01,680573.0,48612.357142857145,8209.126156129698,38299.0,65869.0,14,1.775,4.0,0.0,5.0,14.0,15.270076470588235,69.39775714285715,39.75336470588235,2.3186747619047616,0.08575727925221008,0.22065694391737342,0.1521875793967373,0.04105765750972442,15.4394,69.7933,40.0571,2.38954,152,12,1,0,0,0,0,run_003
U000326,20538658,MODEL_A,BATCH_01,790975.0,56498.21428571428,14323.541951189047,39374.0,85231.0,14,1.8,4.0,0.0,6.0,14.0,15.2837225,69.42441276595744,39.750147500000004,2.3208993617021276,0.11125493820788795,0.23550805821810186,0.13037804398196956,0.05214663182271008,15.4835,69.9495,40.0144,2.49076,174,12,1,0,0,0,0,run_003
U000327,20591508,MODEL_A,BATCH_01,731611.0,52257.92857142857,12131.154821458582,34318.0,78106.0,14,1.775,4.0,0.0,5.0,14.0,15.29004864864865,69.5309409090909,39.73498648648649,2.3338034090909088,0.0851759865142674,0.21566624227024672,0.14604620114151542,0.055779673714855336,15.4709,69.9458,40.0238,2.48868,162,12,1,0,0,0,0,run_003
U000328,20672368,MODEL_A,BATCH_01,761317.0,54379.78571428572,12446.63337971401,38333.0,80860.0,14,1.8,4.0,0.0,5.0,14.0,15.272744736842105,69.4897888888889,39.72665,2.3245073333333335,0.1046563093160589,0.19563719345933786,0.1469410522551045,0.05264967928763584,15.5273,69.941,39.9853,2.4402,166,12,1,0,0,0,0,run_003
U000329,20723549,MODEL_A,BATCH_02,712139.0,50867.07142857143,11277.325552181694,37000.0,81585.0,14,1.775,4.0,0.0,5.0,14.0,15.272242105263157,69.53704888888889,38.78102105263158,2.456464,0.08039900373047856,0.21264175552303505,0.7362034182604199,0.10110693777112667,15.4158,70.0475,39.9704,2.66301,166,12,1,1,1,0,0,run_003
U000330,20776817,MODEL_B,BATCH_01,706097.0,50435.5,10567.875113904256,35978.0,70761.0,14,1.8,4.0,0.0,6.0,14.0,15.279865789473684,69.56071777777778,39.752936842105264,2.3259344444444445,0.09379141399162855,0.1867115717902987,0.12250442776565512,0.04886495386431491,15.4556,70.1325,40.0153,2.43432,166,12,1,0,0,0,0,run_003
U000331,20848637,MODEL_A,BATCH_01,719179.0,51369.92857142857,11243.20640321411,36383.0,72821.0,14,1.775,4.0,0.0,5.0,14.0,15.28615142857143,69.60233720930233,39.63541428571428,2.339467441860465,0.09636634563699364,0.20618329688855896,0.1366883469856901,0.04930179172311742,15.5265,70.1004,39.8915,2.46665,156,12,1,0,0,0,0,run_003
U000332,20914739,MODEL_A,BATCH_01,717834.0,51273.857142857145,9777.475612991184,39560.0,72210.0,14,1.8,4.0,0.0,6.0,14.0,15.292505555555557,69.59821162790698,39.686711111111116,2.3458900000000003,0.09693000108898749,0.19251987554697192,0.15753817093513373,0.03676524691814775,15.5043,69.9219,40.0244,2.40679,158,12,1,0,0,0,0,run_003
U000333,20974138,MODEL_A,BATCH_01,706586.0,50470.42857142857,11783.427278070772,34063.0,75911.0,14,1.825,4.0,0.0,5.0,14.0,15.297399999999998,69.62331219512195,39.67892352941176,2.339841463414634,0.08917040547245085,0.21275848419642554,0.2047647668243255,0.04669373520939271,15.4931,69.9885,40.059,2.44507,150,12,1,0,0,0,0,run_003
U000334,21030999,MODEL_A,BATCH_01,692398.0,49457.0,9497.57948110991,32969.0,68673.0,14,1.8,4.0,0.0,5.0,14.0,15.273867647058823,69.68205365853659,39.69201176470588,2.343069756097561,0.10115295265418377,0.2167114199777672,0.12532197022483313,0.049243443040053805,15.4437,70.1933,40.0322,2.47033,150,12,1,0,0,0,0,run_003
U000335,21088562,MODEL_B,BATCH_01,647702.0,46264.42857142857,7968.383773140194,31629.0,59384.0,14,1.775,4.0,0.0,4.0,14.0,15.3277875,69.64524871794872,39.690378125,2.3610110256410257,0.1060036023429273,0.225971278882718,0.14444553775391258,0.04821592556269913,15.5107,70.1094,39.9413,2.50719,142,12,1,0,0,0,0,run_003
U000336,21141510,MODEL_A,BATCH_02,686903.0,49064.5,9171.110223455458,39086.0,72970.0,14,1.75,4.0,0.0,5.0,14.0,15.272278787878788,69.76256904761905,39.61212121212122,2.3555319047619045,0.10969284319628542,0.2035226810493375,0.15545197561782464,0.048687990167260976,15.548,70.181,39.9239,2.45751,150,12,1,0,0,0,0,run_003
U000337,21197681,MODEL_A,BATCH_01,759331.0,54237.92857142857,15696.658848127694,36817.0,94896.0,14,1.75,4.0,0.0,6.0,14.0,15.317759459459461,69.71507045454545,39.6438945945946,2.356375,0.11026897533722671,0.21106649958318935,0.1546288853746038,0.05227323133261888,15.5692,70.1945,40.0998,2.44411,162,12,1,0,0,0,0,run_003
U000338,21261661,MODEL_A,BATCH_01,728025.0,52001.78571428572,9544.02966965028,36173.0,68696.0,14,1.825,4.0,0.0,6.0,14.0,15.32336216216216,69.77420666666667,39.661345945945946,2.3558184444444445,0.08621327028348341,0.1861904809108613,0.1475930772138051,0.04994862292011837,15.5052,70.1062,40.0654,2.47602,164,12,1,0,0,0,0,run_003
U000339,21337050,MODEL_A,BATCH_01,730439.0,52174.21428571428,11082.719120522524,36388.0,75389.0,14,1.85,4.0,0.0,4.0,14.0,15.306488888888888,69.81794545454545,39.18043055555555,2.4272897727272724,0.09233159427621361,0.17734021626365562,0.7869420500790022,0.10655836829379224,15.46,70.2096,39.9595,2.70586,160,12,1,0,0,0,1,run_003
U000340,21380679,MODEL_B,BATCH_01,682474.0,48748.142857142855,9564.741203279587,33380.0,66305.0,14,1.825,4.0,0.0,3.0,14.0,15.339667647058825,69.84528372093024,39.59235,2.376127441860465,0.0948513053873788,0.211147430924047,0.14884399856591865,0.050247196325150394,15.5659,70.4464,39.8442,2.47611,154,12,1,0,0,0,0,run_003
U000341,21438180,MODEL_A,BATCH_01,694116.0,49579.71428571428,10302.529371496566,36187.0,69708.0,14,1.775,4.0,0.0,4.0,14.0,15.319441666666668,69.81364545454545,39.598863888888886,2.3850256818181816,0.10945320037088258,0.21288497981309307,0.15058982161160725,0.04694597738409088,15.622,70.1427,39.9933,2.51025,160,12,1,0,0,0,0,run_003
U000342,21499192,MODEL_A,BATCH_01,721436.0,51531.142857142855,10649.640910213055,34725.0,69659.0,14,1.75,4.0,0.0,4.0,14.0,15.333322857142857,69.81607209302325,39.14180857142857,2.4362793023255813,0.08757646099842352,0.1925019558658602,0.7581743813737218,0.09427056199591427,15.5326,70.1789,39.9082,2.62517,156,12,1,0,0,0,1,run_003
U000343,21555243,MODEL_A,BATCH_02,703192.0,50228.0,8361.592119281517,34305.0,65021.0,14,1.829268292682927,4.0,0.0,5.0,14.0,15.289713513513512,69.88774666666667,39.638264864864865,2.3894626666666667,0.10553239145231952,0.19250007390789764,0.1381435188012332,0.04907152490358983,15.4942,70.281,39.8698,2.52102,164,12,2,0,0,0,0,run_003
U000344,21592114,MODEL_A,BATCH_01,683426.0,48816.142857142855,7895.4224504031245,33278.0,57421.0,14,1.8048780487804879,4.0,0.0,2.0,14.0,15.331444736842107,69.874775,39.57515263157895,2.392758181818182,0.10337283792273054,0.17892523074646316,0.15113043183065403,0.04640428139192594,15.5144,70.2758,39.9385,2.48903,164,12,2,0,0,0,0,run_003
U000345,21665650,MODEL_B,BATCH_01,725185.0,51798.92857142857,14458.520003334132,31577.0,78432.0,14,1.775,4.0,0.0,3.0,14.0,15.300522222222222,69.92988636363636,39.559475,2.382949772727273,0.08941887659808478,0.2064678921948866,0.19086362726901668,0.0609274099728,15.447,70.4677,39.9941,2.52773,160,12,1,0,0,0,0,run_003
U000346,21717299,MODEL_A,BATCH_01,677967.0,48426.21428571428,6858.6846594840445,36142.0,60325.0,14,1.775,4.0,0.0,3.0,14.0,15.323542424242424,69.9437175,39.59428787878788,2.3868275,0.07879579236189856,0.17689793796177666,0.13377898694669949,0.04940783389301734,15.4635,70.2445,39.8462,2.49847,146,12,1,0,0,0,0,run_003
U000347,21766319,MODEL_A,BATCH_01,689677.0,49262.642857142855,8385.795229545505,36673.0,66152.0,14,1.7804878048780488,4.0,0.0,4.0,14.0,15.356605555555555,70.04535581395349,39.57161388888889,2.3916176744186046,0.10064304658244846,0.20960218703685124,0.14533056536791786,0.05063322967028525,15.5752,70.4209,39.7998,2.49569,158,12,2,0,0,0,0,run_003
U000348,21825772,MODEL_A,BATCH_01,710483.0,50748.78571428572,9586.101647526137,35761.0,63817.0,14,1.825,4.0,0.0,4.0,14.0,15.313550000000001,70.02836279069767,39.570905555555555,2.3983760465116277,0.09726356974736221,0.18710278054391477,0.15360182094241473,0.04903590220875261,15.4979,70.4309,39.8993,2.51832,158,12,1,0,0,0,0,run_003
U000349,21897414,MODEL_A,BATCH_01,697725.0,49837.5,10743.8121278465,35683.0,71642.0,14,1.825,4.0,0.0,5.0,14.0,15.325028125,70.0588875,39.52890625,2.4130355000000003,0.09755029880205866,0.18025876156734935,0.1747975915857914,0.04701816462678859,15.5448,70.4722,39.8289,2.53097,144,12,1,0,0,0,0,run_003
U000350,21969951,MODEL_B,BATCH_02,701557.0,50111.21428571428,10407.711491438018,33903.0,72537.0,14,1.9,4.0,0.0,5.0,14.0,15.330858333333332,70.09320697674418,39.518058333333336,2.404097906976744,0.10895605241170814,0.23377589430839368,0.14744818629897435,0.05158121204461114,15.6728,70.6519,39.8307,2.51283,158,12,1,0,0,0,0,run_003
U000351,22032543,MODEL_A,BATCH_01,694109.0,49579.21428571428,9131.852555992982,35279.0,64220.0,14,1.85,4.0,0.0,2.0,14.0,15.337794444444446,70.05793953488372,39.56655277777778,2.4078444186046513,0.08779216022416456,0.18469654667091132,0.14539279896908058,0.0449230723042088,15.5599,70.4603,39.8998,2.48732,158,12,1,0,0,0,0,run_003
U000352,22108297,MODEL_A,BATCH_01,701298.0,50092.71428571428,10943.351472494587,32634.0,75754.0,14,1.875,4.0,0.0,4.0,14.0,15.345942857142855,70.15675714285715,39.560405714285714,2.4158185714285714,0.1116381662697268,0.19147708790254056,0.15490410115494663,0.05023553914343277,15.5747,70.5983,39.9383,2.50339,154,12,1,0,0,0,0,run_003
U000353,22167964,MODEL_A,BATCH_01,676687.0,48334.78571428572,8738.853728551072,32552.0,62173.0,14,1.825,4.0,0.0,3.0,14.0,15.338314285714286,70.15555348837209,39.52981714285714,2.4264746511627906,0.10799153872861893,0.20864680722722098,0.12253059758500161,0.05258499017911215,15.5536,70.7964,39.7557,2.53521,156,12,1,0,0,0,0,run_003
U000354,22223906,MODEL_A,BATCH_01,685719.0,48979.92857142857,7979.277203281834,36410.0,60069.0,14,1.8,4.0,0.0,4.0,14.0,15.337738888888888,70.16197272727273,39.53399722222222,2.4094568181818183,0.08909307902502159,0.23490231949475912,0.1582483463892138,0.05205624930751522,15.5302,70.6196,39.9271,2.51698,160,12,1,0,0,0,0,run_003
U000355,22279506,MODEL_B,BATCH_01,696879.0,49777.07142857143,12602.318483055076,30140.0,81013.0,14,1.875,4.0,0.0,5.0,14.0,15.369597142857142,70.21148333333333,39.532174285714284,2.4017757142857143,0.09405370645263805,0.19548150422977387,0.15081855936435576,0.053542641458517885,15.5833,70.6711,39.8672,2.50894,154,12,1,0,0,0,0,run_003
U000356,22352557,MODEL_A,BATCH_01,687385.0,49098.92857142857,10422.276139000656,36791.0,73051.0,14,1.825,4.0,0.0,3.0,14.0,15.344818181818182,70.2602625,39.503190909090904,2.4368747500000003,0.11025485662360177,0.16452327352703666,0.1318908364037189,0.047376023795852,15.6129,70.6602,39.7866,2.54645,146,12,1,0,0,0,0,run_003
U000357,22411583,MODEL_A,BATCH_02,720470.0,51462.142857142855,10545.469511064513,34109.0,74346.0,14,1.825,4.0,0.0,4.0,14.0,15.342737837837836,70.26902222222223,39.49067837837838,2.4287117777777776,0.09645070517382738,0.20770838155374902,0.12949080004887192,0.04565778188619854,15.6276,70.7227,39.7893,2.57227,164,12,1,0,0,0,0,run_003
U000358,22476365,MODEL_A,BATCH_01,694886.0,49634.71428571428,8150.829239819915,35893.0,64782.0,14,1.825,4.0,0.0,5.0,14.0,15.373505714285717,70.25861860465116,39.485,2.436810465116279,0.10452339716361078,0.21075902992100828,0.1404816253423317,0.053824056842796744,15.6385,70.8049,39.7524,2.5758,156,12,1,0,0,0,0,run_003
U000359,22529918,MODEL_A,BATCH_01,686230.0,49016.42857142857,9538.214739540226,35174.0,71676.0,14,1.8,4.0,0.0,5.0,14.0,15.35355294117647,70.29695952380952,39.50586470588235,2.4330166666666666,0.08239216362889681,0.20866030868202867,0.12575254171141195,0.05008786892060949,15.498,70.7289,39.7669,2.55019,152,12,1,0,0,0,0,run_003
U000360,22580731,MODEL_B,BATCH_01,739340.0,52810.0,7607.983044145143,39239.0,68200.0,14,1.7804878048780488,4.0,0.0,5.0,14.0,15.378655263157896,70.34078695652174,39.52496578947368,2.45141,0.1075118288837511,0.2390788299645077,0.1381764779847807,0.046269375425028396,15.6185,71.105,39.7857,2.53764,168,12,2,0,0,0,0,run_003
U000361,22633360,MODEL_A,BATCH_01,726290.0,51877.857142857145,14529.93218713141,34968.0,92084.0,14,1.8,4.0,0.0,5.0,14.0,15.380497297297296,70.36943181818182,38.76193783783784,2.515394090909091,0.1077105882716546,0.2133323357479739,0.7966175268496675,0.09920607852058984,15.5942,70.9362,39.7433,2.68467,162,12,1,0,0,0,1,run_003
U000362,22693063,MODEL_A,BATCH_01,708056.0,50575.42857142857,10850.283028667862,33996.0,76873.0,14,1.825,4.0,0.0,5.0,14.0,15.339685714285714,70.37449285714285,39.46651142857143,2.437274761904762,0.08928322134334876,0.21046537794513331,0.150831648986989,0.04679189804990456,15.6023,70.8985,39.8445,2.53928,154,12,1,0,0,0,0,run_003
U000363,22763501,MODEL_A,BATCH_01,743187.0,53084.78571428572,11188.422843268849,36864.0,70636.0,14,1.85,4.0,0.0,4.0,14.0,15.361847368421051,70.34174222222222,39.47784473684211,2.463468888888889,0.12242209820135741,0.20976307466985006,0.15237125659524925,0.04426871449261074,15.5883,70.9238,39.8512,2.57857,166,12,1,0,0,0,0,run_003
U000364,22839680,MODEL_A,BATCH_02,713859.0,50989.92857142857,12034.107953033941,28774.0,76179.0,14,1.85,4.0,0.0,3.0,14.0,15.346842857142857,70.48375227272727,39.43706,2.4533354545454547,0.08441343385460634,0.16531218878883913,0.1728510582928015,0.05729403785916281,15.4941,70.8053,39.8293,2.56415,158,12,1,0,0,0,0,run_003
U000365,22894421,MODEL_B,BATCH_01,683686.0,48834.71428571428,6893.131324046384,36592.0,56937.0,14,1.9,4.0,0.0,4.0,14.0,15.39039696969697,70.492345,39.45961515151515,2.4476424999999997,0.10526701609730507,0.21315974742684507,0.14848645586637746,0.049316201672836575,15.6219,70.9125,39.7473,2.54912,146,12,1,0,0,0,0,run_003
U000366,22969359,MODEL_A,BATCH_01,714090.0,51006.42857142857,10629.87252050549,35768.0,74938.0,14,1.85,4.0,0.0,3.0,14.0,15.360899999999999,70.54872857142857,39.500542857142854,2.4685466666666667,0.11421320877562081,0.19053397275425787,0.15188658943573563,0.05293056163004078,15.6459,70.8751,39.7637,2.59959,154,12,1,0,0,0,0,run_003
U000367,23026575,MODEL_A,BATCH_01,707084.0,50506.0,10955.893784415062,34242.0,68194.0,14,1.85,4.0,0.0,5.0,14.0,15.381205714285716,70.54023023255813,39.47357142857143,2.461214418604651,0.08827330534750982,0.18722308253967812,0.12868855374719887,0.045322552007662456,15.5652,71.0747,39.7277,2.56932,156,12,1,0,0,0,0,run_003
U000368,23082243,MODEL_A,BATCH_01,735976.0,52569.71428571428,7742.349607874178,35180.0,67592.0,14,1.9024390243902438,4.0,0.0,6.0,14.0,15.38937837837838,70.52956818181818,39.46036216216216,2.4631070454545454,0.07750804666160306,0.19894602840939868,0.14368196042214673,0.06146015516139704,15.5558,71.0326,39.6792,2.59124,162,12,2,0,0,0,0,run_003
U000369,23146719,MODEL_A,BATCH_01,734512.0,52465.142857142855,9817.236324696732,38770.0,67348.0,14,1.925,4.0,0.0,3.0,14.0,15.36986842105263,70.55043191489362,39.417394736842105,2.4829323404255317,0.10056212038784297,0.21391717526262718,0.14598680974731665,0.042725199376885674,15.6117,71.0404,39.7385,2.58462,170,12,1,0,0,0,0,run_003
U000370,23197083,MODEL_B,BATCH_01,667723.0,47694.5,6569.662276181091,34718.0,56656.0,14,1.853658536585366,4.0,0.0,2.0,14.0,15.401191428571428,70.64022222222222,39.401877142857145,2.4759682222222223,0.11046635732584086,0.1796530012512599,0.1358250650127378,0.04269820313916183,15.6241,70.9388,39.6107,2.55925,160,12,2,0,0,0,0,run_003
U000371,23253120,MODEL_A,BATCH_02,727316.0,51951.142857142855,11891.673343188455,31808.0,75870.0,14,1.825,4.0,0.0,4.0,14.0,15.378466666666668,70.62478139534883,37.86973888888889,2.6619341860465116,0.08413560143346842,0.14839192998179002,0.16401091649691804,0.0519277924132824,15.5548,70.9758,38.1478,2.80753,158,12,1,0,0,0,1,run_003
U000372,23303590,MODEL_A,BATCH_01,708488.0,50606.28571428572,9212.254901685385,37219.0,70484.0,14,1.825,4.0,0.0,4.0,14.0,15.4161375,70.64581063829787,39.437445000000004,2.4790993617021275,0.10775953212046036,0.1940011690171449,0.1623771329580963,0.047517807938949004,15.6491,71.0467,39.7288,2.59065,174,12,1,0,0,0,0,run_003
U000373,23357665,MODEL_A,BATCH_01,702257.0,50161.21428571428,8072.144050122871,37908.0,62170.0,14,1.825,4.0,0.0,4.0,14.0,15.394482857142858,70.65196363636363,39.38498857142857,2.500578181818182,0.10364669764528477,0.2059522027309376,0.12984574506931323,0.05490336535085888,15.628,71.0227,39.6821,2.60762,158,12,1,0,0,0,0,run_003
U000374,23433398,MODEL_A,BATCH_01,740190.0,52870.71428571428,13171.498497943152,36961.0,75733.0,14,1.8,4.0,0.0,4.0,14.0,15.392113513513513,70.67521590909091,39.38269459459459,2.489763409090909,0.08571302300299724,0.20815971165181843,0.1283475770146271,0.04868695632317548,15.5335,71.0238,39.6634,2.6139,162,12,1,0,0,0,0,run_003
U000375,23482756,MODEL_B,BATCH_01,737987.0,52713.357142857145,12592.790114293073,33815.0,75573.0,14,1.853658536585366,4.0,0.0,5.0,14.0,15.390418421052633,70.67977333333334,39.41247894736842,2.498524222222222,0.11287235520893746,0.19733018982959077,0.12248107003852077,0.05370568132672443,15.6017,71.1091,39.6408,2.65419,166,12,2,0,0,0,0,run_003
U000376,23531806,MODEL_A,BATCH_01,680530.0,48609.28571428572,8925.08661822714,38155.0,73546.0,14,1.8048780487804879,4.0,0.0,2.0,14.0,15.373011111111111,70.69969999999999,39.40273055555556,2.4999581818181817,0.10251890356076504,0.1587716452923399,0.145877122106135,0.04637272199746902,15.5261,71.1223,39.891,2.57259,160,12,2,0,0,0,0,run_003
U000377,23580802,MODEL_A,BATCH_01,714778.0,51055.57142857143,11980.355534176551,36417.0,73413.0,14,1.875,4.0,0.0,4.0,14.0,15.374676315789474,70.8241152173913,39.38836315789474,2.503939347826087,0.09621573011308938,0.16869879399870816,0.15377319455201258,0.04654351447371821,15.5641,71.3476,39.6456,2.63804,168,12,1,0,0,0,0,run_003
U000378,23646045,MODEL_A,BATCH_02,672312.0,48022.28571428572,8704.542619792277,35596.0,65243.0,14,1.825,4.0,0.0,2.0,14.0,15.407111764705883,70.89107073170732,39.384326470588235,2.50404512195122,0.09431119270541917,0.19795697669430848,0.17881109773169604,0.05488945750879446,15.5662,71.2957,39.7971,2.60775,150,12,1,0,0,0,0,run_003
U000379,23705093,MODEL_A,BATCH_01,734865.0,52490.357142857145,11327.21340983157,36504.0,77027.0,14,1.775,4.0,0.0,5.0,14.0,15.395415789473684,70.8212,39.36904736842105,2.5130895652173915,0.11180055486570188,0.2127547790297536,0.16899334984011963,0.059887949184995,15.586,71.2863,39.7732,2.61093,168,12,1,0,0,0,0,run_003
U000380,23765202,MODEL_B,BATCH_01,707120.0,50508.57142857143,10311.514547520954,33689.0,66681.0,14,1.825,4.0,0.0,5.0,14.0,15.391457575757576,70.8763487804878,39.36972121212121,2.51217756097561,0.10400798355866406,0.19600899229620874,0.164421052023409,0.04965001010979195,15.5999,71.3097,39.7041,2.59166,148,12,1,0,0,0,0,run_003
U000381,23832608,MODEL_A,BATCH_01,716681.0,51191.5,9567.41812893354,38230.0,67406.0,14,1.825,4.0,0.0,4.0,14.0,15.42716216216216,70.83942954545455,39.36400810810811,2.49304,0.11162071778858879,0.20415323084611017,0.14273501551705692,0.052182974591424965,15.6971,71.2411,39.6221,2.59256,162,12,1,0,0,0,0,run_003
U000382,23896799,MODEL_A,BATCH_01,700023.0,50001.642857142855,9227.666890782997,31354.0,64191.0,14,1.85,4.0,0.0,4.0,14.0,15.393513157894736,70.9275711111111,39.38198947368421,2.5216553333333334,0.10880064628944747,0.19612471058234876,0.14422577044056628,0.0456782190784823,15.6016,71.4552,39.7598,2.61279,166,12,1,0,0,0,0,run_003
U000383,23961501,MODEL_A,BATCH_01,709220.0,50658.57142857143,9892.820797965529,35644.0,64702.0,14,1.8,4.0,0.0,4.0,14.0,15.397766666666667,70.95289318181818,39.339597222222224,2.52548,0.11848156939251901,0.22752410288646754,0.1715985023013418,0.04848362495082328,15.6259,71.4026,39.7083,2.63366,160,12,1,0,0,0,0,run_003
U000384,24029129,MODEL_A,BATCH_01,716117.0,51151.21428571428,10766.542414625694,34522.0,70395.0,14,1.825,4.0,0.0,5.0,14.0,15.39121142857143,70.96322325581396,38.62743428571429,2.62892023255814,0.11568027634879872,0.15349926141781317,0.7640779953038547,0.10730915468177028,15.5914,71.2117,39.5439,2.81694,156,12,1,0,0,0,1,run_003
U000385,24077472,MODEL_B,BATCH_02,666616.0,47615.42857142857,10154.734604071191,35990.0,69180.0,14,1.8,4.0,0.0,5.0,14.0,15.412860606060605,70.97078780487804,39.309333333333335,2.5242063414634144,0.10397992877051429,0.15106153083284324,0.14267292723802288,0.030439909473920668,15.7258,71.3079,39.634,2.61736,148,12,1,0,0,0,0,run_003
U000386,24135798,MODEL_A,BATCH_01,701473.0,50105.21428571428,9793.674404183796,32535.0,67173.0,14,1.825,4.0,0.0,5.0,14.0,15.436322222222222,71.01791818181817,39.344122222222225,2.5280754545454545,0.08434315658956652,0.18208237501098504,0.14887552444165617,0.05856932558761946,15.5949,71.3849,39.6167,2.64945,160,12,1,0,0,0,0,run_003
U000387,24188246,MODEL_A,BATCH_01,686088.0,49006.28571428572,9133.70294297715,33669.0,62342.0,14,1.7804878048780488,4.0,0.0,4.0,14.0,15.445191891891891,71.02674666666667,39.260372972972974,2.5449740000000003,0.09631509163613375,0.1788379009555356,0.11339775288937766,0.05416945761387901,15.649,71.3605,39.5445,2.66984,164,12,2,0,0,0,0,run_003
U000388,24246761,MODEL_A,BATCH_01,736187.0,52584.78571428572,9591.229456592673,35517.0,66433.0,14,1.875,4.0,0.0,6.0,14.0,15.424515789473686,71.07097608695652,39.300734210526315,2.539868043478261,0.10918244222355741,0.2414420438253656,0.14671874597211615,0.043021426941548035,15.7222,71.5584,39.5764,2.65868,168,12,1,0,0,0,0,run_003
U000389,24298157,MODEL_A,BATCH_01,689392.0,49242.28571428572,10817.172696359115,31994.0,72612.0,14,1.875,4.0,0.0,4.0,14.0,15.399242105263157,71.11978444444445,39.23941315789474,2.5471571111111113,0.10428466403170149,0.17652727185075562,0.14164544653780142,0.046263127749774105,15.6479,71.5066,39.4953,2.64895,166,12,1,0,0,0,0,run_003
U000390,24392646,MODEL_B,BATCH_01,726602.0,51900.142857142855,10792.28852081353,34443.0,71603.0,14,1.95,4.0,0.0,5.0,14.0,15.44254871794872,71.13993043478261,39.31686666666667,2.549170652173913,0.1007736804397145,0.20994579498270036,0.15963393870341372,0.047779392043114766,15.6233,71.5234,39.5991,2.65148,170,12,1,0,0,0,0,run_003
U000391,24465647,MODEL_A,BATCH_01,696156.0,49725.42857142857,10555.35769691819,35879.0,73001.0,14,1.925,4.0,0.0,1.0,14.0,15.428183333333331,71.12146136363637,39.248105555555554,2.556137272727273,0.10450501696774456,0.16562512197929144,0.18881973254092282,0.053497673818745706,15.6636,71.5077,39.7439,2.69473,160,12,1,0,0,0,0,run_003
U000392,24521912,MODEL_A,BATCH_02,692280.0,49448.57142857143,8090.147062600623,34220.0,64661.0,14,1.875,4.0,0.0,3.0,14.0,15.47571111111111,71.17557142857143,37.77951111111111,2.732285238095238,0.08551240771382772,0.2055118610139554,0.13659160981925544,0.05859571228957291,15.6485,71.5949,38.0391,2.81587,156,12,1,1,1,0,1,run_003
U000393,24581499,MODEL_A,BATCH_01,692878.0,49491.28571428572,11380.005072518616,33688.0,70044.0,14,1.825,4.0,0.0,4.0,14.0,15.42393157894737,71.25112222222222,39.240776315789475,2.561459111111111,0.11361962407884435,0.19895117707263374,0.16140524361724065,0.047595768567757823,15.6822,71.6317,39.5912,2.65115,166,12,1,0,0,0,0,run_003
U000394,24633477,MODEL_A,BATCH_01,761333.0,54380.92857142857,10600.465965551382,34076.0,69425.0,14,1.875,4.0,0.0,5.0,14.0,15.4528425,71.22558367346939,39.2149625,2.5592944897959184,0.07604241356148823,0.19179160386008584,0.13584803102015028,0.05110255090099154,15.6167,71.6593,39.4929,2.69258,178,12,1,0,0,0,0,run_003
U000395,24706244,MODEL_B,BATCH_01,731725.0,52266.07142857143,10724.222793888937,36953.0,67374.0,14,1.875,4.0,0.0,4.0,14.0,15.435997297297297,71.27765777777778,39.20560810810811,2.5670062222222225,0.11751196507988866,0.1835314371001311,0.14425919454305292,0.05350875371413921,15.8503,71.6647,39.614,2.68624,164,12,1,0,0,0,0,run_003
U000396,24784730,MODEL_A,BATCH_01,715146.0,51081.857142857145,13341.625179848234,33709.0,80252.0,14,1.8,4.0,0.0,3.0,14.0,15.474531578947369,71.24935909090908,39.22074736842105,2.577408636363636,0.10154243449339262,0.18608109924661428,0.14998500237968282,0.04302642511948171,15.6208,71.5927,39.5007,2.6698,164,12,1,0,0,0,0,run_003
U000397,24841687,MODEL_A,BATCH_01,736069.0,52576.357142857145,10753.507761206558,36452.0,73212.0,14,1.875,4.0,0.0,5.0,14.0,15.441956756756756,71.33102978723404,39.18992432432432,2.584332340425532,0.10305840722765108,0.1783172379617348,0.14053521781904843,0.049308312872337993,15.7255,71.8756,39.4904,2.72918,168,12,1,0,0,0,0,run_003
U000398,24904429,MODEL_A,BATCH_01,696416.0,49744.0,10883.20840702636,33172.0,69725.0,14,1.825,4.0,0.0,3.0,14.0,15.428344444444443,71.3538311111111,38.35180555555556,2.7111446666666668,0.08013846746883743,0.19987041918364362,0.7610898688983359,0.11167670579115256,15.5706,72.072,39.4665,2.86506,162,12,1,1,1,0,1,run_003
U000399,24966298,MODEL_A,BATCH_02,715016.0,51072.57142857143,9313.69653718722,36664.0,64561.0,14,1.825,4.0,0.0,4.0,14.0,15.460402702702703,71.38046444444444,39.19311891891892,2.5702273333333334,0.09510460173025423,0.17069447074651659,0.15166449785598887,0.050644546884051726,15.6753,71.6875,39.5062,2.6764,164,12,1,0,0,0,0,run_003
U000400,25041008,MODEL_B,BATCH_01,720504.0,51464.57142857143,12834.720330262127,33284.0,74710.0,14,1.825,4.0,0.0,4.0,14.0,15.443186842105263,71.38503913043478,39.22385263157895,2.583121304347826,0.0802036905906003,0.20572879394242746,0.15287718041023862,0.04611644395121244,15.5809,71.782,39.5228,2.6672,168,12,1,1,1,0,0,run_003
U000401,25097355,MODEL_A,BATCH_01,699175.0,49941.07142857143,8222.714491570901,33778.0,61081.0,14,1.9,4.0,0.0,4.0,14.0,15.479794285714288,71.4693465116279,39.178131428571426,2.603496976744186,0.09173413612768405,0.22370763908539043,0.17142710639430056,0.049340440842650185,15.677,71.9156,39.4881,2.69879,156,12,1,0,0,0,1,run_003
U000402,25149157,MODEL_A,BATCH_01,674450.0,48175.0,7610.028070301004,35780.0,60678.0,14,1.875,4.0,0.0,2.0,14.0,15.487505714285712,71.45708571428571,39.182188571428576,2.6056330952380953,0.1153044000559776,0.2294981795681356,0.143995320127036,0.050042004672567295,15.663,72.0138,39.489,2.71183,154,12,1,0,0,0,0,run_003
U000403,25200051,MODEL_A,BATCH_01,707188.0,50513.42857142857,10940.168039169908,32128.0,71494.0,14,1.875,4.0,0.0,3.0,14.0,15.475294594594596,71.43876888888889,39.17118108108108,2.602041777777778,0.10015281641889345,0.20086446676826877,0.1411627780610371,0.05420691734157886,15.7351,71.9501,39.5271,2.71465,164,12,1,0,0,0,0,run_003
U000404,25258228,MODEL_A,BATCH_01,729242.0,52088.71428571428,10909.532405043918,36368.0,72610.0,14,1.85,4.0,0.0,3.0,14.0,15.441202777777777,71.51424883720931,39.194894444444444,2.5962676744186046,0.09362059445629059,0.18495890325008052,0.1449006180494436,0.0488344558218404,15.6218,71.9203,39.4572,2.69936,158,12,1,0,0,0,0,run_003
U000405,25314765,MODEL_B,BATCH_01,698852.0,49918.0,9955.965641069371,35009.0,65759.0,14,1.7804878048780488,4.0,0.0,4.0,14.0,15.492686486486487,71.49584090909092,39.18118648648649,2.598596590909091,0.10575427010596632,0.19208115813577867,0.13645126147000955,0.055067290757432566,15.7512,71.8659,39.4097,2.72189,162,12,2,0,0,0,0,run_003
U000406,25366656,MODEL_A,BATCH_02,693339.0,49524.21428571428,10566.13669431061,34644.0,65361.0,14,1.829268292682927,4.0,0.0,5.0,14.0,15.492605714285716,71.54420952380953,39.19092,2.609515476190476,0.10570891203694054,0.1986425676011602,0.1610501087531812,0.047189542671788993,15.7424,71.888,39.6097,2.70959,154,12,2,0,0,0,0,run_003
U000407,25445442,MODEL_A,BATCH_01,733035.0,52359.642857142855,9455.50144793327,37863.0,65676.0,14,1.9,4.0,0.0,5.0,14.0,15.45440512820513,71.54007021276595,39.16816666666667,2.6195712765957446,0.08351053179316888,0.16905201143936205,0.15594225876963483,0.056983817863801293,15.6229,71.9061,39.4323,2.73012,172,12,1,0,0,0,0,run_003
U000408,25506026,MODEL_A,BATCH_01,699054.0,49932.42857142857,8130.0594539815465,34323.0,60584.0,14,1.9,4.0,0.0,4.0,14.0,15.468625714285713,71.56202727272726,39.183017142857146,2.6036536363636364,0.1320895915720869,0.20745169722314039,0.17172392941222211,0.05497663110690492,15.8361,71.9089,39.5596,2.7399,158,12,1,0,0,0,0,run_003
U000409,25572312,MODEL_A,BATCH_01,710921.0,50780.07142857143,12100.36822366789,28368.0,66286.0,14,1.925,4.0,0.0,3.0,14.0,15.483202857142857,71.57413953488373,39.14888,2.6258248837209304,0.07053241426595937,0.21055416692457585,0.15723062641340982,0.04774212691873128,15.6091,72.0583,39.4902,2.71916,156,12,1,0,0,0,0,run_003
U000410,25628724,MODEL_B,BATCH_01,672079.0,48005.642857142855,6358.72381496044,37243.0,58921.0,14,1.925,4.0,0.0,3.0,14.0,15.48671176470588,71.61418809523809,39.163464705882355,2.6192892857142858,0.08753346984009021,0.18147567491685326,0.12897550832185303,0.053317057188879274,15.6479,71.9957,39.4519,2.72414,152,12,1,0,0,0,0,run_003
U000411,25688301,MODEL_A,BATCH_01,686136.0,49009.71428571428,7190.6409838234695,37600.0,60829.0,14,1.925,4.0,0.0,4.0,14.0,15.47385588235294,71.69644146341463,39.13587058823529,2.62642243902439,0.10533086741794181,0.2243411865614625,0.18029849245476764,0.051699538430264855,15.7142,72.1313,39.4352,2.74166,150,12,1,0,0,0,0,run_003
U000412,25763613,MODEL_A,BATCH_01,744361.0,53168.642857142855,10102.204912463743,39184.0,75312.0,14,1.85,4.0,0.0,3.0,14.0,15.485622222222222,71.67452826086956,39.10618611111111,2.636641304347826,0.12078436774708673,0.18296077620085469,0.16733822064101475,0.05140132240446293,15.6697,72.017,39.498,2.74046,164,12,1,0,0,0,0,run_003
U000413,25848560,MODEL_A,BATCH_02,758335.0,54166.78571428572,12984.480263752579,39688.0,84947.0,14,1.85,4.0,0.0,6.0,14.0,15.485981081081082,71.7501,39.16748378378378,2.636150909090909,0.10439792951820273,0.20410940294874558,0.13734193442627676,0.042424341511008774,15.7285,72.208,39.4095,2.73041,162,12,1,0,0,0,0,run_003
U000414,25903645,MODEL_A,BATCH_01,734726.0,52480.42857142857,11236.027930205213,34868.0,67748.0,14,1.95,4.0,0.0,6.0,14.0,15.518131578947367,71.78780425531914,38.90772368421053,2.6696587234042553,0.10714744351356968,0.2281474113064776,0.5488983081292391,0.08341531617303813,15.7147,72.2729,39.4274,2.86991,170,12,1,0,0,0,0,run_003
U000415,25962006,MODEL_B,BATCH_01,718305.0,51307.5,10628.898052370825,34104.0,71370.0,14,1.9,4.0,0.0,3.0,14.0,15.504827027027027,71.75024222222223,39.09744864864865,2.649411111111111,0.08703330667894599,0.1915894278361538,0.14204093623870281,0.04308729322403225,15.699,72.0944,39.3487,2.76521,164,12,1,0,0,0,1,run_003
U000416,26021445,MODEL_A,BATCH_01,723295.0,51663.92857142857,11750.76689781621,32418.0,73869.0,14,1.9,4.0,0.0,4.0,14.0,15.494294444444442,71.7926261904762,39.08973888888889,2.632569523809524,0.09154435285522838,0.16174880413403991,0.17826512402723174,0.04987555835997156,15.6858,72.1204,39.5143,2.7362,156,12,1,0,0,0,0,run_003
U000417,26074357,MODEL_A,BATCH_01,688974.0,49212.42857142857,7763.185475387969,38144.0,61591.0,14,1.875,4.0,0.0,5.0,14.0,15.50216,71.81123720930233,39.035042857142855,2.658542093023256,0.10053112541134007,0.1988027534340991,0.14832728971416512,0.0553092110884728,15.651,72.226,39.2888,2.77405,156,12,1,0,0,0,0,run_003
U000418,26124777,MODEL_A,BATCH_01,708069.0,50576.357142857145,9536.09242346105,38253.0,68418.0,14,1.825,4.0,0.0,5.0,14.0,15.490127027027025,71.87214,39.0507027027027,2.6529835555555557,0.08798405363299477,0.2038074809047205,0.15743180620066452,0.051873925231168766,15.6895,72.5155,39.3463,2.75322,164,12,1,0,0,0,0,run_003
U000419,26170806,MODEL_A,BATCH_01,719999.0,51428.5,11763.284952963411,35932.0,70636.0,14,1.9268292682926829,4.0,0.0,6.0,14.0,15.505323684210527,71.84447111111112,39.08452894736842,2.6529975555555554,0.10374883505490046,0.21150409583635707,0.1433440199600979,0.049302628233260364,15.72,72.3784,39.3748,2.76471,166,12,2,0,0,0,0,run_003
U000420,26230202,MODEL_B,BATCH_02,689363.0,49240.21428571428,8650.932401313046,35419.0,67614.0,14,1.925,4.0,0.0,3.0,14.0,15.507789189189188,71.84215999999999,39.052908108108106,2.6680644444444446,0.089590444008598,0.17125566002590867,0.1374880406483461,0.04923564144894326,15.6515,72.1983,39.3287,2.77272,164,12,1,0,0,0,0,run_003
U000421,26302107,MODEL_A,BATCH_01,716685.0,51191.78571428572,9289.723753271024,36407.0,67186.0,14,1.9,4.0,0.0,5.0,14.0,15.519888571428572,71.9192511627907,39.079925714285714,2.654896046511628,0.09069266385607426,0.1892950070683261,0.13905242841726778,0.050861501585399455,15.6693,72.2578,39.3013,2.75631,156,12,1,0,0,0,0,run_003
U000422,26370240,MODEL_A,BATCH_01,713406.0,50957.57142857143,10537.996370017667,37514.0,68133.0,14,1.875,4.0,0.0,5.0,14.0,15.509413513513513,71.9803976744186,39.06104864864865,2.6645397674418603,0.10960543417733085,0.22426656703508338,0.17293643922554974,0.04727532772863017,15.767,72.5458,39.6275,2.76079,160,12,1,0,0,0,0,run_003
U000423,26430893,MODEL_A,BATCH_01,695057.0,49646.92857142857,8342.483004886086,38070.0,62272.0,14,1.925,4.0,0.0,5.0,14.0,15.527275,71.99272954545455,39.031527777777775,2.6578245454545453,0.09504438173821754,0.20049066391248313,0.1540889327834709,0.05127420555798535,15.756,72.425,39.3087,2.75126,160,12,1,0,0,0,0,run_003
U000424,26502173,MODEL_A,BATCH_01,711312.0,50808.0,11041.155868978434,34838.0,71280.0,14,1.825,4.0,0.0,4.0,14.0,15.520154054054052,71.98560909090908,39.05413243243243,2.6641161363636363,0.08593606342506625,0.18513878241104112,0.14860281149959942,0.06167380791226998,15.7167,72.3008,39.3148,2.81309,162,12,1,0,0,0,0,run_003
U000425,26568829,MODEL_B,BATCH_01,719948.0,51424.857142857145,9812.839155194295,37138.0,66656.0,14,1.875,4.0,0.0,6.0,14.0,15.495619444444445,72.030825,39.03525277777778,2.678879318181818,0.10049378323186937,0.188946987920386,0.13908659478614852,0.05712219091450484,15.6862,72.3938,39.3043,2.782,160,12,1,0,0,0,0,run_003
U000426,26633869,MODEL_A,BATCH_01,699020.0,49930.0,11073.40043666665,35749.0,69103.0,14,1.875,4.0,0.0,3.0,14.0,15.55778,71.9784119047619,39.01862571428572,2.675644523809524,0.10066874858254887,0.19689293512871545,0.17155736880097955,0.04552492081949596,15.8031,72.3853,39.3046,2.77304,154,12,1,0,0,0,0,run_003
U000427,26695906,MODEL_A,BATCH_02,733529.0,52394.92857142857,10215.924171939278,35457.0,71122.0,14,1.875,4.0,0.0,5.0,14.0,15.511415789473684,72.08686086956523,39.01628684210526,2.6880317391304347,0.08939679396366261,0.19442537840548543,0.15712537629627063,0.043899636308508544,15.6826,72.5022,39.4292,2.78076,168,12,1,0,0,0,0,run_003
U000428,26761453,MODEL_A,BATCH_01,723347.0,51667.642857142855,8605.24599037965,34771.0,65547.0,14,1.85,4.0,0.0,4.0,14.0,15.527208108108109,72.08347777777777,38.998983783783785,2.687494,0.10468313399752431,0.1816427674021049,0.16553273679835132,0.05790378839859354,15.7094,72.4781,39.3113,2.80389,164,12,1,0,0,0,0,run_003
U000429,26829876,MODEL_A,BATCH_01,743997.0,53142.642857142855,12426.380682348234,34656.0,69561.0,14,1.825,4.0,0.0,4.0,14.0,15.525222857142856,72.17279302325582,38.979014285714285,2.6842702325581396,0.09769035440890725,0.21547638407264844,0.1574713832879533,0.05980557696117412,15.7108,72.8974,39.2512,2.77459,156,12,1,0,0,0,0,run_003
U000430,26883579,MODEL_B,BATCH_01,690361.0,49311.5,9863.11530400005,31530.0,72412.0,14,1.875,4.0,0.0,5.0,14.0,15.531539999999998,72.14040697674419,38.97723142857143,2.6880462790697672,0.09372350825700035,0.21252245639925846,0.14888276234799583,0.046116659629128004,15.7153,72.714,39.3701,2.78731,156,12,1,0,0,0,0,run_003
