event_id,timestamp_ms,event_type,station_id,unit_id,checkpoint_id
CE000001,329095,POWER_DRAW,S07,U000001,CP2
CE000002,394658,RFID_CHECKPOINT,S07,U000002,CP1
CE000003,417651,POWER_DRAW,S07,U000002,CP2
CE000004,476052,RFID_CHECKPOINT,S07,U000003,CP1
CE000005,484567,POWER_DRAW,S07,U000003,CP2
CE000006,532558,RFID_CHECKPOINT,S07,U000004,CP1
CE000007,549886,POWER_DRAW,S07,U000004,CP2
CE000008,594541,RFID_CHECKPOINT,S07,U000005,CP1
CE000009,601881,POWER_DRAW,S07,U000005,CP2
CE000010,658821,RFID_CHECKPOINT,S07,U000006,CP1
CE000011,679458,POWER_DRAW,S07,U000006,CP2
CE000012,764250,RFID_CHECKPOINT,S14,U000002,CP1
CE000013,783584,POWER_DRAW,S14,U000002,CP2
CE000014,786187,RFID_CHECKPOINT,S07,U000008,CP1
CE000015,798704,POWER_DRAW,S07,U000008,CP2
CE000016,832017,RFID_CHECKPOINT,S07,U000009,CP1
CE000017,838784,RFID_CHECKPOINT,S14,U000003,CP1
CE000018,840402,POWER_DRAW,S07,U000009,CP2
CE000019,847101,POWER_DRAW,S14,U000003,CP2
CE000020,901726,RFID_CHECKPOINT,S14,U000004,CP1
CE000021,903237,RFID_CHECKPOINT,S07,U000010,CP1
CE000022,922508,POWER_DRAW,S14,U000004,CP2
CE000023,958485,RFID_CHECKPOINT,S14,U000005,CP1
CE000024,974371,RFID_CHECKPOINT,S07,U000011,CP1
CE000025,979301,POWER_DRAW,S14,U000005,CP2
CE000026,988041,POWER_DRAW,S07,U000011,CP2
CE000027,1013631,RFID_CHECKPOINT,S14,U000006,CP1
CE000028,1033644,POWER_DRAW,S14,U000006,CP2
CE000029,1052767,POWER_DRAW,S07,U000012,CP2
CE000030,1072344,RFID_CHECKPOINT,S21,U000001,CP1
CE000031,1086936,RFID_CHECKPOINT,S14,U000007,CP1
CE000032,1096175,POWER_DRAW,S21,U000001,CP2
CE000033,1105797,POWER_DRAW,S07,U000013,CP2
CE000034,1108039,POWER_DRAW,S14,U000007,CP2
CE000035,1143841,RFID_CHECKPOINT,S07,U000014,CP1
CE000036,1145477,RFID_CHECKPOINT,S14,U000008,CP1
CE000037,1162142,POWER_DRAW,S07,U000014,CP2
CE000038,1164188,POWER_DRAW,S14,U000008,CP2
CE000039,1167819,RFID_CHECKPOINT,S21,U000002,CP1
CE000040,1181367,POWER_DRAW,S21,U000002,CP2
CE000041,1198252,RFID_CHECKPOINT,S07,U000014,CP1
CE000042,1198252,RFID_CHECKPOINT,S07,U000015,CP1
CE000043,1201207,RFID_CHECKPOINT,S14,U000009,CP1
CE000044,1210356,POWER_DRAW,S07,U000015,CP2
CE000045,1220221,POWER_DRAW,S14,U000009,CP2
CE000046,1230843,RFID_CHECKPOINT,S21,U000003,CP1
CE000047,1246595,POWER_DRAW,S21,U000003,CP2
CE000048,1268605,RFID_CHECKPOINT,S07,U000016,CP1
CE000049,1270561,RFID_CHECKPOINT,S14,U000010,CP1
CE000050,1287129,POWER_DRAW,S14,U000010,CP2
CE000051,1287622,POWER_DRAW,S07,U000016,CP2
CE000052,1303178,POWER_DRAW,S21,U000004,CP2
CE000053,1331077,RFID_CHECKPOINT,S14,U000011,CP1
CE000054,1348489,POWER_DRAW,S14,U000011,CP2
CE000055,1351949,POWER_DRAW,S07,U000017,CP2
CE000056,1355374,RFID_CHECKPOINT,S21,U000005,CP1
CE000057,1371876,POWER_DRAW,S21,U000005,CP2
CE000058,1396739,POWER_DRAW,S07,U000018,CP2
CE000059,1416047,RFID_CHECKPOINT,S21,U000006,CP1
CE000060,1431196,POWER_DRAW,S21,U000006,CP2
CE000061,1442122,POWER_DRAW,S28,U000001,CP2
CE000062,1454302,POWER_DRAW,S14,U000012,CP2
CE000063,1481212,POWER_DRAW,S07,U000019,CP2
CE000064,1485394,RFID_CHECKPOINT,S21,U000007,CP1
CE000065,1486567,RFID_CHECKPOINT,S14,U000013,CP1
CE000066,1500395,POWER_DRAW,S21,U000007,CP2
CE000067,1506806,POWER_DRAW,S14,U000013,CP2
CE000068,1530517,RFID_CHECKPOINT,S07,U000020,CP1
CE000069,1543471,POWER_DRAW,S28,U000002,CP2
CE000070,1545385,POWER_DRAW,S07,U000020,CP2
CE000071,1564272,RFID_CHECKPOINT,S14,U000014,CP1
CE000072,1567140,POWER_DRAW,S21,U000008,CP2
CE000073,1580275,POWER_DRAW,S14,U000014,CP2
CE000074,1592102,RFID_CHECKPOINT,S28,U000003,CP1
CE000075,1607378,POWER_DRAW,S28,U000003,CP2
CE000076,1610604,RFID_CHECKPOINT,S07,U000021,CP1
CE000077,1613039,RFID_CHECKPOINT,S21,U000009,CP1
CE000078,1621577,RFID_CHECKPOINT,S14,U000014,CP1
CE000079,1621577,RFID_CHECKPOINT,S14,U000015,CP1
CE000080,1630829,POWER_DRAW,S21,U000009,CP2
CE000081,1631841,POWER_DRAW,S07,U000021,CP2
CE000082,1641394,POWER_DRAW,S14,U000015,CP2
CE000083,1659024,RFID_CHECKPOINT,S28,U000004,CP1
CE000084,1674745,RFID_CHECKPOINT,S07,U000022,CP1
CE000085,1677412,POWER_DRAW,S28,U000004,CP2
CE000086,1688177,RFID_CHECKPOINT,S21,U000010,CP1
CE000087,1702017,RFID_CHECKPOINT,S14,U000016,CP1
CE000088,1711418,POWER_DRAW,S21,U000010,CP2
CE000089,1726294,RFID_CHECKPOINT,S07,U000023,CP1
CE000090,1727104,POWER_DRAW,S14,U000016,CP2
CE000091,1741098,POWER_DRAW,S28,U000005,CP2
CE000092,1743702,POWER_DRAW,S07,U000023,CP2
CE000093,1777731,POWER_DRAW,S14,U000017,CP2
CE000094,1794764,RFID_CHECKPOINT,S07,U000024,CP1
CE000095,1797319,RFID_CHECKPOINT,S28,U000006,CP1
CE000096,1804277,RFID_CHECKPOINT,S35,U000001,CP1
CE000097,1806660,RFID_CHECKPOINT,S21,U000012,CP1
CE000098,1813121,POWER_DRAW,S28,U000006,CP2
CE000099,1816217,POWER_DRAW,S35,U000001,CP2
CE000100,1823109,RFID_CHECKPOINT,S14,U000018,CP1
CE000101,1828138,POWER_DRAW,S21,U000012,CP2
CE000102,1841186,POWER_DRAW,S14,U000018,CP2
CE000103,1862081,POWER_DRAW,S28,U000007,CP2
CE000104,1866484,RFID_CHECKPOINT,S07,U000025,CP1
CE000105,1868346,RFID_CHECKPOINT,S35,U000002,CP1
CE000106,1872901,POWER_DRAW,S35,U000002,CP2
CE000107,1874476,RFID_CHECKPOINT,S21,U000013,CP1
CE000108,1890745,POWER_DRAW,S21,U000012,CP2
CE000109,1890745,POWER_DRAW,S21,U000013,CP2
CE000110,1896152,RFID_CHECKPOINT,S28,U000008,CP1
CE000111,1898183,RFID_CHECKPOINT,S14,U000019,CP1
CE000112,1909004,POWER_DRAW,S14,U000019,CP2
CE000113,1935922,POWER_DRAW,S07,U000026,CP2
CE000114,1937891,RFID_CHECKPOINT,S21,U000014,CP1
CE000115,1960367,POWER_DRAW,S21,U000014,CP2
CE000116,1961876,RFID_CHECKPOINT,S35,U000003,CP1
CE000117,1978759,RFID_CHECKPOINT,S28,U000009,CP1
CE000118,1980324,POWER_DRAW,S35,U000003,CP2
CE000119,1983430,RFID_CHECKPOINT,S14,U000020,CP1
CE000120,1987521,POWER_DRAW,S28,U000009,CP2
CE000121,1992193,RFID_CHECKPOINT,S07,U000027,CP1
CE000122,2006866,POWER_DRAW,S14,U000020,CP2
CE000123,2008806,POWER_DRAW,S07,U000027,CP2
CE000124,2010080,RFID_CHECKPOINT,S21,U000015,CP1
CE000125,2017351,RFID_CHECKPOINT,S35,U000004,CP1
CE000126,2025305,POWER_DRAW,S21,U000015,CP2
CE000127,2031359,POWER_DRAW,S35,U000004,CP2
CE000128,2062653,RFID_CHECKPOINT,S07,U000028,CP1
CE000129,2069092,RFID_CHECKPOINT,S35,U000005,CP1
CE000130,2073958,POWER_DRAW,S14,U000021,CP2
CE000131,2078726,POWER_DRAW,S28,U000010,CP2
CE000132,2104214,RFID_CHECKPOINT,S21,U000016,CP1
CE000133,2122607,POWER_DRAW,S21,U000016,CP2
CE000134,2127464,RFID_CHECKPOINT,S28,U000011,CP1
CE000135,2130224,RFID_CHECKPOINT,S07,U000029,CP1
CE000136,2130624,RFID_CHECKPOINT,S14,U000022,CP1
CE000137,2137931,POWER_DRAW,S28,U000011,CP2
CE000138,2143220,POWER_DRAW,S14,U000022,CP2
CE000139,2153513,RFID_CHECKPOINT,S35,U000006,CP1
CE000140,2160239,POWER_DRAW,S35,U000006,CP2
CE000141,2183590,POWER_DRAW,S21,U000017,CP2
CE000142,2188627,RFID_CHECKPOINT,S14,U000023,CP1
CE000143,2198663,POWER_DRAW,S14,U000023,CP2
CE000144,2199978,RFID_CHECKPOINT,S07,U000030,CP1
CE000145,2204274,POWER_DRAW,S07,U000030,CP2
CE000146,2216708,RFID_CHECKPOINT,S35,U000007,CP1
CE000147,2242788,RFID_CHECKPOINT,S07,U000031,CP1
CE000148,2247520,POWER_DRAW,S21,U000018,CP2
CE000149,2258584,RFID_CHECKPOINT,S28,U000013,CP1
CE000150,2266019,POWER_DRAW,S28,U000013,CP2
CE000151,2272413,RFID_CHECKPOINT,S35,U000008,CP1
CE000152,2274241,POWER_DRAW,S14,U000024,CP2
CE000153,2282359,POWER_DRAW,S35,U000008,CP2
CE000154,2304171,RFID_CHECKPOINT,S21,U000019,CP1
CE000155,2308826,RFID_CHECKPOINT,S07,U000032,CP1
CE000156,2313134,RFID_CHECKPOINT,S14,U000025,CP1
CE000157,2314942,RFID_CHECKPOINT,S28,U000014,CP1
CE000158,2319930,POWER_DRAW,S21,U000019,CP2
CE000159,2323991,POWER_DRAW,S07,U000032,CP2
CE000160,2331084,POWER_DRAW,S14,U000025,CP2
CE000161,2338338,RFID_CHECKPOINT,S35,U000009,CP1
CE000162,2349123,POWER_DRAW,S35,U000009,CP2
CE000163,2365219,RFID_CHECKPOINT,S07,U000033,CP1
CE000164,2373303,POWER_DRAW,S07,U000033,CP2
CE000165,2389322,POWER_DRAW,S14,U000026,CP2
CE000166,2396682,POWER_DRAW,S21,U000020,CP2
CE000167,2396924,RFID_CHECKPOINT,S28,U000015,CP1
CE000168,2404525,RFID_CHECKPOINT,S35,U000010,CP1
CE000169,2405669,POWER_DRAW,S28,U000015,CP2
CE000170,2412791,RFID_CHECKPOINT,S07,U000034,CP1
CE000171,2419948,POWER_DRAW,S35,U000010,CP2
CE000172,2431504,POWER_DRAW,S07,U000034,CP2
CE000173,2448442,RFID_CHECKPOINT,S28,U000016,CP1
CE000174,2449008,RFID_CHECKPOINT,S21,U000021,CP1
CE000175,2459131,POWER_DRAW,S21,U000021,CP2
CE000176,2461207,RFID_CHECKPOINT,S14,U000027,CP1
CE000177,2462678,POWER_DRAW,S28,U000016,CP2
CE000178,2470782,RFID_CHECKPOINT,S07,U000035,CP1
CE000179,2485957,POWER_DRAW,S14,U000027,CP2
CE000180,2490266,POWER_DRAW,S07,U000035,CP2
CE000181,2513535,RFID_CHECKPOINT,S21,U000022,CP1
CE000182,2530858,POWER_DRAW,S21,U000022,CP2
CE000183,2547057,RFID_CHECKPOINT,S35,U000012,CP1
CE000184,2547626,RFID_CHECKPOINT,S07,U000036,CP1
CE000185,2557044,RFID_CHECKPOINT,S28,U000017,CP1
CE000186,2560863,RFID_CHECKPOINT,S14,U000028,CP1
CE000187,2561579,POWER_DRAW,S35,U000012,CP2
CE000188,2563652,POWER_DRAW,S07,U000036,CP2
CE000189,2575836,RFID_CHECKPOINT,S21,U000023,CP1
CE000190,2581801,POWER_DRAW,S14,U000028,CP2
CE000191,2587600,POWER_DRAW,S21,U000022,CP2
CE000192,2587600,POWER_DRAW,S21,U000023,CP2
CE000193,2608725,RFID_CHECKPOINT,S07,U000037,CP1
CE000194,2611587,RFID_CHECKPOINT,S35,U000013,CP1
CE000195,2625360,POWER_DRAW,S35,U000013,CP2
CE000196,2625662,POWER_DRAW,S07,U000037,CP2
CE000197,2639754,RFID_CHECKPOINT,S28,U000018,CP1
CE000198,2642575,RFID_CHECKPOINT,S21,U000024,CP1
CE000199,2642992,POWER_DRAW,S14,U000029,CP2
CE000200,2653219,POWER_DRAW,S28,U000018,CP2
CE000201,2671214,RFID_CHECKPOINT,S14,U000030,CP1
CE000202,2672475,RFID_CHECKPOINT,S35,U000014,CP1
CE000203,2682528,POWER_DRAW,S14,U000030,CP2
CE000204,2683199,POWER_DRAW,S35,U000014,CP2
CE000205,2683449,RFID_CHECKPOINT,S07,U000038,CP1
CE000206,2694253,RFID_CHECKPOINT,S21,U000025,CP1
CE000207,2701563,POWER_DRAW,S07,U000038,CP2
CE000208,2707384,POWER_DRAW,S21,U000025,CP2
CE000209,2712355,RFID_CHECKPOINT,S14,U000031,CP1
CE000210,2715325,RFID_CHECKPOINT,S28,U000019,CP1
CE000211,2731823,POWER_DRAW,S14,U000031,CP2
CE000212,2734119,RFID_CHECKPOINT,S35,U000015,CP1
CE000213,2735247,POWER_DRAW,S28,U000019,CP2
CE000214,2752570,POWER_DRAW,S35,U000015,CP2
CE000215,2763344,POWER_DRAW,S07,U000039,CP2
CE000216,2765989,RFID_CHECKPOINT,S21,U000026,CP1
CE000217,2769520,RFID_CHECKPOINT,S14,U000032,CP1
CE000218,2769615,POWER_DRAW,S21,U000026,CP2
CE000219,2779165,POWER_DRAW,S14,U000032,CP2
CE000220,2789113,RFID_CHECKPOINT,S28,U000020,CP1
CE000221,2798884,RFID_CHECKPOINT,S35,U000016,CP1
CE000222,2802293,POWER_DRAW,S28,U000020,CP2
CE000223,2814427,POWER_DRAW,S35,U000016,CP2
CE000224,2830291,RFID_CHECKPOINT,S14,U000033,CP1
CE000225,2832468,POWER_DRAW,S07,U000040,CP2
CE000226,2847644,POWER_DRAW,S14,U000033,CP2
CE000227,2848997,RFID_CHECKPOINT,S28,U000021,CP1
CE000228,2855954,POWER_DRAW,S28,U000021,CP2
CE000229,2886448,RFID_CHECKPOINT,S21,U000027,CP1
CE000230,2893010,RFID_CHECKPOINT,S14,U000034,CP1
CE000231,2894109,POWER_DRAW,S07,U000041,CP2
CE000232,2903298,RFID_CHECKPOINT,S28,U000022,CP1
CE000233,2907091,POWER_DRAW,S21,U000027,CP2
CE000234,2909414,POWER_DRAW,S14,U000034,CP2
CE000235,2927473,POWER_DRAW,S28,U000022,CP2
CE000236,2933278,RFID_CHECKPOINT,S35,U000017,CP1
CE000237,2942826,RFID_CHECKPOINT,S07,U000042,CP1
CE000238,2953942,RFID_CHECKPOINT,S21,U000028,CP1
CE000239,2954117,POWER_DRAW,S07,U000042,CP2
CE000240,2955407,POWER_DRAW,S35,U000017,CP2
CE000241,2963906,RFID_CHECKPOINT,S14,U000035,CP1
CE000242,2966146,POWER_DRAW,S21,U000028,CP2
CE000243,2974170,POWER_DRAW,S14,U000035,CP2
CE000244,2989726,POWER_DRAW,S28,U000023,CP2
CE000245,2991084,RFID_CHECKPOINT,S35,U000018,CP1
CE000246,2995364,RFID_CHECKPOINT,S07,U000043,CP1
CE000247,3007807,POWER_DRAW,S07,U000043,CP2
CE000248,3011374,POWER_DRAW,S35,U000018,CP2
CE000249,3024331,RFID_CHECKPOINT,S21,U000029,CP1
CE000250,3030776,RFID_CHECKPOINT,S14,U000036,CP1
CE000251,3043520,POWER_DRAW,S07,U000044,CP2
CE000252,3045997,POWER_DRAW,S28,U000024,CP2
CE000253,3047199,POWER_DRAW,S14,U000036,CP2
CE000254,3067251,RFID_CHECKPOINT,S35,U000019,CP1
CE000255,3078319,POWER_DRAW,S35,U000019,CP2
CE000256,3088299,RFID_CHECKPOINT,S28,U000025,CP1
CE000257,3088473,RFID_CHECKPOINT,S21,U000030,CP1
CE000258,3089533,RFID_CHECKPOINT,S14,U000037,CP1
CE000259,3089735,POWER_DRAW,S07,U000045,CP2
CE000260,3104640,POWER_DRAW,S28,U000025,CP2
CE000261,3107447,POWER_DRAW,S14,U000037,CP2
CE000262,3111232,POWER_DRAW,S21,U000030,CP2
CE000263,3123706,RFID_CHECKPOINT,S07,U000046,CP1
CE000264,3132309,RFID_CHECKPOINT,S28,U000026,CP1
CE000265,3141096,POWER_DRAW,S07,U000046,CP2
CE000266,3144711,POWER_DRAW,S28,U000026,CP2
CE000267,3149872,POWER_DRAW,S35,U000020,CP2
CE000268,3151628,RFID_CHECKPOINT,S14,U000038,CP1
CE000269,3164064,POWER_DRAW,S14,U000038,CP2
CE000270,3167059,RFID_CHECKPOINT,S21,U000031,CP1
CE000271,3182814,RFID_CHECKPOINT,S07,U000047,CP1
CE000272,3186327,POWER_DRAW,S21,U000031,CP2
CE000273,3197539,POWER_DRAW,S07,U000047,CP2
CE000274,3209830,RFID_CHECKPOINT,S14,U000039,CP1
CE000275,3215736,POWER_DRAW,S14,U000039,CP2
CE000276,3220261,RFID_CHECKPOINT,S35,U000021,CP1
CE000277,3222193,RFID_CHECKPOINT,S28,U000027,CP1
CE000278,3231694,RFID_CHECKPOINT,S21,U000032,CP1
CE000279,3233455,POWER_DRAW,S28,U000027,CP2
CE000280,3239158,POWER_DRAW,S35,U000021,CP2
CE000281,3240093,POWER_DRAW,S21,U000032,CP2
CE000282,3255040,POWER_DRAW,S07,U000048,CP2
CE000283,3274611,POWER_DRAW,S14,U000040,CP2
CE000284,3281874,RFID_CHECKPOINT,S35,U000022,CP1
CE000285,3291064,RFID_CHECKPOINT,S28,U000028,CP1
CE000286,3291640,RFID_CHECKPOINT,S21,U000033,CP1
CE000287,3311823,POWER_DRAW,S28,U000028,CP2
CE000288,3311834,RFID_CHECKPOINT,S07,U000049,CP1
CE000289,3329693,POWER_DRAW,S07,U000049,CP2
CE000290,3331739,RFID_CHECKPOINT,S14,U000041,CP1
CE000291,3335820,RFID_CHECKPOINT,S35,U000023,CP1
CE000292,3343569,POWER_DRAW,S14,U000041,CP2
CE000293,3352274,POWER_DRAW,S35,U000023,CP2
CE000294,3358635,RFID_CHECKPOINT,S21,U000034,CP1
CE000295,3365411,POWER_DRAW,S21,U000034,CP2
CE000296,3376021,RFID_CHECKPOINT,S07,U000050,CP1
CE000297,3382469,POWER_DRAW,S14,U000042,CP2
CE000298,3394621,POWER_DRAW,S07,U000050,CP2
CE000299,3405140,RFID_CHECKPOINT,S35,U000024,CP1
CE000300,3407649,RFID_CHECKPOINT,S28,U000029,CP1
CE000301,3413183,RFID_CHECKPOINT,S21,U000035,CP1
CE000302,3420025,POWER_DRAW,S21,U000035,CP2
CE000303,3420857,POWER_DRAW,S28,U000029,CP2
CE000304,3421701,RFID_CHECKPOINT,S14,U000042,CP1
CE000305,3421701,RFID_CHECKPOINT,S14,U000043,CP1
CE000306,3425669,POWER_DRAW,S35,U000024,CP2
CE000307,3435502,POWER_DRAW,S14,U000043,CP2
CE000308,3438928,RFID_CHECKPOINT,S07,U000051,CP1
CE000309,3459819,RFID_CHECKPOINT,S28,U000030,CP1
CE000310,3464140,RFID_CHECKPOINT,S21,U000036,CP1
CE000311,3476722,RFID_CHECKPOINT,S35,U000025,CP1
CE000312,3481885,RFID_CHECKPOINT,S14,U000044,CP1
CE000313,3497914,POWER_DRAW,S14,U000044,CP2
CE000314,3500146,POWER_DRAW,S35,U000025,CP2
CE000315,3511850,POWER_DRAW,S07,U000052,CP2
CE000316,3532972,RFID_CHECKPOINT,S21,U000037,CP1
CE000317,3533142,RFID_CHECKPOINT,S28,U000030,CP1
CE000318,3533142,RFID_CHECKPOINT,S28,U000031,CP1
CE000319,3541036,RFID_CHECKPOINT,S35,U000026,CP1
CE000320,3545000,RFID_CHECKPOINT,S07,U000053,CP1
CE000321,3548350,RFID_CHECKPOINT,S14,U000045,CP1
CE000322,3548413,POWER_DRAW,S21,U000037,CP2
CE000323,3553421,POWER_DRAW,S28,U000031,CP2
CE000324,3555048,POWER_DRAW,S14,U000045,CP2
CE000325,3555329,POWER_DRAW,S35,U000026,CP2
CE000326,3558530,POWER_DRAW,S07,U000053,CP2
CE000327,3590681,RFID_CHECKPOINT,S28,U000032,CP1
CE000328,3594310,RFID_CHECKPOINT,S07,U000054,CP1
CE000329,3598091,POWER_DRAW,S28,U000032,CP2
CE000330,3601024,POWER_DRAW,S07,U000054,CP2
CE000331,3602600,RFID_CHECKPOINT,S35,U000027,CP1
CE000332,3607206,RFID_CHECKPOINT,S21,U000038,CP1
CE000333,3610829,RFID_CHECKPOINT,S14,U000046,CP1
CE000334,3621565,POWER_DRAW,S21,U000038,CP2
CE000335,3626548,POWER_DRAW,S35,U000027,CP2
CE000336,3629134,POWER_DRAW,S14,U000046,CP2
CE000337,3649166,RFID_CHECKPOINT,S07,U000055,CP1
CE000338,3666424,POWER_DRAW,S07,U000055,CP2
CE000339,3669099,RFID_CHECKPOINT,S35,U000028,CP1
CE000340,3671394,POWER_DRAW,S28,U000033,CP2
CE000341,3673886,RFID_CHECKPOINT,S14,U000047,CP1
CE000342,3681542,POWER_DRAW,S14,U000047,CP2
CE000343,3685004,POWER_DRAW,S21,U000039,CP2
CE000344,3692285,POWER_DRAW,S35,U000028,CP2
CE000345,3706428,RFID_CHECKPOINT,S14,U000048,CP1
CE000346,3708369,POWER_DRAW,S14,U000048,CP2
CE000347,3711519,RFID_CHECKPOINT,S07,U000056,CP1
CE000348,3719638,RFID_CHECKPOINT,S21,U000039,CP1
CE000349,3719638,RFID_CHECKPOINT,S21,U000040,CP1
CE000350,3722604,POWER_DRAW,S07,U000056,CP2
CE000351,3728933,RFID_CHECKPOINT,S28,U000034,CP1
CE000352,3735073,RFID_CHECKPOINT,S35,U000029,CP1
CE000353,3736232,POWER_DRAW,S21,U000040,CP2
CE000354,3741608,POWER_DRAW,S28,U000034,CP2
CE000355,3755093,POWER_DRAW,S35,U000029,CP2
CE000356,3764839,RFID_CHECKPOINT,S07,U000057,CP1
CE000357,3774671,RFID_CHECKPOINT,S21,U000041,CP1
CE000358,3779301,POWER_DRAW,S07,U000056,CP2
CE000359,3779301,POWER_DRAW,S07,U000057,CP2
CE000360,3785372,RFID_CHECKPOINT,S14,U000048,CP1
CE000361,3789459,RFID_CHECKPOINT,S28,U000035,CP1
CE000362,3799813,POWER_DRAW,S14,U000049,CP2
CE000363,3802399,RFID_CHECKPOINT,S35,U000030,CP1
CE000364,3811918,POWER_DRAW,S28,U000035,CP2
CE000365,3820734,POWER_DRAW,S35,U000030,CP2
CE000366,3833302,RFID_CHECKPOINT,S21,U000042,CP1
CE000367,3834003,RFID_CHECKPOINT,S07,U000058,CP1
CE000368,3839389,POWER_DRAW,S21,U000042,CP2
CE000369,3842068,RFID_CHECKPOINT,S28,U000036,CP1
CE000370,3850594,POWER_DRAW,S28,U000036,CP2
CE000371,3850886,POWER_DRAW,S07,U000058,CP2
CE000372,3856854,RFID_CHECKPOINT,S14,U000050,CP1
CE000373,3874330,RFID_CHECKPOINT,S35,U000031,CP1
CE000374,3877854,RFID_CHECKPOINT,S21,U000043,CP1
CE000375,3877905,POWER_DRAW,S14,U000050,CP2
CE000376,3887359,POWER_DRAW,S21,U000043,CP2
CE000377,3899242,POWER_DRAW,S07,U000059,CP2
CE000378,3902209,RFID_CHECKPOINT,S28,U000037,CP1
CE000379,3918769,POWER_DRAW,S28,U000037,CP2
CE000380,3931920,RFID_CHECKPOINT,S21,U000044,CP1
CE000381,3932243,RFID_CHECKPOINT,S14,U000051,CP1
CE000382,3946108,RFID_CHECKPOINT,S35,U000032,CP1
CE000383,3950414,POWER_DRAW,S21,U000044,CP2
CE000384,3959083,RFID_CHECKPOINT,S07,U000060,CP1
CE000385,3962782,POWER_DRAW,S07,U000060,CP2
CE000386,3972806,RFID_CHECKPOINT,S28,U000038,CP1
CE000387,3987679,RFID_CHECKPOINT,S14,U000052,CP1
CE000388,3988008,RFID_CHECKPOINT,S21,U000045,CP1
CE000389,3991705,POWER_DRAW,S28,U000038,CP2
CE000390,3999996,POWER_DRAW,S21,U000045,CP2
CE000391,4005349,POWER_DRAW,S14,U000052,CP2
CE000392,4019208,RFID_CHECKPOINT,S35,U000033,CP1
CE000393,4037088,POWER_DRAW,S35,U000033,CP2
CE000394,4039025,RFID_CHECKPOINT,S28,U000039,CP1
CE000395,4039468,RFID_CHECKPOINT,S14,U000053,CP1
CE000396,4042874,RFID_CHECKPOINT,S07,U000061,CP1
CE000397,4046027,RFID_CHECKPOINT,S21,U000046,CP1
CE000398,4052908,POWER_DRAW,S14,U000053,CP2
CE000399,4055929,POWER_DRAW,S21,U000046,CP2
CE000400,4057854,POWER_DRAW,S28,U000039,CP2
CE000401,4065095,POWER_DRAW,S07,U000061,CP2
CE000402,4088167,RFID_CHECKPOINT,S35,U000034,CP1
CE000403,4095500,POWER_DRAW,S35,U000034,CP2
CE000404,4096445,RFID_CHECKPOINT,S28,U000040,CP1
CE000405,4105789,RFID_CHECKPOINT,S14,U000054,CP1
CE000406,4107577,POWER_DRAW,S28,U000040,CP2
CE000407,4111041,RFID_CHECKPOINT,S21,U000047,CP1
CE000408,4111254,RFID_CHECKPOINT,S07,U000062,CP1
CE000409,4114567,POWER_DRAW,S14,U000054,CP2
CE000410,4117034,POWER_DRAW,S21,U000047,CP2
CE000411,4143700,RFID_CHECKPOINT,S35,U000035,CP1
CE000412,4147012,RFID_CHECKPOINT,S14,U000055,CP1
CE000413,4150493,RFID_CHECKPOINT,S28,U000041,CP1
CE000414,4156735,POWER_DRAW,S14,U000055,CP2
CE000415,4159193,POWER_DRAW,S28,U000041,CP2
CE000416,4159711,POWER_DRAW,S35,U000035,CP2
CE000417,4173981,RFID_CHECKPOINT,S21,U000048,CP1
CE000418,4186694,POWER_DRAW,S21,U000048,CP2
CE000419,4188429,POWER_DRAW,S07,U000063,CP2
CE000420,4201789,RFID_CHECKPOINT,S35,U000036,CP1
CE000421,4202704,RFID_CHECKPOINT,S28,U000042,CP1
CE000422,4205529,RFID_CHECKPOINT,S14,U000056,CP1
CE000423,4211727,POWER_DRAW,S28,U000042,CP2
CE000424,4219887,POWER_DRAW,S35,U000036,CP2
CE000425,4237280,RFID_CHECKPOINT,S21,U000049,CP1
CE000426,4245790,RFID_CHECKPOINT,S07,U000064,CP1
CE000427,4249485,POWER_DRAW,S21,U000049,CP2
CE000428,4262225,POWER_DRAW,S07,U000064,CP2
CE000429,4263257,RFID_CHECKPOINT,S35,U000037,CP1
CE000430,4265709,RFID_CHECKPOINT,S28,U000043,CP1
CE000431,4277906,POWER_DRAW,S28,U000043,CP2
CE000432,4280011,POWER_DRAW,S35,U000037,CP2
CE000433,4281169,RFID_CHECKPOINT,S14,U000057,CP1
CE000434,4298341,POWER_DRAW,S21,U000050,CP2
CE000435,4303898,POWER_DRAW,S14,U000057,CP2
CE000436,4313472,RFID_CHECKPOINT,S07,U000065,CP1
CE000437,4326191,RFID_CHECKPOINT,S28,U000044,CP1
CE000438,4328817,RFID_CHECKPOINT,S35,U000038,CP1
CE000439,4333717,POWER_DRAW,S07,U000065,CP2
CE000440,4339484,POWER_DRAW,S28,U000044,CP2
CE000441,4352161,POWER_DRAW,S35,U000038,CP2
CE000442,4353057,RFID_CHECKPOINT,S21,U000051,CP1
CE000443,4358169,RFID_CHECKPOINT,S14,U000058,CP1
CE000444,4367927,POWER_DRAW,S21,U000051,CP2
CE000445,4371925,POWER_DRAW,S14,U000058,CP2
CE000446,4373421,RFID_CHECKPOINT,S28,U000045,CP1
CE000447,4388648,RFID_CHECKPOINT,S07,U000065,CP1
CE000448,4388648,RFID_CHECKPOINT,S07,U000066,CP1
CE000449,4409161,RFID_CHECKPOINT,S14,U000059,CP1
CE000450,4414094,POWER_DRAW,S35,U000039,CP2
CE000451,4424417,RFID_CHECKPOINT,S21,U000052,CP1
CE000452,4425270,POWER_DRAW,S14,U000059,CP2
CE000453,4442277,POWER_DRAW,S21,U000052,CP2
CE000454,4442511,RFID_CHECKPOINT,S07,U000067,CP1
CE000455,4447509,RFID_CHECKPOINT,S28,U000046,CP1
CE000456,4459356,RFID_CHECKPOINT,S35,U000039,CP1
CE000457,4459356,RFID_CHECKPOINT,S35,U000040,CP1
CE000458,4460823,POWER_DRAW,S07,U000067,CP2
CE000459,4466309,POWER_DRAW,S28,U000046,CP2
CE000460,4469232,RFID_CHECKPOINT,S14,U000060,CP1
CE000461,4472557,POWER_DRAW,S35,U000040,CP2
CE000462,4488874,RFID_CHECKPOINT,S21,U000053,CP1
CE000463,4498135,RFID_CHECKPOINT,S07,U000068,CP1
CE000464,4508664,RFID_CHECKPOINT,S28,U000047,CP1
CE000465,4509630,POWER_DRAW,S21,U000053,CP2
CE000466,4516768,POWER_DRAW,S28,U000047,CP2
CE000467,4517077,POWER_DRAW,S07,U000068,CP2
CE000468,4517626,RFID_CHECKPOINT,S35,U000041,CP1
CE000469,4541008,POWER_DRAW,S35,U000041,CP2
CE000470,4548321,RFID_CHECKPOINT,S21,U000054,CP1
CE000471,4553022,POWER_DRAW,S14,U000061,CP2
CE000472,4556249,RFID_CHECKPOINT,S28,U000048,CP1
CE000473,4563567,RFID_CHECKPOINT,S07,U000069,CP1
CE000474,4568312,POWER_DRAW,S21,U000054,CP2
CE000475,4573651,POWER_DRAW,S07,U000069,CP2
CE000476,4577345,POWER_DRAW,S28,U000048,CP2
CE000477,4590605,RFID_CHECKPOINT,S35,U000042,CP1
CE000478,4605756,POWER_DRAW,S14,U000062,CP2
CE000479,4609674,RFID_CHECKPOINT,S21,U000055,CP1
CE000480,4614868,RFID_CHECKPOINT,S07,U000070,CP1
CE000481,4622162,RFID_CHECKPOINT,S28,U000049,CP1
CE000482,4623810,POWER_DRAW,S07,U000070,CP2
CE000483,4628157,POWER_DRAW,S21,U000055,CP2
CE000484,4632799,POWER_DRAW,S28,U000049,CP2
CE000485,4646603,RFID_CHECKPOINT,S35,U000043,CP1
CE000486,4648974,RFID_CHECKPOINT,S14,U000063,CP1
CE000487,4660918,POWER_DRAW,S14,U000063,CP2
CE000488,4665607,RFID_CHECKPOINT,S28,U000050,CP1
CE000489,4666782,RFID_CHECKPOINT,S21,U000056,CP1
CE000490,4666992,RFID_CHECKPOINT,S07,U000071,CP1
CE000491,4677115,POWER_DRAW,S07,U000071,CP2
CE000492,4685035,POWER_DRAW,S28,U000050,CP2
CE000493,4687032,POWER_DRAW,S21,U000056,CP2
CE000494,4701601,RFID_CHECKPOINT,S35,U000044,CP1
CE000495,4711333,RFID_CHECKPOINT,S14,U000064,CP1
CE000496,4719619,RFID_CHECKPOINT,S07,U000072,CP1
CE000497,4722840,POWER_DRAW,S35,U000044,CP2
CE000498,4729955,RFID_CHECKPOINT,S21,U000057,CP1
CE000499,4739972,POWER_DRAW,S07,U000072,CP2
CE000500,4744599,RFID_CHECKPOINT,S28,U000051,CP1
CE000501,4755187,POWER_DRAW,S28,U000051,CP2
CE000502,4764759,RFID_CHECKPOINT,S35,U000045,CP1
CE000503,4773992,POWER_DRAW,S35,U000045,CP2
CE000504,4792082,RFID_CHECKPOINT,S07,U000073,CP1
CE000505,4794102,RFID_CHECKPOINT,S14,U000065,CP1
CE000506,4798292,RFID_CHECKPOINT,S21,U000058,CP1
CE000507,4802412,RFID_CHECKPOINT,S28,U000052,CP1
CE000508,4809745,POWER_DRAW,S21,U000058,CP2
CE000509,4810894,POWER_DRAW,S14,U000065,CP2
CE000510,4822761,POWER_DRAW,S28,U000052,CP2
CE000511,4828456,RFID_CHECKPOINT,S35,U000046,CP1
CE000512,4846379,RFID_CHECKPOINT,S14,U000066,CP1
CE000513,4850599,POWER_DRAW,S35,U000046,CP2
CE000514,4858051,RFID_CHECKPOINT,S07,U000074,CP1
CE000515,4861852,POWER_DRAW,S14,U000066,CP2
CE000516,4879372,POWER_DRAW,S07,U000074,CP2
CE000517,4882545,POWER_DRAW,S21,U000059,CP2
CE000518,4882546,RFID_CHECKPOINT,S28,U000053,CP1
CE000519,4893261,RFID_CHECKPOINT,S14,U000067,CP1
CE000520,4898463,POWER_DRAW,S28,U000052,CP2
CE000521,4898463,POWER_DRAW,S28,U000053,CP2
CE000522,4906016,POWER_DRAW,S14,U000067,CP2
CE000523,4917188,POWER_DRAW,S35,U000047,CP2
CE000524,4922769,RFID_CHECKPOINT,S07,U000075,CP1
CE000525,4937818,POWER_DRAW,S07,U000075,CP2
CE000526,4942315,RFID_CHECKPOINT,S21,U000060,CP1
CE000527,4946168,RFID_CHECKPOINT,S14,U000068,CP1
CE000528,4947274,RFID_CHECKPOINT,S28,U000054,CP1
CE000529,4957336,RFID_CHECKPOINT,S35,U000048,CP1
CE000530,4960649,POWER_DRAW,S21,U000060,CP2
CE000531,4972386,POWER_DRAW,S28,U000054,CP2
CE000532,4972905,POWER_DRAW,S35,U000047,CP2
CE000533,4972905,POWER_DRAW,S35,U000048,CP2
CE000534,4986922,RFID_CHECKPOINT,S14,U000069,CP1
CE000535,4993104,RFID_CHECKPOINT,S07,U000076,CP1
CE000536,4999597,POWER_DRAW,S14,U000069,CP2
CE000537,5005240,POWER_DRAW,S07,U000076,CP2
CE000538,5019110,RFID_CHECKPOINT,S28,U000055,CP1
CE000539,5024662,RFID_CHECKPOINT,S21,U000061,CP1
CE000540,5028056,RFID_CHECKPOINT,S35,U000049,CP1
CE000541,5036431,POWER_DRAW,S28,U000055,CP2
CE000542,5046624,POWER_DRAW,S35,U000049,CP2
CE000543,5048011,RFID_CHECKPOINT,S14,U000070,CP1
CE000544,5056252,POWER_DRAW,S21,U000061,CP2
CE000545,5057255,POWER_DRAW,S14,U000070,CP2
CE000546,5061543,RFID_CHECKPOINT,S07,U000077,CP1
CE000547,5076468,RFID_CHECKPOINT,S28,U000056,CP1
CE000548,5077944,POWER_DRAW,S07,U000077,CP2
CE000549,5089706,RFID_CHECKPOINT,S35,U000050,CP1
CE000550,5100745,POWER_DRAW,S28,U000056,CP2
CE000551,5103512,RFID_CHECKPOINT,S14,U000071,CP1
CE000552,5106691,POWER_DRAW,S35,U000050,CP2
CE000553,5111653,RFID_CHECKPOINT,S21,U000062,CP1
CE000554,5117547,POWER_DRAW,S14,U000071,CP2
CE000555,5121310,POWER_DRAW,S21,U000062,CP2
CE000556,5126928,POWER_DRAW,S07,U000078,CP2
CE000557,5144546,RFID_CHECKPOINT,S28,U000057,CP1
CE000558,5156924,RFID_CHECKPOINT,S14,U000072,CP1
CE000559,5157330,RFID_CHECKPOINT,S35,U000051,CP1
CE000560,5162733,POWER_DRAW,S28,U000057,CP2
CE000561,5169195,POWER_DRAW,S35,U000051,CP2
CE000562,5169981,POWER_DRAW,S14,U000072,CP2
CE000563,5171780,RFID_CHECKPOINT,S21,U000063,CP1
CE000564,5183495,POWER_DRAW,S21,U000063,CP2
CE000565,5197954,POWER_DRAW,S07,U000079,CP2
CE000566,5208953,RFID_CHECKPOINT,S28,U000058,CP1
CE000567,5210349,RFID_CHECKPOINT,S35,U000052,CP1
CE000568,5215830,RFID_CHECKPOINT,S14,U000073,CP1
CE000569,5218120,POWER_DRAW,S35,U000052,CP2
CE000570,5219131,POWER_DRAW,S28,U000058,CP2
CE000571,5224926,RFID_CHECKPOINT,S21,U000064,CP1
CE000572,5232573,POWER_DRAW,S14,U000073,CP2
CE000573,5249078,RFID_CHECKPOINT,S07,U000080,CP1
CE000574,5263054,POWER_DRAW,S07,U000080,CP2
CE000575,5268336,RFID_CHECKPOINT,S35,U000053,CP1
CE000576,5268535,RFID_CHECKPOINT,S28,U000059,CP1
CE000577,5274356,POWER_DRAW,S28,U000059,CP2
CE000578,5277730,POWER_DRAW,S35,U000053,CP2
CE000579,5285401,RFID_CHECKPOINT,S21,U000065,CP1
CE000580,5297915,POWER_DRAW,S14,U000074,CP2
CE000581,5305754,POWER_DRAW,S21,U000065,CP2
CE000582,5324384,RFID_CHECKPOINT,S28,U000060,CP1
CE000583,5329440,RFID_CHECKPOINT,S35,U000054,CP1
CE000584,5335363,RFID_CHECKPOINT,S14,U000075,CP1
CE000585,5345206,POWER_DRAW,S14,U000075,CP2
CE000586,5347839,POWER_DRAW,S28,U000060,CP2
CE000587,5349130,RFID_CHECKPOINT,S21,U000066,CP1
CE000588,5351471,POWER_DRAW,S35,U000054,CP2
CE000589,5355321,RFID_CHECKPOINT,S07,U000082,CP1
CE000590,5365888,POWER_DRAW,S21,U000066,CP2
CE000591,5369558,POWER_DRAW,S07,U000082,CP2
CE000592,5385843,RFID_CHECKPOINT,S14,U000076,CP1
CE000593,5390292,RFID_CHECKPOINT,S28,U000061,CP1
CE000594,5396482,POWER_DRAW,S14,U000076,CP2
CE000595,5398864,RFID_CHECKPOINT,S35,U000055,CP1
CE000596,5405483,RFID_CHECKPOINT,S07,U000083,CP1
CE000597,5409123,POWER_DRAW,S28,U000061,CP2
CE000598,5415156,POWER_DRAW,S35,U000055,CP2
CE000599,5418068,RFID_CHECKPOINT,S21,U000067,CP1
CE000600,5425486,POWER_DRAW,S07,U000083,CP2
CE000601,5433683,POWER_DRAW,S21,U000067,CP2
CE000602,5452792,RFID_CHECKPOINT,S14,U000077,CP1
CE000603,5462229,RFID_CHECKPOINT,S35,U000056,CP1
CE000604,5463867,POWER_DRAW,S14,U000077,CP2
CE000605,5465024,RFID_CHECKPOINT,S28,U000062,CP1
CE000606,5467590,RFID_CHECKPOINT,S07,U000084,CP1
CE000607,5471050,POWER_DRAW,S35,U000056,CP2
CE000608,5479915,POWER_DRAW,S28,U000062,CP2
CE000609,5492086,RFID_CHECKPOINT,S21,U000068,CP1
CE000610,5516922,RFID_CHECKPOINT,S14,U000078,CP1
CE000611,5532410,POWER_DRAW,S14,U000078,CP2
CE000612,5535332,RFID_CHECKPOINT,S28,U000063,CP1
CE000613,5552049,POWER_DRAW,S07,U000085,CP2
CE000614,5555039,RFID_CHECKPOINT,S21,U000069,CP1
CE000615,5560148,POWER_DRAW,S28,U000063,CP2
CE000616,5567100,RFID_CHECKPOINT,S35,U000058,CP1
CE000617,5570287,POWER_DRAW,S21,U000069,CP2
CE000618,5577190,POWER_DRAW,S35,U000058,CP2
CE000619,5585513,POWER_DRAW,S14,U000079,CP2
CE000620,5598201,RFID_CHECKPOINT,S07,U000086,CP1
CE000621,5606916,POWER_DRAW,S07,U000086,CP2
CE000622,5610820,RFID_CHECKPOINT,S28,U000064,CP1
CE000623,5611232,RFID_CHECKPOINT,S21,U000070,CP1
CE000624,5626477,POWER_DRAW,S21,U000070,CP2
CE000625,5626826,POWER_DRAW,S28,U000064,CP2
CE000626,5633186,RFID_CHECKPOINT,S14,U000080,CP1
CE000627,5640459,RFID_CHECKPOINT,S07,U000087,CP1
CE000628,5647315,POWER_DRAW,S14,U000080,CP2
CE000629,5668332,RFID_CHECKPOINT,S21,U000071,CP1
CE000630,5671607,RFID_CHECKPOINT,S35,U000060,CP1
CE000631,5673154,RFID_CHECKPOINT,S28,U000065,CP1
CE000632,5682157,POWER_DRAW,S21,U000071,CP2
CE000633,5686228,POWER_DRAW,S35,U000060,CP2
CE000634,5688280,POWER_DRAW,S28,U000065,CP2
CE000635,5698062,RFID_CHECKPOINT,S07,U000088,CP1
CE000636,5699803,RFID_CHECKPOINT,S14,U000081,CP1
CE000637,5711822,POWER_DRAW,S07,U000088,CP2
CE000638,5732538,RFID_CHECKPOINT,S21,U000072,CP1
CE000639,5734326,RFID_CHECKPOINT,S28,U000066,CP1
CE000640,5747261,RFID_CHECKPOINT,S35,U000061,CP1
CE000641,5752014,POWER_DRAW,S28,U000066,CP2
CE000642,5753359,POWER_DRAW,S21,U000072,CP2
CE000643,5762454,RFID_CHECKPOINT,S14,U000082,CP1
CE000644,5769043,RFID_CHECKPOINT,S07,U000089,CP1
CE000645,5776938,POWER_DRAW,S14,U000082,CP2
CE000646,5795634,RFID_CHECKPOINT,S21,U000074,CP1
CE000647,5795634,RFID_CHECKPOINT,S21,U000073,CP1
CE000648,5804777,POWER_DRAW,S21,U000073,CP2
CE000649,5824639,POWER_DRAW,S28,U000067,CP2
CE000650,5825792,RFID_CHECKPOINT,S35,U000062,CP1
CE000651,5831745,RFID_CHECKPOINT,S14,U000083,CP1
CE000652,5838431,POWER_DRAW,S35,U000062,CP2
CE000653,5842579,RFID_CHECKPOINT,S07,U000090,CP1
CE000654,5847264,POWER_DRAW,S14,U000083,CP2
CE000655,5851116,RFID_CHECKPOINT,S21,U000074,CP1
CE000656,5864980,POWER_DRAW,S07,U000090,CP2
CE000657,5870251,RFID_CHECKPOINT,S28,U000068,CP1
CE000658,5875200,POWER_DRAW,S28,U000068,CP2
CE000659,5880327,RFID_CHECKPOINT,S14,U000084,CP1
CE000660,5888836,POWER_DRAW,S14,U000084,CP2
CE000661,5915344,RFID_CHECKPOINT,S28,U000069,CP1
CE000662,5919100,RFID_CHECKPOINT,S07,U000091,CP1
CE000663,5919746,RFID_CHECKPOINT,S21,U000075,CP1
CE000664,5933149,POWER_DRAW,S28,U000069,CP2
CE000665,5937948,POWER_DRAW,S21,U000075,CP2
CE000666,5944578,RFID_CHECKPOINT,S14,U000085,CP1
CE000667,5947353,POWER_DRAW,S07,U000091,CP2
CE000668,5951902,RFID_CHECKPOINT,S35,U000063,CP1
CE000669,5954700,POWER_DRAW,S14,U000085,CP2
CE000670,5964361,POWER_DRAW,S35,U000063,CP2
CE000671,5969277,RFID_CHECKPOINT,S28,U000070,CP1
CE000672,5980135,RFID_CHECKPOINT,S21,U000076,CP1
CE000673,5986726,POWER_DRAW,S21,U000076,CP2
CE000674,5986775,POWER_DRAW,S28,U000070,CP2
CE000675,6005957,POWER_DRAW,S07,U000092,CP2
CE000676,6012856,RFID_CHECKPOINT,S35,U000064,CP1
CE000677,6014012,RFID_CHECKPOINT,S14,U000086,CP1
CE000678,6019673,POWER_DRAW,S35,U000064,CP2
CE000679,6043191,RFID_CHECKPOINT,S21,U000077,CP1
CE000680,6043347,RFID_CHECKPOINT,S28,U000071,CP1
CE000681,6048293,RFID_CHECKPOINT,S07,U000093,CP1
CE000682,6058110,POWER_DRAW,S28,U000071,CP2
CE000683,6060239,POWER_DRAW,S21,U000077,CP2
CE000684,6061622,POWER_DRAW,S07,U000093,CP2
CE000685,6067958,RFID_CHECKPOINT,S14,U000087,CP1
CE000686,6070767,RFID_CHECKPOINT,S35,U000065,CP1
CE000687,6079062,POWER_DRAW,S14,U000087,CP2
CE000688,6093207,POWER_DRAW,S35,U000065,CP2
CE000689,6101580,RFID_CHECKPOINT,S21,U000078,CP1
CE000690,6109354,POWER_DRAW,S21,U000078,CP2
CE000691,6113926,RFID_CHECKPOINT,S07,U000094,CP1
CE000692,6126239,RFID_CHECKPOINT,S14,U000088,CP1
CE000693,6129523,POWER_DRAW,S07,U000094,CP2
CE000694,6138917,RFID_CHECKPOINT,S35,U000066,CP1
CE000695,6139652,POWER_DRAW,S14,U000088,CP2
CE000696,6148069,RFID_CHECKPOINT,S28,U000072,CP1
CE000697,6149260,RFID_CHECKPOINT,S21,U000079,CP1
CE000698,6155054,POWER_DRAW,S35,U000066,CP2
CE000699,6157397,POWER_DRAW,S21,U000079,CP2
CE000700,6168912,POWER_DRAW,S28,U000072,CP2
CE000701,6190021,RFID_CHECKPOINT,S35,U000067,CP1
CE000702,6198340,RFID_CHECKPOINT,S14,U000089,CP1
CE000703,6200268,POWER_DRAW,S35,U000067,CP2
CE000704,6212261,POWER_DRAW,S21,U000080,CP2
CE000705,6222516,RFID_CHECKPOINT,S07,U000096,CP1
CE000706,6238078,POWER_DRAW,S28,U000073,CP2
CE000707,6247871,POWER_DRAW,S07,U000096,CP2
CE000708,6251340,RFID_CHECKPOINT,S21,U000081,CP1
CE000709,6255418,POWER_DRAW,S35,U000068,CP2
CE000710,6262157,POWER_DRAW,S21,U000081,CP2
CE000711,6263595,RFID_CHECKPOINT,S14,U000090,CP1
CE000712,6269595,RFID_CHECKPOINT,S28,U000073,CP1
CE000713,6269595,RFID_CHECKPOINT,S28,U000074,CP1
CE000714,6280877,POWER_DRAW,S28,U000074,CP2
CE000715,6289186,RFID_CHECKPOINT,S07,U000097,CP1
CE000716,6300866,RFID_CHECKPOINT,S35,U000069,CP1
CE000717,6303182,RFID_CHECKPOINT,S21,U000081,CP1
CE000718,6303182,RFID_CHECKPOINT,S21,U000082,CP1
CE000719,6309980,POWER_DRAW,S07,U000097,CP2
CE000720,6311708,RFID_CHECKPOINT,S14,U000091,CP1
CE000721,6317102,POWER_DRAW,S14,U000091,CP2
CE000722,6318427,RFID_CHECKPOINT,S28,U000075,CP1
CE000723,6321010,POWER_DRAW,S21,U000082,CP2
CE000724,6355808,RFID_CHECKPOINT,S14,U000091,CP1
CE000725,6355808,RFID_CHECKPOINT,S14,U000092,CP1
CE000726,6358258,RFID_CHECKPOINT,S21,U000083,CP1
CE000727,6370107,RFID_CHECKPOINT,S07,U000098,CP1
CE000728,6372791,POWER_DRAW,S21,U000083,CP2
CE000729,6376403,POWER_DRAW,S35,U000070,CP2
CE000730,6392395,POWER_DRAW,S07,U000098,CP2
CE000731,6395502,POWER_DRAW,S28,U000076,CP2
CE000732,6401556,RFID_CHECKPOINT,S21,U000084,CP1
CE000733,6415557,POWER_DRAW,S21,U000084,CP2
CE000734,6425783,RFID_CHECKPOINT,S14,U000093,CP1
CE000735,6429635,RFID_CHECKPOINT,S35,U000071,CP1
CE000736,6433266,RFID_CHECKPOINT,S07,U000099,CP1
CE000737,6433431,POWER_DRAW,S14,U000093,CP2
CE000738,6443099,POWER_DRAW,S35,U000071,CP2
CE000739,6443246,RFID_CHECKPOINT,S28,U000077,CP1
CE000740,6447821,POWER_DRAW,S07,U000099,CP2
CE000741,6452491,POWER_DRAW,S28,U000077,CP2
CE000742,6467564,RFID_CHECKPOINT,S21,U000085,CP1
CE000743,6480984,RFID_CHECKPOINT,S14,U000093,CP1
CE000744,6480984,RFID_CHECKPOINT,S14,U000094,CP1
CE000745,6482063,POWER_DRAW,S21,U000085,CP2
CE000746,6489464,POWER_DRAW,S14,U000094,CP2
CE000747,6497550,RFID_CHECKPOINT,S28,U000077,CP1
CE000748,6497550,RFID_CHECKPOINT,S28,U000078,CP1
CE000749,6505363,RFID_CHECKPOINT,S07,U000100,CP1
CE000750,6513148,POWER_DRAW,S28,U000078,CP2
CE000751,6514313,RFID_CHECKPOINT,S35,U000072,CP1
CE000752,6528854,RFID_CHECKPOINT,S21,U000086,CP1
CE000753,6535986,POWER_DRAW,S14,U000095,CP2
CE000754,6537554,POWER_DRAW,S35,U000072,CP2
CE000755,6541656,POWER_DRAW,S21,U000086,CP2
CE000756,6573753,RFID_CHECKPOINT,S07,U000101,CP1
CE000757,6586963,RFID_CHECKPOINT,S35,U000073,CP1
CE000758,6589927,POWER_DRAW,S07,U000101,CP2
CE000759,6591129,RFID_CHECKPOINT,S14,U000096,CP1
CE000760,6606097,POWER_DRAW,S21,U000087,CP2
CE000761,6607578,POWER_DRAW,S28,U000079,CP2
CE000762,6647244,RFID_CHECKPOINT,S07,U000102,CP1
CE000763,6651556,RFID_CHECKPOINT,S14,U000097,CP1
CE000764,6660233,RFID_CHECKPOINT,S28,U000080,CP1
CE000765,6660358,POWER_DRAW,S14,U000097,CP2
CE000766,6664684,RFID_CHECKPOINT,S21,U000088,CP1
CE000767,6664978,POWER_DRAW,S07,U000103,CP2
CE000768,6664978,POWER_DRAW,S07,U000102,CP2
CE000769,6669264,POWER_DRAW,S28,U000080,CP2
CE000770,6669358,RFID_CHECKPOINT,S35,U000074,CP1
CE000771,6678673,POWER_DRAW,S21,U000088,CP2
CE000772,6683026,POWER_DRAW,S35,U000074,CP2
CE000773,6718637,RFID_CHECKPOINT,S28,U000081,CP1
CE000774,6727835,RFID_CHECKPOINT,S07,U000103,CP1
CE000775,6732039,RFID_CHECKPOINT,S14,U000098,CP1
CE000776,6732831,RFID_CHECKPOINT,S21,U000089,CP1
CE000777,6735556,RFID_CHECKPOINT,S35,U000075,CP1
CE000778,6738979,POWER_DRAW,S28,U000080,CP2
CE000779,6738979,POWER_DRAW,S28,U000081,CP2
CE000780,6746339,POWER_DRAW,S21,U000089,CP2
CE000781,6747817,POWER_DRAW,S14,U000098,CP2
CE000782,6761135,POWER_DRAW,S35,U000075,CP2
CE000783,6782313,RFID_CHECKPOINT,S28,U000082,CP1
CE000784,6797572,POWER_DRAW,S21,U000090,CP2
CE000785,6798869,RFID_CHECKPOINT,S07,U000104,CP1
CE000786,6799285,POWER_DRAW,S28,U000082,CP2
CE000787,6801194,RFID_CHECKPOINT,S35,U000076,CP1
CE000788,6816275,POWER_DRAW,S07,U000104,CP2
CE000789,6820754,RFID_CHECKPOINT,S14,U000099,CP1
CE000790,6838388,POWER_DRAW,S14,U000099,CP2
CE000791,6850329,RFID_CHECKPOINT,S21,U000091,CP1
CE000792,6852720,RFID_CHECKPOINT,S28,U000083,CP1
CE000793,6860277,POWER_DRAW,S28,U000083,CP2
CE000794,6865426,POWER_DRAW,S21,U000091,CP2
CE000795,6868930,RFID_CHECKPOINT,S07,U000105,CP1
CE000796,6879987,POWER_DRAW,S35,U000077,CP2
CE000797,6887248,POWER_DRAW,S07,U000105,CP2
CE000798,6888689,RFID_CHECKPOINT,S14,U000100,CP1
CE000799,6906453,RFID_CHECKPOINT,S21,U000092,CP1
CE000800,6907876,POWER_DRAW,S14,U000100,CP2
CE000801,6914810,POWER_DRAW,S28,U000084,CP2
CE000802,6924068,POWER_DRAW,S21,U000092,CP2
CE000803,6926450,RFID_CHECKPOINT,S35,U000078,CP1
CE000804,6943040,POWER_DRAW,S35,U000078,CP2
CE000805,6950623,POWER_DRAW,S07,U000106,CP2
CE000806,6952825,RFID_CHECKPOINT,S28,U000085,CP1
CE000807,6961876,POWER_DRAW,S28,U000085,CP2
CE000808,6963761,RFID_CHECKPOINT,S14,U000101,CP1
CE000809,6964617,RFID_CHECKPOINT,S21,U000093,CP1
CE000810,6982337,POWER_DRAW,S14,U000101,CP2
CE000811,6983549,POWER_DRAW,S21,U000093,CP2
CE000812,6994823,RFID_CHECKPOINT,S07,U000107,CP1
CE000813,6994909,RFID_CHECKPOINT,S35,U000079,CP1
CE000814,7012207,POWER_DRAW,S35,U000079,CP2
CE000815,7021003,RFID_CHECKPOINT,S21,U000094,CP1
CE000816,7023765,POWER_DRAW,S28,U000086,CP2
CE000817,7029347,POWER_DRAW,S21,U000094,CP2
CE000818,7048531,POWER_DRAW,S14,U000102,CP2
CE000819,7059617,RFID_CHECKPOINT,S35,U000080,CP1
CE000820,7064956,RFID_CHECKPOINT,S21,U000095,CP1
CE000821,7068003,RFID_CHECKPOINT,S07,U000108,CP1
CE000822,7072467,POWER_DRAW,S21,U000095,CP2
CE000823,7076335,POWER_DRAW,S35,U000080,CP2
CE000824,7079162,RFID_CHECKPOINT,S28,U000087,CP1
CE000825,7086261,POWER_DRAW,S07,U000108,CP2
CE000826,7096746,RFID_CHECKPOINT,S14,U000103,CP1
CE000827,7105686,POWER_DRAW,S14,U000103,CP2
CE000828,7116711,RFID_CHECKPOINT,S21,U000096,CP1
CE000829,7119437,RFID_CHECKPOINT,S35,U000081,CP1
CE000830,7127070,POWER_DRAW,S35,U000081,CP2
CE000831,7130913,RFID_CHECKPOINT,S07,U000109,CP1
CE000832,7141225,RFID_CHECKPOINT,S28,U000088,CP1
CE000833,7145998,POWER_DRAW,S07,U000109,CP2
CE000834,7163022,POWER_DRAW,S28,U000088,CP2
CE000835,7165383,RFID_CHECKPOINT,S14,U000104,CP1
CE000836,7166360,RFID_CHECKPOINT,S21,U000097,CP1
CE000837,7173831,POWER_DRAW,S21,U000097,CP2
CE000838,7180870,RFID_CHECKPOINT,S35,U000082,CP1
CE000839,7183376,POWER_DRAW,S14,U000104,CP2
CE000840,7191235,RFID_CHECKPOINT,S07,U000110,CP1
CE000841,7194034,POWER_DRAW,S35,U000082,CP2
CE000842,7204836,RFID_CHECKPOINT,S28,U000089,CP1
CE000843,7219509,POWER_DRAW,S28,U000089,CP2
CE000844,7226639,RFID_CHECKPOINT,S14,U000105,CP1
CE000845,7232218,RFID_CHECKPOINT,S21,U000098,CP1
CE000846,7237958,POWER_DRAW,S14,U000105,CP2
CE000847,7238924,RFID_CHECKPOINT,S35,U000083,CP1
CE000848,7246657,POWER_DRAW,S21,U000098,CP2
CE000849,7260467,RFID_CHECKPOINT,S07,U000111,CP1
CE000850,7261230,POWER_DRAW,S35,U000083,CP2
CE000851,7270457,RFID_CHECKPOINT,S28,U000090,CP1
CE000852,7282792,POWER_DRAW,S07,U000111,CP2
CE000853,7290110,RFID_CHECKPOINT,S14,U000106,CP1
CE000854,7294648,POWER_DRAW,S28,U000090,CP2
CE000855,7307355,POWER_DRAW,S14,U000106,CP2
CE000856,7310148,RFID_CHECKPOINT,S35,U000084,CP1
CE000857,7323206,POWER_DRAW,S35,U000085,CP2
CE000858,7323206,POWER_DRAW,S35,U000084,CP2
CE000859,7327023,RFID_CHECKPOINT,S07,U000112,CP1
CE000860,7339417,POWER_DRAW,S07,U000112,CP2
CE000861,7340194,RFID_CHECKPOINT,S28,U000091,CP1
CE000862,7365602,RFID_CHECKPOINT,S14,U000107,CP1
CE000863,7366218,RFID_CHECKPOINT,S21,U000100,CP1
CE000864,7379269,POWER_DRAW,S21,U000100,CP2
CE000865,7380035,RFID_CHECKPOINT,S07,U000113,CP1
CE000866,7386015,POWER_DRAW,S14,U000107,CP2
CE000867,7396440,RFID_CHECKPOINT,S28,U000092,CP1
CE000868,7414785,POWER_DRAW,S28,U000092,CP2
CE000869,7419125,RFID_CHECKPOINT,S35,U000086,CP1
CE000870,7424132,RFID_CHECKPOINT,S21,U000101,CP1
CE000871,7434007,POWER_DRAW,S35,U000086,CP2
CE000872,7438858,RFID_CHECKPOINT,S14,U000108,CP1
CE000873,7454885,RFID_CHECKPOINT,S07,U000114,CP1
CE000874,7482190,RFID_CHECKPOINT,S35,U000087,CP1
CE000875,7483372,POWER_DRAW,S28,U000093,CP2
CE000876,7487265,RFID_CHECKPOINT,S21,U000102,CP1
CE000877,7492549,POWER_DRAW,S35,U000087,CP2
CE000878,7497611,RFID_CHECKPOINT,S14,U000109,CP1
CE000879,7508147,POWER_DRAW,S21,U000102,CP2
CE000880,7508851,POWER_DRAW,S14,U000109,CP2
CE000881,7523452,RFID_CHECKPOINT,S07,U000115,CP1
CE000882,7527255,RFID_CHECKPOINT,S28,U000094,CP1
CE000883,7532118,POWER_DRAW,S07,U000115,CP2
CE000884,7545225,POWER_DRAW,S28,U000094,CP2
CE000885,7548570,POWER_DRAW,S35,U000088,CP2
CE000886,7556553,RFID_CHECKPOINT,S14,U000110,CP1
CE000887,7562863,RFID_CHECKPOINT,S21,U000103,CP1
CE000888,7575888,POWER_DRAW,S14,U000110,CP2
CE000889,7576053,POWER_DRAW,S21,U000103,CP2
CE000890,7577165,RFID_CHECKPOINT,S07,U000116,CP1
CE000891,7590425,RFID_CHECKPOINT,S35,U000089,CP1
CE000892,7591673,POWER_DRAW,S07,U000116,CP2
CE000893,7593384,POWER_DRAW,S35,U000089,CP2
CE000894,7593444,RFID_CHECKPOINT,S28,U000095,CP1
CE000895,7602523,POWER_DRAW,S28,U000095,CP2
CE000896,7623447,RFID_CHECKPOINT,S21,U000104,CP1
CE000897,7627748,RFID_CHECKPOINT,S07,U000117,CP1
CE000898,7642845,POWER_DRAW,S07,U000117,CP2
CE000899,7643210,POWER_DRAW,S21,U000104,CP2
CE000900,7643845,RFID_CHECKPOINT,S35,U000090,CP1
CE000901,7649477,RFID_CHECKPOINT,S14,U000111,CP1
CE000902,7649628,RFID_CHECKPOINT,S28,U000096,CP1
CE000903,7655978,POWER_DRAW,S35,U000090,CP2
CE000904,7666847,POWER_DRAW,S14,U000111,CP2
CE000905,7691788,RFID_CHECKPOINT,S07,U000118,CP1
CE000906,7695092,RFID_CHECKPOINT,S21,U000105,CP1
CE000907,7703652,RFID_CHECKPOINT,S28,U000097,CP1
CE000908,7709440,POWER_DRAW,S07,U000118,CP2
CE000909,7712761,RFID_CHECKPOINT,S14,U000112,CP1
CE000910,7715280,POWER_DRAW,S28,U000097,CP2
CE000911,7729150,POWER_DRAW,S14,U000112,CP2
CE000912,7737260,POWER_DRAW,S35,U000091,CP2
CE000913,7746051,RFID_CHECKPOINT,S07,U000120,CP1
CE000914,7746051,RFID_CHECKPOINT,S07,U000119,CP1
CE000915,7746994,RFID_CHECKPOINT,S21,U000106,CP1
CE000916,7756675,RFID_CHECKPOINT,S28,U000098,CP1
CE000917,7761024,POWER_DRAW,S07,U000119,CP2
CE000918,7761311,POWER_DRAW,S28,U000098,CP2
CE000919,7767687,POWER_DRAW,S21,U000106,CP2
CE000920,7773773,RFID_CHECKPOINT,S35,U000092,CP1
CE000921,7774173,RFID_CHECKPOINT,S14,U000112,CP1
CE000922,7774173,RFID_CHECKPOINT,S14,U000113,CP1
CE000923,7785963,POWER_DRAW,S35,U000092,CP2
CE000924,7795607,POWER_DRAW,S14,U000113,CP2
CE000925,7802121,RFID_CHECKPOINT,S28,U000099,CP1
CE000926,7811466,POWER_DRAW,S28,U000099,CP2
CE000927,7821887,POWER_DRAW,S07,U000120,CP2
CE000928,7823791,RFID_CHECKPOINT,S21,U000106,CP1
CE000929,7823791,RFID_CHECKPOINT,S21,U000107,CP1
CE000930,7832535,RFID_CHECKPOINT,S14,U000114,CP1
CE000931,7832879,RFID_CHECKPOINT,S35,U000092,CP1
CE000932,7842193,POWER_DRAW,S35,U000093,CP2
CE000933,7842884,POWER_DRAW,S14,U000114,CP2
CE000934,7844114,POWER_DRAW,S21,U000107,CP2
CE000935,7856983,RFID_CHECKPOINT,S28,U000100,CP1
CE000936,7872443,POWER_DRAW,S28,U000100,CP2
CE000937,7877413,POWER_DRAW,S07,U000121,CP2
CE000938,7884944,RFID_CHECKPOINT,S35,U000094,CP1
CE000939,7888219,RFID_CHECKPOINT,S21,U000107,CP1
CE000940,7888219,RFID_CHECKPOINT,S21,U000108,CP1
CE000941,7898177,POWER_DRAW,S35,U000094,CP2
CE000942,7898683,RFID_CHECKPOINT,S14,U000115,CP1
CE000943,7901190,POWER_DRAW,S21,U000108,CP2
CE000944,7914960,RFID_CHECKPOINT,S28,U000101,CP1
CE000945,7915093,POWER_DRAW,S14,U000115,CP2
CE000946,7919386,RFID_CHECKPOINT,S07,U000122,CP1
CE000947,7928043,POWER_DRAW,S28,U000101,CP2
CE000948,7934954,POWER_DRAW,S07,U000122,CP2
CE000949,7940477,RFID_CHECKPOINT,S35,U000095,CP1
CE000950,7952888,POWER_DRAW,S35,U000095,CP2
CE000951,7958875,RFID_CHECKPOINT,S21,U000109,CP1
CE000952,7970125,POWER_DRAW,S21,U000109,CP2
CE000953,7981656,POWER_DRAW,S14,U000116,CP2
CE000954,7984236,POWER_DRAW,S28,U000102,CP2
CE000955,7989485,RFID_CHECKPOINT,S07,U000123,CP1
CE000956,8009272,POWER_DRAW,S07,U000123,CP2
CE000957,8016583,RFID_CHECKPOINT,S21,U000110,CP1
CE000958,8023495,POWER_DRAW,S35,U000096,CP2
CE000959,8024570,RFID_CHECKPOINT,S14,U000117,CP1
CE000960,8032858,POWER_DRAW,S21,U000110,CP2
CE000961,8035473,RFID_CHECKPOINT,S28,U000103,CP1
CE000962,8041906,POWER_DRAW,S14,U000117,CP2
CE000963,8060382,POWER_DRAW,S28,U000103,CP2
CE000964,8061165,POWER_DRAW,S07,U000124,CP2
CE000965,8076049,RFID_CHECKPOINT,S14,U000118,CP1
CE000966,8078675,RFID_CHECKPOINT,S35,U000096,CP1
CE000967,8078675,RFID_CHECKPOINT,S35,U000097,CP1
CE000968,8083130,RFID_CHECKPOINT,S21,U000111,CP1
CE000969,8091498,POWER_DRAW,S14,U000118,CP2
CE000970,8092779,POWER_DRAW,S35,U000097,CP2
CE000971,8094969,POWER_DRAW,S21,U000111,CP2
CE000972,8105600,RFID_CHECKPOINT,S28,U000104,CP1
CE000973,8107827,RFID_CHECKPOINT,S07,U000125,CP1
CE000974,8114950,POWER_DRAW,S07,U000125,CP2
CE000975,8130962,POWER_DRAW,S28,U000104,CP2
CE000976,8133610,RFID_CHECKPOINT,S21,U000112,CP1
CE000977,8146639,RFID_CHECKPOINT,S35,U000098,CP1
CE000978,8147282,POWER_DRAW,S21,U000112,CP2
CE000979,8149801,RFID_CHECKPOINT,S14,U000119,CP1
CE000980,8159108,POWER_DRAW,S14,U000119,CP2
CE000981,8159455,RFID_CHECKPOINT,S07,U000126,CP1
CE000982,8176245,POWER_DRAW,S07,U000126,CP2
CE000983,8181619,POWER_DRAW,S28,U000105,CP2
CE000984,8196680,RFID_CHECKPOINT,S21,U000113,CP1
CE000985,8205150,POWER_DRAW,S21,U000113,CP2
CE000986,8216119,RFID_CHECKPOINT,S14,U000120,CP1
CE000987,8217250,RFID_CHECKPOINT,S35,U000099,CP1
CE000988,8227704,RFID_CHECKPOINT,S07,U000127,CP1
CE000989,8236873,POWER_DRAW,S14,U000120,CP2
CE000990,8237919,POWER_DRAW,S35,U000099,CP2
CE000991,8246875,POWER_DRAW,S07,U000127,CP2
CE000992,8249547,RFID_CHECKPOINT,S21,U000114,CP1
CE000993,8265442,POWER_DRAW,S21,U000114,CP2
CE000994,8276929,RFID_CHECKPOINT,S14,U000121,CP1
CE000995,8288658,POWER_DRAW,S14,U000121,CP2
CE000996,8293029,RFID_CHECKPOINT,S28,U000107,CP1
CE000997,8297670,RFID_CHECKPOINT,S07,U000128,CP1
CE000998,8299347,RFID_CHECKPOINT,S21,U000115,CP1
CE000999,8307936,POWER_DRAW,S07,U000128,CP2
CE001000,8309868,RFID_CHECKPOINT,S35,U000100,CP1
CE001001,8313968,POWER_DRAW,S28,U000107,CP2
CE001002,8317193,POWER_DRAW,S21,U000115,CP2
CE001003,8341516,RFID_CHECKPOINT,S14,U000122,CP1
CE001004,8345764,RFID_CHECKPOINT,S21,U000116,CP1
CE001005,8354696,POWER_DRAW,S14,U000122,CP2
CE001006,8355242,RFID_CHECKPOINT,S07,U000129,CP1
CE001007,8358362,POWER_DRAW,S21,U000116,CP2
CE001008,8362676,RFID_CHECKPOINT,S28,U000108,CP1
CE001009,8368937,RFID_CHECKPOINT,S35,U000101,CP1
CE001010,8373037,POWER_DRAW,S28,U000108,CP2
CE001011,8382286,POWER_DRAW,S35,U000100,CP2
CE001012,8382286,POWER_DRAW,S35,U000101,CP2
CE001013,8403437,RFID_CHECKPOINT,S21,U000117,CP1
CE001014,8405058,RFID_CHECKPOINT,S14,U000123,CP1
CE001015,8407780,RFID_CHECKPOINT,S07,U000130,CP1
CE001016,8416702,POWER_DRAW,S21,U000117,CP2
CE001017,8419212,RFID_CHECKPOINT,S28,U000109,CP1
CE001018,8425654,POWER_DRAW,S07,U000130,CP2
CE001019,8431307,POWER_DRAW,S28,U000109,CP2
CE001020,8441503,RFID_CHECKPOINT,S35,U000102,CP1
CE001021,8458483,RFID_CHECKPOINT,S14,U000124,CP1
CE001022,8465974,RFID_CHECKPOINT,S07,U000131,CP1
CE001023,8470772,RFID_CHECKPOINT,S21,U000118,CP1
CE001024,8474263,POWER_DRAW,S14,U000124,CP2
CE001025,8475617,RFID_CHECKPOINT,S28,U000110,CP1
CE001026,8482587,POWER_DRAW,S28,U000110,CP2
CE001027,8488086,POWER_DRAW,S21,U000118,CP2
CE001028,8490164,POWER_DRAW,S07,U000131,CP2
CE001029,8507506,RFID_CHECKPOINT,S35,U000103,CP1
CE001030,8520438,POWER_DRAW,S35,U000103,CP2
CE001031,8520508,RFID_CHECKPOINT,S28,U000111,CP1
CE001032,8528429,RFID_CHECKPOINT,S14,U000124,CP1
CE001033,8528429,RFID_CHECKPOINT,S14,U000125,CP1
CE001034,8537608,POWER_DRAW,S28,U000111,CP2
CE001035,8538404,RFID_CHECKPOINT,S07,U000132,CP1
CE001036,8547215,POWER_DRAW,S07,U000132,CP2
CE001037,8549225,POWER_DRAW,S14,U000125,CP2
CE001038,8558602,POWER_DRAW,S21,U000119,CP2
CE001039,8575927,RFID_CHECKPOINT,S35,U000104,CP1
CE001040,8582158,RFID_CHECKPOINT,S28,U000112,CP1
CE001041,8596898,POWER_DRAW,S28,U000112,CP2
CE001042,8600273,RFID_CHECKPOINT,S07,U000133,CP1
CE001043,8603896,POWER_DRAW,S14,U000126,CP2
CE001044,8612298,RFID_CHECKPOINT,S21,U000120,CP1
CE001045,8617592,POWER_DRAW,S07,U000133,CP2
CE001046,8633531,POWER_DRAW,S21,U000120,CP2
CE001047,8637702,RFID_CHECKPOINT,S35,U000105,CP1
CE001048,8651303,RFID_CHECKPOINT,S14,U000127,CP1
CE001049,8661085,RFID_CHECKPOINT,S07,U000134,CP1
CE001050,8663443,POWER_DRAW,S14,U000127,CP2
CE001051,8668696,RFID_CHECKPOINT,S28,U000113,CP1
CE001052,8671116,RFID_CHECKPOINT,S21,U000121,CP1
CE001053,8684397,POWER_DRAW,S21,U000121,CP2
CE001054,8686277,POWER_DRAW,S28,U000113,CP2
CE001055,8697089,RFID_CHECKPOINT,S35,U000106,CP1
CE001056,8700635,RFID_CHECKPOINT,S14,U000128,CP1
CE001057,8710438,POWER_DRAW,S14,U000128,CP2
CE001058,8713078,POWER_DRAW,S35,U000106,CP2
CE001059,8719526,RFID_CHECKPOINT,S07,U000135,CP1
CE001060,8727476,RFID_CHECKPOINT,S21,U000122,CP1
CE001061,8733327,POWER_DRAW,S07,U000135,CP2
CE001062,8739227,RFID_CHECKPOINT,S28,U000114,CP1
CE001063,8742405,POWER_DRAW,S21,U000122,CP2
CE001064,8746595,POWER_DRAW,S28,U000114,CP2
CE001065,8755781,RFID_CHECKPOINT,S35,U000107,CP1
CE001066,8757287,RFID_CHECKPOINT,S14,U000129,CP1
CE001067,8768996,POWER_DRAW,S14,U000129,CP2
CE001068,8778173,RFID_CHECKPOINT,S07,U000136,CP1
CE001069,8783503,RFID_CHECKPOINT,S21,U000123,CP1
CE001070,8788118,POWER_DRAW,S07,U000136,CP2
CE001071,8799589,RFID_CHECKPOINT,S28,U000115,CP1
CE001072,8803468,POWER_DRAW,S21,U000123,CP2
CE001073,8804635,RFID_CHECKPOINT,S35,U000108,CP1
CE001074,8814282,POWER_DRAW,S28,U000115,CP2
CE001075,8826091,POWER_DRAW,S35,U000108,CP2
CE001076,8828071,RFID_CHECKPOINT,S14,U000130,CP1
CE001077,8835208,RFID_CHECKPOINT,S07,U000137,CP1
CE001078,8839254,RFID_CHECKPOINT,S21,U000124,CP1
CE001079,8840985,POWER_DRAW,S14,U000130,CP2
CE001080,8845594,POWER_DRAW,S07,U000137,CP2
CE001081,8857046,POWER_DRAW,S21,U000124,CP2
CE001082,8861984,RFID_CHECKPOINT,S28,U000116,CP1
CE001083,8874250,RFID_CHECKPOINT,S35,U000109,CP1
CE001084,8877031,POWER_DRAW,S28,U000116,CP2
CE001085,8892915,RFID_CHECKPOINT,S14,U000131,CP1
CE001086,8897467,RFID_CHECKPOINT,S07,U000138,CP1
CE001087,8910023,POWER_DRAW,S14,U000131,CP2
CE001088,8910426,POWER_DRAW,S07,U000138,CP2
CE001089,8921082,RFID_CHECKPOINT,S28,U000117,CP1
CE001090,8922146,RFID_CHECKPOINT,S21,U000125,CP1
CE001091,8930221,RFID_CHECKPOINT,S35,U000110,CP1
CE001092,8931587,POWER_DRAW,S21,U000125,CP2
CE001093,8943089,POWER_DRAW,S28,U000117,CP2
CE001094,8948383,RFID_CHECKPOINT,S07,U000139,CP1
CE001095,8950443,POWER_DRAW,S35,U000110,CP2
CE001096,8956765,RFID_CHECKPOINT,S14,U000132,CP1
CE001097,8960694,POWER_DRAW,S07,U000139,CP2
CE001098,8962865,POWER_DRAW,S14,U000132,CP2
CE001099,8982714,RFID_CHECKPOINT,S21,U000126,CP1
CE001100,8989208,RFID_CHECKPOINT,S28,U000118,CP1
CE001101,8996936,RFID_CHECKPOINT,S35,U000111,CP1
CE001102,8997812,RFID_CHECKPOINT,S07,U000140,CP1
CE001103,9002572,POWER_DRAW,S21,U000126,CP2
CE001104,9013267,POWER_DRAW,S28,U000118,CP2
CE001105,9013573,POWER_DRAW,S35,U000111,CP2
CE001106,9013669,POWER_DRAW,S07,U000140,CP2
CE001107,9023684,RFID_CHECKPOINT,S14,U000133,CP1
CE001108,9044541,RFID_CHECKPOINT,S21,U000127,CP1
CE001109,9045657,POWER_DRAW,S14,U000133,CP2
CE001110,9049963,RFID_CHECKPOINT,S28,U000119,CP1
CE001111,9060987,RFID_CHECKPOINT,S07,U000141,CP1
CE001112,9062731,POWER_DRAW,S21,U000127,CP2
CE001113,9066682,RFID_CHECKPOINT,S35,U000112,CP1
CE001114,9070684,POWER_DRAW,S28,U000119,CP2
CE001115,9076314,POWER_DRAW,S07,U000141,CP2
CE001116,9084839,POWER_DRAW,S35,U000112,CP2
CE001117,9092362,RFID_CHECKPOINT,S14,U000134,CP1
CE001118,9104021,POWER_DRAW,S14,U000134,CP2
CE001119,9107362,RFID_CHECKPOINT,S21,U000128,CP1
CE001120,9116924,RFID_CHECKPOINT,S28,U000120,CP1
CE001121,9122613,RFID_CHECKPOINT,S35,U000113,CP1
CE001122,9131839,POWER_DRAW,S35,U000113,CP2
CE001123,9132064,RFID_CHECKPOINT,S07,U000142,CP1
CE001124,9135646,POWER_DRAW,S28,U000120,CP2
CE001125,9153257,RFID_CHECKPOINT,S14,U000135,CP1
CE001126,9154888,POWER_DRAW,S07,U000142,CP2
CE001127,9170822,RFID_CHECKPOINT,S21,U000129,CP1
CE001128,9171309,POWER_DRAW,S14,U000135,CP2
CE001129,9182023,POWER_DRAW,S21,U000129,CP2
CE001130,9182263,RFID_CHECKPOINT,S28,U000121,CP1
CE001131,9190913,RFID_CHECKPOINT,S35,U000114,CP1
CE001132,9198457,RFID_CHECKPOINT,S07,U000144,CP1
CE001133,9198457,RFID_CHECKPOINT,S07,U000143,CP1
CE001134,9202725,POWER_DRAW,S28,U000121,CP2
CE001135,9204882,POWER_DRAW,S35,U000114,CP2
CE001136,9214834,POWER_DRAW,S07,U000143,CP2
CE001137,9216563,RFID_CHECKPOINT,S14,U000136,CP1
CE001138,9220542,POWER_DRAW,S14,U000136,CP2
CE001139,9226359,RFID_CHECKPOINT,S21,U000130,CP1
CE001140,9238144,RFID_CHECKPOINT,S28,U000122,CP1
CE001141,9240299,POWER_DRAW,S21,U000130,CP2
CE001142,9256858,RFID_CHECKPOINT,S35,U000115,CP1
CE001143,9261004,RFID_CHECKPOINT,S07,U000144,CP1
CE001144,9263698,RFID_CHECKPOINT,S14,U000137,CP1
CE001145,9269203,POWER_DRAW,S14,U000137,CP2
CE001146,9274949,POWER_DRAW,S07,U000144,CP2
CE001147,9275466,POWER_DRAW,S35,U000115,CP2
CE001148,9284382,RFID_CHECKPOINT,S21,U000131,CP1
CE001149,9297647,RFID_CHECKPOINT,S28,U000122,CP1
CE001150,9297647,RFID_CHECKPOINT,S28,U000123,CP1
CE001151,9305197,POWER_DRAW,S21,U000131,CP2
CE001152,9315759,POWER_DRAW,S28,U000123,CP2
CE001153,9319305,RFID_CHECKPOINT,S14,U000138,CP1
CE001154,9320334,RFID_CHECKPOINT,S07,U000145,CP1
CE001155,9321098,RFID_CHECKPOINT,S35,U000116,CP1
CE001156,9334559,POWER_DRAW,S14,U000138,CP2
CE001157,9339333,POWER_DRAW,S35,U000116,CP2
CE001158,9344685,POWER_DRAW,S07,U000145,CP2
CE001159,9360994,RFID_CHECKPOINT,S21,U000132,CP1
CE001160,9366949,RFID_CHECKPOINT,S28,U000124,CP1
CE001161,9376533,POWER_DRAW,S21,U000132,CP2
CE001162,9382274,RFID_CHECKPOINT,S35,U000117,CP1
CE001163,9382948,RFID_CHECKPOINT,S07,U000146,CP1
CE001164,9383490,RFID_CHECKPOINT,S14,U000139,CP1
CE001165,9393764,POWER_DRAW,S35,U000117,CP2
CE001166,9394246,POWER_DRAW,S14,U000139,CP2
CE001167,9402918,POWER_DRAW,S07,U000146,CP2
CE001168,9426530,RFID_CHECKPOINT,S35,U000118,CP1
CE001169,9430754,RFID_CHECKPOINT,S21,U000133,CP1
CE001170,9436520,POWER_DRAW,S35,U000118,CP2
CE001171,9443206,POWER_DRAW,S21,U000133,CP2
CE001172,9445557,RFID_CHECKPOINT,S07,U000147,CP1
CE001173,9446611,RFID_CHECKPOINT,S28,U000125,CP1
CE001174,9446719,RFID_CHECKPOINT,S14,U000140,CP1
CE001175,9458957,POWER_DRAW,S07,U000147,CP2
CE001176,9461763,POWER_DRAW,S14,U000140,CP2
CE001177,9485076,RFID_CHECKPOINT,S35,U000119,CP1
CE001178,9490123,RFID_CHECKPOINT,S21,U000134,CP1
CE001179,9497364,POWER_DRAW,S35,U000119,CP2
CE001180,9499463,RFID_CHECKPOINT,S07,U000148,CP1
CE001181,9511560,RFID_CHECKPOINT,S14,U000141,CP1
CE001182,9516138,POWER_DRAW,S07,U000148,CP2
CE001183,9534587,POWER_DRAW,S28,U000126,CP2
CE001184,9534866,RFID_CHECKPOINT,S35,U000120,CP1
CE001185,9549050,POWER_DRAW,S35,U000120,CP2
CE001186,9555938,RFID_CHECKPOINT,S21,U000135,CP1
CE001187,9562150,RFID_CHECKPOINT,S07,U000149,CP1
CE001188,9570958,RFID_CHECKPOINT,S28,U000127,CP1
CE001189,9574042,POWER_DRAW,S21,U000135,CP2
CE001190,9577103,POWER_DRAW,S07,U000149,CP2
CE001191,9583787,RFID_CHECKPOINT,S14,U000142,CP1
CE001192,9584557,RFID_CHECKPOINT,S35,U000121,CP1
CE001193,9587458,POWER_DRAW,S28,U000127,CP2
CE001194,9601986,POWER_DRAW,S35,U000121,CP2
CE001195,9602544,POWER_DRAW,S14,U000142,CP2
CE001196,9619878,RFID_CHECKPOINT,S21,U000136,CP1
CE001197,9621701,RFID_CHECKPOINT,S07,U000150,CP1
CE001198,9623777,POWER_DRAW,S21,U000136,CP2
CE001199,9626411,RFID_CHECKPOINT,S28,U000128,CP1
CE001200,9637793,POWER_DRAW,S28,U000128,CP2
CE001201,9638977,POWER_DRAW,S07,U000150,CP2
CE001202,9662170,RFID_CHECKPOINT,S14,U000144,CP1
CE001203,9662170,RFID_CHECKPOINT,S14,U000143,CP1
CE001204,9662448,POWER_DRAW,S35,U000122,CP2
CE001205,9667599,RFID_CHECKPOINT,S21,U000136,CP1
CE001206,9667599,RFID_CHECKPOINT,S21,U000137,CP1
CE001207,9679372,POWER_DRAW,S14,U000143,CP2
CE001208,9684672,RFID_CHECKPOINT,S07,U000151,CP1
CE001209,9688094,POWER_DRAW,S21,U000137,CP2
CE001210,9690011,RFID_CHECKPOINT,S28,U000129,CP1
CE001211,9705978,POWER_DRAW,S28,U000129,CP2
CE001212,9708852,POWER_DRAW,S07,U000151,CP2
CE001213,9714103,RFID_CHECKPOINT,S14,U000143,CP1
CE001214,9714103,RFID_CHECKPOINT,S14,U000144,CP1
CE001215,9720722,RFID_CHECKPOINT,S35,U000123,CP1
CE001216,9734952,POWER_DRAW,S14,U000144,CP2
CE001217,9743580,POWER_DRAW,S35,U000123,CP2
CE001218,9745952,RFID_CHECKPOINT,S07,U000152,CP1
CE001219,9747184,POWER_DRAW,S21,U000138,CP2
CE001220,9753471,RFID_CHECKPOINT,S28,U000129,CP1
CE001221,9753471,RFID_CHECKPOINT,S28,U000130,CP1
CE001222,9762904,POWER_DRAW,S07,U000152,CP2
CE001223,9777508,RFID_CHECKPOINT,S14,U000145,CP1
CE001224,9778533,POWER_DRAW,S28,U000130,CP2
CE001225,9788809,RFID_CHECKPOINT,S35,U000124,CP1
CE001226,9792975,POWER_DRAW,S14,U000145,CP2
CE001227,9793247,RFID_CHECKPOINT,S21,U000139,CP1
CE001228,9816062,RFID_CHECKPOINT,S07,U000153,CP1
CE001229,9819810,RFID_CHECKPOINT,S28,U000132,CP1
CE001230,9831296,POWER_DRAW,S07,U000153,CP2
CE001231,9837972,POWER_DRAW,S28,U000131,CP2
CE001232,9851434,RFID_CHECKPOINT,S35,U000125,CP1
CE001233,9857996,POWER_DRAW,S14,U000146,CP2
CE001234,9860044,POWER_DRAW,S35,U000125,CP2
CE001235,9861430,RFID_CHECKPOINT,S21,U000140,CP1
CE001236,9876413,POWER_DRAW,S21,U000140,CP2
CE001237,9882388,RFID_CHECKPOINT,S07,U000154,CP1
CE001238,9884497,POWER_DRAW,S28,U000132,CP2
CE001239,9892926,POWER_DRAW,S07,U000154,CP2
CE001240,9905342,RFID_CHECKPOINT,S35,U000126,CP1
CE001241,9917801,RFID_CHECKPOINT,S21,U000141,CP1
CE001242,9918003,POWER_DRAW,S14,U000147,CP2
CE001243,9933674,POWER_DRAW,S21,U000141,CP2
CE001244,9935420,RFID_CHECKPOINT,S28,U000133,CP1
CE001245,9936795,RFID_CHECKPOINT,S07,U000155,CP1
CE001246,9950131,POWER_DRAW,S28,U000133,CP2
CE001247,9954647,POWER_DRAW,S07,U000155,CP2
CE001248,9964757,RFID_CHECKPOINT,S21,U000142,CP1
CE001249,9964972,RFID_CHECKPOINT,S14,U000148,CP1
CE001250,9980028,POWER_DRAW,S21,U000142,CP2
CE001251,9981956,RFID_CHECKPOINT,S35,U000127,CP1
CE001252,9985554,POWER_DRAW,S14,U000148,CP2
CE001253,9986178,RFID_CHECKPOINT,S07,U000156,CP1
CE001254,9998953,RFID_CHECKPOINT,S28,U000134,CP1
CE001255,10001218,POWER_DRAW,S07,U000156,CP2
CE001256,10003081,POWER_DRAW,S35,U000127,CP2
CE001257,10021343,POWER_DRAW,S28,U000134,CP2
CE001258,10029565,RFID_CHECKPOINT,S14,U000149,CP1
CE001259,10031105,RFID_CHECKPOINT,S21,U000143,CP1
CE001260,10039684,RFID_CHECKPOINT,S35,U000128,CP1
CE001261,10040078,POWER_DRAW,S14,U000149,CP2
CE001262,10051093,POWER_DRAW,S21,U000143,CP2
CE001263,10054846,RFID_CHECKPOINT,S07,U000157,CP1
CE001264,10071165,RFID_CHECKPOINT,S28,U000135,CP1
CE001265,10074287,POWER_DRAW,S07,U000157,CP2
CE001266,10085550,RFID_CHECKPOINT,S35,U000129,CP1
CE001267,10086346,POWER_DRAW,S28,U000135,CP2
CE001268,10090352,RFID_CHECKPOINT,S14,U000150,CP1
CE001269,10098711,POWER_DRAW,S35,U000129,CP2
CE001270,10103941,POWER_DRAW,S14,U000150,CP2
CE001271,10104398,RFID_CHECKPOINT,S21,U000144,CP1
CE001272,10119105,RFID_CHECKPOINT,S07,U000158,CP1
CE001273,10120223,POWER_DRAW,S21,U000144,CP2
CE001274,10121822,RFID_CHECKPOINT,S35,U000130,CP1
CE001275,10123931,POWER_DRAW,S07,U000158,CP2
CE001276,10129905,POWER_DRAW,S35,U000130,CP2
CE001277,10152037,POWER_DRAW,S28,U000136,CP2
CE001278,10155733,RFID_CHECKPOINT,S14,U000151,CP1
CE001279,10163750,RFID_CHECKPOINT,S35,U000131,CP1
CE001280,10164064,RFID_CHECKPOINT,S07,U000159,CP1
CE001281,10177503,POWER_DRAW,S07,U000159,CP2
CE001282,10182708,POWER_DRAW,S35,U000131,CP2
CE001283,10198318,POWER_DRAW,S28,U000137,CP2
CE001284,10204431,POWER_DRAW,S21,U000145,CP2
CE001285,10226982,RFID_CHECKPOINT,S35,U000132,CP1
CE001286,10227046,RFID_CHECKPOINT,S07,U000160,CP1
CE001287,10229435,RFID_CHECKPOINT,S14,U000152,CP1
CE001288,10235257,POWER_DRAW,S35,U000132,CP2
CE001289,10236517,POWER_DRAW,S07,U000160,CP2
CE001290,10249634,RFID_CHECKPOINT,S21,U000145,CP1
CE001291,10254666,POWER_DRAW,S14,U000152,CP2
CE001292,10258209,POWER_DRAW,S28,U000138,CP2
CE001293,10263378,POWER_DRAW,S21,U000146,CP2
CE001294,10275943,RFID_CHECKPOINT,S07,U000161,CP1
CE001295,10287449,RFID_CHECKPOINT,S35,U000133,CP1
CE001296,10290339,POWER_DRAW,S07,U000161,CP2
CE001297,10309318,RFID_CHECKPOINT,S14,U000153,CP1
CE001298,10313443,POWER_DRAW,S35,U000133,CP2
CE001299,10315353,RFID_CHECKPOINT,S28,U000139,CP1
CE001300,10317807,RFID_CHECKPOINT,S21,U000147,CP1
CE001301,10328351,POWER_DRAW,S21,U000147,CP2
CE001302,10336078,POWER_DRAW,S14,U000153,CP2
CE001303,10337077,RFID_CHECKPOINT,S07,U000162,CP1
CE001304,10338579,POWER_DRAW,S28,U000139,CP2
CE001305,10351295,RFID_CHECKPOINT,S35,U000134,CP1
CE001306,10355860,POWER_DRAW,S07,U000162,CP2
CE001307,10363661,POWER_DRAW,S35,U000134,CP2
CE001308,10375653,RFID_CHECKPOINT,S21,U000148,CP1
CE001309,10384195,RFID_CHECKPOINT,S14,U000154,CP1
CE001310,10385040,RFID_CHECKPOINT,S07,U000163,CP1
CE001311,10391745,POWER_DRAW,S14,U000154,CP2
CE001312,10395554,POWER_DRAW,S07,U000163,CP2
CE001313,10396597,RFID_CHECKPOINT,S28,U000140,CP1
CE001314,10421051,POWER_DRAW,S28,U000140,CP2
CE001315,10431936,RFID_CHECKPOINT,S21,U000149,CP1
CE001316,10433304,RFID_CHECKPOINT,S07,U000164,CP1
CE001317,10435528,RFID_CHECKPOINT,S14,U000155,CP1
CE001318,10436314,RFID_CHECKPOINT,S35,U000135,CP1
CE001319,10446478,POWER_DRAW,S14,U000155,CP2
CE001320,10449023,POWER_DRAW,S21,U000149,CP2
CE001321,10455254,POWER_DRAW,S07,U000164,CP2
CE001322,10455514,POWER_DRAW,S35,U000135,CP2
CE001323,10485987,RFID_CHECKPOINT,S21,U000150,CP1
CE001324,10486149,RFID_CHECKPOINT,S14,U000156,CP1
CE001325,10490648,POWER_DRAW,S28,U000141,CP2
CE001326,10497968,POWER_DRAW,S21,U000150,CP2
CE001327,10501361,RFID_CHECKPOINT,S35,U000136,CP1
CE001328,10511777,POWER_DRAW,S35,U000136,CP2
CE001329,10512409,RFID_CHECKPOINT,S07,U000165,CP1
CE001330,10537301,POWER_DRAW,S07,U000165,CP2
CE001331,10538379,RFID_CHECKPOINT,S28,U000142,CP1
CE001332,10542937,RFID_CHECKPOINT,S14,U000157,CP1
CE001333,10546847,RFID_CHECKPOINT,S21,U000151,CP1
CE001334,10551648,POWER_DRAW,S21,U000151,CP2
CE001335,10552562,POWER_DRAW,S28,U000142,CP2
CE001336,10568555,RFID_CHECKPOINT,S35,U000137,CP1
CE001337,10582545,POWER_DRAW,S35,U000137,CP2
CE001338,10589611,RFID_CHECKPOINT,S07,U000166,CP1
CE001339,10592199,RFID_CHECKPOINT,S14,U000158,CP1
CE001340,10594299,RFID_CHECKPOINT,S21,U000152,CP1
CE001341,10604438,POWER_DRAW,S14,U000158,CP2
CE001342,10605322,POWER_DRAW,S21,U000152,CP2
CE001343,10605853,RFID_CHECKPOINT,S28,U000143,CP1
CE001344,10621008,POWER_DRAW,S28,U000143,CP2
CE001345,10637486,RFID_CHECKPOINT,S35,U000138,CP1
CE001346,10654062,RFID_CHECKPOINT,S07,U000167,CP1
CE001347,10657386,POWER_DRAW,S35,U000138,CP2
CE001348,10660420,POWER_DRAW,S14,U000159,CP2
CE001349,10667475,RFID_CHECKPOINT,S28,U000144,CP1
CE001350,10678521,POWER_DRAW,S28,U000144,CP2
CE001351,10684443,POWER_DRAW,S07,U000167,CP2
CE001352,10686735,RFID_CHECKPOINT,S21,U000153,CP1
CE001353,10702074,RFID_CHECKPOINT,S35,U000139,CP1
CE001354,10702902,RFID_CHECKPOINT,S14,U000160,CP1
CE001355,10706524,POWER_DRAW,S21,U000153,CP2
CE001356,10721783,RFID_CHECKPOINT,S28,U000145,CP1
CE001357,10722649,POWER_DRAW,S14,U000160,CP2
CE001358,10732491,RFID_CHECKPOINT,S07,U000168,CP1
CE001359,10733620,POWER_DRAW,S28,U000145,CP2
CE001360,10745161,POWER_DRAW,S07,U000168,CP2
CE001361,10756434,RFID_CHECKPOINT,S21,U000154,CP1
CE001362,10764767,POWER_DRAW,S21,U000154,CP2
CE001363,10766878,RFID_CHECKPOINT,S14,U000161,CP1
CE001364,10774220,POWER_DRAW,S35,U000140,CP2
CE001365,10774911,RFID_CHECKPOINT,S28,U000146,CP1
CE001366,10790243,RFID_CHECKPOINT,S07,U000169,CP1
CE001367,10790259,POWER_DRAW,S14,U000161,CP2
CE001368,10810988,RFID_CHECKPOINT,S21,U000155,CP1
CE001369,10811018,POWER_DRAW,S07,U000169,CP2
CE001370,10841473,POWER_DRAW,S35,U000141,CP2
CE001371,10852117,POWER_DRAW,S14,U000162,CP2
CE001372,10860443,POWER_DRAW,S07,U000170,CP2
CE001373,10867818,RFID_CHECKPOINT,S21,U000156,CP1
CE001374,10880568,POWER_DRAW,S21,U000156,CP2
CE001375,10888584,RFID_CHECKPOINT,S35,U000142,CP1
CE001376,10888848,RFID_CHECKPOINT,S14,U000163,CP1
CE001377,10897175,RFID_CHECKPOINT,S28,U000148,CP1
CE001378,10903104,POWER_DRAW,S35,U000142,CP2
CE001379,10904689,POWER_DRAW,S14,U000163,CP2
CE001380,10907216,RFID_CHECKPOINT,S07,U000171,CP1
CE001381,10915537,POWER_DRAW,S28,U000148,CP2
CE001382,10918486,POWER_DRAW,S07,U000171,CP2
CE001383,10923999,RFID_CHECKPOINT,S21,U000157,CP1
CE001384,10934238,POWER_DRAW,S21,U000157,CP2
CE001385,10945003,RFID_CHECKPOINT,S35,U000143,CP1
CE001386,10950675,RFID_CHECKPOINT,S14,U000164,CP1
CE001387,10957386,RFID_CHECKPOINT,S28,U000149,CP1
CE001388,10967327,RFID_CHECKPOINT,S07,U000172,CP1
CE001389,10967580,POWER_DRAW,S14,U000164,CP2
CE001390,10969373,POWER_DRAW,S28,U000150,CP2
CE001391,10969373,POWER_DRAW,S28,U000149,CP2
CE001392,10983336,POWER_DRAW,S07,U000172,CP2
CE001393,10993332,RFID_CHECKPOINT,S21,U000158,CP1
CE001394,10999952,RFID_CHECKPOINT,S28,U000151,CP1
CE001395,10999952,RFID_CHECKPOINT,S28,U000150,CP1
CE001396,11004572,POWER_DRAW,S21,U000158,CP2
CE001397,11009528,RFID_CHECKPOINT,S14,U000165,CP1
CE001398,11014269,POWER_DRAW,S28,U000150,CP2
CE001399,11017807,POWER_DRAW,S35,U000144,CP2
CE001400,11020891,POWER_DRAW,S14,U000165,CP2
CE001401,11024553,RFID_CHECKPOINT,S07,U000173,CP1
CE001402,11037182,POWER_DRAW,S07,U000173,CP2
CE001403,11050305,RFID_CHECKPOINT,S21,U000159,CP1
CE001404,11062676,POWER_DRAW,S21,U000159,CP2
CE001405,11065729,RFID_CHECKPOINT,S28,U000151,CP1
CE001406,11073993,RFID_CHECKPOINT,S14,U000166,CP1
CE001407,11077047,RFID_CHECKPOINT,S07,U000174,CP1
CE001408,11083291,POWER_DRAW,S28,U000151,CP2
CE001409,11086944,RFID_CHECKPOINT,S35,U000145,CP1
CE001410,11091474,POWER_DRAW,S07,U000174,CP2
CE001411,11092976,POWER_DRAW,S14,U000166,CP2
CE001412,11120082,RFID_CHECKPOINT,S21,U000160,CP1
CE001413,11132707,RFID_CHECKPOINT,S14,U000167,CP1
CE001414,11137229,RFID_CHECKPOINT,S28,U000152,CP1
CE001415,11142188,RFID_CHECKPOINT,S07,U000175,CP1
CE001416,11142401,POWER_DRAW,S21,U000160,CP2
CE001417,11150597,POWER_DRAW,S28,U000152,CP2
CE001418,11155072,POWER_DRAW,S14,U000167,CP2
CE001419,11158254,POWER_DRAW,S07,U000175,CP2
CE001420,11187885,RFID_CHECKPOINT,S21,U000161,CP1
CE001421,11197194,POWER_DRAW,S21,U000161,CP2
CE001422,11200911,RFID_CHECKPOINT,S07,U000176,CP1
CE001423,11204094,RFID_CHECKPOINT,S14,U000168,CP1
CE001424,11211109,RFID_CHECKPOINT,S35,U000147,CP1
CE001425,11214861,POWER_DRAW,S07,U000176,CP2
CE001426,11217527,POWER_DRAW,S14,U000168,CP2
CE001427,11231388,POWER_DRAW,S35,U000147,CP2
CE001428,11250973,RFID_CHECKPOINT,S21,U000162,CP1
CE001429,11260268,RFID_CHECKPOINT,S14,U000169,CP1
CE001430,11261301,RFID_CHECKPOINT,S28,U000154,CP1
CE001431,11262423,POWER_DRAW,S21,U000162,CP2
CE001432,11262515,RFID_CHECKPOINT,S07,U000177,CP1
CE001433,11270768,POWER_DRAW,S14,U000169,CP2
CE001434,11283483,POWER_DRAW,S07,U000177,CP2
CE001435,11284478,POWER_DRAW,S28,U000154,CP2
CE001436,11284946,POWER_DRAW,S35,U000148,CP2
CE001437,11308172,RFID_CHECKPOINT,S21,U000163,CP1
CE001438,11313981,RFID_CHECKPOINT,S14,U000170,CP1
CE001439,11324302,RFID_CHECKPOINT,S07,U000178,CP1
CE001440,11325912,POWER_DRAW,S14,U000170,CP2
CE001441,11335131,RFID_CHECKPOINT,S35,U000149,CP1
CE001442,11337236,RFID_CHECKPOINT,S28,U000155,CP1
CE001443,11339608,POWER_DRAW,S07,U000178,CP2
CE001444,11358752,POWER_DRAW,S28,U000155,CP2
CE001445,11363288,RFID_CHECKPOINT,S14,U000171,CP1
CE001446,11376798,POWER_DRAW,S21,U000164,CP2
CE001447,11396559,RFID_CHECKPOINT,S35,U000150,CP1
CE001448,11401607,RFID_CHECKPOINT,S07,U000179,CP1
CE001449,11406285,POWER_DRAW,S28,U000156,CP2
CE001450,11420490,POWER_DRAW,S07,U000179,CP2
CE001451,11428029,RFID_CHECKPOINT,S14,U000172,CP1
CE001452,11432490,RFID_CHECKPOINT,S21,U000165,CP1
CE001453,11443249,POWER_DRAW,S21,U000165,CP2
CE001454,11444217,RFID_CHECKPOINT,S28,U000157,CP1
CE001455,11458304,POWER_DRAW,S28,U000157,CP2
CE001456,11469604,RFID_CHECKPOINT,S35,U000150,CP1
CE001457,11469604,RFID_CHECKPOINT,S35,U000151,CP1
CE001458,11484130,RFID_CHECKPOINT,S14,U000173,CP1
CE001459,11487306,POWER_DRAW,S35,U000151,CP2
CE001460,11488234,RFID_CHECKPOINT,S21,U000166,CP1
CE001461,11495056,POWER_DRAW,S14,U000173,CP2
CE001462,11500611,POWER_DRAW,S07,U000180,CP2
CE001463,11501238,POWER_DRAW,S21,U000166,CP2
CE001464,11503741,RFID_CHECKPOINT,S28,U000158,CP1
CE001465,11512700,POWER_DRAW,S28,U000158,CP2
CE001466,11524525,RFID_CHECKPOINT,S35,U000152,CP1
CE001467,11533214,POWER_DRAW,S35,U000152,CP2
CE001468,11534748,RFID_CHECKPOINT,S14,U000174,CP1
CE001469,11568047,RFID_CHECKPOINT,S21,U000167,CP1
CE001470,11573886,RFID_CHECKPOINT,S35,U000153,CP1
CE001471,11574429,RFID_CHECKPOINT,S28,U000159,CP1
CE001472,11586227,POWER_DRAW,S35,U000153,CP2
CE001473,11586839,POWER_DRAW,S21,U000167,CP2
CE001474,11592977,RFID_CHECKPOINT,S14,U000175,CP1
CE001475,11596790,POWER_DRAW,S28,U000159,CP2
CE001476,11610067,POWER_DRAW,S14,U000175,CP2
CE001477,11620079,POWER_DRAW,S07,U000182,CP2
CE001478,11625796,RFID_CHECKPOINT,S35,U000154,CP1
CE001479,11639221,RFID_CHECKPOINT,S21,U000168,CP1
CE001480,11639817,POWER_DRAW,S35,U000154,CP2
CE001481,11641864,RFID_CHECKPOINT,S28,U000160,CP1
CE001482,11656032,POWER_DRAW,S21,U000168,CP2
CE001483,11658816,RFID_CHECKPOINT,S14,U000176,CP1
CE001484,11662679,RFID_CHECKPOINT,S07,U000183,CP1
CE001485,11663389,POWER_DRAW,S28,U000160,CP2
CE001486,11673749,POWER_DRAW,S14,U000176,CP2
CE001487,11675374,POWER_DRAW,S07,U000183,CP2
CE001488,11695521,RFID_CHECKPOINT,S35,U000155,CP1
CE001489,11699458,RFID_CHECKPOINT,S21,U000169,CP1
CE001490,11710281,RFID_CHECKPOINT,S14,U000177,CP1
CE001491,11710326,RFID_CHECKPOINT,S28,U000161,CP1
CE001492,11721124,RFID_CHECKPOINT,S07,U000184,CP1
CE001493,11722100,POWER_DRAW,S14,U000177,CP2
CE001494,11725932,POWER_DRAW,S28,U000161,CP2
CE001495,11734371,POWER_DRAW,S07,U000185,CP2
CE001496,11734371,POWER_DRAW,S07,U000184,CP2
CE001497,11753310,RFID_CHECKPOINT,S35,U000156,CP1
CE001498,11764197,POWER_DRAW,S35,U000156,CP2
CE001499,11764941,RFID_CHECKPOINT,S21,U000170,CP1
CE001500,11772542,RFID_CHECKPOINT,S28,U000162,CP1
CE001501,11774811,RFID_CHECKPOINT,S14,U000178,CP1
CE001502,11782817,RFID_CHECKPOINT,S07,U000185,CP1
CE001503,11783476,POWER_DRAW,S21,U000170,CP2
CE001504,11790376,POWER_DRAW,S28,U000162,CP2
CE001505,11818791,RFID_CHECKPOINT,S35,U000157,CP1
CE001506,11830079,POWER_DRAW,S35,U000157,CP2
CE001507,11833655,RFID_CHECKPOINT,S28,U000163,CP1
CE001508,11843550,POWER_DRAW,S21,U000171,CP2
CE001509,11844918,POWER_DRAW,S28,U000163,CP2
CE001510,11850932,RFID_CHECKPOINT,S07,U000186,CP1
CE001511,11854088,RFID_CHECKPOINT,S14,U000179,CP1
CE001512,11866973,POWER_DRAW,S07,U000186,CP2
CE001513,11876082,POWER_DRAW,S14,U000179,CP2
CE001514,11878685,RFID_CHECKPOINT,S35,U000158,CP1
CE001515,11892317,RFID_CHECKPOINT,S28,U000164,CP1
CE001516,11899292,POWER_DRAW,S35,U000158,CP2
CE001517,11904502,POWER_DRAW,S28,U000164,CP2
CE001518,11906482,POWER_DRAW,S21,U000172,CP2
CE001519,11907984,RFID_CHECKPOINT,S07,U000187,CP1
CE001520,11910619,POWER_DRAW,S07,U000187,CP2
CE001521,11912393,RFID_CHECKPOINT,S14,U000180,CP1
CE001522,11926616,POWER_DRAW,S14,U000180,CP2
CE001523,11938998,RFID_CHECKPOINT,S35,U000159,CP1
CE001524,11950624,POWER_DRAW,S28,U000165,CP2
CE001525,11956018,POWER_DRAW,S35,U000159,CP2
CE001526,11959744,RFID_CHECKPOINT,S14,U000181,CP1
CE001527,11961972,RFID_CHECKPOINT,S07,U000188,CP1
CE001528,11966883,RFID_CHECKPOINT,S21,U000173,CP1
CE001529,11975572,POWER_DRAW,S14,U000181,CP2
CE001530,12000632,RFID_CHECKPOINT,S28,U000166,CP1
CE001531,12003508,RFID_CHECKPOINT,S35,U000160,CP1
CE001532,12008732,POWER_DRAW,S35,U000160,CP2
CE001533,12016082,RFID_CHECKPOINT,S14,U000182,CP1
CE001534,12016403,RFID_CHECKPOINT,S07,U000189,CP1
CE001535,12017319,POWER_DRAW,S28,U000166,CP2
CE001536,12020079,POWER_DRAW,S14,U000182,CP2
CE001537,12022434,RFID_CHECKPOINT,S21,U000174,CP1
CE001538,12030855,POWER_DRAW,S07,U000189,CP2
CE001539,12041767,POWER_DRAW,S21,U000174,CP2
CE001540,12064651,RFID_CHECKPOINT,S14,U000183,CP1
CE001541,12065002,RFID_CHECKPOINT,S07,U000190,CP1
CE001542,12065416,RFID_CHECKPOINT,S35,U000161,CP1
CE001543,12068797,POWER_DRAW,S07,U000190,CP2
CE001544,12080218,POWER_DRAW,S14,U000183,CP2
CE001545,12091070,RFID_CHECKPOINT,S21,U000175,CP1
CE001546,12102489,POWER_DRAW,S21,U000175,CP2
CE001547,12109055,RFID_CHECKPOINT,S07,U000191,CP1
CE001548,12129410,POWER_DRAW,S07,U000191,CP2
CE001549,12130240,RFID_CHECKPOINT,S35,U000162,CP1
CE001550,12141080,POWER_DRAW,S14,U000184,CP2
CE001551,12146432,RFID_CHECKPOINT,S21,U000176,CP1
CE001552,12146713,POWER_DRAW,S35,U000162,CP2
CE001553,12153097,RFID_CHECKPOINT,S28,U000168,CP1
CE001554,12160287,RFID_CHECKPOINT,S07,U000192,CP1
CE001555,12165562,POWER_DRAW,S28,U000168,CP2
CE001556,12174984,POWER_DRAW,S07,U000192,CP2
CE001557,12180519,RFID_CHECKPOINT,S35,U000163,CP1
CE001558,12184084,POWER_DRAW,S35,U000163,CP2
CE001559,12192125,RFID_CHECKPOINT,S14,U000185,CP1
CE001560,12207448,RFID_CHECKPOINT,S07,U000193,CP1
CE001561,12210070,POWER_DRAW,S14,U000185,CP2
CE001562,12225245,POWER_DRAW,S07,U000193,CP2
CE001563,12225685,RFID_CHECKPOINT,S28,U000169,CP1
CE001564,12230377,POWER_DRAW,S21,U000177,CP2
CE001565,12239005,POWER_DRAW,S28,U000168,CP2
CE001566,12239005,POWER_DRAW,S28,U000169,CP2
CE001567,12258580,RFID_CHECKPOINT,S14,U000186,CP1
CE001568,12262056,POWER_DRAW,S35,U000164,CP2
CE001569,12263710,RFID_CHECKPOINT,S07,U000194,CP1
CE001570,12274595,POWER_DRAW,S07,U000193,CP2
CE001571,12274595,POWER_DRAW,S07,U000194,CP2
CE001572,12274858,POWER_DRAW,S14,U000186,CP2
CE001573,12282516,RFID_CHECKPOINT,S21,U000178,CP1
CE001574,12292514,RFID_CHECKPOINT,S28,U000170,CP1
CE001575,12299655,POWER_DRAW,S21,U000178,CP2
CE001576,12303812,RFID_CHECKPOINT,S35,U000165,CP1
CE001577,12305330,POWER_DRAW,S28,U000170,CP2
CE001578,12323681,RFID_CHECKPOINT,S14,U000187,CP1
CE001579,12327588,RFID_CHECKPOINT,S07,U000195,CP1
CE001580,12341130,POWER_DRAW,S07,U000195,CP2
CE001581,12349471,RFID_CHECKPOINT,S21,U000179,CP1
CE001582,12350749,POWER_DRAW,S14,U000187,CP2
CE001583,12352648,RFID_CHECKPOINT,S28,U000171,CP1
CE001584,12358765,POWER_DRAW,S21,U000179,CP2
CE001585,12363440,POWER_DRAW,S28,U000171,CP2
CE001586,12374727,POWER_DRAW,S35,U000166,CP2
CE001587,12384234,RFID_CHECKPOINT,S07,U000196,CP1
CE001588,12395600,POWER_DRAW,S07,U000196,CP2
CE001589,12396744,RFID_CHECKPOINT,S14,U000188,CP1
CE001590,12411901,POWER_DRAW,S14,U000188,CP2
CE001591,12419670,RFID_CHECKPOINT,S21,U000180,CP1
CE001592,12427259,RFID_CHECKPOINT,S28,U000171,CP1
CE001593,12430153,RFID_CHECKPOINT,S35,U000167,CP1
CE001594,12433961,POWER_DRAW,S21,U000180,CP2
CE001595,12436619,RFID_CHECKPOINT,S07,U000197,CP1
CE001596,12440494,POWER_DRAW,S28,U000172,CP2
CE001597,12448497,POWER_DRAW,S07,U000197,CP2
CE001598,12449896,RFID_CHECKPOINT,S14,U000189,CP1
CE001599,12455062,POWER_DRAW,S35,U000167,CP2
CE001600,12463576,POWER_DRAW,S14,U000189,CP2
CE001601,12483493,RFID_CHECKPOINT,S21,U000181,CP1
CE001602,12486830,RFID_CHECKPOINT,S28,U000173,CP1
CE001603,12500349,POWER_DRAW,S21,U000181,CP2
CE001604,12505633,RFID_CHECKPOINT,S07,U000198,CP1
CE001605,12519605,POWER_DRAW,S14,U000190,CP2
CE001606,12520617,POWER_DRAW,S07,U000198,CP2
CE001607,12523754,RFID_CHECKPOINT,S35,U000168,CP1
CE001608,12538250,POWER_DRAW,S35,U000168,CP2
CE001609,12541362,RFID_CHECKPOINT,S21,U000182,CP1
CE001610,12549824,RFID_CHECKPOINT,S28,U000174,CP1
CE001611,12564507,POWER_DRAW,S14,U000191,CP2
CE001612,12573574,RFID_CHECKPOINT,S07,U000199,CP1
CE001613,12583538,POWER_DRAW,S07,U000199,CP2
CE001614,12584172,RFID_CHECKPOINT,S35,U000169,CP1
CE001615,12593586,RFID_CHECKPOINT,S21,U000183,CP1
CE001616,12597523,POWER_DRAW,S35,U000169,CP2
CE001617,12605698,POWER_DRAW,S21,U000183,CP2
CE001618,12608608,RFID_CHECKPOINT,S28,U000175,CP1
CE001619,12610635,RFID_CHECKPOINT,S14,U000192,CP1
CE001620,12625388,POWER_DRAW,S14,U000192,CP2
CE001621,12627873,POWER_DRAW,S28,U000175,CP2
CE001622,12636961,RFID_CHECKPOINT,S07,U000200,CP1
CE001623,12639514,RFID_CHECKPOINT,S35,U000170,CP1
CE001624,12642068,RFID_CHECKPOINT,S21,U000184,CP1
CE001625,12651660,POWER_DRAW,S21,U000184,CP2
CE001626,12652191,POWER_DRAW,S07,U000200,CP2
CE001627,12662962,RFID_CHECKPOINT,S14,U000193,CP1
CE001628,12668783,RFID_CHECKPOINT,S28,U000176,CP1
CE001629,12671816,POWER_DRAW,S14,U000193,CP2
CE001630,12679543,POWER_DRAW,S28,U000176,CP2
CE001631,12699512,RFID_CHECKPOINT,S21,U000185,CP1
CE001632,12702711,RFID_CHECKPOINT,S07,U000201,CP1
CE001633,12721441,RFID_CHECKPOINT,S35,U000171,CP1
CE001634,12721738,POWER_DRAW,S07,U000200,CP2
CE001635,12721896,RFID_CHECKPOINT,S14,U000194,CP1
CE001636,12733411,POWER_DRAW,S35,U000171,CP2
CE001637,12734826,RFID_CHECKPOINT,S28,U000177,CP1
CE001638,12744304,POWER_DRAW,S28,U000177,CP2
CE001639,12747044,POWER_DRAW,S14,U000194,CP2
CE001640,12764889,RFID_CHECKPOINT,S21,U000186,CP1
CE001641,12769717,RFID_CHECKPOINT,S07,U000202,CP1
CE001642,12787612,POWER_DRAW,S21,U000186,CP2
CE001643,12801131,RFID_CHECKPOINT,S35,U000172,CP1
CE001644,12803623,RFID_CHECKPOINT,S14,U000195,CP1
CE001645,12815584,POWER_DRAW,S35,U000172,CP2
CE001646,12821532,RFID_CHECKPOINT,S28,U000178,CP1
CE001647,12831430,POWER_DRAW,S14,U000195,CP2
CE001648,12838573,POWER_DRAW,S21,U000187,CP2
CE001649,12845247,POWER_DRAW,S07,U000202,CP2
CE001650,12845247,POWER_DRAW,S07,U000203,CP2
CE001651,12873590,RFID_CHECKPOINT,S35,U000173,CP1
CE001652,12880500,RFID_CHECKPOINT,S14,U000196,CP1
CE001653,12880573,RFID_CHECKPOINT,S07,U000204,CP1
CE001654,12890861,POWER_DRAW,S07,U000204,CP2
CE001655,12891764,POWER_DRAW,S35,U000172,CP2
CE001656,12891764,POWER_DRAW,S35,U000173,CP2
CE001657,12892499,RFID_CHECKPOINT,S28,U000179,CP1
CE001658,12897157,POWER_DRAW,S21,U000188,CP2
CE001659,12898445,POWER_DRAW,S14,U000196,CP2
CE001660,12910156,POWER_DRAW,S28,U000179,CP2
CE001661,12931705,RFID_CHECKPOINT,S35,U000174,CP1
CE001662,12945382,RFID_CHECKPOINT,S21,U000189,CP1
CE001663,12945387,RFID_CHECKPOINT,S07,U000205,CP1
CE001664,12945440,RFID_CHECKPOINT,S14,U000197,CP1
CE001665,12946982,POWER_DRAW,S35,U000174,CP2
CE001666,12964108,POWER_DRAW,S07,U000205,CP2
CE001667,12969867,RFID_CHECKPOINT,S28,U000180,CP1
CE001668,12986201,RFID_CHECKPOINT,S35,U000175,CP1
CE001669,12986982,POWER_DRAW,S28,U000180,CP2
CE001670,12998568,POWER_DRAW,S35,U000175,CP2
CE001671,13007201,RFID_CHECKPOINT,S21,U000190,CP1
CE001672,13015427,RFID_CHECKPOINT,S07,U000206,CP1
CE001673,13018008,RFID_CHECKPOINT,S14,U000198,CP1
CE001674,13025082,POWER_DRAW,S07,U000206,CP2
CE001675,13027099,POWER_DRAW,S21,U000190,CP2
CE001676,13040011,POWER_DRAW,S14,U000198,CP2
CE001677,13043832,RFID_CHECKPOINT,S35,U000176,CP1
CE001678,13044305,RFID_CHECKPOINT,S28,U000181,CP1
CE001679,13056560,POWER_DRAW,S35,U000176,CP2
CE001680,13063046,RFID_CHECKPOINT,S21,U000191,CP1
CE001681,13069813,RFID_CHECKPOINT,S07,U000207,CP1
CE001682,13069830,POWER_DRAW,S28,U000181,CP2
CE001683,13071933,POWER_DRAW,S21,U000191,CP2
CE001684,13088539,RFID_CHECKPOINT,S14,U000199,CP1
CE001685,13095286,POWER_DRAW,S07,U000207,CP2
CE001686,13103205,POWER_DRAW,S14,U000199,CP2
CE001687,13112600,RFID_CHECKPOINT,S35,U000177,CP1
CE001688,13116391,RFID_CHECKPOINT,S28,U000182,CP1
CE001689,13126155,POWER_DRAW,S35,U000177,CP2
CE001690,13129570,RFID_CHECKPOINT,S21,U000192,CP1
CE001691,13132331,POWER_DRAW,S28,U000182,CP2
CE001692,13133993,RFID_CHECKPOINT,S07,U000208,CP1
CE001693,13143038,POWER_DRAW,S21,U000192,CP2
CE001694,13160308,POWER_DRAW,S14,U000200,CP2
CE001695,13171475,RFID_CHECKPOINT,S35,U000178,CP1
CE001696,13174148,RFID_CHECKPOINT,S28,U000183,CP1
CE001697,13183784,RFID_CHECKPOINT,S07,U000209,CP1
CE001698,13187100,POWER_DRAW,S35,U000178,CP2
CE001699,13187334,POWER_DRAW,S28,U000183,CP2
CE001700,13191938,RFID_CHECKPOINT,S21,U000193,CP1
CE001701,13192442,POWER_DRAW,S07,U000209,CP2
CE001702,13200516,POWER_DRAW,S21,U000193,CP2
CE001703,13201715,RFID_CHECKPOINT,S14,U000201,CP1
CE001704,13223931,RFID_CHECKPOINT,S28,U000184,CP1
CE001705,13232374,POWER_DRAW,S28,U000184,CP2
CE001706,13233276,RFID_CHECKPOINT,S07,U000210,CP1
CE001707,13238117,RFID_CHECKPOINT,S35,U000179,CP1
CE001708,13250397,POWER_DRAW,S21,U000194,CP2
CE001709,13253263,POWER_DRAW,S07,U000210,CP2
CE001710,13254554,POWER_DRAW,S35,U000179,CP2
CE001711,13255554,RFID_CHECKPOINT,S14,U000202,CP1
CE001712,13265566,POWER_DRAW,S14,U000202,CP2
CE001713,13272503,RFID_CHECKPOINT,S28,U000185,CP1
CE001714,13287306,RFID_CHECKPOINT,S21,U000195,CP1
CE001715,13289464,POWER_DRAW,S28,U000185,CP2
CE001716,13296480,RFID_CHECKPOINT,S07,U000211,CP1
CE001717,13302323,POWER_DRAW,S21,U000195,CP2
CE001718,13309258,RFID_CHECKPOINT,S14,U000203,CP1
CE001719,13314477,POWER_DRAW,S14,U000203,CP2
CE001720,13329231,RFID_CHECKPOINT,S28,U000186,CP1
CE001721,13342504,POWER_DRAW,S28,U000186,CP2
CE001722,13349058,RFID_CHECKPOINT,S07,U000212,CP1
CE001723,13355075,RFID_CHECKPOINT,S21,U000196,CP1
CE001724,13362501,RFID_CHECKPOINT,S14,U000204,CP1
CE001725,13365049,POWER_DRAW,S07,U000212,CP2
CE001726,13372378,POWER_DRAW,S21,U000196,CP2
CE001727,13379760,RFID_CHECKPOINT,S28,U000187,CP1
CE001728,13401654,POWER_DRAW,S28,U000187,CP2
CE001729,13418886,RFID_CHECKPOINT,S21,U000197,CP1
CE001730,13419280,RFID_CHECKPOINT,S07,U000213,CP1
CE001731,13421664,RFID_CHECKPOINT,S35,U000180,CP1
CE001732,13428578,RFID_CHECKPOINT,S14,U000205,CP1
CE001733,13430384,POWER_DRAW,S21,U000197,CP2
CE001734,13436493,POWER_DRAW,S14,U000205,CP2
CE001735,13440128,POWER_DRAW,S07,U000213,CP2
CE001736,13443451,RFID_CHECKPOINT,S28,U000188,CP1
CE001737,13445054,POWER_DRAW,S35,U000180,CP2
CE001738,13456172,POWER_DRAW,S28,U000188,CP2
CE001739,13486179,RFID_CHECKPOINT,S21,U000198,CP1
CE001740,13486770,RFID_CHECKPOINT,S07,U000214,CP1
CE001741,13491720,POWER_DRAW,S14,U000206,CP2
CE001742,13501581,RFID_CHECKPOINT,S28,U000189,CP1
CE001743,13502054,POWER_DRAW,S21,U000198,CP2
CE001744,13506409,RFID_CHECKPOINT,S35,U000181,CP1
CE001745,13539823,RFID_CHECKPOINT,S14,U000207,CP1
CE001746,13551359,POWER_DRAW,S14,U000207,CP2
CE001747,13557246,RFID_CHECKPOINT,S21,U000199,CP1
CE001748,13570869,POWER_DRAW,S07,U000215,CP2
CE001749,13572037,RFID_CHECKPOINT,S28,U000190,CP1
CE001750,13580119,POWER_DRAW,S21,U000199,CP2
CE001751,13581191,RFID_CHECKPOINT,S35,U000182,CP1
CE001752,13592836,POWER_DRAW,S35,U000182,CP2
CE001753,13595924,RFID_CHECKPOINT,S14,U000208,CP1
CE001754,13616097,RFID_CHECKPOINT,S21,U000200,CP1
CE001755,13626340,POWER_DRAW,S21,U000200,CP2
CE001756,13634789,RFID_CHECKPOINT,S28,U000191,CP1
CE001757,13635366,RFID_CHECKPOINT,S07,U000216,CP1
CE001758,13646746,RFID_CHECKPOINT,S14,U000209,CP1
CE001759,13647929,POWER_DRAW,S28,U000191,CP2
CE001760,13655259,POWER_DRAW,S07,U000216,CP2
CE001761,13658196,POWER_DRAW,S35,U000183,CP2
CE001762,13666707,RFID_CHECKPOINT,S21,U000201,CP1
CE001763,13687593,POWER_DRAW,S21,U000201,CP2
CE001764,13693053,RFID_CHECKPOINT,S28,U000192,CP1
CE001765,13694011,RFID_CHECKPOINT,S35,U000184,CP1
CE001766,13701851,RFID_CHECKPOINT,S14,U000210,CP1
CE001767,13702495,POWER_DRAW,S28,U000192,CP2
CE001768,13703419,POWER_DRAW,S35,U000184,CP2
CE001769,13711956,RFID_CHECKPOINT,S07,U000217,CP1
CE001770,13717318,POWER_DRAW,S14,U000210,CP2
CE001771,13732079,POWER_DRAW,S07,U000217,CP2
CE001772,13743803,RFID_CHECKPOINT,S35,U000185,CP1
CE001773,13748710,RFID_CHECKPOINT,S21,U000202,CP1
CE001774,13760392,RFID_CHECKPOINT,S28,U000193,CP1
CE001775,13761262,POWER_DRAW,S35,U000185,CP2
CE001776,13773712,RFID_CHECKPOINT,S14,U000211,CP1
CE001777,13778354,RFID_CHECKPOINT,S07,U000218,CP1
CE001778,13791917,POWER_DRAW,S07,U000218,CP2
CE001779,13792597,POWER_DRAW,S14,U000211,CP2
CE001780,13810712,RFID_CHECKPOINT,S35,U000186,CP1
CE001781,13819765,POWER_DRAW,S35,U000186,CP2
CE001782,13828681,RFID_CHECKPOINT,S28,U000194,CP1
CE001783,13834680,POWER_DRAW,S21,U000203,CP2
CE001784,13840988,RFID_CHECKPOINT,S14,U000212,CP1
CE001785,13847959,POWER_DRAW,S28,U000194,CP2
CE001786,13850259,RFID_CHECKPOINT,S07,U000219,CP1
CE001787,13865646,POWER_DRAW,S14,U000212,CP2
CE001788,13873521,RFID_CHECKPOINT,S21,U000204,CP1
CE001789,13883228,POWER_DRAW,S35,U000187,CP2
CE001790,13884214,POWER_DRAW,S21,U000204,CP2
CE001791,13891024,RFID_CHECKPOINT,S28,U000195,CP1
CE001792,13908348,POWER_DRAW,S28,U000195,CP2
CE001793,13912238,RFID_CHECKPOINT,S07,U000220,CP1
CE001794,13913226,RFID_CHECKPOINT,S14,U000213,CP1
CE001795,13926447,RFID_CHECKPOINT,S21,U000205,CP1
CE001796,13927348,POWER_DRAW,S07,U000220,CP2
CE001797,13931425,POWER_DRAW,S14,U000213,CP2
CE001798,13936163,RFID_CHECKPOINT,S35,U000188,CP1
CE001799,13953088,POWER_DRAW,S35,U000188,CP2
CE001800,13963039,RFID_CHECKPOINT,S28,U000196,CP1
CE001801,13980810,RFID_CHECKPOINT,S21,U000206,CP1
CE001802,13982227,RFID_CHECKPOINT,S07,U000221,CP1
CE001803,13982431,POWER_DRAW,S28,U000196,CP2
CE001804,13984032,POWER_DRAW,S21,U000206,CP2
CE001805,13987224,RFID_CHECKPOINT,S14,U000214,CP1
CE001806,13991520,RFID_CHECKPOINT,S35,U000189,CP1
CE001807,14005599,POWER_DRAW,S14,U000214,CP2
CE001808,14028309,RFID_CHECKPOINT,S28,U000197,CP1
CE001809,14029627,RFID_CHECKPOINT,S21,U000207,CP1
CE001810,14032006,RFID_CHECKPOINT,S35,U000190,CP1
CE001811,14038097,RFID_CHECKPOINT,S07,U000222,CP1
CE001812,14039481,POWER_DRAW,S21,U000207,CP2
CE001813,14046037,POWER_DRAW,S35,U000190,CP2
CE001814,14046966,POWER_DRAW,S28,U000197,CP2
CE001815,14051278,RFID_CHECKPOINT,S14,U000215,CP1
CE001816,14051988,POWER_DRAW,S07,U000222,CP2
CE001817,14068856,POWER_DRAW,S14,U000215,CP2
CE001818,14079593,RFID_CHECKPOINT,S35,U000191,CP1
CE001819,14081282,RFID_CHECKPOINT,S07,U000223,CP1
CE001820,14088557,RFID_CHECKPOINT,S21,U000208,CP1
CE001821,14092957,POWER_DRAW,S35,U000191,CP2
CE001822,14096552,RFID_CHECKPOINT,S28,U000198,CP1
CE001823,14107769,RFID_CHECKPOINT,S14,U000216,CP1
CE001824,14108968,POWER_DRAW,S28,U000198,CP2
CE001825,14112099,POWER_DRAW,S21,U000208,CP2
CE001826,14120326,POWER_DRAW,S14,U000216,CP2
CE001827,14134592,RFID_CHECKPOINT,S35,U000192,CP1
CE001828,14140955,POWER_DRAW,S35,U000192,CP2
CE001829,14144038,RFID_CHECKPOINT,S07,U000224,CP1
CE001830,14158555,POWER_DRAW,S07,U000224,CP2
CE001831,14159068,RFID_CHECKPOINT,S28,U000199,CP1
CE001832,14168992,RFID_CHECKPOINT,S21,U000209,CP1
CE001833,14172383,POWER_DRAW,S14,U000217,CP2
CE001834,14172574,POWER_DRAW,S28,U000199,CP2
CE001835,14182655,POWER_DRAW,S21,U000209,CP2
CE001836,14195585,POWER_DRAW,S35,U000193,CP2
CE001837,14206571,RFID_CHECKPOINT,S28,U000200,CP1
CE001838,14209950,RFID_CHECKPOINT,S07,U000225,CP1
CE001839,14216147,RFID_CHECKPOINT,S14,U000218,CP1
CE001840,14219005,POWER_DRAW,S28,U000200,CP2
CE001841,14227821,POWER_DRAW,S14,U000218,CP2
CE001842,14229314,RFID_CHECKPOINT,S21,U000210,CP1
CE001843,14229395,RFID_CHECKPOINT,S35,U000194,CP1
CE001844,14243220,POWER_DRAW,S35,U000194,CP2
CE001845,14270663,RFID_CHECKPOINT,S07,U000226,CP1
CE001846,14274186,RFID_CHECKPOINT,S14,U000219,CP1
CE001847,14275502,RFID_CHECKPOINT,S21,U000211,CP1
CE001848,14285490,RFID_CHECKPOINT,S28,U000201,CP1
CE001849,14287880,POWER_DRAW,S21,U000211,CP2
CE001850,14293055,POWER_DRAW,S14,U000219,CP2
CE001851,14295615,POWER_DRAW,S07,U000226,CP2
CE001852,14295913,RFID_CHECKPOINT,S35,U000195,CP1
CE001853,14298130,POWER_DRAW,S28,U000201,CP2
CE001854,14304646,POWER_DRAW,S35,U000195,CP2
CE001855,14333119,RFID_CHECKPOINT,S21,U000212,CP1
CE001856,14341459,RFID_CHECKPOINT,S14,U000220,CP1
CE001857,14341789,RFID_CHECKPOINT,S35,U000196,CP1
CE001858,14345307,RFID_CHECKPOINT,S07,U000227,CP1
CE001859,14358281,POWER_DRAW,S14,U000220,CP2
CE001860,14360659,RFID_CHECKPOINT,S28,U000202,CP1
CE001861,14364465,POWER_DRAW,S07,U000227,CP2
CE001862,14385418,POWER_DRAW,S28,U000202,CP2
CE001863,14397567,RFID_CHECKPOINT,S35,U000197,CP1
CE001864,14407862,RFID_CHECKPOINT,S14,U000221,CP1
CE001865,14410586,RFID_CHECKPOINT,S07,U000228,CP1
CE001866,14413881,POWER_DRAW,S14,U000221,CP2
CE001867,14414195,POWER_DRAW,S35,U000197,CP2
CE001868,14421975,POWER_DRAW,S21,U000212,CP2
CE001869,14421975,POWER_DRAW,S21,U000213,CP2
CE001870,14432279,POWER_DRAW,S07,U000228,CP2
CE001871,14446034,RFID_CHECKPOINT,S35,U000198,CP1
CE001872,14446469,RFID_CHECKPOINT,S14,U000222,CP1
CE001873,14447874,POWER_DRAW,S28,U000203,CP2
CE001874,14463055,POWER_DRAW,S35,U000198,CP2
CE001875,14463851,RFID_CHECKPOINT,S21,U000214,CP1
CE001876,14487203,POWER_DRAW,S21,U000214,CP2
CE001877,14490183,RFID_CHECKPOINT,S28,U000204,CP1
CE001878,14491664,POWER_DRAW,S07,U000229,CP2
CE001879,14500671,RFID_CHECKPOINT,S14,U000223,CP1
CE001880,14506691,RFID_CHECKPOINT,S35,U000199,CP1
CE001881,14516310,POWER_DRAW,S14,U000223,CP2
CE001882,14524526,RFID_CHECKPOINT,S21,U000215,CP1
CE001883,14532452,POWER_DRAW,S35,U000199,CP2
CE001884,14541198,POWER_DRAW,S21,U000215,CP2
CE001885,14541654,RFID_CHECKPOINT,S07,U000230,CP1
CE001886,14556647,RFID_CHECKPOINT,S28,U000205,CP1
CE001887,14560975,RFID_CHECKPOINT,S14,U000224,CP1
CE001888,14566240,POWER_DRAW,S07,U000230,CP2
CE001889,14572862,POWER_DRAW,S28,U000205,CP2
CE001890,14573608,POWER_DRAW,S14,U000224,CP2
CE001891,14577554,RFID_CHECKPOINT,S35,U000200,CP1
CE001892,14589301,RFID_CHECKPOINT,S21,U000216,CP1
CE001893,14611504,RFID_CHECKPOINT,S28,U000206,CP1
CE001894,14618139,RFID_CHECKPOINT,S07,U000231,CP1
CE001895,14621642,RFID_CHECKPOINT,S14,U000225,CP1
CE001896,14622149,POWER_DRAW,S28,U000206,CP2
CE001897,14627633,POWER_DRAW,S07,U000231,CP2
CE001898,14636644,RFID_CHECKPOINT,S35,U000201,CP1
CE001899,14652047,RFID_CHECKPOINT,S21,U000217,CP1
CE001900,14662875,POWER_DRAW,S21,U000217,CP2
CE001901,14674688,RFID_CHECKPOINT,S14,U000226,CP1
CE001902,14685386,RFID_CHECKPOINT,S07,U000232,CP1
CE001903,14688706,RFID_CHECKPOINT,S28,U000207,CP1
CE001904,14697188,POWER_DRAW,S14,U000226,CP2
CE001905,14702420,POWER_DRAW,S07,U000232,CP2
CE001906,14705660,POWER_DRAW,S28,U000207,CP2
CE001907,14708477,RFID_CHECKPOINT,S21,U000218,CP1
CE001908,14716792,RFID_CHECKPOINT,S35,U000202,CP1
CE001909,14737996,POWER_DRAW,S35,U000202,CP2
CE001910,14741359,RFID_CHECKPOINT,S14,U000227,CP1
CE001911,14746629,RFID_CHECKPOINT,S28,U000208,CP1
CE001912,14747590,POWER_DRAW,S14,U000227,CP2
CE001913,14750601,RFID_CHECKPOINT,S07,U000233,CP1
CE001914,14758310,POWER_DRAW,S28,U000208,CP2
CE001915,14759544,RFID_CHECKPOINT,S21,U000219,CP1
CE001916,14771402,POWER_DRAW,S21,U000219,CP2
CE001917,14772157,POWER_DRAW,S07,U000233,CP2
CE001918,14804482,RFID_CHECKPOINT,S35,U000203,CP1
CE001919,14807020,RFID_CHECKPOINT,S21,U000220,CP1
CE001920,14808959,RFID_CHECKPOINT,S14,U000228,CP1
CE001921,14809437,RFID_CHECKPOINT,S07,U000234,CP1
CE001922,14810992,RFID_CHECKPOINT,S28,U000209,CP1
CE001923,14813523,POWER_DRAW,S07,U000234,CP2
CE001924,14817275,POWER_DRAW,S21,U000220,CP2
CE001925,14819674,POWER_DRAW,S35,U000203,CP2
CE001926,14852439,RFID_CHECKPOINT,S07,U000235,CP1
CE001927,14855574,RFID_CHECKPOINT,S35,U000204,CP1
CE001928,14868136,POWER_DRAW,S07,U000235,CP2
CE001929,14871730,POWER_DRAW,S35,U000204,CP2
CE001930,14875245,RFID_CHECKPOINT,S14,U000229,CP1
CE001931,14882424,POWER_DRAW,S21,U000221,CP2
CE001932,14896638,POWER_DRAW,S14,U000229,CP2
CE001933,14896886,RFID_CHECKPOINT,S28,U000209,CP1
CE001934,14896886,RFID_CHECKPOINT,S28,U000210,CP1
CE001935,14913704,POWER_DRAW,S28,U000210,CP2
CE001936,14917154,POWER_DRAW,S35,U000205,CP2
CE001937,14924326,RFID_CHECKPOINT,S07,U000236,CP1
CE001938,14938361,RFID_CHECKPOINT,S21,U000222,CP1
CE001939,14940574,RFID_CHECKPOINT,S14,U000230,CP1
CE001940,14946641,POWER_DRAW,S07,U000236,CP2
CE001941,14957349,RFID_CHECKPOINT,S28,U000211,CP1
CE001942,14969200,RFID_CHECKPOINT,S35,U000206,CP1
CE001943,14971244,POWER_DRAW,S28,U000211,CP2
CE001944,14978597,POWER_DRAW,S35,U000206,CP2
CE001945,14990485,RFID_CHECKPOINT,S07,U000237,CP1
CE001946,14993765,RFID_CHECKPOINT,S14,U000231,CP1
CE001947,14999946,RFID_CHECKPOINT,S21,U000223,CP1
CE001948,15002274,POWER_DRAW,S14,U000231,CP2
CE001949,15004866,POWER_DRAW,S07,U000237,CP2
CE001950,15006983,POWER_DRAW,S21,U000223,CP2
CE001951,15025744,RFID_CHECKPOINT,S35,U000207,CP1
CE001952,15039418,RFID_CHECKPOINT,S28,U000212,CP1
CE001953,15041536,POWER_DRAW,S35,U000207,CP2
CE001954,15053229,RFID_CHECKPOINT,S14,U000232,CP1
CE001955,15053351,RFID_CHECKPOINT,S21,U000224,CP1
CE001956,15058937,RFID_CHECKPOINT,S07,U000238,CP1
CE001957,15068298,POWER_DRAW,S14,U000232,CP2
CE001958,15072584,POWER_DRAW,S21,U000224,CP2
CE001959,15103389,POWER_DRAW,S35,U000208,CP2
CE001960,15109526,RFID_CHECKPOINT,S28,U000213,CP1
CE001961,15117933,RFID_CHECKPOINT,S14,U000233,CP1
CE001962,15122128,POWER_DRAW,S28,U000213,CP2
CE001963,15125128,RFID_CHECKPOINT,S07,U000239,CP1
CE001964,15128506,POWER_DRAW,S14,U000233,CP2
CE001965,15137659,RFID_CHECKPOINT,S21,U000225,CP1
CE001966,15143270,POWER_DRAW,S07,U000239,CP2
CE001967,15161620,RFID_CHECKPOINT,S35,U000209,CP1
CE001968,15166955,RFID_CHECKPOINT,S28,U000214,CP1
CE001969,15181298,POWER_DRAW,S35,U000209,CP2
CE001970,15182360,POWER_DRAW,S28,U000214,CP2
CE001971,15192179,RFID_CHECKPOINT,S14,U000234,CP1
CE001972,15193893,RFID_CHECKPOINT,S07,U000240,CP1
CE001973,15204006,POWER_DRAW,S14,U000234,CP2
CE001974,15211466,POWER_DRAW,S07,U000240,CP2
CE001975,15213952,RFID_CHECKPOINT,S21,U000226,CP1
CE001976,15225367,RFID_CHECKPOINT,S28,U000215,CP1
CE001977,15228539,POWER_DRAW,S21,U000226,CP2
CE001978,15239170,POWER_DRAW,S28,U000215,CP2
CE001979,15255874,RFID_CHECKPOINT,S07,U000241,CP1
CE001980,15257344,RFID_CHECKPOINT,S35,U000210,CP1
CE001981,15258750,RFID_CHECKPOINT,S14,U000235,CP1
CE001982,15267029,POWER_DRAW,S07,U000242,CP2
CE001983,15267029,POWER_DRAW,S07,U000241,CP2
CE001984,15267567,POWER_DRAW,S35,U000210,CP2
CE001985,15277501,RFID_CHECKPOINT,S21,U000227,CP1
CE001986,15278251,POWER_DRAW,S14,U000235,CP2
CE001987,15299476,POWER_DRAW,S21,U000227,CP2
CE001988,15300895,RFID_CHECKPOINT,S28,U000216,CP1
CE001989,15308189,RFID_CHECKPOINT,S07,U000242,CP1
CE001990,15314988,POWER_DRAW,S07,U000242,CP2
CE001991,15315404,POWER_DRAW,S28,U000216,CP2
CE001992,15320984,RFID_CHECKPOINT,S35,U000211,CP1
CE001993,15333753,RFID_CHECKPOINT,S14,U000236,CP1
CE001994,15334447,POWER_DRAW,S35,U000211,CP2
CE001995,15355290,RFID_CHECKPOINT,S07,U000243,CP1
CE001996,15357825,RFID_CHECKPOINT,S21,U000228,CP1
CE001997,15361059,RFID_CHECKPOINT,S28,U000217,CP1
CE001998,15364261,POWER_DRAW,S07,U000243,CP2
CE001999,15383505,POWER_DRAW,S28,U000217,CP2
CE002000,15401714,RFID_CHECKPOINT,S07,U000244,CP1
CE002001,15404193,POWER_DRAW,S14,U000237,CP2
CE002002,15408887,RFID_CHECKPOINT,S21,U000229,CP1
CE002003,15413272,POWER_DRAW,S07,U000244,CP2
CE002004,15419635,RFID_CHECKPOINT,S35,U000212,CP1
CE002005,15436249,POWER_DRAW,S35,U000212,CP2
CE002006,15444786,POWER_DRAW,S28,U000218,CP2
CE002007,15451489,POWER_DRAW,S14,U000238,CP2
CE002008,15453172,RFID_CHECKPOINT,S07,U000245,CP1
CE002009,15457249,RFID_CHECKPOINT,S21,U000230,CP1
CE002010,15471895,RFID_CHECKPOINT,S35,U000213,CP1
CE002011,15479615,RFID_CHECKPOINT,S28,U000219,CP1
CE002012,15497724,POWER_DRAW,S28,U000219,CP2
CE002013,15507541,RFID_CHECKPOINT,S21,U000231,CP1
CE002014,15511245,RFID_CHECKPOINT,S14,U000239,CP1
CE002015,15515443,RFID_CHECKPOINT,S07,U000246,CP1
CE002016,15522247,POWER_DRAW,S07,U000246,CP2
CE002017,15529363,POWER_DRAW,S14,U000239,CP2
CE002018,15544674,RFID_CHECKPOINT,S28,U000220,CP1
CE002019,15546570,POWER_DRAW,S35,U000214,CP2
CE002020,15569830,RFID_CHECKPOINT,S07,U000247,CP1
CE002021,15570844,RFID_CHECKPOINT,S14,U000240,CP1
CE002022,15571450,RFID_CHECKPOINT,S21,U000232,CP1
CE002023,15588530,POWER_DRAW,S21,U000232,CP2
CE002024,15594546,POWER_DRAW,S14,U000240,CP2
CE002025,15605304,RFID_CHECKPOINT,S35,U000215,CP1
CE002026,15613055,RFID_CHECKPOINT,S28,U000221,CP1
CE002027,15627632,POWER_DRAW,S35,U000215,CP2
CE002028,15628190,RFID_CHECKPOINT,S07,U000248,CP1
CE002029,15628209,RFID_CHECKPOINT,S21,U000233,CP1
CE002030,15636162,POWER_DRAW,S28,U000221,CP2
CE002031,15640145,POWER_DRAW,S21,U000233,CP2
CE002032,15643814,POWER_DRAW,S07,U000248,CP2
CE002033,15663595,POWER_DRAW,S14,U000241,CP2
CE002034,15675945,RFID_CHECKPOINT,S35,U000216,CP1
CE002035,15684622,RFID_CHECKPOINT,S07,U000249,CP1
CE002036,15692616,RFID_CHECKPOINT,S21,U000234,CP1
CE002037,15697677,RFID_CHECKPOINT,S28,U000222,CP1
CE002038,15698869,POWER_DRAW,S35,U000216,CP2
CE002039,15703766,POWER_DRAW,S07,U000249,CP2
CE002040,15709488,RFID_CHECKPOINT,S14,U000242,CP1
CE002041,15714210,POWER_DRAW,S21,U000234,CP2
CE002042,15725367,POWER_DRAW,S14,U000242,CP2
CE002043,15738298,RFID_CHECKPOINT,S35,U000217,CP1
CE002044,15748660,RFID_CHECKPOINT,S07,U000250,CP1
CE002045,15749874,POWER_DRAW,S35,U000217,CP2
CE002046,15764279,POWER_DRAW,S07,U000250,CP2
CE002047,15769181,RFID_CHECKPOINT,S21,U000235,CP1
CE002048,15774813,RFID_CHECKPOINT,S35,U000218,CP1
CE002049,15775230,RFID_CHECKPOINT,S28,U000223,CP1
CE002050,15777906,RFID_CHECKPOINT,S14,U000243,CP1
CE002051,15785258,POWER_DRAW,S21,U000235,CP2
CE002052,15791036,POWER_DRAW,S28,U000223,CP2
CE002053,15797502,POWER_DRAW,S14,U000242,CP2
CE002054,15797502,POWER_DRAW,S14,U000243,CP2
CE002055,15816131,RFID_CHECKPOINT,S07,U000251,CP1
CE002056,15834386,POWER_DRAW,S07,U000251,CP2
CE002057,15836656,RFID_CHECKPOINT,S21,U000236,CP1
CE002058,15840900,RFID_CHECKPOINT,S14,U000244,CP1
CE002059,15841463,RFID_CHECKPOINT,S35,U000219,CP1
CE002060,15848886,POWER_DRAW,S21,U000236,CP2
CE002061,15849230,RFID_CHECKPOINT,S28,U000224,CP1
CE002062,15852313,POWER_DRAW,S14,U000244,CP2
CE002063,15858046,POWER_DRAW,S35,U000219,CP2
CE002064,15862087,POWER_DRAW,S28,U000224,CP2
CE002065,15892432,RFID_CHECKPOINT,S07,U000252,CP1
CE002066,15897774,POWER_DRAW,S14,U000245,CP2
CE002067,15899314,RFID_CHECKPOINT,S21,U000237,CP1
CE002068,15908507,POWER_DRAW,S21,U000237,CP2
CE002069,15911441,RFID_CHECKPOINT,S28,U000225,CP1
CE002070,15915035,POWER_DRAW,S07,U000252,CP2
CE002071,15921798,POWER_DRAW,S35,U000220,CP2
CE002072,15925513,POWER_DRAW,S28,U000225,CP2
CE002073,15944976,RFID_CHECKPOINT,S14,U000246,CP1
CE002074,15949635,RFID_CHECKPOINT,S21,U000238,CP1
CE002075,15953433,POWER_DRAW,S14,U000246,CP2
CE002076,15959628,RFID_CHECKPOINT,S35,U000221,CP1
CE002077,15966242,RFID_CHECKPOINT,S07,U000253,CP1
CE002078,15971322,POWER_DRAW,S35,U000221,CP2
CE002079,15973777,POWER_DRAW,S07,U000253,CP2
CE002080,15974895,RFID_CHECKPOINT,S28,U000226,CP1
CE002081,15989914,POWER_DRAW,S28,U000226,CP2
CE002082,15995404,RFID_CHECKPOINT,S14,U000247,CP1
CE002083,16007419,POWER_DRAW,S14,U000247,CP2
CE002084,16016095,POWER_DRAW,S21,U000239,CP2
CE002085,16019841,RFID_CHECKPOINT,S07,U000254,CP1
CE002086,16029938,RFID_CHECKPOINT,S28,U000227,CP1
CE002087,16033657,POWER_DRAW,S07,U000254,CP2
CE002088,16039645,POWER_DRAW,S28,U000227,CP2
CE002089,16057960,RFID_CHECKPOINT,S35,U000222,CP1
CE002090,16066636,RFID_CHECKPOINT,S14,U000248,CP1
CE002091,16068680,RFID_CHECKPOINT,S07,U000255,CP1
CE002092,16080021,POWER_DRAW,S14,U000248,CP2
CE002093,16081533,POWER_DRAW,S07,U000255,CP2
CE002094,16084346,POWER_DRAW,S21,U000240,CP2
CE002095,16122203,RFID_CHECKPOINT,S07,U000256,CP1
CE002096,16131377,RFID_CHECKPOINT,S21,U000241,CP1
CE002097,16135214,POWER_DRAW,S07,U000256,CP2
CE002098,16138435,RFID_CHECKPOINT,S14,U000249,CP1
CE002099,16141045,POWER_DRAW,S28,U000228,CP2
CE002100,16145662,RFID_CHECKPOINT,S35,U000223,CP1
CE002101,16155031,POWER_DRAW,S21,U000241,CP2
CE002102,16162740,POWER_DRAW,S14,U000249,CP2
CE002103,16166817,POWER_DRAW,S35,U000223,CP2
CE002104,16178063,RFID_CHECKPOINT,S07,U000257,CP1
CE002105,16189322,RFID_CHECKPOINT,S28,U000229,CP1
CE002106,16190125,POWER_DRAW,S07,U000257,CP2
CE002107,16205459,POWER_DRAW,S28,U000229,CP2
CE002108,16208532,RFID_CHECKPOINT,S14,U000250,CP1
CE002109,16209467,POWER_DRAW,S21,U000242,CP2
CE002110,16211394,RFID_CHECKPOINT,S35,U000224,CP1
CE002111,16217380,POWER_DRAW,S14,U000250,CP2
CE002112,16241730,RFID_CHECKPOINT,S07,U000258,CP1
CE002113,16262527,RFID_CHECKPOINT,S21,U000243,CP1
CE002114,16263309,POWER_DRAW,S07,U000258,CP2
CE002115,16266601,RFID_CHECKPOINT,S14,U000251,CP1
CE002116,16270578,RFID_CHECKPOINT,S28,U000230,CP1
CE002117,16272115,POWER_DRAW,S21,U000243,CP2
CE002118,16282836,RFID_CHECKPOINT,S35,U000225,CP1
CE002119,16283414,POWER_DRAW,S28,U000230,CP2
CE002120,16288905,POWER_DRAW,S14,U000250,CP2
CE002121,16288905,POWER_DRAW,S14,U000251,CP2
CE002122,16301989,RFID_CHECKPOINT,S07,U000259,CP1
CE002123,16309663,POWER_DRAW,S35,U000225,CP2
CE002124,16312940,RFID_CHECKPOINT,S21,U000244,CP1
CE002125,16315842,POWER_DRAW,S07,U000259,CP2
CE002126,16328450,POWER_DRAW,S21,U000244,CP2
CE002127,16345082,RFID_CHECKPOINT,S14,U000252,CP1
CE002128,16360201,POWER_DRAW,S28,U000231,CP2
CE002129,16367923,RFID_CHECKPOINT,S21,U000245,CP1
CE002130,16369440,RFID_CHECKPOINT,S35,U000226,CP1
CE002131,16382995,POWER_DRAW,S21,U000245,CP2
CE002132,16386957,POWER_DRAW,S35,U000226,CP2
CE002133,16399649,RFID_CHECKPOINT,S28,U000232,CP1
CE002134,16414580,POWER_DRAW,S28,U000232,CP2
CE002135,16422153,RFID_CHECKPOINT,S21,U000246,CP1
CE002136,16425554,RFID_CHECKPOINT,S35,U000227,CP1
CE002137,16425948,RFID_CHECKPOINT,S07,U000261,CP1
CE002138,16431169,RFID_CHECKPOINT,S14,U000253,CP1
CE002139,16431169,RFID_CHECKPOINT,S14,U000252,CP1
CE002140,16443029,POWER_DRAW,S35,U000227,CP2
CE002141,16477120,RFID_CHECKPOINT,S07,U000262,CP1
CE002142,16477258,RFID_CHECKPOINT,S28,U000233,CP1
CE002143,16483282,RFID_CHECKPOINT,S21,U000247,CP1
CE002144,16490010,RFID_CHECKPOINT,S35,U000227,CP1
CE002145,16490010,RFID_CHECKPOINT,S35,U000228,CP1
CE002146,16494730,POWER_DRAW,S21,U000247,CP2
CE002147,16496629,POWER_DRAW,S28,U000233,CP2
CE002148,16501412,POWER_DRAW,S07,U000262,CP2
CE002149,16503069,RFID_CHECKPOINT,S14,U000254,CP1
CE002150,16510561,POWER_DRAW,S35,U000228,CP2
CE002151,16513221,POWER_DRAW,S14,U000254,CP2
CE002152,16542584,RFID_CHECKPOINT,S07,U000263,CP1
CE002153,16548238,POWER_DRAW,S07,U000263,CP2
CE002154,16549493,RFID_CHECKPOINT,S21,U000248,CP1
CE002155,16549493,RFID_CHECKPOINT,S21,U000247,CP1
CE002156,16555348,RFID_CHECKPOINT,S14,U000255,CP1
CE002157,16563599,RFID_CHECKPOINT,S35,U000229,CP1
CE002158,16565336,POWER_DRAW,S14,U000255,CP2
CE002159,16565904,POWER_DRAW,S28,U000234,CP2
CE002160,16575829,POWER_DRAW,S35,U000229,CP2
CE002161,16589368,RFID_CHECKPOINT,S07,U000264,CP1
CE002162,16606576,RFID_CHECKPOINT,S14,U000256,CP1
CE002163,16611145,POWER_DRAW,S07,U000264,CP2
CE002164,16617189,RFID_CHECKPOINT,S28,U000235,CP1
CE002165,16618630,RFID_CHECKPOINT,S21,U000249,CP1
CE002166,16622010,POWER_DRAW,S14,U000256,CP2
CE002167,16625227,POWER_DRAW,S28,U000235,CP2
CE002168,16631451,POWER_DRAW,S21,U000249,CP2
CE002169,16640111,RFID_CHECKPOINT,S35,U000230,CP1
CE002170,16652650,RFID_CHECKPOINT,S07,U000265,CP1
CE002171,16668775,RFID_CHECKPOINT,S14,U000257,CP1
CE002172,16675476,POWER_DRAW,S07,U000265,CP2
CE002173,16677601,RFID_CHECKPOINT,S21,U000250,CP1
CE002174,16682288,POWER_DRAW,S14,U000257,CP2
CE002175,16690393,POWER_DRAW,S21,U000250,CP2
CE002176,16695861,POWER_DRAW,S28,U000236,CP2
CE002177,16705749,RFID_CHECKPOINT,S35,U000231,CP1
CE002178,16720375,RFID_CHECKPOINT,S21,U000251,CP1
CE002179,16720534,POWER_DRAW,S35,U000230,CP2
CE002180,16720534,POWER_DRAW,S35,U000231,CP2
CE002181,16722670,RFID_CHECKPOINT,S14,U000258,CP1
CE002182,16729476,POWER_DRAW,S07,U000266,CP2
CE002183,16737986,POWER_DRAW,S21,U000251,CP2
CE002184,16740549,POWER_DRAW,S14,U000258,CP2
CE002185,16750592,RFID_CHECKPOINT,S28,U000237,CP1
CE002186,16763279,POWER_DRAW,S28,U000237,CP2
CE002187,16767174,RFID_CHECKPOINT,S35,U000232,CP1
CE002188,16774173,RFID_CHECKPOINT,S14,U000259,CP1
CE002189,16779153,RFID_CHECKPOINT,S21,U000252,CP1
CE002190,16780485,RFID_CHECKPOINT,S07,U000267,CP1
CE002191,16784991,POWER_DRAW,S21,U000252,CP2
CE002192,16794237,POWER_DRAW,S14,U000259,CP2
CE002193,16797380,POWER_DRAW,S07,U000267,CP2
CE002194,16829705,RFID_CHECKPOINT,S21,U000253,CP1
CE002195,16836830,RFID_CHECKPOINT,S35,U000233,CP1
CE002196,16848720,RFID_CHECKPOINT,S14,U000260,CP1
CE002197,16848751,POWER_DRAW,S35,U000233,CP2
CE002198,16850690,POWER_DRAW,S21,U000253,CP2
CE002199,16851393,RFID_CHECKPOINT,S07,U000268,CP1
CE002200,16865466,POWER_DRAW,S07,U000268,CP2
CE002201,16868046,POWER_DRAW,S14,U000260,CP2
CE002202,16872653,RFID_CHECKPOINT,S28,U000239,CP1
CE002203,16888327,POWER_DRAW,S28,U000239,CP2
CE002204,16893406,RFID_CHECKPOINT,S21,U000254,CP1
CE002205,16907207,POWER_DRAW,S21,U000254,CP2
CE002206,16910025,RFID_CHECKPOINT,S14,U000261,CP1
CE002207,16922982,POWER_DRAW,S14,U000261,CP2
CE002208,16923989,RFID_CHECKPOINT,S07,U000269,CP1
CE002209,16926755,RFID_CHECKPOINT,S35,U000234,CP1
CE002210,16942337,POWER_DRAW,S35,U000234,CP2
CE002211,16946085,RFID_CHECKPOINT,S28,U000240,CP1
CE002212,16960652,POWER_DRAW,S28,U000240,CP2
CE002213,16967774,RFID_CHECKPOINT,S14,U000262,CP1
CE002214,16970072,POWER_DRAW,S21,U000255,CP2
CE002215,16989792,RFID_CHECKPOINT,S35,U000235,CP1
CE002216,17001539,RFID_CHECKPOINT,S07,U000270,CP1
CE002217,17004426,RFID_CHECKPOINT,S28,U000241,CP1
CE002218,17005026,RFID_CHECKPOINT,S21,U000256,CP1
CE002219,17015788,POWER_DRAW,S28,U000241,CP2
CE002220,17017727,POWER_DRAW,S07,U000270,CP2
CE002221,17023176,POWER_DRAW,S21,U000256,CP2
CE002222,17036373,RFID_CHECKPOINT,S14,U000263,CP1
CE002223,17050205,POWER_DRAW,S14,U000263,CP2
CE002224,17061267,RFID_CHECKPOINT,S35,U000236,CP1
CE002225,17064001,RFID_CHECKPOINT,S21,U000257,CP1
CE002226,17065956,RFID_CHECKPOINT,S07,U000271,CP1
CE002227,17076516,POWER_DRAW,S35,U000236,CP2
CE002228,17079409,POWER_DRAW,S07,U000270,CP2
CE002229,17079409,POWER_DRAW,S07,U000271,CP2
CE002230,17083703,POWER_DRAW,S21,U000257,CP2
CE002231,17089552,RFID_CHECKPOINT,S28,U000242,CP1
CE002232,17094195,RFID_CHECKPOINT,S14,U000264,CP1
CE002233,17103199,POWER_DRAW,S28,U000242,CP2
CE002234,17105254,POWER_DRAW,S14,U000264,CP2
CE002235,17121106,RFID_CHECKPOINT,S07,U000272,CP1
CE002236,17123221,RFID_CHECKPOINT,S35,U000237,CP1
CE002237,17137043,POWER_DRAW,S07,U000272,CP2
CE002238,17139119,RFID_CHECKPOINT,S21,U000258,CP1
CE002239,17139960,POWER_DRAW,S35,U000237,CP2
CE002240,17149521,POWER_DRAW,S21,U000258,CP2
CE002241,17149659,RFID_CHECKPOINT,S14,U000265,CP1
CE002242,17173552,RFID_CHECKPOINT,S28,U000243,CP1
CE002243,17184209,POWER_DRAW,S28,U000243,CP2
CE002244,17187264,POWER_DRAW,S07,U000272,CP2
CE002245,17187264,POWER_DRAW,S07,U000273,CP2
CE002246,17196223,RFID_CHECKPOINT,S21,U000259,CP1
CE002247,17201276,RFID_CHECKPOINT,S35,U000238,CP1
CE002248,17202490,POWER_DRAW,S21,U000259,CP2
CE002249,17208968,RFID_CHECKPOINT,S14,U000266,CP1
CE002250,17224606,RFID_CHECKPOINT,S07,U000274,CP1
CE002251,17231355,POWER_DRAW,S14,U000266,CP2
CE002252,17242686,POWER_DRAW,S07,U000274,CP2
CE002253,17245000,RFID_CHECKPOINT,S28,U000244,CP1
CE002254,17250088,RFID_CHECKPOINT,S21,U000260,CP1
CE002255,17260003,RFID_CHECKPOINT,S35,U000239,CP1
CE002256,17266173,POWER_DRAW,S35,U000239,CP2
CE002257,17270247,POWER_DRAW,S21,U000260,CP2
CE002258,17279506,POWER_DRAW,S14,U000267,CP2
CE002259,17288648,RFID_CHECKPOINT,S28,U000245,CP1
CE002260,17288933,RFID_CHECKPOINT,S07,U000275,CP1
CE002261,17304891,POWER_DRAW,S28,U000245,CP2
CE002262,17308872,POWER_DRAW,S35,U000240,CP2
CE002263,17318007,RFID_CHECKPOINT,S21,U000261,CP1
CE002264,17324973,RFID_CHECKPOINT,S14,U000268,CP1
CE002265,17331777,POWER_DRAW,S21,U000261,CP2
CE002266,17334784,POWER_DRAW,S14,U000268,CP2
CE002267,17355689,RFID_CHECKPOINT,S07,U000276,CP1
CE002268,17360085,RFID_CHECKPOINT,S35,U000241,CP1
CE002269,17373270,POWER_DRAW,S35,U000241,CP2
CE002270,17374474,RFID_CHECKPOINT,S21,U000262,CP1
CE002271,17378961,POWER_DRAW,S07,U000276,CP2
CE002272,17386917,RFID_CHECKPOINT,S28,U000246,CP1
CE002273,17387327,POWER_DRAW,S21,U000262,CP2
CE002274,17389954,RFID_CHECKPOINT,S14,U000268,CP1
CE002275,17389954,RFID_CHECKPOINT,S14,U000269,CP1
CE002276,17409260,POWER_DRAW,S28,U000246,CP2
CE002277,17410597,POWER_DRAW,S14,U000269,CP2
CE002278,17427014,RFID_CHECKPOINT,S21,U000263,CP1
CE002279,17431601,RFID_CHECKPOINT,S35,U000242,CP1
CE002280,17435225,POWER_DRAW,S21,U000263,CP2
CE002281,17438344,RFID_CHECKPOINT,S07,U000277,CP1
CE002282,17449039,POWER_DRAW,S35,U000242,CP2
CE002283,17452558,POWER_DRAW,S07,U000277,CP2
CE002284,17474894,POWER_DRAW,S14,U000270,CP2
CE002285,17475281,RFID_CHECKPOINT,S28,U000247,CP1
CE002286,17486259,RFID_CHECKPOINT,S21,U000264,CP1
CE002287,17488371,POWER_DRAW,S28,U000247,CP2
CE002288,17499741,RFID_CHECKPOINT,S07,U000278,CP1
CE002289,17505226,POWER_DRAW,S21,U000264,CP2
CE002290,17509989,POWER_DRAW,S07,U000278,CP2
CE002291,17513899,RFID_CHECKPOINT,S35,U000243,CP1
CE002292,17530987,RFID_CHECKPOINT,S14,U000271,CP1
CE002293,17545107,POWER_DRAW,S14,U000271,CP2
CE002294,17553032,RFID_CHECKPOINT,S21,U000265,CP1
CE002295,17558812,RFID_CHECKPOINT,S07,U000279,CP1
CE002296,17565634,RFID_CHECKPOINT,S28,U000248,CP1
CE002297,17566685,POWER_DRAW,S07,U000279,CP2
CE002298,17570608,POWER_DRAW,S21,U000265,CP2
CE002299,17580951,RFID_CHECKPOINT,S14,U000272,CP1
CE002300,17586720,RFID_CHECKPOINT,S35,U000244,CP1
CE002301,17596944,POWER_DRAW,S14,U000272,CP2
CE002302,17609515,POWER_DRAW,S35,U000244,CP2
CE002303,17611697,RFID_CHECKPOINT,S21,U000266,CP1
CE002304,17613466,RFID_CHECKPOINT,S28,U000249,CP1
CE002305,17618749,RFID_CHECKPOINT,S07,U000280,CP1
CE002306,17629533,POWER_DRAW,S21,U000266,CP2
CE002307,17630332,POWER_DRAW,S28,U000249,CP2
CE002308,17634462,POWER_DRAW,S07,U000280,CP2
CE002309,17643523,RFID_CHECKPOINT,S14,U000273,CP1
CE002310,17650852,RFID_CHECKPOINT,S35,U000245,CP1
CE002311,17659879,POWER_DRAW,S14,U000273,CP2
CE002312,17666976,POWER_DRAW,S35,U000245,CP2
CE002313,17668895,RFID_CHECKPOINT,S28,U000250,CP1
CE002314,17676257,RFID_CHECKPOINT,S07,U000281,CP1
CE002315,17682765,RFID_CHECKPOINT,S21,U000267,CP1
CE002316,17683870,POWER_DRAW,S28,U000250,CP2
CE002317,17697347,POWER_DRAW,S21,U000267,CP2
CE002318,17702576,RFID_CHECKPOINT,S14,U000274,CP1
CE002319,17714837,POWER_DRAW,S14,U000274,CP2
CE002320,17732715,RFID_CHECKPOINT,S21,U000268,CP1
CE002321,17738634,RFID_CHECKPOINT,S28,U000251,CP1
CE002322,17741914,RFID_CHECKPOINT,S35,U000246,CP1
CE002323,17743866,POWER_DRAW,S21,U000268,CP2
CE002324,17749540,POWER_DRAW,S28,U000251,CP2
CE002325,17758794,POWER_DRAW,S35,U000246,CP2
CE002326,17777380,RFID_CHECKPOINT,S14,U000275,CP1
CE002327,17781364,RFID_CHECKPOINT,S07,U000283,CP1
CE002328,17785150,RFID_CHECKPOINT,S28,U000252,CP1
CE002329,17789252,POWER_DRAW,S14,U000275,CP2
CE002330,17793121,POWER_DRAW,S28,U000252,CP2
CE002331,17794207,RFID_CHECKPOINT,S21,U000269,CP1
CE002332,17798903,POWER_DRAW,S07,U000283,CP2
CE002333,17799740,RFID_CHECKPOINT,S35,U000247,CP1
CE002334,17812707,POWER_DRAW,S21,U000269,CP2
CE002335,17833859,RFID_CHECKPOINT,S14,U000276,CP1
CE002336,17849451,POWER_DRAW,S14,U000276,CP2
CE002337,17853064,RFID_CHECKPOINT,S21,U000270,CP1
CE002338,17853575,POWER_DRAW,S07,U000284,CP2
CE002339,17857567,RFID_CHECKPOINT,S28,U000253,CP1
CE002340,17871383,POWER_DRAW,S28,U000253,CP2
CE002341,17884088,RFID_CHECKPOINT,S14,U000277,CP1
CE002342,17894660,RFID_CHECKPOINT,S07,U000285,CP1
CE002343,17900802,POWER_DRAW,S14,U000277,CP2
CE002344,17902391,POWER_DRAW,S07,U000285,CP2
CE002345,17905385,RFID_CHECKPOINT,S21,U000271,CP1
CE002346,17920150,RFID_CHECKPOINT,S28,U000254,CP1
CE002347,17929990,POWER_DRAW,S28,U000254,CP2
CE002348,17930027,RFID_CHECKPOINT,S07,U000286,CP1
CE002349,17931270,RFID_CHECKPOINT,S35,U000248,CP1
CE002350,17943762,POWER_DRAW,S07,U000286,CP2
CE002351,17955244,POWER_DRAW,S35,U000248,CP2
CE002352,17962368,RFID_CHECKPOINT,S14,U000278,CP1
CE002353,17977490,RFID_CHECKPOINT,S28,U000255,CP1
CE002354,17985088,POWER_DRAW,S14,U000278,CP2
CE002355,17989292,POWER_DRAW,S21,U000272,CP2
CE002356,18002968,RFID_CHECKPOINT,S07,U000287,CP1
CE002357,18004433,RFID_CHECKPOINT,S35,U000249,CP1
CE002358,18024000,POWER_DRAW,S07,U000287,CP2
CE002359,18025495,POWER_DRAW,S35,U000249,CP2
CE002360,18034801,RFID_CHECKPOINT,S21,U000273,CP1
CE002361,18038442,RFID_CHECKPOINT,S14,U000279,CP1
CE002362,18046885,POWER_DRAW,S21,U000273,CP2
CE002363,18059790,RFID_CHECKPOINT,S35,U000250,CP1
CE002364,18070942,POWER_DRAW,S35,U000250,CP2
CE002365,18088870,RFID_CHECKPOINT,S28,U000256,CP1
CE002366,18090358,POWER_DRAW,S07,U000288,CP2
CE002367,18105873,RFID_CHECKPOINT,S21,U000274,CP1
CE002368,18108414,POWER_DRAW,S28,U000256,CP2
CE002369,18117395,POWER_DRAW,S35,U000251,CP2
CE002370,18122599,POWER_DRAW,S21,U000274,CP2
CE002371,18127666,POWER_DRAW,S14,U000280,CP2
CE002372,18147461,RFID_CHECKPOINT,S07,U000289,CP1
CE002373,18152660,RFID_CHECKPOINT,S28,U000257,CP1
CE002374,18157980,RFID_CHECKPOINT,S35,U000252,CP1
CE002375,18168009,RFID_CHECKPOINT,S21,U000275,CP1
CE002376,18169843,POWER_DRAW,S35,U000252,CP2
CE002377,18174908,RFID_CHECKPOINT,S14,U000281,CP1
CE002378,18176290,POWER_DRAW,S21,U000275,CP2
CE002379,18187770,POWER_DRAW,S14,U000281,CP2
CE002380,18213126,RFID_CHECKPOINT,S35,U000253,CP1
CE002381,18215239,RFID_CHECKPOINT,S07,U000290,CP1
CE002382,18220610,RFID_CHECKPOINT,S21,U000276,CP1
CE002383,18231295,POWER_DRAW,S28,U000258,CP2
CE002384,18238065,POWER_DRAW,S07,U000290,CP2
CE002385,18238715,POWER_DRAW,S21,U000276,CP2
CE002386,18240956,POWER_DRAW,S14,U000282,CP2
CE002387,18271959,RFID_CHECKPOINT,S35,U000254,CP1
CE002388,18279635,POWER_DRAW,S35,U000254,CP2
CE002389,18280412,RFID_CHECKPOINT,S21,U000277,CP1
CE002390,18281851,RFID_CHECKPOINT,S14,U000283,CP1
CE002391,18285205,RFID_CHECKPOINT,S07,U000291,CP1
CE002392,18291537,POWER_DRAW,S21,U000277,CP2
CE002393,18292728,POWER_DRAW,S28,U000259,CP2
CE002394,18293907,POWER_DRAW,S07,U000291,CP2
CE002395,18325879,RFID_CHECKPOINT,S35,U000255,CP1
CE002396,18337185,RFID_CHECKPOINT,S14,U000284,CP1
CE002397,18338501,POWER_DRAW,S35,U000255,CP2
CE002398,18341750,RFID_CHECKPOINT,S28,U000260,CP1
CE002399,18344890,RFID_CHECKPOINT,S07,U000292,CP1
CE002400,18348119,POWER_DRAW,S28,U000260,CP2
CE002401,18352856,RFID_CHECKPOINT,S21,U000278,CP1
CE002402,18362363,POWER_DRAW,S07,U000292,CP2
CE002403,18364869,POWER_DRAW,S21,U000278,CP2
CE002404,18388873,RFID_CHECKPOINT,S14,U000285,CP1
CE002405,18403667,RFID_CHECKPOINT,S21,U000279,CP1
CE002406,18404166,POWER_DRAW,S14,U000285,CP2
CE002407,18413486,RFID_CHECKPOINT,S07,U000293,CP1
CE002408,18413486,RFID_CHECKPOINT,S07,U000292,CP1
CE002409,18419593,POWER_DRAW,S21,U000279,CP2
CE002410,18421849,POWER_DRAW,S07,U000293,CP2
CE002411,18442121,RFID_CHECKPOINT,S14,U000286,CP1
CE002412,18453044,POWER_DRAW,S14,U000286,CP2
CE002413,18454745,RFID_CHECKPOINT,S35,U000256,CP1
CE002414,18457202,RFID_CHECKPOINT,S28,U000262,CP1
CE002415,18465914,RFID_CHECKPOINT,S07,U000294,CP1
CE002416,18469104,POWER_DRAW,S35,U000256,CP2
CE002417,18470479,POWER_DRAW,S28,U000262,CP2
CE002418,18473924,RFID_CHECKPOINT,S21,U000280,CP1
CE002419,18477956,POWER_DRAW,S07,U000294,CP2
CE002420,18482547,POWER_DRAW,S21,U000280,CP2
CE002421,18502050,RFID_CHECKPOINT,S14,U000287,CP1
CE002422,18528637,RFID_CHECKPOINT,S35,U000257,CP1
CE002423,18532567,RFID_CHECKPOINT,S07,U000295,CP1
CE002424,18536721,POWER_DRAW,S35,U000257,CP2
CE002425,18551729,POWER_DRAW,S07,U000295,CP2
CE002426,18565401,RFID_CHECKPOINT,S28,U000263,CP1
CE002427,18569457,RFID_CHECKPOINT,S14,U000288,CP1
CE002428,18574683,POWER_DRAW,S28,U000263,CP2
CE002429,18577394,POWER_DRAW,S14,U000288,CP2
CE002430,18580952,RFID_CHECKPOINT,S21,U000281,CP1
CE002431,18580987,RFID_CHECKPOINT,S35,U000258,CP1
CE002432,18596293,POWER_DRAW,S21,U000281,CP2
CE002433,18598012,POWER_DRAW,S35,U000258,CP2
CE002434,18598047,RFID_CHECKPOINT,S07,U000296,CP1
CE002435,18622071,RFID_CHECKPOINT,S14,U000289,CP1
CE002436,18623976,RFID_CHECKPOINT,S28,U000264,CP1
CE002437,18633816,POWER_DRAW,S14,U000289,CP2
CE002438,18634939,POWER_DRAW,S28,U000264,CP2
CE002439,18640560,RFID_CHECKPOINT,S21,U000282,CP1
CE002440,18654401,RFID_CHECKPOINT,S35,U000258,CP1
CE002441,18654401,RFID_CHECKPOINT,S35,U000259,CP1
CE002442,18667047,POWER_DRAW,S35,U000259,CP2
CE002443,18670506,RFID_CHECKPOINT,S07,U000297,CP1
CE002444,18681466,RFID_CHECKPOINT,S14,U000290,CP1
CE002445,18685178,POWER_DRAW,S07,U000297,CP2
CE002446,18694107,POWER_DRAW,S14,U000290,CP2
CE002447,18710160,RFID_CHECKPOINT,S35,U000260,CP1
CE002448,18721868,POWER_DRAW,S35,U000260,CP2
CE002449,18725732,RFID_CHECKPOINT,S21,U000283,CP1
CE002450,18728514,RFID_CHECKPOINT,S28,U000265,CP1
CE002451,18730435,POWER_DRAW,S21,U000283,CP2
CE002452,18732580,RFID_CHECKPOINT,S07,U000298,CP1
CE002453,18739498,POWER_DRAW,S28,U000265,CP2
CE002454,18745602,POWER_DRAW,S07,U000298,CP2
CE002455,18749212,RFID_CHECKPOINT,S14,U000291,CP1
CE002456,18762581,RFID_CHECKPOINT,S35,U000261,CP1
CE002457,18779820,POWER_DRAW,S35,U000261,CP2
CE002458,18788598,RFID_CHECKPOINT,S07,U000299,CP1
CE002459,18800807,RFID_CHECKPOINT,S21,U000284,CP1
CE002460,18813220,POWER_DRAW,S07,U000299,CP2
CE002461,18816411,RFID_CHECKPOINT,S14,U000292,CP1
CE002462,18827496,POWER_DRAW,S28,U000266,CP2
CE002463,18834494,POWER_DRAW,S35,U000262,CP2
CE002464,18842966,POWER_DRAW,S14,U000292,CP2
CE002465,18854584,RFID_CHECKPOINT,S07,U000300,CP1
CE002466,18860919,POWER_DRAW,S07,U000300,CP2
CE002467,18885050,RFID_CHECKPOINT,S28,U000267,CP1
CE002468,18885186,POWER_DRAW,S21,U000285,CP2
CE002469,18889200,RFID_CHECKPOINT,S14,U000293,CP1
CE002470,18899715,POWER_DRAW,S14,U000293,CP2
CE002471,18901390,POWER_DRAW,S28,U000266,CP2
CE002472,18901390,POWER_DRAW,S28,U000267,CP2
CE002473,18909864,RFID_CHECKPOINT,S07,U000301,CP1
CE002474,18920917,RFID_CHECKPOINT,S35,U000263,CP1
CE002475,18927967,POWER_DRAW,S07,U000301,CP2
CE002476,18934253,RFID_CHECKPOINT,S14,U000294,CP1
CE002477,18937746,RFID_CHECKPOINT,S28,U000268,CP1
CE002478,18944588,POWER_DRAW,S35,U000263,CP2
CE002479,18947428,POWER_DRAW,S14,U000294,CP2
CE002480,18951596,RFID_CHECKPOINT,S21,U000286,CP1
CE002481,18951596,RFID_CHECKPOINT,S21,U000287,CP1
CE002482,18963049,POWER_DRAW,S21,U000286,CP2
CE002483,18976130,RFID_CHECKPOINT,S07,U000302,CP1
CE002484,18985047,RFID_CHECKPOINT,S35,U000264,CP1
CE002485,18985738,RFID_CHECKPOINT,S28,U000269,CP1
CE002486,18990136,RFID_CHECKPOINT,S14,U000295,CP1
CE002487,18993976,POWER_DRAW,S07,U000303,CP2
CE002488,18994546,POWER_DRAW,S35,U000264,CP2
CE002489,18999647,POWER_DRAW,S14,U000295,CP2
CE002490,19005966,POWER_DRAW,S28,U000269,CP2
CE002491,19015854,RFID_CHECKPOINT,S21,U000287,CP1
CE002492,19026891,RFID_CHECKPOINT,S07,U000303,CP1
CE002493,19031256,POWER_DRAW,S21,U000287,CP2
CE002494,19059306,RFID_CHECKPOINT,S14,U000296,CP1
CE002495,19066094,RFID_CHECKPOINT,S35,U000265,CP1
CE002496,19077054,POWER_DRAW,S14,U000296,CP2
CE002497,19085486,POWER_DRAW,S35,U000265,CP2
CE002498,19086114,POWER_DRAW,S07,U000304,CP2
CE002499,19098026,POWER_DRAW,S28,U000270,CP2
CE002500,19107260,RFID_CHECKPOINT,S21,U000288,CP1
CE002501,19125796,RFID_CHECKPOINT,S07,U000305,CP1
CE002502,19133293,RFID_CHECKPOINT,S14,U000297,CP1
CE002503,19141124,POWER_DRAW,S07,U000305,CP2
CE002504,19146836,RFID_CHECKPOINT,S28,U000271,CP1
CE002505,19147335,POWER_DRAW,S14,U000297,CP2
CE002506,19155901,RFID_CHECKPOINT,S35,U000266,CP1
CE002507,19175577,POWER_DRAW,S35,U000266,CP2
CE002508,19185653,RFID_CHECKPOINT,S14,U000298,CP1
CE002509,19191654,RFID_CHECKPOINT,S07,U000306,CP1
CE002510,19203057,POWER_DRAW,S14,U000298,CP2
CE002511,19206403,RFID_CHECKPOINT,S21,U000289,CP1
CE002512,19208199,POWER_DRAW,S07,U000306,CP2
CE002513,19221494,POWER_DRAW,S21,U000289,CP2
CE002514,19232584,RFID_CHECKPOINT,S28,U000272,CP1
CE002515,19241622,RFID_CHECKPOINT,S14,U000299,CP1
CE002516,19248889,RFID_CHECKPOINT,S35,U000267,CP1
CE002517,19249162,POWER_DRAW,S28,U000272,CP2
CE002518,19253151,POWER_DRAW,S14,U000299,CP2
CE002519,19253767,POWER_DRAW,S35,U000267,CP2
CE002520,19256627,POWER_DRAW,S07,U000307,CP2
CE002521,19270784,RFID_CHECKPOINT,S21,U000290,CP1
CE002522,19288836,POWER_DRAW,S21,U000290,CP2
CE002523,19293434,RFID_CHECKPOINT,S14,U000300,CP1
CE002524,19303848,RFID_CHECKPOINT,S07,U000308,CP1
CE002525,19308372,POWER_DRAW,S14,U000300,CP2
CE002526,19308372,POWER_DRAW,S14,U000299,CP2
CE002527,19315580,RFID_CHECKPOINT,S35,U000268,CP1
CE002528,19322013,RFID_CHECKPOINT,S28,U000273,CP1
CE002529,19327656,POWER_DRAW,S35,U000268,CP2
CE002530,19329922,POWER_DRAW,S07,U000308,CP2
CE002531,19333053,RFID_CHECKPOINT,S21,U000291,CP1
CE002532,19336864,POWER_DRAW,S28,U000273,CP2
CE002533,19347159,RFID_CHECKPOINT,S14,U000301,CP1
CE002534,19349686,POWER_DRAW,S21,U000291,CP2
CE002535,19360278,POWER_DRAW,S14,U000301,CP2
CE002536,19362591,RFID_CHECKPOINT,S07,U000309,CP1
CE002537,19365154,RFID_CHECKPOINT,S35,U000269,CP1
CE002538,19379380,RFID_CHECKPOINT,S28,U000274,CP1
CE002539,19383900,POWER_DRAW,S35,U000269,CP2
CE002540,19390175,RFID_CHECKPOINT,S21,U000292,CP1
CE002541,19394946,POWER_DRAW,S28,U000274,CP2
CE002542,19398356,POWER_DRAW,S21,U000292,CP2
CE002543,19411438,RFID_CHECKPOINT,S14,U000302,CP1
CE002544,19432675,RFID_CHECKPOINT,S28,U000275,CP1
CE002545,19447251,POWER_DRAW,S28,U000275,CP2
CE002546,19454965,RFID_CHECKPOINT,S35,U000270,CP1
CE002547,19460954,RFID_CHECKPOINT,S07,U000311,CP1
CE002548,19468300,POWER_DRAW,S35,U000270,CP2
CE002549,19479321,RFID_CHECKPOINT,S14,U000303,CP1
CE002550,19494694,POWER_DRAW,S14,U000303,CP2
CE002551,19509508,POWER_DRAW,S21,U000293,CP2
CE002552,19510341,RFID_CHECKPOINT,S35,U000271,CP1
CE002553,19515396,RFID_CHECKPOINT,S07,U000312,CP1
CE002554,19532826,POWER_DRAW,S35,U000271,CP2
CE002555,19538082,POWER_DRAW,S07,U000312,CP2
CE002556,19541318,RFID_CHECKPOINT,S28,U000276,CP1
CE002557,19559031,RFID_CHECKPOINT,S21,U000294,CP1
CE002558,19570581,RFID_CHECKPOINT,S35,U000272,CP1
CE002559,19571327,POWER_DRAW,S21,U000294,CP2
CE002560,19578543,RFID_CHECKPOINT,S07,U000313,CP1
CE002561,19583932,POWER_DRAW,S35,U000272,CP2
CE002562,19589021,POWER_DRAW,S07,U000313,CP2
CE002563,19602547,RFID_CHECKPOINT,S14,U000305,CP1
CE002564,19609167,RFID_CHECKPOINT,S28,U000277,CP1
CE002565,19623613,POWER_DRAW,S14,U000305,CP2
CE002566,19625228,POWER_DRAW,S28,U000277,CP2
CE002567,19627927,RFID_CHECKPOINT,S07,U000314,CP1
CE002568,19630705,POWER_DRAW,S07,U000314,CP2
CE002569,19638545,RFID_CHECKPOINT,S21,U000295,CP1
CE002570,19665689,POWER_DRAW,S21,U000295,CP2
CE002571,19666853,RFID_CHECKPOINT,S35,U000273,CP1
CE002572,19668015,RFID_CHECKPOINT,S14,U000306,CP1
CE002573,19670197,RFID_CHECKPOINT,S28,U000278,CP1
CE002574,19678176,RFID_CHECKPOINT,S07,U000315,CP1
CE002575,19681952,POWER_DRAW,S14,U000306,CP2
CE002576,19684655,POWER_DRAW,S28,U000278,CP2
CE002577,19684979,POWER_DRAW,S35,U000273,CP2
CE002578,19690802,POWER_DRAW,S07,U000315,CP2
CE002579,19720060,RFID_CHECKPOINT,S35,U000274,CP1
CE002580,19722737,RFID_CHECKPOINT,S21,U000296,CP1
CE002581,19727362,RFID_CHECKPOINT,S14,U000307,CP1
CE002582,19735357,POWER_DRAW,S21,U000296,CP2
CE002583,19735902,RFID_CHECKPOINT,S28,U000279,CP1
CE002584,19739435,POWER_DRAW,S35,U000274,CP2
CE002585,19742549,POWER_DRAW,S28,U000279,CP2
CE002586,19744820,POWER_DRAW,S14,U000307,CP2
CE002587,19785460,RFID_CHECKPOINT,S21,U000297,CP1
CE002588,19788053,RFID_CHECKPOINT,S35,U000275,CP1
CE002589,19789445,RFID_CHECKPOINT,S28,U000280,CP1
CE002590,19797731,POWER_DRAW,S21,U000297,CP2
CE002591,19800140,RFID_CHECKPOINT,S14,U000308,CP1
CE002592,19806753,POWER_DRAW,S35,U000275,CP2
CE002593,19806891,POWER_DRAW,S28,U000280,CP2
CE002594,19815267,POWER_DRAW,S07,U000317,CP2
CE002595,19843163,RFID_CHECKPOINT,S21,U000298,CP1
CE002596,19853827,RFID_CHECKPOINT,S07,U000318,CP1
CE002597,19860542,POWER_DRAW,S28,U000281,CP2
CE002598,19867053,POWER_DRAW,S21,U000298,CP2
CE002599,19867966,RFID_CHECKPOINT,S14,U000309,CP1
CE002600,19872997,POWER_DRAW,S07,U000318,CP2
CE002601,19880344,POWER_DRAW,S14,U000309,CP2
CE002602,19887982,RFID_CHECKPOINT,S35,U000276,CP1
CE002603,19907527,RFID_CHECKPOINT,S21,U000299,CP1
CE002604,19918183,POWER_DRAW,S21,U000299,CP2
CE002605,19921655,RFID_CHECKPOINT,S07,U000319,CP1
CE002606,19922263,RFID_CHECKPOINT,S28,U000282,CP1
CE002607,19923313,RFID_CHECKPOINT,S14,U000310,CP1
CE002608,19935035,POWER_DRAW,S28,U000282,CP2
CE002609,19940177,POWER_DRAW,S07,U000319,CP2
CE002610,19942564,POWER_DRAW,S14,U000310,CP2
CE002611,19945828,RFID_CHECKPOINT,S21,U000300,CP1
CE002612,19956112,RFID_CHECKPOINT,S35,U000277,CP1
CE002613,19963636,POWER_DRAW,S21,U000300,CP2
CE002614,19963856,POWER_DRAW,S35,U000277,CP2
CE002615,19987791,RFID_CHECKPOINT,S14,U000311,CP1
CE002616,19988679,RFID_CHECKPOINT,S07,U000320,CP1
CE002617,19995252,RFID_CHECKPOINT,S28,U000283,CP1
CE002618,20001519,POWER_DRAW,S14,U000311,CP2
CE002619,20001825,RFID_CHECKPOINT,S21,U000301,CP1
CE002620,20008143,POWER_DRAW,S07,U000320,CP2
CE002621,20010939,POWER_DRAW,S28,U000283,CP2
CE002622,20041724,RFID_CHECKPOINT,S35,U000278,CP1
CE002623,20046196,RFID_CHECKPOINT,S14,U000312,CP1
CE002624,20049168,RFID_CHECKPOINT,S28,U000284,CP1
CE002625,20057497,POWER_DRAW,S28,U000283,CP2
CE002626,20057497,POWER_DRAW,S28,U000284,CP2
CE002627,20058144,RFID_CHECKPOINT,S07,U000321,CP1
CE002628,20068329,RFID_CHECKPOINT,S21,U000302,CP1
CE002629,20069995,POWER_DRAW,S07,U000321,CP2
CE002630,20097725,RFID_CHECKPOINT,S14,U000313,CP1
CE002631,20112204,RFID_CHECKPOINT,S35,U000279,CP1
CE002632,20115529,RFID_CHECKPOINT,S07,U000322,CP1
CE002633,20119120,POWER_DRAW,S14,U000313,CP2
CE002634,20128023,POWER_DRAW,S35,U000279,CP2
CE002635,20132951,POWER_DRAW,S07,U000322,CP2
CE002636,20132963,RFID_CHECKPOINT,S21,U000303,CP1
CE002637,20135762,RFID_CHECKPOINT,S28,U000286,CP1
CE002638,20139639,POWER_DRAW,S21,U000303,CP2
CE002639,20153816,POWER_DRAW,S28,U000286,CP2
CE002640,20163761,RFID_CHECKPOINT,S35,U000280,CP1
CE002641,20168056,RFID_CHECKPOINT,S14,U000314,CP1
CE002642,20177386,RFID_CHECKPOINT,S07,U000323,CP1
CE002643,20177993,POWER_DRAW,S35,U000280,CP2
CE002644,20187811,POWER_DRAW,S07,U000323,CP2
CE002645,20188439,RFID_CHECKPOINT,S21,U000304,CP1
CE002646,20195163,RFID_CHECKPOINT,S28,U000287,CP1
CE002647,20199388,POWER_DRAW,S21,U000305,CP2
CE002648,20203707,POWER_DRAW,S28,U000287,CP2
CE002649,20214384,RFID_CHECKPOINT,S14,U000315,CP1
CE002650,20225088,RFID_CHECKPOINT,S35,U000281,CP1
CE002651,20231777,RFID_CHECKPOINT,S07,U000324,CP1
CE002652,20237170,RFID_CHECKPOINT,S21,U000305,CP1
CE002653,20238928,POWER_DRAW,S07,U000324,CP2
CE002654,20242984,POWER_DRAW,S21,U000305,CP2
CE002655,20270023,POWER_DRAW,S28,U000288,CP2
CE002656,20277463,RFID_CHECKPOINT,S07,U000325,CP1
CE002657,20278203,RFID_CHECKPOINT,S14,U000316,CP1
CE002658,20284163,RFID_CHECKPOINT,S35,U000282,CP1
CE002659,20290275,POWER_DRAW,S14,U000316,CP2
CE002660,20292217,RFID_CHECKPOINT,S21,U000306,CP1
CE002661,20299640,POWER_DRAW,S35,U000282,CP2
CE002662,20305567,POWER_DRAW,S21,U000306,CP2
CE002663,20308451,RFID_CHECKPOINT,S28,U000289,CP1
CE002664,20318611,POWER_DRAW,S28,U000289,CP2
CE002665,20343318,RFID_CHECKPOINT,S14,U000317,CP1
CE002666,20348298,RFID_CHECKPOINT,S21,U000307,CP1
CE002667,20356707,RFID_CHECKPOINT,S07,U000326,CP1
CE002668,20365022,POWER_DRAW,S14,U000317,CP2
CE002669,20365529,POWER_DRAW,S21,U000307,CP2
CE002670,20365738,POWER_DRAW,S07,U000326,CP2
CE002671,20381442,RFID_CHECKPOINT,S28,U000290,CP1
CE002672,20396356,POWER_DRAW,S28,U000290,CP2
CE002673,20403711,RFID_CHECKPOINT,S07,U000327,CP1
CE002674,20409671,RFID_CHECKPOINT,S21,U000308,CP1
CE002675,20414879,POWER_DRAW,S14,U000318,CP2
CE002676,20424212,POWER_DRAW,S07,U000327,CP2
CE002677,20425490,POWER_DRAW,S21,U000308,CP2
CE002678,20430658,RFID_CHECKPOINT,S35,U000284,CP1
CE002679,20444298,POWER_DRAW,S35,U000284,CP2
CE002680,20467098,RFID_CHECKPOINT,S14,U000319,CP1
CE002681,20468944,RFID_CHECKPOINT,S28,U000291,CP1
CE002682,20469505,RFID_CHECKPOINT,S21,U000309,CP1
CE002683,20480964,POWER_DRAW,S21,U000309,CP2
CE002684,20481354,POWER_DRAW,S14,U000319,CP2
CE002685,20481433,RFID_CHECKPOINT,S07,U000328,CP1
CE002686,20485861,POWER_DRAW,S28,U000291,CP2
CE002687,20489890,POWER_DRAW,S07,U000328,CP2
CE002688,20498255,RFID_CHECKPOINT,S35,U000285,CP1
CE002689,20519489,POWER_DRAW,S35,U000285,CP2
CE002690,20519939,RFID_CHECKPOINT,S14,U000320,CP1
CE002691,20542288,RFID_CHECKPOINT,S28,U000292,CP1
CE002692,20542942,POWER_DRAW,S14,U000319,CP2
CE002693,20542942,POWER_DRAW,S14,U000320,CP2
CE002694,20544106,RFID_CHECKPOINT,S07,U000329,CP1
CE002695,20554629,POWER_DRAW,S07,U000329,CP2
CE002696,20561367,POWER_DRAW,S28,U000292,CP2
CE002697,20576204,RFID_CHECKPOINT,S35,U000286,CP1
CE002698,20578787,RFID_CHECKPOINT,S21,U000311,CP1
CE002699,20581088,RFID_CHECKPOINT,S14,U000321,CP1
CE002700,20592620,POWER_DRAW,S35,U000286,CP2
CE002701,20600211,POWER_DRAW,S21,U000311,CP2
CE002702,20602240,RFID_CHECKPOINT,S28,U000293,CP1
CE002703,20641510,RFID_CHECKPOINT,S14,U000322,CP1
CE002704,20644638,RFID_CHECKPOINT,S35,U000287,CP1
CE002705,20648904,POWER_DRAW,S35,U000287,CP2
CE002706,20653103,POWER_DRAW,S14,U000322,CP2
CE002707,20659229,RFID_CHECKPOINT,S07,U000331,CP1
CE002708,20669574,RFID_CHECKPOINT,S21,U000312,CP1
CE002709,20676798,POWER_DRAW,S07,U000331,CP2
CE002710,20677274,RFID_CHECKPOINT,S28,U000294,CP1
CE002711,20683219,POWER_DRAW,S21,U000312,CP2
CE002712,20691253,RFID_CHECKPOINT,S35,U000288,CP1
CE002713,20695158,POWER_DRAW,S28,U000294,CP2
CE002714,20706773,POWER_DRAW,S35,U000288,CP2
CE002715,20727010,RFID_CHECKPOINT,S21,U000313,CP1
CE002716,20736174,POWER_DRAW,S07,U000332,CP2
CE002717,20737754,POWER_DRAW,S21,U000313,CP2
CE002718,20737791,POWER_DRAW,S14,U000323,CP2
CE002719,20744800,RFID_CHECKPOINT,S28,U000295,CP1
CE002720,20747926,RFID_CHECKPOINT,S35,U000289,CP1
CE002721,20754187,POWER_DRAW,S28,U000295,CP2
CE002722,20755360,POWER_DRAW,S35,U000289,CP2
CE002723,20779046,RFID_CHECKPOINT,S14,U000324,CP1
CE002724,20779809,RFID_CHECKPOINT,S21,U000314,CP1
CE002725,20784872,RFID_CHECKPOINT,S07,U000333,CP1
CE002726,20791049,POWER_DRAW,S21,U000314,CP2
CE002727,20792496,RFID_CHECKPOINT,S35,U000290,CP1
CE002728,20792996,RFID_CHECKPOINT,S28,U000296,CP1
CE002729,20793471,POWER_DRAW,S14,U000324,CP2
CE002730,20806282,POWER_DRAW,S28,U000296,CP2
CE002731,20809113,POWER_DRAW,S07,U000333,CP2
CE002732,20834944,RFID_CHECKPOINT,S14,U000325,CP1
CE002733,20843203,POWER_DRAW,S14,U000325,CP2
CE002734,20847235,RFID_CHECKPOINT,S28,U000297,CP1
CE002735,20849844,RFID_CHECKPOINT,S21,U000315,CP1
CE002736,20862197,RFID_CHECKPOINT,S35,U000291,CP1
CE002737,20866821,RFID_CHECKPOINT,S07,U000334,CP1
CE002738,20867190,POWER_DRAW,S21,U000315,CP2
CE002739,20868670,POWER_DRAW,S35,U000291,CP2
CE002740,20868919,POWER_DRAW,S28,U000297,CP2
CE002741,20884505,RFID_CHECKPOINT,S14,U000326,CP1
CE002742,20885951,POWER_DRAW,S07,U000334,CP2
CE002743,20907912,RFID_CHECKPOINT,S21,U000316,CP1
CE002744,20908950,RFID_CHECKPOINT,S28,U000298,CP1
CE002745,20911519,RFID_CHECKPOINT,S35,U000292,CP1
CE002746,20922260,POWER_DRAW,S28,U000298,CP2
CE002747,20923694,RFID_CHECKPOINT,S14,U000327,CP1
CE002748,20925609,RFID_CHECKPOINT,S07,U000335,CP1
CE002749,20926176,POWER_DRAW,S35,U000292,CP2
CE002750,20929346,POWER_DRAW,S21,U000316,CP2
CE002751,20940340,POWER_DRAW,S07,U000335,CP2
CE002752,20972643,RFID_CHECKPOINT,S28,U000299,CP1
CE002753,20974983,RFID_CHECKPOINT,S07,U000336,CP1
CE002754,20975074,RFID_CHECKPOINT,S21,U000317,CP1
CE002755,20976243,RFID_CHECKPOINT,S35,U000293,CP1
CE002756,20978038,RFID_CHECKPOINT,S14,U000328,CP1
CE002757,20979425,POWER_DRAW,S14,U000328,CP2
CE002758,20990403,POWER_DRAW,S28,U000299,CP2
CE002759,20991915,POWER_DRAW,S21,U000317,CP2
CE002760,20995824,POWER_DRAW,S07,U000336,CP2
CE002761,21025625,RFID_CHECKPOINT,S14,U000329,CP1
CE002762,21033317,POWER_DRAW,S14,U000329,CP2
CE002763,21034294,RFID_CHECKPOINT,S35,U000294,CP1
CE002764,21037127,RFID_CHECKPOINT,S07,U000337,CP1
CE002765,21044512,POWER_DRAW,S35,U000294,CP2
CE002766,21046677,RFID_CHECKPOINT,S28,U000300,CP1
CE002767,21046699,RFID_CHECKPOINT,S21,U000318,CP1
CE002768,21055720,POWER_DRAW,S21,U000318,CP2
CE002769,21062551,POWER_DRAW,S28,U000300,CP2
CE002770,21082921,RFID_CHECKPOINT,S14,U000330,CP1
CE002771,21103529,RFID_CHECKPOINT,S35,U000295,CP1
CE002772,21104686,RFID_CHECKPOINT,S21,U000319,CP1
CE002773,21113896,RFID_CHECKPOINT,S28,U000301,CP1
CE002774,21120614,POWER_DRAW,S07,U000338,CP2
CE002775,21123379,POWER_DRAW,S28,U000301,CP2
CE002776,21123485,POWER_DRAW,S21,U000319,CP2
CE002777,21158357,POWER_DRAW,S14,U000331,CP2
CE002778,21163717,RFID_CHECKPOINT,S21,U000320,CP1
CE002779,21177482,POWER_DRAW,S21,U000320,CP2
CE002780,21181067,POWER_DRAW,S35,U000296,CP2
CE002781,21182233,RFID_CHECKPOINT,S28,U000302,CP1
CE002782,21183122,RFID_CHECKPOINT,S07,U000339,CP1
CE002783,21192644,POWER_DRAW,S28,U000302,CP2
CE002784,21202237,POWER_DRAW,S07,U000339,CP2
CE002785,21210153,RFID_CHECKPOINT,S14,U000332,CP1
CE002786,21222211,POWER_DRAW,S14,U000332,CP2
CE002787,21235091,RFID_CHECKPOINT,S28,U000303,CP1
CE002788,21244462,RFID_CHECKPOINT,S21,U000321,CP1
CE002789,21246736,RFID_CHECKPOINT,S35,U000297,CP1
CE002790,21256607,POWER_DRAW,S21,U000321,CP2
CE002791,21258140,POWER_DRAW,S28,U000303,CP2
CE002792,21260802,POWER_DRAW,S35,U000297,CP2
CE002793,21260881,RFID_CHECKPOINT,S07,U000340,CP1
CE002794,21271534,RFID_CHECKPOINT,S14,U000333,CP1
CE002795,21274137,POWER_DRAW,S07,U000340,CP2
CE002796,21284530,POWER_DRAW,S14,U000333,CP2
CE002797,21294405,RFID_CHECKPOINT,S28,U000304,CP1
CE002798,21295806,RFID_CHECKPOINT,S21,U000322,CP1
CE002799,21307649,POWER_DRAW,S28,U000304,CP2
CE002800,21308693,POWER_DRAW,S21,U000322,CP2
CE002801,21318427,RFID_CHECKPOINT,S35,U000298,CP1
CE002802,21320259,RFID_CHECKPOINT,S14,U000334,CP1
CE002803,21328196,POWER_DRAW,S14,U000334,CP2
CE002804,21334420,POWER_DRAW,S35,U000298,CP2
CE002805,21351579,POWER_DRAW,S07,U000341,CP2
CE002806,21363163,RFID_CHECKPOINT,S21,U000323,CP1
CE002807,21363377,RFID_CHECKPOINT,S28,U000305,CP1
CE002808,21366084,RFID_CHECKPOINT,S14,U000335,CP1
CE002809,21372518,POWER_DRAW,S21,U000323,CP2
CE002810,21372518,POWER_DRAW,S21,U000324,CP2
CE002811,21379711,POWER_DRAW,S14,U000335,CP2
CE002812,21384389,POWER_DRAW,S28,U000305,CP2
CE002813,21387832,POWER_DRAW,S35,U000299,CP2
CE002814,21398602,RFID_CHECKPOINT,S07,U000342,CP1
CE002815,21412109,POWER_DRAW,S07,U000342,CP2
CE002816,21421425,RFID_CHECKPOINT,S21,U000324,CP1
CE002817,21428922,RFID_CHECKPOINT,S28,U000306,CP1
CE002818,21429382,RFID_CHECKPOINT,S35,U000300,CP1
CE002819,21430180,POWER_DRAW,S21,U000324,CP2
CE002820,21443826,POWER_DRAW,S35,U000300,CP2
CE002821,21444179,RFID_CHECKPOINT,S14,U000336,CP1
CE002822,21446027,POWER_DRAW,S28,U000306,CP2
CE002823,21462998,POWER_DRAW,S14,U000336,CP2
CE002824,21465433,RFID_CHECKPOINT,S07,U000343,CP1
CE002825,21478046,POWER_DRAW,S07,U000343,CP2
CE002826,21481408,RFID_CHECKPOINT,S35,U000301,CP1
CE002827,21483281,RFID_CHECKPOINT,S28,U000307,CP1
CE002828,21488722,POWER_DRAW,S21,U000325,CP2
CE002829,21500077,POWER_DRAW,S35,U000301,CP2
CE002830,21501251,RFID_CHECKPOINT,S14,U000337,CP1
CE002831,21502090,POWER_DRAW,S28,U000307,CP2
CE002832,21518380,POWER_DRAW,S14,U000337,CP2
CE002833,21536993,RFID_CHECKPOINT,S28,U000308,CP1
CE002834,21537037,RFID_CHECKPOINT,S07,U000344,CP1
CE002835,21550452,POWER_DRAW,S28,U000308,CP2
CE002836,21551760,RFID_CHECKPOINT,S35,U000302,CP1
CE002837,21551854,POWER_DRAW,S07,U000344,CP2
CE002838,21553405,RFID_CHECKPOINT,S14,U000338,CP1
CE002839,21562114,RFID_CHECKPOINT,S21,U000326,CP1
CE002840,21571983,POWER_DRAW,S35,U000302,CP2
CE002841,21571983,POWER_DRAW,S35,U000301,CP2
CE002842,21573583,POWER_DRAW,S21,U000326,CP2
CE002843,21594488,RFID_CHECKPOINT,S07,U000345,CP1
CE002844,21612255,POWER_DRAW,S07,U000345,CP2
CE002845,21617438,RFID_CHECKPOINT,S28,U000309,CP1
CE002846,21622800,RFID_CHECKPOINT,S14,U000339,CP1
CE002847,21624387,POWER_DRAW,S28,U000309,CP2
CE002848,21636064,RFID_CHECKPOINT,S21,U000327,CP1
CE002849,21636333,POWER_DRAW,S14,U000338,CP2
CE002850,21636333,POWER_DRAW,S14,U000339,CP2
CE002851,21655132,RFID_CHECKPOINT,S35,U000303,CP1
CE002852,21658720,POWER_DRAW,S21,U000327,CP2
CE002853,21667501,RFID_CHECKPOINT,S07,U000346,CP1
CE002854,21674281,POWER_DRAW,S35,U000303,CP2
CE002855,21683880,RFID_CHECKPOINT,S21,U000328,CP1
CE002856,21684952,POWER_DRAW,S07,U000346,CP2
CE002857,21689422,RFID_CHECKPOINT,S28,U000310,CP1
CE002858,21699190,POWER_DRAW,S28,U000310,CP2
CE002859,21730361,RFID_CHECKPOINT,S14,U000341,CP1
CE002860,21732203,RFID_CHECKPOINT,S07,U000347,CP1
CE002861,21735422,RFID_CHECKPOINT,S35,U000304,CP1
CE002862,21747072,POWER_DRAW,S14,U000341,CP2
CE002863,21750365,POWER_DRAW,S35,U000304,CP2
CE002864,21752338,RFID_CHECKPOINT,S28,U000311,CP1
CE002865,21765458,POWER_DRAW,S28,U000311,CP2
CE002866,21784090,RFID_CHECKPOINT,S21,U000329,CP1
CE002867,21789758,RFID_CHECKPOINT,S07,U000348,CP1
CE002868,21797533,RFID_CHECKPOINT,S14,U000342,CP1
CE002869,21806037,POWER_DRAW,S21,U000329,CP2
CE002870,21811776,RFID_CHECKPOINT,S35,U000305,CP1
CE002871,21819139,POWER_DRAW,S14,U000342,CP2
CE002872,21830530,POWER_DRAW,S35,U000305,CP2
CE002873,21834206,RFID_CHECKPOINT,S28,U000312,CP1
CE002874,21836429,RFID_CHECKPOINT,S21,U000330,CP1
CE002875,21846958,POWER_DRAW,S21,U000330,CP2
CE002876,21847404,POWER_DRAW,S28,U000312,CP2
CE002877,21862389,RFID_CHECKPOINT,S07,U000349,CP1
CE002878,21876443,POWER_DRAW,S14,U000343,CP2
CE002879,21877407,RFID_CHECKPOINT,S35,U000306,CP1
CE002880,21881070,POWER_DRAW,S07,U000349,CP2
CE002881,21926026,POWER_DRAW,S07,U000350,CP2
CE002882,21928277,RFID_CHECKPOINT,S21,U000331,CP1
CE002883,21932878,POWER_DRAW,S14,U000344,CP2
CE002884,21940315,RFID_CHECKPOINT,S35,U000307,CP1
CE002885,21941590,POWER_DRAW,S28,U000313,CP2
CE002886,21943382,POWER_DRAW,S21,U000331,CP2
CE002887,21951224,POWER_DRAW,S35,U000307,CP2
CE002888,21977174,RFID_CHECKPOINT,S14,U000345,CP1
CE002889,21982514,POWER_DRAW,S07,U000351,CP2
CE002890,21991592,RFID_CHECKPOINT,S21,U000332,CP1
CE002891,21993601,POWER_DRAW,S14,U000345,CP2
CE002892,21994180,RFID_CHECKPOINT,S35,U000308,CP1
CE002893,21994708,RFID_CHECKPOINT,S28,U000314,CP1
CE002894,21999394,POWER_DRAW,S35,U000308,CP2
CE002895,22011267,POWER_DRAW,S28,U000314,CP2
CE002896,22013968,POWER_DRAW,S21,U000332,CP2
CE002897,22023030,RFID_CHECKPOINT,S07,U000352,CP1
CE002898,22034288,POWER_DRAW,S07,U000352,CP2
CE002899,22035817,RFID_CHECKPOINT,S35,U000309,CP1
CE002900,22041514,RFID_CHECKPOINT,S14,U000346,CP1
CE002901,22046192,RFID_CHECKPOINT,S28,U000315,CP1
CE002902,22050412,POWER_DRAW,S35,U000309,CP2
CE002903,22061271,POWER_DRAW,S28,U000315,CP2
CE002904,22068543,RFID_CHECKPOINT,S21,U000333,CP1
CE002905,22079493,POWER_DRAW,S07,U000353,CP2
CE002906,22093568,RFID_CHECKPOINT,S28,U000316,CP1
CE002907,22097882,RFID_CHECKPOINT,S35,U000310,CP1
CE002908,22111835,POWER_DRAW,S35,U000310,CP2
CE002909,22113103,POWER_DRAW,S28,U000316,CP2
CE002910,22120444,RFID_CHECKPOINT,S14,U000347,CP1
CE002911,22122832,RFID_CHECKPOINT,S07,U000354,CP1
CE002912,22127004,RFID_CHECKPOINT,S21,U000334,CP1
CE002913,22138299,POWER_DRAW,S21,U000334,CP2
CE002914,22140167,POWER_DRAW,S14,U000347,CP2
CE002915,22144019,POWER_DRAW,S07,U000354,CP2
CE002916,22167785,POWER_DRAW,S35,U000311,CP2
CE002917,22178882,RFID_CHECKPOINT,S07,U000355,CP1
CE002918,22184436,RFID_CHECKPOINT,S14,U000348,CP1
CE002919,22189816,POWER_DRAW,S07,U000355,CP2
CE002920,22194988,POWER_DRAW,S14,U000348,CP2
CE002921,22201357,RFID_CHECKPOINT,S21,U000335,CP1
CE002922,22212709,RFID_CHECKPOINT,S35,U000312,CP1
CE002923,22223088,POWER_DRAW,S21,U000335,CP2
CE002924,22223138,POWER_DRAW,S35,U000312,CP2
CE002925,22235711,RFID_CHECKPOINT,S14,U000349,CP1
CE002926,22240904,RFID_CHECKPOINT,S07,U000356,CP1
CE002927,22247779,POWER_DRAW,S07,U000356,CP2
CE002928,22248776,RFID_CHECKPOINT,S28,U000318,CP1
CE002929,22251678,POWER_DRAW,S14,U000349,CP2
CE002930,22268008,POWER_DRAW,S28,U000318,CP2
CE002931,22275258,RFID_CHECKPOINT,S35,U000313,CP1
CE002932,22275780,RFID_CHECKPOINT,S21,U000336,CP1
CE002933,22290740,RFID_CHECKPOINT,S14,U000350,CP1
CE002934,22292727,POWER_DRAW,S35,U000313,CP2
CE002935,22301457,RFID_CHECKPOINT,S07,U000357,CP1
CE002936,22316723,POWER_DRAW,S14,U000350,CP2
CE002937,22317972,RFID_CHECKPOINT,S28,U000319,CP1
CE002938,22334960,RFID_CHECKPOINT,S35,U000314,CP1
CE002939,22337950,RFID_CHECKPOINT,S21,U000337,CP1
CE002940,22338778,POWER_DRAW,S28,U000319,CP2
CE002941,22350530,RFID_CHECKPOINT,S14,U000351,CP1
CE002942,22351705,POWER_DRAW,S35,U000313,CP2
CE002943,22351942,POWER_DRAW,S21,U000337,CP2
CE002944,22363908,POWER_DRAW,S14,U000351,CP2
CE002945,22368038,RFID_CHECKPOINT,S07,U000358,CP1
CE002946,22373058,POWER_DRAW,S07,U000358,CP2
CE002947,22373730,RFID_CHECKPOINT,S28,U000320,CP1
CE002948,22391937,POWER_DRAW,S28,U000320,CP2
CE002949,22393283,RFID_CHECKPOINT,S35,U000315,CP1
CE002950,22393800,RFID_CHECKPOINT,S21,U000338,CP1
CE002951,22405527,POWER_DRAW,S35,U000315,CP2
CE002952,22406746,POWER_DRAW,S21,U000338,CP2
CE002953,22417137,RFID_CHECKPOINT,S07,U000359,CP1
CE002954,22421470,RFID_CHECKPOINT,S14,U000352,CP1
CE002955,22435445,POWER_DRAW,S07,U000359,CP2
CE002956,22436972,POWER_DRAW,S14,U000352,CP2
CE002957,22446055,RFID_CHECKPOINT,S28,U000321,CP1
CE002958,22458893,POWER_DRAW,S28,U000321,CP2
CE002959,22461376,RFID_CHECKPOINT,S21,U000339,CP1
CE002960,22468889,POWER_DRAW,S35,U000316,CP2
CE002961,22486730,RFID_CHECKPOINT,S07,U000360,CP1
CE002962,22490089,RFID_CHECKPOINT,S14,U000353,CP1
CE002963,22509522,POWER_DRAW,S07,U000360,CP2
CE002964,22511466,POWER_DRAW,S14,U000353,CP2
CE002965,22514322,RFID_CHECKPOINT,S28,U000322,CP1
CE002966,22514322,RFID_CHECKPOINT,S28,U000321,CP1
CE002967,22528210,POWER_DRAW,S28,U000322,CP2
CE002968,22534061,RFID_CHECKPOINT,S35,U000317,CP1
CE002969,22539134,RFID_CHECKPOINT,S21,U000340,CP1
CE002970,22544405,POWER_DRAW,S35,U000317,CP2
CE002971,22557676,RFID_CHECKPOINT,S07,U000361,CP1
CE002972,22558317,RFID_CHECKPOINT,S14,U000354,CP1
CE002973,22572589,POWER_DRAW,S07,U000361,CP2
CE002974,22580479,RFID_CHECKPOINT,S28,U000323,CP1
CE002975,22594113,RFID_CHECKPOINT,S21,U000341,CP1
CE002976,22595122,POWER_DRAW,S28,U000323,CP2
CE002977,22602200,RFID_CHECKPOINT,S35,U000318,CP1
CE002978,22620144,RFID_CHECKPOINT,S07,U000362,CP1
CE002979,22631121,RFID_CHECKPOINT,S28,U000324,CP1
CE002980,22632678,RFID_CHECKPOINT,S14,U000355,CP1
CE002981,22641519,POWER_DRAW,S28,U000324,CP2
CE002982,22661490,POWER_DRAW,S14,U000355,CP2
CE002983,22661741,RFID_CHECKPOINT,S21,U000342,CP1
CE002984,22673236,RFID_CHECKPOINT,S07,U000363,CP1
CE002985,22673489,RFID_CHECKPOINT,S35,U000319,CP1
CE002986,22679397,POWER_DRAW,S21,U000342,CP2
CE002987,22683758,POWER_DRAW,S07,U000363,CP2
CE002988,22685651,POWER_DRAW,S35,U000319,CP2
CE002989,22709027,RFID_CHECKPOINT,S14,U000356,CP1
CE002990,22713131,RFID_CHECKPOINT,S28,U000325,CP1
CE002991,22717033,RFID_CHECKPOINT,S07,U000364,CP1
CE002992,22719131,POWER_DRAW,S14,U000356,CP2
CE002993,22727608,POWER_DRAW,S07,U000364,CP2
CE002994,22729868,POWER_DRAW,S28,U000325,CP2
CE002995,22733874,RFID_CHECKPOINT,S35,U000320,CP1
CE002996,22745215,POWER_DRAW,S35,U000320,CP2
CE002997,22745215,POWER_DRAW,S35,U000319,CP2
CE002998,22749992,RFID_CHECKPOINT,S21,U000343,CP1
CE002999,22765992,RFID_CHECKPOINT,S28,U000326,CP1
CE003000,22769670,RFID_CHECKPOINT,S14,U000357,CP1
CE003001,22775090,RFID_CHECKPOINT,S07,U000365,CP1
CE003002,22785189,POWER_DRAW,S28,U000326,CP2
CE003003,22785469,POWER_DRAW,S14,U000357,CP2
CE003004,22799345,POWER_DRAW,S07,U000365,CP2
CE003005,22819916,RFID_CHECKPOINT,S35,U000321,CP1
CE003006,22834241,RFID_CHECKPOINT,S14,U000358,CP1
CE003007,22842577,POWER_DRAW,S21,U000344,CP2
CE003008,22845324,POWER_DRAW,S35,U000321,CP2
CE003009,22847393,POWER_DRAW,S14,U000358,CP2
CE003010,22853502,RFID_CHECKPOINT,S07,U000366,CP1
CE003011,22863416,POWER_DRAW,S07,U000366,CP2
CE003012,22883968,RFID_CHECKPOINT,S28,U000327,CP1
CE003013,22884904,RFID_CHECKPOINT,S21,U000345,CP1
CE003014,22891136,RFID_CHECKPOINT,S14,U000359,CP1
CE003015,22895376,RFID_CHECKPOINT,S35,U000322,CP1
CE003016,22899092,POWER_DRAW,S21,U000345,CP2
CE003017,22899113,POWER_DRAW,S28,U000327,CP2
CE003018,22900562,POWER_DRAW,S14,U000359,CP2
CE003019,22908774,POWER_DRAW,S35,U000322,CP2
CE003020,22909119,RFID_CHECKPOINT,S07,U000367,CP1
CE003021,22943560,RFID_CHECKPOINT,S21,U000346,CP1
CE003022,22948438,RFID_CHECKPOINT,S28,U000328,CP1
CE003023,22951695,POWER_DRAW,S21,U000346,CP2
CE003024,22957638,RFID_CHECKPOINT,S14,U000360,CP1
CE003025,22965790,POWER_DRAW,S28,U000328,CP2
CE003026,22966996,RFID_CHECKPOINT,S07,U000368,CP1
CE003027,22970072,POWER_DRAW,S35,U000323,CP2
CE003028,22976552,POWER_DRAW,S14,U000360,CP2
CE003029,23009475,RFID_CHECKPOINT,S35,U000324,CP1
CE003030,23011842,RFID_CHECKPOINT,S28,U000329,CP1
CE003031,23022261,POWER_DRAW,S35,U000324,CP2
CE003032,23025305,POWER_DRAW,S28,U000329,CP2
CE003033,23032570,RFID_CHECKPOINT,S14,U000361,CP1
CE003034,23033433,RFID_CHECKPOINT,S21,U000347,CP1
CE003035,23054066,POWER_DRAW,S21,U000347,CP2
CE003036,23054424,POWER_DRAW,S14,U000361,CP2
CE003037,23061382,RFID_CHECKPOINT,S35,U000325,CP1
CE003038,23073800,RFID_CHECKPOINT,S28,U000330,CP1
CE003039,23080110,POWER_DRAW,S35,U000325,CP2
CE003040,23088493,RFID_CHECKPOINT,S07,U000370,CP1
CE003041,23089824,POWER_DRAW,S28,U000330,CP2
CE003042,23096152,POWER_DRAW,S07,U000370,CP2
CE003043,23102556,RFID_CHECKPOINT,S21,U000348,CP1
CE003044,23104138,RFID_CHECKPOINT,S14,U000362,CP1
CE003045,23114318,POWER_DRAW,S14,U000362,CP2
CE003046,23117978,POWER_DRAW,S21,U000348,CP2
CE003047,23128800,RFID_CHECKPOINT,S35,U000326,CP1
CE003048,23134584,RFID_CHECKPOINT,S07,U000371,CP1
CE003049,23143991,POWER_DRAW,S35,U000326,CP2
CE003050,23145316,POWER_DRAW,S07,U000371,CP2
CE003051,23166783,RFID_CHECKPOINT,S28,U000331,CP1
CE003052,23167247,RFID_CHECKPOINT,S14,U000363,CP1
CE003053,23178526,POWER_DRAW,S14,U000363,CP2
CE003054,23179819,RFID_CHECKPOINT,S21,U000349,CP1
CE003055,23185536,POWER_DRAW,S28,U000331,CP2
CE003056,23200111,POWER_DRAW,S21,U000349,CP2
CE003057,23200380,POWER_DRAW,S07,U000372,CP2
CE003058,23231727,RFID_CHECKPOINT,S14,U000364,CP1
CE003059,23238217,RFID_CHECKPOINT,S28,U000332,CP1
CE003060,23238731,RFID_CHECKPOINT,S07,U000373,CP1
CE003061,23245125,POWER_DRAW,S14,U000364,CP2
CE003062,23250162,RFID_CHECKPOINT,S35,U000327,CP1
CE003063,23252422,POWER_DRAW,S28,U000332,CP2
CE003064,23252568,RFID_CHECKPOINT,S21,U000350,CP1
CE003065,23258436,POWER_DRAW,S07,U000373,CP2
CE003066,23263109,POWER_DRAW,S35,U000327,CP2
CE003067,23266515,POWER_DRAW,S21,U000350,CP2
CE003068,23282607,RFID_CHECKPOINT,S14,U000365,CP1
CE003069,23285214,RFID_CHECKPOINT,S28,U000333,CP1
CE003070,23297405,RFID_CHECKPOINT,S35,U000328,CP1
CE003071,23298118,POWER_DRAW,S14,U000365,CP2
CE003072,23313446,POWER_DRAW,S21,U000351,CP2
CE003073,23315303,RFID_CHECKPOINT,S07,U000374,CP1
CE003074,23334115,POWER_DRAW,S07,U000374,CP2
CE003075,23346975,RFID_CHECKPOINT,S28,U000334,CP1
CE003076,23353199,RFID_CHECKPOINT,S14,U000366,CP1
CE003077,23355164,RFID_CHECKPOINT,S35,U000329,CP1
CE003078,23358060,RFID_CHECKPOINT,S21,U000352,CP1
CE003079,23362654,POWER_DRAW,S28,U000334,CP2
CE003080,23364164,POWER_DRAW,S35,U000329,CP2
CE003081,23371599,POWER_DRAW,S14,U000366,CP2
CE003082,23406130,RFID_CHECKPOINT,S28,U000335,CP1
CE003083,23407092,RFID_CHECKPOINT,S21,U000353,CP1
CE003084,23418347,RFID_CHECKPOINT,S14,U000367,CP1
CE003085,23419400,POWER_DRAW,S28,U000335,CP2
CE003086,23427611,POWER_DRAW,S14,U000367,CP2
CE003087,23427750,POWER_DRAW,S21,U000353,CP2
CE003088,23437693,RFID_CHECKPOINT,S35,U000330,CP1
CE003089,23445014,POWER_DRAW,S07,U000376,CP2
CE003090,23453208,RFID_CHECKPOINT,S28,U000336,CP1
CE003091,23454544,POWER_DRAW,S35,U000330,CP2
CE003092,23463170,POWER_DRAW,S28,U000336,CP2
CE003093,23467222,RFID_CHECKPOINT,S21,U000354,CP1
CE003094,23488066,POWER_DRAW,S21,U000355,CP2
CE003095,23488066,POWER_DRAW,S21,U000354,CP2
CE003096,23494012,RFID_CHECKPOINT,S07,U000377,CP1
CE003097,23502504,POWER_DRAW,S07,U000377,CP2
CE003098,23515144,RFID_CHECKPOINT,S14,U000369,CP1
CE003099,23522404,RFID_CHECKPOINT,S28,U000337,CP1
CE003100,23530323,POWER_DRAW,S14,U000369,CP2
CE003101,23534050,RFID_CHECKPOINT,S21,U000355,CP1
CE003102,23537558,POWER_DRAW,S28,U000337,CP2
CE003103,23547121,RFID_CHECKPOINT,S35,U000331,CP1
CE003104,23547519,POWER_DRAW,S21,U000355,CP2
CE003105,23548268,RFID_CHECKPOINT,S07,U000378,CP1
CE003106,23556367,POWER_DRAW,S35,U000331,CP2
CE003107,23563395,POWER_DRAW,S07,U000378,CP2
CE003108,23570074,RFID_CHECKPOINT,S14,U000370,CP1
CE003109,23584097,POWER_DRAW,S14,U000370,CP2
CE003110,23586782,RFID_CHECKPOINT,S28,U000338,CP1
CE003111,23597421,RFID_CHECKPOINT,S21,U000356,CP1
CE003112,23602224,RFID_CHECKPOINT,S07,U000379,CP1
CE003113,23606511,POWER_DRAW,S28,U000338,CP2
CE003114,23608500,RFID_CHECKPOINT,S35,U000332,CP1
CE003115,23615033,POWER_DRAW,S35,U000332,CP2
CE003116,23615033,POWER_DRAW,S35,U000331,CP2
CE003117,23619956,POWER_DRAW,S21,U000356,CP2
CE003118,23622889,POWER_DRAW,S07,U000379,CP2
CE003119,23628697,RFID_CHECKPOINT,S14,U000371,CP1
CE003120,23641319,POWER_DRAW,S14,U000371,CP2
CE003121,23652616,RFID_CHECKPOINT,S28,U000339,CP1
CE003122,23658280,RFID_CHECKPOINT,S35,U000333,CP1
CE003123,23659210,POWER_DRAW,S28,U000339,CP2
CE003124,23667139,RFID_CHECKPOINT,S07,U000380,CP1
CE003125,23669169,RFID_CHECKPOINT,S21,U000357,CP1
CE003126,23675393,POWER_DRAW,S35,U000333,CP2
CE003127,23686346,POWER_DRAW,S07,U000380,CP2
CE003128,23704536,RFID_CHECKPOINT,S28,U000340,CP1
CE003129,23707705,POWER_DRAW,S14,U000372,CP2
CE003130,23715857,RFID_CHECKPOINT,S07,U000381,CP1
CE003131,23718127,POWER_DRAW,S28,U000340,CP2
CE003132,23730824,RFID_CHECKPOINT,S35,U000334,CP1
CE003133,23730832,POWER_DRAW,S07,U000381,CP2
CE003134,23758334,RFID_CHECKPOINT,S14,U000373,CP1
CE003135,23763462,RFID_CHECKPOINT,S07,U000382,CP1
CE003136,23768275,RFID_CHECKPOINT,S21,U000358,CP1
CE003137,23773079,POWER_DRAW,S14,U000373,CP2
CE003138,23780380,POWER_DRAW,S07,U000382,CP2
CE003139,23789089,RFID_CHECKPOINT,S28,U000341,CP1
CE003140,23789214,POWER_DRAW,S21,U000358,CP2
CE003141,23799771,POWER_DRAW,S35,U000335,CP2
CE003142,23803223,POWER_DRAW,S28,U000341,CP2
CE003143,23819210,RFID_CHECKPOINT,S14,U000374,CP1
CE003144,23830728,POWER_DRAW,S14,U000374,CP2
CE003145,23832960,POWER_DRAW,S07,U000383,CP2
CE003146,23836802,RFID_CHECKPOINT,S21,U000359,CP1
CE003147,23869202,POWER_DRAW,S35,U000336,CP2
CE003148,23872533,RFID_CHECKPOINT,S28,U000342,CP1
CE003149,23877036,RFID_CHECKPOINT,S14,U000375,CP1
CE003150,23889046,POWER_DRAW,S14,U000375,CP2
CE003151,23895294,POWER_DRAW,S28,U000342,CP2
CE003152,23899313,RFID_CHECKPOINT,S21,U000360,CP1
CE003153,23905330,RFID_CHECKPOINT,S35,U000337,CP1
CE003154,23913522,POWER_DRAW,S35,U000337,CP2
CE003155,23917985,POWER_DRAW,S21,U000360,CP2
CE003156,23921573,RFID_CHECKPOINT,S07,U000385,CP1
CE003157,23935244,POWER_DRAW,S07,U000385,CP2
CE003158,23939012,RFID_CHECKPOINT,S14,U000376,CP1
CE003159,23957617,POWER_DRAW,S14,U000376,CP2
CE003160,23959857,RFID_CHECKPOINT,S28,U000343,CP1
CE003161,23961660,RFID_CHECKPOINT,S35,U000338,CP1
CE003162,23974352,POWER_DRAW,S35,U000338,CP2
CE003163,23976925,RFID_CHECKPOINT,S21,U000361,CP1
CE003164,23978031,POWER_DRAW,S28,U000343,CP2
CE003165,23984540,RFID_CHECKPOINT,S07,U000386,CP1
CE003166,23984540,RFID_CHECKPOINT,S07,U000385,CP1
CE003167,23993239,RFID_CHECKPOINT,S14,U000377,CP1
CE003168,23994461,POWER_DRAW,S21,U000361,CP2
CE003169,23998943,POWER_DRAW,S07,U000386,CP2
CE003170,24026602,RFID_CHECKPOINT,S35,U000339,CP1
CE003171,24033931,RFID_CHECKPOINT,S07,U000387,CP1
CE003172,24043307,POWER_DRAW,S35,U000339,CP2
CE003173,24044595,RFID_CHECKPOINT,S21,U000362,CP1
CE003174,24046058,POWER_DRAW,S07,U000387,CP2
CE003175,24046784,POWER_DRAW,S28,U000344,CP2
CE003176,24056951,POWER_DRAW,S21,U000362,CP2
CE003177,24062972,POWER_DRAW,S14,U000378,CP2
CE003178,24084403,RFID_CHECKPOINT,S07,U000388,CP1
CE003179,24092264,RFID_CHECKPOINT,S21,U000363,CP1
CE003180,24100683,POWER_DRAW,S21,U000363,CP2
CE003181,24103360,RFID_CHECKPOINT,S28,U000345,CP1
CE003182,24105983,RFID_CHECKPOINT,S35,U000340,CP1
CE003183,24106055,POWER_DRAW,S07,U000388,CP2
CE003184,24110380,POWER_DRAW,S28,U000345,CP2
CE003185,24118039,RFID_CHECKPOINT,S14,U000379,CP1
CE003186,24125127,POWER_DRAW,S35,U000340,CP2
CE003187,24141460,RFID_CHECKPOINT,S21,U000364,CP1
CE003188,24147263,POWER_DRAW,S14,U000379,CP2
CE003189,24150076,RFID_CHECKPOINT,S07,U000389,CP1
CE003190,24153004,POWER_DRAW,S21,U000364,CP2
CE003191,24154679,RFID_CHECKPOINT,S28,U000346,CP1
CE003192,24159295,POWER_DRAW,S07,U000389,CP2
CE003193,24167449,RFID_CHECKPOINT,S35,U000341,CP1
CE003194,24172430,POWER_DRAW,S28,U000346,CP2
CE003195,24192562,RFID_CHECKPOINT,S14,U000380,CP1
CE003196,24199019,POWER_DRAW,S14,U000380,CP2
CE003197,24210334,RFID_CHECKPOINT,S07,U000390,CP1
CE003198,24219118,RFID_CHECKPOINT,S28,U000346,CP1
CE003199,24222983,RFID_CHECKPOINT,S35,U000342,CP1
CE003200,24226595,POWER_DRAW,S28,U000347,CP2
CE003201,24244851,RFID_CHECKPOINT,S14,U000381,CP1
CE003202,24253131,RFID_CHECKPOINT,S21,U000365,CP1
CE003203,24257676,POWER_DRAW,S14,U000381,CP2
CE003204,24273423,POWER_DRAW,S21,U000365,CP2
CE003205,24277720,RFID_CHECKPOINT,S07,U000391,CP1
CE003206,24284428,RFID_CHECKPOINT,S28,U000348,CP1
CE003207,24291914,POWER_DRAW,S07,U000391,CP2
CE003208,24294229,RFID_CHECKPOINT,S14,U000382,CP1
CE003209,24296842,POWER_DRAW,S28,U000348,CP2
CE003210,24308402,POWER_DRAW,S14,U000382,CP2
CE003211,24342070,RFID_CHECKPOINT,S35,U000343,CP1
CE003212,24343234,RFID_CHECKPOINT,S21,U000366,CP1
CE003213,24348116,RFID_CHECKPOINT,S07,U000392,CP1
CE003214,24352541,RFID_CHECKPOINT,S14,U000383,CP1
CE003215,24357020,POWER_DRAW,S21,U000366,CP2
CE003216,24357788,POWER_DRAW,S07,U000392,CP2
CE003217,24358371,POWER_DRAW,S35,U000343,CP2
CE003218,24363736,RFID_CHECKPOINT,S28,U000349,CP1
CE003219,24364733,POWER_DRAW,S14,U000383,CP2
CE003220,24375118,POWER_DRAW,S28,U000349,CP2
CE003221,24407324,RFID_CHECKPOINT,S14,U000384,CP1
CE003222,24412565,RFID_CHECKPOINT,S35,U000344,CP1
CE003223,24415785,RFID_CHECKPOINT,S21,U000367,CP1
CE003224,24417426,POWER_DRAW,S07,U000393,CP2
CE003225,24418903,POWER_DRAW,S14,U000385,CP2
CE003226,24418903,POWER_DRAW,S14,U000384,CP2
CE003227,24424344,POWER_DRAW,S35,U000344,CP2
CE003228,24439331,POWER_DRAW,S21,U000367,CP2
CE003229,24462116,RFID_CHECKPOINT,S07,U000394,CP1
CE003230,24468629,POWER_DRAW,S14,U000385,CP2
CE003231,24478210,POWER_DRAW,S28,U000350,CP2
CE003232,24484128,RFID_CHECKPOINT,S21,U000368,CP1
CE003233,24493411,RFID_CHECKPOINT,S35,U000345,CP1
CE003234,24496318,POWER_DRAW,S21,U000368,CP2
CE003235,24523691,RFID_CHECKPOINT,S07,U000395,CP1
CE003236,24523864,RFID_CHECKPOINT,S14,U000386,CP1
CE003237,24527236,RFID_CHECKPOINT,S28,U000351,CP1
CE003238,24534075,POWER_DRAW,S14,U000386,CP2
CE003239,24543512,RFID_CHECKPOINT,S21,U000369,CP1
CE003240,24572832,POWER_DRAW,S35,U000346,CP2
CE003241,24581319,RFID_CHECKPOINT,S14,U000387,CP1
CE003242,24589268,POWER_DRAW,S14,U000387,CP2
CE003243,24590953,RFID_CHECKPOINT,S07,U000396,CP1
CE003244,24594635,RFID_CHECKPOINT,S21,U000370,CP1
CE003245,24607085,RFID_CHECKPOINT,S35,U000347,CP1
CE003246,24607171,POWER_DRAW,S07,U000396,CP2
CE003247,24607565,POWER_DRAW,S21,U000370,CP2
CE003248,24626429,POWER_DRAW,S35,U000347,CP2
CE003249,24637728,RFID_CHECKPOINT,S14,U000388,CP1
CE003250,24657688,POWER_DRAW,S07,U000397,CP2
CE003251,24660433,RFID_CHECKPOINT,S28,U000353,CP1
CE003252,24673243,RFID_CHECKPOINT,S35,U000348,CP1
CE003253,24677792,POWER_DRAW,S28,U000353,CP2
CE003254,24687754,RFID_CHECKPOINT,S21,U000371,CP1
CE003255,24687912,POWER_DRAW,S35,U000348,CP2
CE003256,24693440,RFID_CHECKPOINT,S07,U000398,CP1
CE003257,24697509,RFID_CHECKPOINT,S14,U000389,CP1
CE003258,24704037,POWER_DRAW,S07,U000398,CP2
CE003259,24709008,POWER_DRAW,S21,U000371,CP2
CE003260,24711636,POWER_DRAW,S14,U000389,CP2
CE003261,24730337,RFID_CHECKPOINT,S28,U000354,CP1
CE003262,24732285,RFID_CHECKPOINT,S35,U000349,CP1
CE003263,24754571,POWER_DRAW,S35,U000349,CP2
CE003264,24764886,RFID_CHECKPOINT,S07,U000399,CP1
CE003265,24770709,RFID_CHECKPOINT,S14,U000390,CP1
CE003266,24774795,POWER_DRAW,S07,U000399,CP2
CE003267,24779499,POWER_DRAW,S21,U000372,CP2
CE003268,24799264,POWER_DRAW,S14,U000390,CP2
CE003269,24804328,RFID_CHECKPOINT,S28,U000355,CP1
CE003270,24814566,RFID_CHECKPOINT,S35,U000350,CP1
CE003271,24817622,RFID_CHECKPOINT,S21,U000373,CP1
CE003272,24820179,POWER_DRAW,S28,U000355,CP2
CE003273,24827384,POWER_DRAW,S35,U000350,CP2
CE003274,24831306,POWER_DRAW,S21,U000373,CP2
CE003275,24836856,POWER_DRAW,S07,U000400,CP2
CE003276,24861389,RFID_CHECKPOINT,S14,U000391,CP1
CE003277,24873513,POWER_DRAW,S14,U000392,CP2
CE003278,24873513,POWER_DRAW,S14,U000391,CP2
CE003279,24881378,RFID_CHECKPOINT,S21,U000374,CP1
CE003280,24882324,RFID_CHECKPOINT,S35,U000351,CP1
CE003281,24884140,RFID_CHECKPOINT,S07,U000401,CP1
CE003282,24891368,RFID_CHECKPOINT,S28,U000356,CP1
CE003283,24891368,RFID_CHECKPOINT,S28,U000355,CP1
CE003284,24897660,POWER_DRAW,S07,U000401,CP2
CE003285,24899082,POWER_DRAW,S21,U000374,CP2
CE003286,24907333,POWER_DRAW,S28,U000356,CP2
CE003287,24923401,RFID_CHECKPOINT,S14,U000392,CP1
CE003288,24938907,POWER_DRAW,S14,U000392,CP2
CE003289,24947818,RFID_CHECKPOINT,S21,U000375,CP1
CE003290,24952175,RFID_CHECKPOINT,S07,U000402,CP1
CE003291,24958993,RFID_CHECKPOINT,S28,U000357,CP1
CE003292,24962680,RFID_CHECKPOINT,S35,U000352,CP1
CE003293,24969064,POWER_DRAW,S07,U000401,CP2
CE003294,24969064,POWER_DRAW,S07,U000402,CP2
CE003295,24972437,POWER_DRAW,S21,U000375,CP2
CE003296,24974860,POWER_DRAW,S28,U000357,CP2
CE003297,24985529,POWER_DRAW,S35,U000352,CP2
CE003298,24994122,RFID_CHECKPOINT,S14,U000393,CP1
CE003299,25017716,RFID_CHECKPOINT,S07,U000403,CP1
CE003300,25021771,RFID_CHECKPOINT,S21,U000376,CP1
CE003301,25022822,POWER_DRAW,S14,U000393,CP2
CE003302,25026913,RFID_CHECKPOINT,S28,U000358,CP1
CE003303,25027392,RFID_CHECKPOINT,S35,U000353,CP1
CE003304,25029687,POWER_DRAW,S07,U000403,CP2
CE003305,25029687,POWER_DRAW,S07,U000402,CP2
CE003306,25030607,POWER_DRAW,S35,U000353,CP2
CE003307,25034209,POWER_DRAW,S21,U000376,CP2
CE003308,25043254,POWER_DRAW,S28,U000358,CP2
CE003309,25073167,RFID_CHECKPOINT,S14,U000394,CP1
CE003310,25079635,RFID_CHECKPOINT,S07,U000404,CP1
CE003311,25080608,POWER_DRAW,S14,U000394,CP2
CE003312,25091818,RFID_CHECKPOINT,S28,U000359,CP1
CE003313,25097993,POWER_DRAW,S28,U000359,CP2
CE003314,25101168,POWER_DRAW,S07,U000404,CP2
CE003315,25103779,RFID_CHECKPOINT,S35,U000354,CP1
CE003316,25120372,POWER_DRAW,S35,U000354,CP2
CE003317,25129705,RFID_CHECKPOINT,S14,U000395,CP1
CE003318,25134417,POWER_DRAW,S14,U000395,CP2
CE003319,25139721,RFID_CHECKPOINT,S21,U000377,CP1
CE003320,25156606,RFID_CHECKPOINT,S07,U000405,CP1
CE003321,25157320,POWER_DRAW,S21,U000377,CP2
CE003322,25166672,POWER_DRAW,S07,U000405,CP2
CE003323,25170936,RFID_CHECKPOINT,S35,U000355,CP1
CE003324,25178914,POWER_DRAW,S35,U000355,CP2
CE003325,25179508,POWER_DRAW,S28,U000360,CP2
CE003326,25188972,RFID_CHECKPOINT,S14,U000396,CP1
CE003327,25200679,POWER_DRAW,S14,U000396,CP2
CE003328,25217997,RFID_CHECKPOINT,S07,U000406,CP1
CE003329,25217997,RFID_CHECKPOINT,S07,U000405,CP1
CE003330,25220035,RFID_CHECKPOINT,S21,U000378,CP1
CE003331,25221798,POWER_DRAW,S07,U000406,CP2
CE003332,25234138,POWER_DRAW,S21,U000378,CP2
CE003333,25246479,RFID_CHECKPOINT,S28,U000361,CP1
CE003334,25255102,RFID_CHECKPOINT,S14,U000397,CP1
CE003335,25255664,POWER_DRAW,S28,U000361,CP2
CE003336,25269720,RFID_CHECKPOINT,S35,U000356,CP1
CE003337,25271691,POWER_DRAW,S14,U000397,CP2
CE003338,25279754,RFID_CHECKPOINT,S07,U000407,CP1
CE003339,25286825,POWER_DRAW,S35,U000356,CP2
CE003340,25307827,RFID_CHECKPOINT,S21,U000379,CP1
CE003341,25316135,RFID_CHECKPOINT,S14,U000398,CP1
CE003342,25332334,POWER_DRAW,S21,U000379,CP2
CE003343,25336554,POWER_DRAW,S14,U000398,CP2
CE003344,25339039,RFID_CHECKPOINT,S28,U000361,CP1
CE003345,25339039,RFID_CHECKPOINT,S28,U000362,CP1
CE003346,25339434,POWER_DRAW,S35,U000357,CP2
CE003347,25354317,POWER_DRAW,S28,U000362,CP2
CE003348,25372719,RFID_CHECKPOINT,S14,U000399,CP1
CE003349,25386125,RFID_CHECKPOINT,S21,U000380,CP1
CE003350,25386501,POWER_DRAW,S14,U000399,CP2
CE003351,25388719,POWER_DRAW,S35,U000358,CP2
CE003352,25393046,POWER_DRAW,S07,U000408,CP2
CE003353,25402504,POWER_DRAW,S21,U000380,CP2
CE003354,25422843,RFID_CHECKPOINT,S14,U000399,CP1
CE003355,25422843,RFID_CHECKPOINT,S14,U000400,CP1
CE003356,25432317,POWER_DRAW,S14,U000400,CP2
CE003357,25439137,RFID_CHECKPOINT,S28,U000363,CP1
CE003358,25451114,POWER_DRAW,S28,U000363,CP2
CE003359,25460887,POWER_DRAW,S07,U000409,CP2
CE003360,25463780,RFID_CHECKPOINT,S35,U000359,CP1
CE003361,25469163,RFID_CHECKPOINT,S21,U000381,CP1
CE003362,25479325,POWER_DRAW,S21,U000381,CP2
CE003363,25482497,POWER_DRAW,S35,U000359,CP2
CE003364,25489506,RFID_CHECKPOINT,S14,U000401,CP1
CE003365,25506746,POWER_DRAW,S14,U000401,CP2
CE003366,25509704,RFID_CHECKPOINT,S28,U000364,CP1
CE003367,25510191,RFID_CHECKPOINT,S07,U000410,CP1
CE003368,25519675,POWER_DRAW,S07,U000410,CP2
CE003369,25520943,POWER_DRAW,S28,U000364,CP2
CE003370,25524743,RFID_CHECKPOINT,S21,U000382,CP1
CE003371,25528671,POWER_DRAW,S21,U000382,CP2
CE003372,25534133,RFID_CHECKPOINT,S35,U000360,CP1
CE003373,25543019,RFID_CHECKPOINT,S14,U000402,CP1
CE003374,25558283,POWER_DRAW,S14,U000402,CP2
CE003375,25571315,RFID_CHECKPOINT,S07,U000411,CP1
CE003376,25583884,POWER_DRAW,S07,U000411,CP2
CE003377,25587151,RFID_CHECKPOINT,S35,U000361,CP1
CE003378,25588745,RFID_CHECKPOINT,S28,U000365,CP1
CE003379,25598192,RFID_CHECKPOINT,S14,U000403,CP1
CE003380,25602179,POWER_DRAW,S35,U000361,CP2
CE003381,25603506,RFID_CHECKPOINT,S21,U000383,CP1
CE003382,25611537,POWER_DRAW,S28,U000365,CP2
CE003383,25619159,POWER_DRAW,S21,U000383,CP2
CE003384,25644139,POWER_DRAW,S07,U000412,CP2
CE003385,25646545,RFID_CHECKPOINT,S14,U000404,CP1
CE003386,25659280,RFID_CHECKPOINT,S21,U000384,CP1
CE003387,25662290,POWER_DRAW,S14,U000404,CP2
CE003388,25669974,POWER_DRAW,S21,U000384,CP2
CE003389,25675167,RFID_CHECKPOINT,S28,U000366,CP1
CE003390,25692867,RFID_CHECKPOINT,S35,U000362,CP1
CE003391,25695013,POWER_DRAW,S28,U000366,CP2
CE003392,25701455,RFID_CHECKPOINT,S14,U000405,CP1
CE003393,25708492,POWER_DRAW,S07,U000413,CP2
CE003394,25710210,POWER_DRAW,S14,U000405,CP2
CE003395,25736866,RFID_CHECKPOINT,S28,U000367,CP1
CE003396,25749492,RFID_CHECKPOINT,S21,U000385,CP1
CE003397,25751402,RFID_CHECKPOINT,S14,U000406,CP1
CE003398,25761956,RFID_CHECKPOINT,S07,U000414,CP1
CE003399,25768127,POWER_DRAW,S21,U000385,CP2
CE003400,25775694,POWER_DRAW,S14,U000406,CP2
CE003401,25786875,RFID_CHECKPOINT,S35,U000363,CP1
CE003402,25806211,POWER_DRAW,S35,U000363,CP2
CE003403,25807551,POWER_DRAW,S28,U000368,CP2
CE003404,25816585,RFID_CHECKPOINT,S07,U000415,CP1
CE003405,25821430,RFID_CHECKPOINT,S14,U000407,CP1
CE003406,25826648,POWER_DRAW,S07,U000415,CP2
CE003407,25849890,RFID_CHECKPOINT,S21,U000386,CP1
CE003408,25866124,RFID_CHECKPOINT,S35,U000364,CP1
CE003409,25869015,POWER_DRAW,S21,U000386,CP2
CE003410,25870164,RFID_CHECKPOINT,S07,U000416,CP1
CE003411,25877703,RFID_CHECKPOINT,S28,U000369,CP1
CE003412,25880648,POWER_DRAW,S07,U000416,CP2
CE003413,25886684,POWER_DRAW,S28,U000369,CP2
CE003414,25891470,RFID_CHECKPOINT,S14,U000408,CP1
CE003415,25901631,POWER_DRAW,S14,U000408,CP2
CE003416,25922114,RFID_CHECKPOINT,S07,U000417,CP1
CE003417,25938983,POWER_DRAW,S21,U000387,CP2
CE003418,25946029,RFID_CHECKPOINT,S14,U000409,CP1
CE003419,25949148,RFID_CHECKPOINT,S35,U000365,CP1
CE003420,25953871,POWER_DRAW,S35,U000365,CP2
CE003421,25977702,RFID_CHECKPOINT,S28,U000370,CP1
CE003422,25992057,RFID_CHECKPOINT,S07,U000418,CP1
CE003423,25997417,POWER_DRAW,S28,U000370,CP2
CE003424,26001353,POWER_DRAW,S07,U000418,CP2
CE003425,26001664,RFID_CHECKPOINT,S14,U000410,CP1
CE003426,26002654,RFID_CHECKPOINT,S21,U000388,CP1
CE003427,26010126,POWER_DRAW,S14,U000410,CP2
CE003428,26015553,POWER_DRAW,S21,U000388,CP2
CE003429,26030980,RFID_CHECKPOINT,S35,U000366,CP1
CE003430,26046783,POWER_DRAW,S35,U000366,CP2
CE003431,26058549,RFID_CHECKPOINT,S07,U000419,CP1
CE003432,26060521,RFID_CHECKPOINT,S14,U000411,CP1
CE003433,26067093,RFID_CHECKPOINT,S28,U000371,CP1
CE003434,26073164,RFID_CHECKPOINT,S21,U000389,CP1
CE003435,26090610,RFID_CHECKPOINT,S35,U000367,CP1
CE003436,26091193,POWER_DRAW,S28,U000371,CP2
CE003437,26091757,POWER_DRAW,S21,U000389,CP2
CE003438,26112014,POWER_DRAW,S35,U000367,CP2
CE003439,26118807,RFID_CHECKPOINT,S14,U000412,CP1
CE003440,26130522,RFID_CHECKPOINT,S28,U000372,CP1
CE003441,26131295,POWER_DRAW,S14,U000412,CP2
CE003442,26135978,RFID_CHECKPOINT,S07,U000420,CP1
CE003443,26136555,POWER_DRAW,S28,U000372,CP2
CE003444,26146225,RFID_CHECKPOINT,S21,U000390,CP1
CE003445,26149214,POWER_DRAW,S07,U000420,CP2
CE003446,26153528,RFID_CHECKPOINT,S35,U000368,CP1
CE003447,26159935,POWER_DRAW,S21,U000390,CP2
CE003448,26161211,RFID_CHECKPOINT,S14,U000413,CP1
CE003449,26174536,POWER_DRAW,S14,U000413,CP2
CE003450,26175351,POWER_DRAW,S35,U000368,CP2
CE003451,26188067,RFID_CHECKPOINT,S07,U000421,CP1
CE003452,26201109,RFID_CHECKPOINT,S28,U000373,CP1
CE003453,26213120,RFID_CHECKPOINT,S21,U000391,CP1
CE003454,26215993,RFID_CHECKPOINT,S14,U000414,CP1
CE003455,26217195,POWER_DRAW,S28,U000373,CP2
CE003456,26228017,POWER_DRAW,S14,U000414,CP2
CE003457,26239692,POWER_DRAW,S21,U000391,CP2
CE003458,26244871,RFID_CHECKPOINT,S07,U000422,CP1
CE003459,26264381,POWER_DRAW,S07,U000422,CP2
CE003460,26264445,POWER_DRAW,S35,U000369,CP2
CE003461,26266920,RFID_CHECKPOINT,S28,U000374,CP1
CE003462,26275593,POWER_DRAW,S28,U000374,CP2
CE003463,26285029,RFID_CHECKPOINT,S21,U000392,CP1
CE003464,26285481,RFID_CHECKPOINT,S14,U000415,CP1
CE003465,26298416,POWER_DRAW,S21,U000392,CP2
CE003466,26303746,RFID_CHECKPOINT,S07,U000423,CP1
CE003467,26311768,POWER_DRAW,S14,U000415,CP2
CE003468,26313432,POWER_DRAW,S07,U000423,CP2
CE003469,26314270,RFID_CHECKPOINT,S35,U000370,CP1
CE003470,26324997,RFID_CHECKPOINT,S28,U000375,CP1
CE003471,26335897,POWER_DRAW,S35,U000370,CP2
CE003472,26340956,POWER_DRAW,S28,U000375,CP2
CE003473,26345217,RFID_CHECKPOINT,S21,U000393,CP1
CE003474,26348690,POWER_DRAW,S21,U000393,CP2
CE003475,26355093,RFID_CHECKPOINT,S07,U000424,CP1
CE003476,26363928,POWER_DRAW,S07,U000424,CP2
CE003477,26385274,RFID_CHECKPOINT,S28,U000376,CP1
CE003478,26394073,POWER_DRAW,S28,U000376,CP2
CE003479,26405258,RFID_CHECKPOINT,S14,U000417,CP1
CE003480,26406690,RFID_CHECKPOINT,S21,U000394,CP1
CE003481,26407926,RFID_CHECKPOINT,S07,U000425,CP1
CE003482,26412529,RFID_CHECKPOINT,S35,U000371,CP1
CE003483,26423608,POWER_DRAW,S21,U000394,CP2
CE003484,26427367,POWER_DRAW,S14,U000417,CP2
CE003485,26431932,POWER_DRAW,S35,U000371,CP2
CE003486,26434414,RFID_CHECKPOINT,S28,U000377,CP1
CE003487,26465866,RFID_CHECKPOINT,S07,U000426,CP1
CE003488,26471708,RFID_CHECKPOINT,S21,U000395,CP1
CE003489,26472581,RFID_CHECKPOINT,S14,U000418,CP1
CE003490,26472581,RFID_CHECKPOINT,S14,U000417,CP1
CE003491,26478602,POWER_DRAW,S07,U000426,CP2
CE003492,26489834,RFID_CHECKPOINT,S35,U000372,CP1
CE003493,26496418,POWER_DRAW,S14,U000418,CP2
CE003494,26511662,RFID_CHECKPOINT,S07,U000427,CP1
CE003495,26517196,POWER_DRAW,S07,U000427,CP2
CE003496,26543424,RFID_CHECKPOINT,S14,U000419,CP1
CE003497,26551379,POWER_DRAW,S14,U000419,CP2
CE003498,26556224,POWER_DRAW,S28,U000378,CP2
CE003499,26557718,RFID_CHECKPOINT,S35,U000373,CP1
CE003500,26562236,RFID_CHECKPOINT,S21,U000396,CP1
CE003501,26574276,POWER_DRAW,S35,U000373,CP2
CE003502,26579799,POWER_DRAW,S21,U000396,CP2
CE003503,26590844,POWER_DRAW,S07,U000428,CP2
CE003504,26593403,RFID_CHECKPOINT,S28,U000379,CP1
CE003505,26605897,RFID_CHECKPOINT,S14,U000420,CP1
CE003506,26607012,POWER_DRAW,S28,U000379,CP2
CE003507,26607012,POWER_DRAW,S28,U000378,CP2
CE003508,26616932,RFID_CHECKPOINT,S35,U000374,CP1
CE003509,26621246,RFID_CHECKPOINT,S07,U000429,CP1
CE003510,26625499,POWER_DRAW,S14,U000420,CP2
CE003511,26629794,RFID_CHECKPOINT,S21,U000397,CP1
CE003512,26634309,POWER_DRAW,S07,U000429,CP2
CE003513,26648671,POWER_DRAW,S21,U000397,CP2
CE003514,26663857,RFID_CHECKPOINT,S14,U000421,CP1
CE003515,26672263,POWER_DRAW,S14,U000421,CP2
CE003516,26698571,RFID_CHECKPOINT,S07,U000430,CP1
CE003517,26706750,POWER_DRAW,S28,U000380,CP2
CE003518,26710229,RFID_CHECKPOINT,S21,U000398,CP1
CE003519,26712056,POWER_DRAW,S35,U000375,CP2
CE003520,26716979,POWER_DRAW,S07,U000430,CP2
CE003521,26725649,POWER_DRAW,S21,U000398,CP2
CE003522,26725911,RFID_CHECKPOINT,S14,U000422,CP1
CE003523,26737968,POWER_DRAW,S14,U000422,CP2
CE003524,26748284,RFID_CHECKPOINT,S28,U000381,CP1
CE003525,26748284,RFID_CHECKPOINT,S28,U000380,CP1
CE003526,26761295,RFID_CHECKPOINT,S07,U000431,CP1
CE003527,26764713,RFID_CHECKPOINT,S35,U000376,CP1
CE003528,26781553,POWER_DRAW,S35,U000376,CP2
CE003529,26781761,RFID_CHECKPOINT,S21,U000399,CP1
CE003530,26783612,POWER_DRAW,S07,U000431,CP2
CE003531,26798719,POWER_DRAW,S21,U000399,CP2
CE003532,26801622,RFID_CHECKPOINT,S14,U000423,CP1
CE003533,26814767,POWER_DRAW,S14,U000423,CP2
CE003534,26825879,RFID_CHECKPOINT,S07,U000432,CP1
CE003535,26827909,RFID_CHECKPOINT,S35,U000377,CP1
CE003536,26831514,RFID_CHECKPOINT,S28,U000382,CP1
CE003537,26834377,POWER_DRAW,S07,U000432,CP2
CE003538,26841763,POWER_DRAW,S28,U000382,CP2
CE003539,26844697,RFID_CHECKPOINT,S21,U000400,CP1
CE003540,26852619,POWER_DRAW,S21,U000400,CP2
CE003541,26873433,RFID_CHECKPOINT,S14,U000424,CP1
CE003542,26886124,RFID_CHECKPOINT,S07,U000433,CP1
CE003543,26894992,POWER_DRAW,S14,U000424,CP2
CE003544,26899914,RFID_CHECKPOINT,S35,U000378,CP1
CE003545,26907861,POWER_DRAW,S07,U000433,CP2
CE003546,26909839,POWER_DRAW,S28,U000383,CP2
CE003547,26915045,RFID_CHECKPOINT,S21,U000401,CP1
CE003548,26915392,POWER_DRAW,S35,U000378,CP2
CE003549,26930398,POWER_DRAW,S21,U000401,CP2
CE003550,26945892,RFID_CHECKPOINT,S14,U000425,CP1
CE003551,26953866,RFID_CHECKPOINT,S28,U000383,CP1
CE003552,26953866,RFID_CHECKPOINT,S28,U000384,CP1
CE003553,26957504,RFID_CHECKPOINT,S07,U000434,CP1
CE003554,26962622,POWER_DRAW,S28,U000384,CP2
CE003555,26965428,RFID_CHECKPOINT,S35,U000379,CP1
CE003556,26978702,POWER_DRAW,S35,U000379,CP2
CE003557,26979190,RFID_CHECKPOINT,S21,U000402,CP1
CE003558,26989035,POWER_DRAW,S21,U000402,CP2
CE003559,27006050,RFID_CHECKPOINT,S07,U000435,CP1
CE003560,27006735,RFID_CHECKPOINT,S14,U000426,CP1
CE003561,27023111,POWER_DRAW,S14,U000426,CP2
CE003562,27023931,POWER_DRAW,S07,U000435,CP2
CE003563,27035390,POWER_DRAW,S21,U000403,CP2
CE003564,27047280,RFID_CHECKPOINT,S28,U000385,CP1
CE003565,27054310,RFID_CHECKPOINT,S35,U000380,CP1
CE003566,27057243,RFID_CHECKPOINT,S07,U000436,CP1
CE003567,27061973,POWER_DRAW,S35,U000380,CP2
CE003568,27062290,RFID_CHECKPOINT,S14,U000427,CP1
CE003569,27070615,POWER_DRAW,S14,U000427,CP2
CE003570,27072613,POWER_DRAW,S07,U000436,CP2
CE003571,27093334,RFID_CHECKPOINT,S21,U000404,CP1
CE003572,27101777,POWER_DRAW,S21,U000404,CP2
CE003573,27111748,POWER_DRAW,S28,U000385,CP2
CE003574,27111748,POWER_DRAW,S28,U000386,CP2
CE003575,27118359,RFID_CHECKPOINT,S14,U000428,CP1
CE003576,27123484,RFID_CHECKPOINT,S35,U000381,CP1
CE003577,27125386,RFID_CHECKPOINT,S07,U000437,CP1
CE003578,27130162,POWER_DRAW,S35,U000381,CP2
CE003579,27138584,POWER_DRAW,S07,U000437,CP2
CE003580,27161756,RFID_CHECKPOINT,S28,U000387,CP1
CE003581,27176388,RFID_CHECKPOINT,S14,U000429,CP1
CE003582,27176618,RFID_CHECKPOINT,S35,U000382,CP1
CE003583,27181166,RFID_CHECKPOINT,S21,U000405,CP1
CE003584,27186453,POWER_DRAW,S28,U000387,CP2
CE003585,27189837,RFID_CHECKPOINT,S07,U000438,CP1
CE003586,27196980,POWER_DRAW,S14,U000429,CP2
CE003587,27203400,POWER_DRAW,S07,U000438,CP2
CE003588,27231740,RFID_CHECKPOINT,S35,U000383,CP1
CE003589,27234250,RFID_CHECKPOINT,S28,U000387,CP1
CE003590,27247594,POWER_DRAW,S14,U000430,CP2
CE003591,27248256,POWER_DRAW,S35,U000383,CP2
CE003592,27252965,POWER_DRAW,S28,U000388,CP2
CE003593,27253889,RFID_CHECKPOINT,S21,U000406,CP1
CE003594,27254728,RFID_CHECKPOINT,S07,U000439,CP1
CE003595,27265942,POWER_DRAW,S21,U000406,CP2
CE003596,27270224,POWER_DRAW,S07,U000439,CP2
CE003597,27292749,RFID_CHECKPOINT,S14,U000431,CP1
CE003598,27300626,RFID_CHECKPOINT,S35,U000384,CP1
CE003599,27307007,POWER_DRAW,S14,U000431,CP2
CE003600,27319386,RFID_CHECKPOINT,S07,U000440,CP1
CE003601,27322392,POWER_DRAW,S35,U000384,CP2
CE003602,27327496,RFID_CHECKPOINT,S28,U000389,CP1
CE003603,27333647,RFID_CHECKPOINT,S21,U000407,CP1
CE003604,27336827,POWER_DRAW,S07,U000440,CP2
CE003605,27343523,POWER_DRAW,S28,U000389,CP2
CE003606,27344401,POWER_DRAW,S21,U000407,CP2
CE003607,27354790,RFID_CHECKPOINT,S14,U000432,CP1
CE003608,27367854,POWER_DRAW,S14,U000432,CP2
CE003609,27375856,RFID_CHECKPOINT,S07,U000441,CP1
CE003610,27386691,RFID_CHECKPOINT,S35,U000385,CP1
CE003611,27394567,RFID_CHECKPOINT,S28,U000390,CP1
CE003612,27396785,RFID_CHECKPOINT,S21,U000409,CP1
CE003613,27396785,RFID_CHECKPOINT,S21,U000408,CP1
CE003614,27399986,POWER_DRAW,S35,U000385,CP2
CE003615,27405976,POWER_DRAW,S21,U000408,CP2
CE003616,27411231,RFID_CHECKPOINT,S14,U000433,CP1
CE003617,27436040,RFID_CHECKPOINT,S07,U000442,CP1
CE003618,27451501,RFID_CHECKPOINT,S35,U000386,CP1
CE003619,27452483,RFID_CHECKPOINT,S28,U000391,CP1
CE003620,27456630,RFID_CHECKPOINT,S21,U000409,CP1
CE003621,27462804,POWER_DRAW,S35,U000386,CP2
CE003622,27472753,POWER_DRAW,S21,U000409,CP2
CE003623,27476716,RFID_CHECKPOINT,S14,U000434,CP1
CE003624,27483904,RFID_CHECKPOINT,S07,U000443,CP1
CE003625,27499444,POWER_DRAW,S14,U000434,CP2
CE003626,27499669,POWER_DRAW,S07,U000443,CP2
CE003627,27505280,RFID_CHECKPOINT,S28,U000392,CP1
CE003628,27518700,POWER_DRAW,S28,U000392,CP2
CE003629,27525155,RFID_CHECKPOINT,S21,U000410,CP1
CE003630,27543183,POWER_DRAW,S21,U000410,CP2
CE003631,27544449,RFID_CHECKPOINT,S07,U000444,CP1
CE003632,27550965,RFID_CHECKPOINT,S14,U000435,CP1
CE003633,27552034,POWER_DRAW,S35,U000387,CP2
CE003634,27558977,POWER_DRAW,S07,U000444,CP2
CE003635,27575685,POWER_DRAW,S14,U000435,CP2
CE003636,27578142,RFID_CHECKPOINT,S28,U000393,CP1
CE003637,27596268,POWER_DRAW,S28,U000393,CP2
CE003638,27602840,RFID_CHECKPOINT,S21,U000411,CP1
CE003639,27623895,POWER_DRAW,S21,U000411,CP2
CE003640,27626883,RFID_CHECKPOINT,S35,U000388,CP1
CE003641,27627369,RFID_CHECKPOINT,S14,U000436,CP1
CE003642,27640998,POWER_DRAW,S35,U000388,CP2
CE003643,27643601,POWER_DRAW,S14,U000436,CP2
CE003644,27644095,POWER_DRAW,S07,U000445,CP2
CE003645,27656612,RFID_CHECKPOINT,S28,U000394,CP1
CE003646,27665687,RFID_CHECKPOINT,S21,U000412,CP1
CE003647,27674247,POWER_DRAW,S21,U000412,CP2
CE003648,27674498,POWER_DRAW,S28,U000394,CP2
CE003649,27681089,RFID_CHECKPOINT,S14,U000437,CP1
CE003650,27691431,RFID_CHECKPOINT,S07,U000446,CP1
CE003651,27692526,RFID_CHECKPOINT,S35,U000389,CP1
CE003652,27695113,POWER_DRAW,S14,U000437,CP2
CE003653,27705820,POWER_DRAW,S07,U000446,CP2
CE003654,27710795,POWER_DRAW,S35,U000389,CP2
CE003655,27717643,RFID_CHECKPOINT,S21,U000413,CP1
CE003656,27730557,POWER_DRAW,S21,U000413,CP2
CE003657,27743873,RFID_CHECKPOINT,S07,U000447,CP1
CE003658,27747242,RFID_CHECKPOINT,S14,U000438,CP1
CE003659,27756733,POWER_DRAW,S28,U000395,CP2
CE003660,27761766,RFID_CHECKPOINT,S35,U000390,CP1
CE003661,27762054,POWER_DRAW,S07,U000447,CP2
CE003662,27762621,POWER_DRAW,S14,U000438,CP2
CE003663,27768468,POWER_DRAW,S35,U000390,CP2
CE003664,27783967,RFID_CHECKPOINT,S21,U000414,CP1
CE003665,27800093,POWER_DRAW,S21,U000414,CP2
CE003666,27807511,RFID_CHECKPOINT,S14,U000439,CP1
CE003667,27811724,POWER_DRAW,S28,U000396,CP2
CE003668,27815131,RFID_CHECKPOINT,S35,U000390,CP1
CE003669,27817404,RFID_CHECKPOINT,S07,U000448,CP1
CE003670,27827014,POWER_DRAW,S14,U000439,CP2
CE003671,27827827,POWER_DRAW,S07,U000448,CP2
CE003672,27833423,POWER_DRAW,S35,U000391,CP2
CE003673,27858214,RFID_CHECKPOINT,S21,U000415,CP1
CE003674,27864794,POWER_DRAW,S28,U000397,CP2
CE003675,27872543,POWER_DRAW,S21,U000415,CP2
CE003676,27880291,RFID_CHECKPOINT,S35,U000392,CP1
CE003677,27885876,RFID_CHECKPOINT,S14,U000440,CP1
CE003678,27886031,POWER_DRAW,S07,U000449,CP2
CE003679,27890934,POWER_DRAW,S35,U000392,CP2
CE003680,27909921,RFID_CHECKPOINT,S21,U000416,CP1
CE003681,27928723,RFID_CHECKPOINT,S28,U000398,CP1
CE003682,27942256,RFID_CHECKPOINT,S07,U000449,CP1
CE003683,27944649,POWER_DRAW,S28,U000398,CP2
CE003684,27948191,RFID_CHECKPOINT,S35,U000393,CP1
CE003685,27955635,POWER_DRAW,S07,U000450,CP2
CE003686,27959322,RFID_CHECKPOINT,S14,U000441,CP1
CE003687,27971443,POWER_DRAW,S14,U000441,CP2
CE003688,27987539,RFID_CHECKPOINT,S28,U000399,CP1
CE003689,27994963,RFID_CHECKPOINT,S21,U000417,CP1
CE003690,27997626,RFID_CHECKPOINT,S07,U000451,CP1
CE003691,28003955,POWER_DRAW,S21,U000417,CP2
CE003692,28004303,POWER_DRAW,S28,U000399,CP2
CE003693,28011798,POWER_DRAW,S07,U000451,CP2
CE003694,28022106,RFID_CHECKPOINT,S35,U000394,CP1
CE003695,28026407,RFID_CHECKPOINT,S14,U000442,CP1
CE003696,28037168,POWER_DRAW,S35,U000394,CP2
CE003697,28043317,POWER_DRAW,S14,U000442,CP2
CE003698,28046254,RFID_CHECKPOINT,S07,U000452,CP1
CE003699,28050732,RFID_CHECKPOINT,S28,U000400,CP1
CE003700,28057772,POWER_DRAW,S28,U000400,CP2
CE003701,28063659,POWER_DRAW,S07,U000452,CP2
CE003702,28064195,RFID_CHECKPOINT,S21,U000418,CP1
CE003703,28079322,POWER_DRAW,S21,U000418,CP2
CE003704,28086552,RFID_CHECKPOINT,S14,U000443,CP1
CE003705,28092991,RFID_CHECKPOINT,S35,U000395,CP1
CE003706,28100802,RFID_CHECKPOINT,S28,U000401,CP1
CE003707,28103263,RFID_CHECKPOINT,S07,U000453,CP1
CE003708,28108648,POWER_DRAW,S35,U000395,CP2
CE003709,28111986,POWER_DRAW,S28,U000401,CP2
CE003710,28126993,RFID_CHECKPOINT,S21,U000419,CP1
CE003711,28137666,POWER_DRAW,S21,U000419,CP2
CE003712,28139914,RFID_CHECKPOINT,S14,U000444,CP1
CE003713,28149058,RFID_CHECKPOINT,S35,U000396,CP1
CE003714,28153930,POWER_DRAW,S14,U000444,CP2
CE003715,28155651,POWER_DRAW,S35,U000396,CP2
CE003716,28180056,RFID_CHECKPOINT,S07,U000454,CP1
CE003717,28191125,RFID_CHECKPOINT,S14,U000445,CP1
CE003718,28195334,RFID_CHECKPOINT,S21,U000420,CP1
CE003719,28199834,POWER_DRAW,S07,U000454,CP2
CE003720,28200899,POWER_DRAW,S28,U000402,CP2
CE003721,28203778,RFID_CHECKPOINT,S35,U000397,CP1
CE003722,28209594,POWER_DRAW,S14,U000445,CP2
CE003723,28212931,POWER_DRAW,S21,U000420,CP2
CE003724,28217285,POWER_DRAW,S35,U000397,CP2
CE003725,28243578,RFID_CHECKPOINT,S07,U000455,CP1
CE003726,28250305,RFID_CHECKPOINT,S14,U000446,CP1
CE003727,28260107,POWER_DRAW,S14,U000446,CP2
CE003728,28268265,POWER_DRAW,S28,U000403,CP2
CE003729,28273921,RFID_CHECKPOINT,S35,U000398,CP1
CE003730,28297913,RFID_CHECKPOINT,S21,U000421,CP1
CE003731,28299986,RFID_CHECKPOINT,S07,U000456,CP1
CE003732,28309342,RFID_CHECKPOINT,S14,U000447,CP1
CE003733,28316261,RFID_CHECKPOINT,S28,U000404,CP1
CE003734,28317101,POWER_DRAW,S07,U000456,CP2
CE003735,28318344,POWER_DRAW,S21,U000421,CP2
CE003736,28322310,POWER_DRAW,S28,U000404,CP2
CE003737,28332848,POWER_DRAW,S14,U000447,CP2
CE003738,28348477,RFID_CHECKPOINT,S35,U000399,CP1
CE003739,28365509,POWER_DRAW,S35,U000399,CP2
CE003740,28370778,RFID_CHECKPOINT,S07,U000457,CP1
CE003741,28374646,RFID_CHECKPOINT,S14,U000448,CP1
CE003742,28382586,RFID_CHECKPOINT,S21,U000422,CP1
CE003743,28391682,POWER_DRAW,S07,U000457,CP2
CE003744,28393788,POWER_DRAW,S14,U000448,CP2
CE003745,28420538,RFID_CHECKPOINT,S28,U000404,CP1
CE003746,28420538,RFID_CHECKPOINT,S28,U000405,CP1
CE003747,28435639,POWER_DRAW,S28,U000405,CP2
CE003748,28440864,RFID_CHECKPOINT,S14,U000449,CP1
CE003749,28442114,RFID_CHECKPOINT,S07,U000458,CP1
CE003750,28461986,POWER_DRAW,S07,U000458,CP2
CE003751,28480575,POWER_DRAW,S35,U000400,CP2
CE003752,28498615,POWER_DRAW,S21,U000423,CP2
CE003753,28498615,POWER_DRAW,S21,U000424,CP2
CE003754,28516852,POWER_DRAW,S07,U000459,CP2
CE003755,28521648,POWER_DRAW,S14,U000450,CP2
CE003756,28532053,POWER_DRAW,S28,U000406,CP2
CE003757,28536180,RFID_CHECKPOINT,S35,U000401,CP1
CE003758,28542315,RFID_CHECKPOINT,S21,U000424,CP1
CE003759,28558457,RFID_CHECKPOINT,S14,U000451,CP1
CE003760,28558500,POWER_DRAW,S35,U000401,CP2
CE003761,28559450,POWER_DRAW,S21,U000424,CP2
CE003762,28560493,RFID_CHECKPOINT,S07,U000460,CP1
CE003763,28570796,POWER_DRAW,S07,U000460,CP2
CE003764,28580400,POWER_DRAW,S14,U000451,CP2
CE003765,28597944,RFID_CHECKPOINT,S28,U000407,CP1
CE003766,28602583,RFID_CHECKPOINT,S07,U000461,CP1
CE003767,28604192,POWER_DRAW,S28,U000407,CP2
CE003768,28613422,POWER_DRAW,S07,U000461,CP2
CE003769,28622917,RFID_CHECKPOINT,S35,U000402,CP1
CE003770,28623792,RFID_CHECKPOINT,S14,U000451,CP1
CE003771,28623792,RFID_CHECKPOINT,S14,U000452,CP1
CE003772,28636434,RFID_CHECKPOINT,S21,U000425,CP1
CE003773,28636662,POWER_DRAW,S14,U000452,CP2
CE003774,28639289,POWER_DRAW,S35,U000402,CP2
CE003775,28650897,POWER_DRAW,S21,U000425,CP2
CE003776,28667049,RFID_CHECKPOINT,S07,U000462,CP1
CE003777,28676257,POWER_DRAW,S07,U000462,CP2
CE003778,28677516,RFID_CHECKPOINT,S14,U000453,CP1
CE003779,28682118,RFID_CHECKPOINT,S35,U000403,CP1
CE003780,28683245,RFID_CHECKPOINT,S28,U000408,CP1
CE003781,28695652,POWER_DRAW,S14,U000453,CP2
CE003782,28707083,RFID_CHECKPOINT,S21,U000426,CP1
CE003783,28716687,RFID_CHECKPOINT,S07,U000463,CP1
CE003784,28721384,POWER_DRAW,S21,U000426,CP2
CE003785,28727131,POWER_DRAW,S07,U000463,CP2
CE003786,28734483,RFID_CHECKPOINT,S14,U000454,CP1
CE003787,28739470,RFID_CHECKPOINT,S35,U000404,CP1
CE003788,28750554,POWER_DRAW,S14,U000454,CP2
CE003789,28758421,POWER_DRAW,S35,U000404,CP2
CE003790,28764434,RFID_CHECKPOINT,S21,U000427,CP1
CE003791,28772503,RFID_CHECKPOINT,S07,U000464,CP1
CE003792,28779217,POWER_DRAW,S21,U000427,CP2
CE003793,28782380,RFID_CHECKPOINT,S28,U000409,CP1
CE003794,28794431,RFID_CHECKPOINT,S35,U000405,CP1
CE003795,28799264,RFID_CHECKPOINT,S14,U000455,CP1
