unit_id,prediction_time,vehicle_model,supplier_batch,total_cycle_time,mean_cycle_time,std_cycle_time,min_cycle_time,max_cycle_time,upstream_cycle_count,mean_queue_length,max_queue_length,total_blocked_events,total_starved_events,upstream_station_count,current_mean,temperature_mean,torque_mean,vibration_mean,current_std,temperature_std,torque_std,vibration_std,current_max,temperature_max,torque_max,vibration_max,sensor_reading_count,sensor_station_count,manual_check_count,manual_fail_count,s07_manual_fail,s14_manual_fail,target,run_id
U000001,684278,MODEL_A,BATCH_01,684278.0,48877.0,9121.445465748036,32598.0,67210.0,14,0.45,1.0,0.0,0.0,14.0,14.51764705882353,61.015867441860465,42.06516470588235,1.1529093023255814,0.13199551010567392,0.17831366788001474,0.13847118261048705,0.05655835588956095,14.78,61.3633,42.4266,1.25327,154,12,1,0,0,0,0,run_006
U000002,750767,MODEL_A,BATCH_01,693960.0,49568.57142857143,6808.749221115722,36924.0,60112.0,14,0.475,1.0,0.0,8.0,14.0,14.49795,61.00510454545454,42.00646666666667,1.1516988636363636,0.08716742346935415,0.2510296674346419,0.15926953434799992,0.04816504277160227,14.6677,61.5064,42.4557,1.225,160,12,1,0,0,0,0,run_006
U000003,794973,MODEL_A,BATCH_01,653283.0,46663.07142857143,9081.585743133746,33940.0,63606.0,14,0.4878048780487805,1.0,0.0,6.0,14.0,14.494826470588235,60.9938925,41.99799117647059,1.15251095,0.09831784975834817,0.18237896497509098,0.17789614669996454,0.05532911897325319,14.6259,61.3686,42.2819,1.26768,148,12,2,0,0,0,0,run_006
U000004,858480,MODEL_A,BATCH_01,684413.0,48886.642857142855,7504.34234916069,40588.0,66682.0,14,0.45,1.0,0.0,6.0,14.0,14.543479411764705,61.046638095238094,41.99315,1.1608997619047619,0.09877057830668724,0.21816473184425045,0.1409396222543976,0.05153243338118072,14.7986,61.5509,42.2399,1.24199,152,12,1,0,0,0,0,run_006
U000005,974077,MODEL_B,BATCH_01,747929.0,53423.5,11507.434571748689,37394.0,72558.0,14,0.5,1.0,0.0,8.0,14.0,14.536067567567569,61.06689333333334,41.97330810810811,1.163982,0.09904576118041497,0.171150799270436,0.129852301520651,0.03948246110041086,14.8651,61.4307,42.3126,1.24965,164,12,1,0,0,0,0,run_006
U000006,1021156,MODEL_A,BATCH_01,687468.0,49104.857142857145,8043.159213385505,35593.0,63849.0,14,0.475,1.0,0.0,5.0,14.0,14.515488571428572,61.17089285714285,41.95686,1.182067619047619,0.10057627123797348,0.18282556979844253,0.15355232332986488,0.052221588555557814,14.6935,61.6269,42.2,1.29875,154,12,1,0,0,0,0,run_006
U000007,1093331,MODEL_A,BATCH_02,715781.0,51127.21428571428,10777.221271513581,34498.0,72175.0,14,0.45,1.0,0.0,6.0,14.0,14.520248571428573,61.12640714285714,41.94584571428572,1.1748142857142856,0.11235747932231265,0.20466815305407188,0.13947592105672652,0.05387583426518828,14.7599,61.6351,42.2668,1.26531,154,12,1,0,0,0,0,run_006
U000008,1151905,MODEL_A,BATCH_01,737061.0,52647.21428571428,13294.949516371136,35355.0,75680.0,14,0.625,2.0,0.0,8.0,14.0,14.529120512820514,61.16796808510638,41.949038461538464,1.1793900000000002,0.0905290391894901,0.2161996692938628,0.14845201885738749,0.05355723078693681,14.705,61.6204,42.2393,1.32018,172,12,1,0,0,0,0,run_006
U000009,1217915,MODEL_A,BATCH_01,674452.0,48175.142857142855,8413.039539055684,38178.0,64600.0,14,0.65,2.0,0.0,3.0,14.0,14.499647222222222,61.21515000000001,41.91745833333333,1.1835928571428571,0.09552039867741381,0.21613403728513228,0.12101997562386109,0.045046855838181715,14.7454,61.6836,42.2314,1.27382,156,12,1,0,0,0,0,run_006
U000010,1282985,MODEL_B,BATCH_01,670661.0,47904.357142857145,10121.618057079935,35253.0,65070.0,14,0.675,2.0,0.0,4.0,14.0,14.52144705882353,61.233978048780486,41.93483529411765,1.1882563414634146,0.10189931821014986,0.20525931466342173,0.13794154203722622,0.042558272330775936,14.666,61.696,42.2255,1.28065,150,12,1,0,0,0,0,run_006
U000011,1340998,MODEL_A,BATCH_01,707649.0,50546.357142857145,11160.363356416885,32056.0,70250.0,14,0.725,2.0,0.0,5.0,14.0,14.540669444444445,61.21677441860465,41.92493055555556,1.1861123255813955,0.09746471543060183,0.1849518934789249,0.13300550325766708,0.056395243797986445,14.7408,61.6229,42.1345,1.33825,158,12,1,0,0,0,0,run_006
U000012,1431595,MODEL_A,BATCH_01,729343.0,52095.92857142857,12784.975668363993,35491.0,76024.0,14,0.7,2.0,0.0,5.0,14.0,14.52236388888889,61.279819565217394,41.95766944444445,1.1994839130434782,0.09905220312766626,0.2014020132521739,0.18168810295109758,0.047838583381026,14.6979,61.8009,42.3667,1.32069,164,12,1,0,0,0,0,run_006
U000013,1485376,MODEL_A,BATCH_01,676822.0,48344.42857142857,8745.159053963562,38131.0,66342.0,14,0.725,2.0,0.0,5.0,14.0,14.537064705882353,61.35032857142857,41.8860205882353,1.193055,0.09350437968142394,0.17425788190973074,0.13685361739312155,0.05373861191895088,14.7872,61.7835,42.2717,1.30283,152,12,1,0,0,0,0,run_006
U000014,1548281,MODEL_A,BATCH_02,702226.0,50159.0,9671.186594924438,32457.0,63610.0,14,0.75,2.0,0.0,5.0,14.0,14.49638108108108,61.33622666666667,41.920343243243245,1.1860760000000001,0.09797607371711245,0.17609275758169932,0.18322597999395301,0.043173771730699514,14.7366,61.6524,42.2553,1.28435,164,12,1,0,0,0,0,run_006
U000015,1600174,MODEL_B,BATCH_01,712020.0,50858.57142857143,8248.124203667212,36265.0,65426.0,14,0.775,2.0,0.0,5.0,14.0,14.5471,61.399093478260866,41.909002564102565,1.200103043478261,0.08828684112476476,0.19193966112317076,0.14271931689265155,0.04792844415814364,14.7019,61.8561,42.2158,1.30129,170,12,1,0,0,0,0,run_006
U000016,1663528,MODEL_A,BATCH_01,697082.0,49791.57142857143,7875.834858938748,37859.0,62861.0,14,0.8048780487804879,3.0,0.0,5.0,14.0,14.524344444444445,61.43065555555555,41.898244444444444,1.1947506666666665,0.10012236354850838,0.2191268909637396,0.11840804375293318,0.05959074990756076,14.7075,61.8941,42.1577,1.32687,162,12,2,0,0,0,0,run_006
U000017,1711274,MODEL_A,BATCH_01,690200.0,49300.0,9776.483904679715,32583.0,65186.0,14,0.8292682926829268,3.0,0.0,6.0,14.0,14.5237,61.42061904761905,41.90299142857143,1.1934485714285714,0.09180389585479284,0.19656910810828268,0.13794474676356452,0.049526811687793784,14.7524,61.9156,42.2205,1.28965,154,12,2,0,0,0,0,run_006
U000018,1780279,MODEL_A,BATCH_01,718696.0,51335.42857142857,8265.354175614719,35491.0,64472.0,14,0.9,3.0,0.0,6.0,14.0,14.567944736842106,61.40281086956522,41.90522894736842,1.2123752173913045,0.11401558854389153,0.18718130275604247,0.15252717951484457,0.046793436564407646,14.785,61.9189,42.1774,1.34335,168,12,1,0,0,0,0,run_006
U000019,1846879,MODEL_A,BATCH_01,708382.0,50598.71428571428,10671.772294801267,33859.0,69656.0,14,1.05,3.0,0.0,5.0,14.0,14.53900303030303,61.522637499999995,41.84763636363636,1.20816225,0.0973910721166489,0.2329132221891075,0.1669108104239015,0.05037965581907756,14.7281,62.036,42.2827,1.34469,146,12,1,0,0,0,0,run_006
U000020,1906296,MODEL_B,BATCH_01,700665.0,50047.5,11261.36471952462,36668.0,70272.0,14,1.0,3.0,0.0,2.0,14.0,14.547334210526317,61.4888829787234,41.86079210526316,1.225462340425532,0.09835772898996063,0.18869319395014733,0.141688883352641,0.04849402971826919,14.7792,62.0904,42.1753,1.35143,170,12,1,0,0,0,0,run_006
U000021,1964817,MODEL_A,BATCH_02,725348.0,51810.57142857143,11968.566881076998,34438.0,72143.0,14,1.1,3.0,0.0,6.0,14.0,14.542368421052632,61.591426086956524,41.87321315789474,1.2187121739130435,0.10305280489845753,0.20988167082618872,0.14493469950114735,0.05603067952918665,14.826,62.0573,42.0994,1.37322,168,12,1,0,0,0,0,run_006
U000022,2025678,MODEL_A,BATCH_01,682376.0,48741.142857142855,9652.914991036429,36030.0,65217.0,14,1.1,3.0,0.0,5.0,14.0,14.563266666666667,61.551765,41.84037272727273,1.2265295,0.1010302357795264,0.23358176249277446,0.19718037629402801,0.05032720480349901,14.798,62.1732,42.3052,1.32405,146,12,1,0,0,0,0,run_006
U000023,2097295,MODEL_A,BATCH_01,720008.0,51429.142857142855,10062.75085387951,36966.0,69861.0,14,1.225,4.0,0.0,7.0,14.0,14.545024324324324,61.59351777777777,41.85644594594594,1.2288933333333334,0.09959827476586301,0.1795773501218004,0.11524354306953259,0.04812904537896953,14.7228,61.944,42.114,1.37351,164,12,1,0,0,0,0,run_006
U000024,2169609,MODEL_A,BATCH_01,709496.0,50678.28571428572,9338.569841325741,34751.0,62545.0,14,1.25,4.0,0.0,4.0,14.0,14.54763611111111,61.55926444444445,41.838369444444446,1.2296422222222223,0.10261207991481554,0.2144427600629917,0.15726198672360053,0.054560978434012364,14.8178,61.9771,42.1911,1.36148,162,12,1,0,0,0,0,run_006
U000025,2230558,MODEL_B,BATCH_01,700357.0,50025.5,9256.941235551922,34779.0,64581.0,14,1.325,4.0,0.0,5.0,14.0,14.572767567567569,61.57016086956522,41.82793243243243,1.2418908695652175,0.11960438735462223,0.1928118535755191,0.13634285226356208,0.06028867329868803,14.8285,62.0968,42.0499,1.39032,166,12,1,0,0,0,0,run_006
U000026,2292879,MODEL_A,BATCH_01,681589.0,48684.92857142857,8599.150454141794,38012.0,60946.0,14,1.325,4.0,0.0,3.0,14.0,14.581641176470589,61.65395641025641,41.801870588235296,1.2388705128205129,0.10131180827299315,0.24069799355741148,0.16214148989416027,0.052037632635011474,14.8361,62.1439,42.1006,1.37278,146,12,1,0,0,0,0,run_006
U000027,2358380,MODEL_A,BATCH_01,690040.0,49288.57142857143,8057.788498993102,36926.0,65501.0,14,1.325,4.0,0.0,3.0,14.0,14.551639999999999,61.676486046511634,41.83322857142857,1.249673953488372,0.09979402375127767,0.22648209913641262,0.16314978965829616,0.05326753934887081,14.7599,62.2123,42.1938,1.34748,156,12,1,0,0,0,0,run_006
U000028,2416412,MODEL_A,BATCH_02,693220.0,49515.71428571428,11429.548335033067,33024.0,65492.0,14,1.35,4.0,0.0,4.0,14.0,14.560717142857142,61.72242380952381,41.80578857142857,1.2527607142857142,0.10492733475997594,0.18825082620169614,0.1311223312327044,0.05489438575375652,14.7236,62.1347,42.082,1.36163,154,12,1,0,0,0,0,run_006
U000029,2476285,MODEL_A,BATCH_01,713684.0,50977.42857142857,11737.696207677902,38067.0,85860.0,14,1.35,4.0,0.0,5.0,14.0,14.570814705882352,61.69568809523809,41.784202941176474,1.253527380952381,0.09977590688821332,0.1744797831637486,0.1686225253389769,0.056027892838300807,14.7939,62.2733,42.0748,1.36227,152,12,1,0,0,0,0,run_006
U000030,2523058,MODEL_B,BATCH_01,672459.0,48032.78571428572,6650.875988325742,34524.0,57223.0,14,1.3902439024390243,4.0,0.0,5.0,14.0,14.589611428571429,61.7206488372093,41.78670571428571,1.246653488372093,0.12276023923133435,0.19813925042287686,0.18442448150435892,0.05387416210302889,14.8215,62.1492,42.1843,1.32297,156,12,2,0,0,0,0,run_006
U000031,2580412,MODEL_A,BATCH_01,704209.0,50300.642857142855,9618.871832194036,36545.0,67794.0,14,1.425,4.0,0.0,3.0,14.0,14.572413157894738,61.77592608695652,41.739544736842106,1.2637158695652173,0.09149830354667972,0.23742383989143387,0.18125654015767098,0.04856565231501177,14.8362,62.2771,42.0601,1.38818,168,12,1,0,0,0,0,run_006
U000032,2653982,MODEL_A,BATCH_01,724301.0,51735.78571428572,11668.130970089633,31821.0,73570.0,14,1.525,4.0,0.0,4.0,14.0,14.586939393939392,61.82279268292683,41.781609090909086,1.2576175609756097,0.09438525420912544,0.2284084930450763,0.13251612723465975,0.03881062179226764,14.7606,62.2553,42.1016,1.35605,148,12,1,0,0,0,0,run_006
U000033,2715696,MODEL_A,BATCH_01,664472.0,47462.28571428572,11071.356218976633,30575.0,61714.0,14,1.525,4.0,0.0,3.0,14.0,14.556741666666666,61.81645813953489,41.79403055555556,1.255232093023256,0.0974171424486325,0.1903232103461281,0.1381386566760163,0.04829974196707865,14.753,62.3733,42.2899,1.37651,158,12,1,0,0,0,0,run_006
U000034,2768440,MODEL_A,BATCH_01,658386.0,47027.57142857143,8008.486073335784,31915.0,61180.0,14,1.5365853658536586,4.0,0.0,2.0,14.0,14.593263636363636,61.879690243902445,41.74830606060606,1.2707458536585365,0.08618250191520123,0.18158137955869566,0.1582435384529845,0.04227926826327591,14.7169,62.2704,42.0405,1.3948,148,12,2,0,0,0,0,run_006
U000035,2819980,MODEL_B,BATCH_02,681924.0,48708.857142857145,9131.47003800292,29076.0,59962.0,14,1.55,4.0,0.0,2.0,14.0,14.571342105263158,61.815828888888895,41.78989473684211,1.2500984444444445,0.07982799289411008,0.20301508746241906,0.1587298860590122,0.05032526082466642,14.7686,62.3212,42.208,1.37172,166,12,1,0,0,0,0,run_006
U000036,2884690,MODEL_A,BATCH_01,714708.0,51050.57142857143,8415.83906611891,40008.0,62182.0,14,1.6,4.0,0.0,4.0,14.0,14.592208571428571,61.9137,41.725765714285714,1.2782551162790698,0.09726855598390105,0.24239641577579568,0.1442283706749915,0.05954892323891954,14.8123,62.3516,42.0701,1.40383,156,12,1,0,0,0,0,run_006
U000037,2942908,MODEL_A,BATCH_01,732214.0,52301.0,11603.230485184191,34755.0,69820.0,14,1.55,4.0,0.0,4.0,14.0,14.576432432432432,61.909193478260875,41.77632702702702,1.2711084782608695,0.0949662134482402,0.1861594840777049,0.16038274472275585,0.05650664011983767,14.7528,62.3657,42.1348,1.37669,166,12,1,0,0,0,0,run_006
U000038,3013774,MODEL_A,BATCH_01,720802.0,51485.857142857145,13011.545221646236,33168.0,77493.0,14,1.65,4.0,0.0,5.0,14.0,14.606105714285714,61.95500952380952,41.74903428571429,1.2818852380952381,0.09825842560147537,0.20884180126561247,0.15914980723474714,0.0506090746339802,14.8067,62.6213,42.0744,1.38662,154,12,1,0,0,0,0,run_006
U000039,3069994,MODEL_A,BATCH_01,706752.0,50482.28571428572,9863.815211543275,33112.0,65763.0,14,1.625,4.0,0.0,4.0,14.0,14.571382857142858,61.994655813953486,41.72869428571429,1.2842723255813953,0.10491319236765781,0.22790410295552807,0.16810535726994888,0.048835097489857135,14.7615,62.5529,42.0688,1.40747,156,12,1,0,0,0,0,run_006
U000040,3137651,MODEL_B,BATCH_01,675940.0,48281.42857142857,10111.632940592472,33887.0,67657.0,14,1.6,4.0,0.0,4.0,14.0,14.618787878787879,61.98411951219512,41.73389090909091,1.2987358536585367,0.13789235103327802,0.16129058748034847,0.16432311037182984,0.04665070304805761,14.9997,62.2654,42.0079,1.37925,148,12,1,0,0,0,0,run_006
U000041,3189190,MODEL_A,BATCH_01,749694.0,53549.57142857143,11583.31330780676,35524.0,76152.0,14,1.675,4.0,0.0,5.0,14.0,14.588892105263156,62.02631086956522,41.69844736842105,1.2929228260869565,0.09349530811057524,0.1898843767820135,0.17861011402136706,0.0529309373791524,14.7803,62.3961,42.1066,1.39868,168,12,1,0,0,0,0,run_006
U000042,3283641,MODEL_A,BATCH_02,733249.0,52374.92857142857,10944.398950107809,38099.0,70262.0,14,1.7,4.0,0.0,4.0,14.0,14.605297142857143,62.05062790697675,41.66659142857143,1.2871813953488371,0.11710647112705602,0.17581621806872935,0.14001343921089782,0.04900124753423535,14.7801,62.3562,41.9961,1.39538,156,12,1,0,0,0,0,run_006
U000043,3335374,MODEL_A,BATCH_01,718117.0,51294.07142857143,11227.19528962726,32856.0,72151.0,14,1.725,4.0,0.0,5.0,14.0,14.566757894736842,62.10065111111111,41.71436842105263,1.3028113333333333,0.10397884044512581,0.18429822869742998,0.1319704944608845,0.05749085775542529,14.8198,62.4934,41.9846,1.41963,166,12,1,0,0,0,0,run_006
U000044,3390274,MODEL_A,BATCH_01,728638.0,52045.57142857143,9258.400399423432,37880.0,68695.0,14,1.775,4.0,0.0,5.0,14.0,14.59884864864865,62.12698695652173,41.73334594594595,1.3095982608695653,0.11429533290175597,0.19678541681367306,0.1419101996854829,0.045530741131891615,14.7779,62.4192,42.0322,1.44151,166,12,1,0,0,0,0,run_006
U000045,3445927,MODEL_B,BATCH_01,699796.0,49985.42857142857,9573.13837869183,33866.0,61527.0,14,1.775,4.0,0.0,3.0,14.0,14.581499999999998,62.14606046511628,41.71226111111111,1.3118518604651164,0.08423199934873736,0.19122361397755047,0.13323150266204706,0.055428469616933346,14.7363,62.5286,42.0105,1.43796,158,12,1,0,0,0,0,run_006
U000046,3535163,MODEL_A,BATCH_01,730436.0,52174.0,13646.034791779683,35624.0,89236.0,14,1.85,4.0,0.0,4.0,14.0,14.609051428571428,62.137658139534885,41.721894285714285,1.3246334883720932,0.1169118883187337,0.1552519430636142,0.14098641975247744,0.044038982887119514,14.8747,62.4428,41.986,1.42044,156,12,1,0,0,0,0,run_006
U000047,3607916,MODEL_A,BATCH_01,680734.0,48623.857142857145,10604.583616075157,33162.0,72753.0,14,1.85,4.0,0.0,2.0,14.0,14.642267647058825,62.225987804878045,41.71705882352941,1.3156446341463415,0.10100261538944495,0.1794937188248133,0.15919917983199572,0.049251203746586765,14.9219,62.5493,42.1693,1.44069,150,12,1,0,0,0,0,run_006
U000048,3672826,MODEL_A,BATCH_01,702000.0,50142.857142857145,10466.82296119978,36922.0,64910.0,14,1.775,4.0,0.0,2.0,14.0,14.603083333333334,62.1813,41.680363888888884,1.3142239534883722,0.1291078652024841,0.1918730867750114,0.14128052368609081,0.03641242233997145,14.9245,62.5875,41.9692,1.39252,158,12,1,0,0,0,0,run_006
U000049,3734411,MODEL_A,BATCH_02,704838.0,50345.57142857143,11077.522610530443,35415.0,74280.0,14,1.8,4.0,0.0,4.0,14.0,14.622237837837837,62.27463636363636,41.704321621621624,1.3314372727272727,0.10447638582567438,0.19004222430561932,0.15561021841471412,0.05771425032055274,14.8568,62.6316,42.01,1.46547,162,12,1,0,0,0,0,run_006
U000050,3798171,MODEL_B,BATCH_01,674945.0,48210.357142857145,10667.858090884636,32342.0,63760.0,14,1.85,4.0,0.0,4.0,14.0,14.605969696969698,62.2914775,41.6738303030303,1.3202075,0.10844624095850582,0.19185001418375558,0.15673872265024413,0.05141165665239344,14.8211,62.7705,42.0206,1.44251,146,12,1,0,0,0,0,run_006
U000051,3860779,MODEL_A,BATCH_01,704765.0,50340.357142857145,9098.350185248235,37250.0,63174.0,14,1.875,4.0,0.0,4.0,14.0,14.592500000000001,62.27232195121951,41.63919714285714,1.3282173170731708,0.07847382478553298,0.20703738371631625,0.15972881887696924,0.04887838586862243,14.7694,62.7397,41.9865,1.44791,152,12,1,0,0,0,0,run_006
U000052,3907756,MODEL_A,BATCH_01,676370.0,48312.142857142855,8949.138616538577,31588.0,62926.0,14,1.875,4.0,0.0,4.0,14.0,14.633262857142858,62.31664523809524,41.63493714285714,1.3353633333333332,0.07518728414751359,0.21854276491964125,0.16085245538493323,0.05085836126507724,14.8013,62.8165,41.9635,1.43242,154,12,1,0,0,0,0,run_006
U000053,3963866,MODEL_A,BATCH_01,713687.0,50977.642857142855,9696.73775124828,33657.0,64849.0,14,1.8,4.0,0.0,4.0,14.0,14.612805405405407,62.35304545454546,41.620597297297294,1.3465879545454547,0.09587326398818245,0.20881008112363245,0.18650522108641546,0.04526637900044404,14.8082,62.919,42.1412,1.44574,162,12,1,0,0,0,0,run_006
U000054,4017611,MODEL_A,BATCH_01,702058.0,50147.0,10126.459682056096,30685.0,70632.0,14,1.829268292682927,4.0,0.0,5.0,14.0,14.584910810810811,62.371641304347825,41.64746756756757,1.3381273913043479,0.11615335357425753,0.19371900334257006,0.15871840727467018,0.051480222024678064,14.8033,62.7986,42.0509,1.46938,166,12,2,0,0,0,0,run_006
U000055,4066935,MODEL_B,BATCH_01,686386.0,49027.57142857143,7539.244286901865,37285.0,59981.0,14,1.8,4.0,0.0,3.0,14.0,14.623294285714286,62.388099999999994,41.62874,1.3599816279069767,0.09803564460667052,0.21844118746461832,0.13540675802059085,0.050820269902875435,14.8137,62.9564,41.8185,1.48609,156,12,1,0,0,0,0,run_006
U000056,4117412,MODEL_A,BATCH_02,693655.0,49546.78571428572,9402.870168841422,31382.0,65258.0,14,1.829268292682927,4.0,0.0,5.0,14.0,14.651772222222222,62.431128888888885,41.61951111111111,1.3423104444444445,0.07047385173082123,0.15572194570367157,0.1793006569628287,0.04451190509574407,14.8112,62.7191,41.9186,1.47609,162,12,2,0,0,0,0,run_006
U000057,4183377,MODEL_A,BATCH_01,721951.0,51567.92857142857,9735.04695152271,37496.0,66857.0,14,1.85,4.0,0.0,4.0,14.0,14.65829142857143,62.45186428571428,41.60268,1.3511952380952381,0.10711905518250828,0.159131059379473,0.1556400387016736,0.04511364745315204,14.956,62.7594,41.9428,1.42957,154,12,1,0,0,0,0,run_006
U000058,4235432,MODEL_A,BATCH_01,678654.0,48475.28571428572,7086.737661386845,40741.0,64500.0,14,1.8,4.0,0.0,4.0,14.0,14.654788571428572,62.50127441860465,41.60630571428572,1.3511293023255815,0.10644596743509492,0.17142954834069932,0.1803870364177067,0.059233448819273254,14.8916,62.8074,41.9911,1.46553,156,12,1,0,0,0,0,run_006
U000059,4299812,MODEL_A,BATCH_01,701402.0,50100.142857142855,9402.903380234318,36607.0,67913.0,14,1.825,4.0,0.0,5.0,14.0,14.628248571428571,62.58251627906977,41.64857142857143,1.3604897674418606,0.09904736054157201,0.14375951302722523,0.1940955534409431,0.051483041798263754,14.8068,62.9693,42.0862,1.51239,156,12,1,0,0,0,0,run_006
U000060,4350973,MODEL_B,BATCH_01,692076.0,49434.0,11102.545203690912,33430.0,69386.0,14,1.7317073170731707,4.0,0.0,4.0,14.0,14.660343243243242,62.56507272727272,41.59782702702703,1.3737436363636364,0.09197646299322841,0.18233933911182598,0.14560120887900307,0.04604074045688427,14.8616,62.9523,41.8321,1.48036,162,12,2,0,0,0,0,run_006
U000061,4407738,MODEL_A,BATCH_01,700607.0,50043.357142857145,11438.071963720666,32959.0,67844.0,14,1.7560975609756098,4.0,0.0,6.0,14.0,14.65177142857143,62.54974883720931,41.54177428571428,1.3636027906976744,0.11562586615619252,0.19196685647973327,0.12297555314886345,0.043859413515587975,14.9369,62.927,41.7876,1.43082,156,12,2,0,0,0,0,run_006
U000062,4479906,MODEL_A,BATCH_01,720793.0,51485.21428571428,8801.730050031436,39317.0,67703.0,14,1.85,4.0,0.0,6.0,14.0,14.664238888888889,62.553242222222224,41.56172222222222,1.3624982222222224,0.07024063649962892,0.16612232416463063,0.15313649581078378,0.05531856536498762,14.8114,63.0007,41.8123,1.50787,162,12,1,0,0,0,0,run_006
U000063,4541496,MODEL_A,BATCH_02,724611.0,51757.92857142857,11970.869407821674,34355.0,79467.0,14,1.85,4.0,0.0,5.0,14.0,14.668235294117647,62.635031707317076,41.63562352941177,1.3632126829268292,0.10021895992624702,0.2120082503571775,0.1641313499476882,0.047353206386916966,14.8569,63.0941,41.903,1.44344,150,12,1,0,0,0,0,run_006
U000064,4596326,MODEL_A,BATCH_01,689446.0,49246.142857142855,11376.196957190537,34517.0,68070.0,14,1.85,4.0,0.0,4.0,14.0,14.652297297297297,62.682655813953495,41.528416216216215,1.367050465116279,0.08427473420798093,0.18094234322716155,0.12106944406118852,0.056642239579137554,14.7921,63.0613,41.8058,1.4653,160,12,1,0,0,0,0,run_006
U000065,4640403,MODEL_B,BATCH_01,678093.0,48435.21428571428,7994.255910710769,33396.0,57362.0,14,1.7804878048780488,4.0,0.0,5.0,14.0,14.616829729729728,62.602466666666665,41.517518918918924,1.3912175555555555,0.1169869742627234,0.1870592006436856,0.15904690928890908,0.04311160991888358,14.8158,63.049,41.8314,1.47066,164,12,2,0,0,0,0,run_006
U000066,4739558,MODEL_A,BATCH_01,743396.0,53099.71428571428,15486.179418727235,33739.0,93046.0,14,1.875,4.0,0.0,6.0,14.0,14.675917647058824,62.673697619047616,41.57306176470588,1.3651533333333332,0.07861873271485548,0.1891673533016954,0.1316604632555657,0.045067682686868026,14.8452,63.1341,41.8076,1.46417,152,12,1,0,0,0,0,run_006
U000067,4795185,MODEL_A,BATCH_01,684114.0,48865.28571428572,7577.994208217648,32389.0,60070.0,14,1.875,4.0,0.0,3.0,14.0,14.63089117647059,62.76989268292683,41.55235588235294,1.3865314634146342,0.09755996250215794,0.1987132926986073,0.14219429769749004,0.046540080874498665,14.8033,63.3058,41.9309,1.46621,150,12,1,0,0,0,0,run_006
U000068,4847204,MODEL_A,BATCH_01,652681.0,46620.07142857143,7600.064660294628,36605.0,60187.0,14,1.9,4.0,0.0,4.0,14.0,14.639591176470589,62.7484731707317,41.523385294117645,1.3877241463414633,0.10765663252139522,0.19863370185392906,0.15108871993744302,0.04817611269994756,14.9302,63.185,41.8109,1.50235,150,12,1,0,0,0,0,run_006
U000069,4905909,MODEL_A,BATCH_01,690957.0,49354.07142857143,9095.274990254646,39244.0,64326.0,14,1.825,4.0,0.0,2.0,14.0,14.662369444444444,62.77995652173913,41.506930555555556,1.3914191304347825,0.09663840945783243,0.1490357744557772,0.15020411982070095,0.05501845742116759,14.8659,63.1174,41.8317,1.48711,164,12,1,0,0,0,0,run_006
U000070,4960512,MODEL_B,BATCH_02,685730.0,48980.71428571428,10297.44004355206,31638.0,67366.0,14,1.85,4.0,0.0,4.0,14.0,14.647122857142858,62.78188139534883,41.505982857142854,1.3975195348837208,0.08820973697658889,0.2085733252997083,0.10925431337753454,0.050508466426242786,14.8358,63.2476,41.6904,1.52142,156,12,1,0,0,0,0,run_006
U000071,5019092,MODEL_A,BATCH_01,683117.0,48794.07142857143,9553.843684525702,32265.0,66775.0,14,1.825,4.0,0.0,4.0,14.0,14.652563636363636,62.83094523809524,41.498627272727276,1.3904114285714286,0.08730081549655586,0.18150235394882916,0.1509703329149616,0.0414002614915407,14.7662,63.1605,41.8672,1.49461,150,12,1,0,0,0,0,run_006
U000072,5085926,MODEL_A,BATCH_01,744832.0,53202.28571428572,11911.024120720922,36473.0,81242.0,14,1.9,4.0,0.0,5.0,14.0,14.671354054054055,62.87438181818182,41.5093,1.3976154545454547,0.08955069202100803,0.14580621461334656,0.17903116271259106,0.058250610954158843,14.8215,63.1458,41.8825,1.54092,162,12,1,0,0,0,0,run_006
U000073,5137084,MODEL_A,BATCH_01,702531.0,50180.78571428572,10344.936733855482,34445.0,69912.0,14,1.85,4.0,0.0,2.0,14.0,14.697661538461539,62.867081250000005,41.447825641025645,1.418036875,0.1064394975546019,0.2048306063568917,0.15899052887705106,0.053374310744715055,14.9404,63.2164,41.7742,1.52064,174,12,1,0,0,0,0,run_006
U000074,5211349,MODEL_A,BATCH_01,727836.0,51988.28571428572,11481.038377245337,34232.0,75303.0,14,1.925,4.0,0.0,5.0,14.0,14.679348648648649,62.89068181818182,41.526602702702704,1.4141993181818182,0.08342077619454803,0.20592036084508614,0.1354832041383857,0.04274564329208941,14.8482,63.388,41.7972,1.52982,162,12,1,0,0,0,0,run_006
U000075,5284170,MODEL_B,BATCH_01,692400.0,49457.142857142855,9359.655301486127,37396.0,72821.0,14,1.9,4.0,0.0,2.0,14.0,14.6618,62.959557142857136,41.46718857142857,1.411722142857143,0.12426205232112832,0.21973227073280235,0.15959521548819272,0.03410650589076303,14.8882,63.3933,41.8385,1.48906,154,12,1,0,0,0,0,run_006
U000076,5346313,MODEL_A,BATCH_01,701293.0,50092.357142857145,10672.048571328336,34307.0,68820.0,14,1.85,4.0,0.0,4.0,14.0,14.672681578947369,62.95014,41.483152631578946,1.4165837777777779,0.1040073226508935,0.17302985344101116,0.14219272748507364,0.04855460891375469,14.8911,63.3565,41.7798,1.53605,166,12,1,0,0,0,0,run_006
U000077,5404443,MODEL_A,BATCH_02,711615.0,50829.642857142855,9030.866153255842,40230.0,72214.0,14,1.875,4.0,0.0,5.0,14.0,14.678851428571429,62.978076190476195,41.45785428571428,1.4089090476190476,0.08740450712375315,0.19135024305404305,0.1568171234326167,0.054121280193677554,14.8505,63.2961,41.8532,1.509,154,12,1,0,0,0,0,run_006
U000078,5461416,MODEL_A,BATCH_01,707550.0,50539.28571428572,11842.839949350584,36211.0,72439.0,14,1.825,4.0,0.0,4.0,14.0,14.67988888888889,62.97447441860465,41.51103888888889,1.4284867441860465,0.0986769991372368,0.22442553977085664,0.12650502254914162,0.05519112341158676,14.923,63.3842,41.7812,1.52188,158,12,1,0,0,0,0,run_006
U000079,5527055,MODEL_A,BATCH_01,731049.0,52217.78571428572,13444.641804757826,36761.0,85232.0,14,1.85,4.0,0.0,5.0,14.0,14.664843243243244,63.01206,41.458935135135135,1.434083777777778,0.10208743404155649,0.177091563887159,0.14576588576705246,0.05423053409829057,14.9493,63.3646,41.7273,1.55207,164,12,1,0,0,0,0,run_006
U000080,5575646,MODEL_B,BATCH_01,691887.0,49420.5,7697.429768335763,36280.0,63191.0,14,1.825,4.0,0.0,4.0,14.0,14.697665714285716,63.02123720930233,41.49780857142857,1.4253020930232558,0.08339737244717282,0.19908057596199452,0.15802456132890672,0.062175524987085666,14.8831,63.5324,41.7434,1.52807,156,12,1,0,0,0,0,run_006
U000081,5656212,MODEL_A,BATCH_01,743672.0,53119.42857142857,11655.404106212743,39674.0,78887.0,14,1.875,4.0,0.0,6.0,14.0,14.695107317073171,63.07581836734693,41.43331219512195,1.4387104081632653,0.09976478684947904,0.21306121447590065,0.16126440120981797,0.05094340924656755,14.883,63.5585,41.693,1.57678,180,12,1,0,0,0,0,run_006
U000082,5710045,MODEL_A,BATCH_01,686143.0,49010.21428571428,8696.072421842753,37212.0,69952.0,14,1.825,4.0,0.0,3.0,14.0,14.691513513513513,63.090236363636365,41.40707567567567,1.4452918181818182,0.09380799587503205,0.21206315984445068,0.17207421590924415,0.05197471774804965,14.8716,63.4806,41.7749,1.60009,162,12,1,0,0,0,0,run_006
U000083,5791019,MODEL_A,BATCH_01,722182.0,51584.42857142857,14366.707832904656,34931.0,80974.0,14,1.825,4.0,0.0,5.0,14.0,14.71218611111111,63.10656136363637,41.434805555555556,1.4508327272727273,0.10059952897582926,0.2296397089232968,0.13060374298824343,0.05299339688413306,14.9124,63.5591,41.7063,1.58397,160,12,1,0,0,0,0,run_006
U000084,5895457,MODEL_A,BATCH_02,770307.0,55021.92857142857,17810.19198041169,35273.0,104438.0,14,1.9,4.0,0.0,5.0,14.0,14.688672972972974,63.15562391304348,41.40345675675675,1.4498032608695652,0.10571970973771608,0.1963052319275397,0.17289303298819314,0.041376364324164486,14.8898,63.5939,41.7597,1.53347,166,12,1,0,0,0,0,run_006
U000085,5952214,MODEL_B,BATCH_01,682507.0,48750.5,9918.895539865778,32137.0,67857.0,14,1.85,4.0,0.0,2.0,14.0,14.71115,63.23417380952382,41.37915,1.4515404761904762,0.11041814162536896,0.1750897721790697,0.1727802278701383,0.05966184117550044,15.0156,63.5983,41.7154,1.55732,156,12,1,0,0,0,0,run_006
U000086,6015677,MODEL_A,BATCH_01,721804.0,51557.42857142857,12222.106986392042,36756.0,71602.0,14,1.8,4.0,0.0,3.0,14.0,14.702318421052631,63.1991914893617,41.44617894736842,1.4436446808510637,0.08630083102309814,0.19181103113513864,0.1509514010890723,0.04915946027099016,14.863,63.6709,41.782,1.5376,170,12,1,0,0,0,0,run_006
U000087,6071139,MODEL_A,BATCH_01,731153.0,52225.21428571428,9965.652946137407,39208.0,74249.0,14,1.85,4.0,0.0,4.0,14.0,14.681656756756757,63.254554545454546,41.411543243243244,1.4553952272727273,0.09654303456242962,0.15549318156672348,0.14959490027801403,0.04000644921780626,14.8878,63.5797,41.7731,1.52098,162,12,1,0,0,0,0,run_006
U000088,6129038,MODEL_A,BATCH_01,690538.0,49324.142857142855,10764.866513568342,34312.0,67682.0,14,1.8,4.0,0.0,3.0,14.0,14.734408108108108,63.314886666666666,41.36591351351351,1.473597111111111,0.08389662414867223,0.20073751812209323,0.14516305613987385,0.04711522899051091,14.8927,63.7991,41.7777,1.56476,164,12,1,0,0,0,0,run_006
U000089,6195918,MODEL_A,BATCH_01,706996.0,50499.71428571428,9936.016872806897,37010.0,67687.0,14,1.85,4.0,0.0,4.0,14.0,14.706266666666668,63.26512619047619,41.39572777777778,1.4690992857142857,0.09246183768761787,0.21004411506380896,0.17752383439352284,0.04577210383761332,14.9025,63.7546,41.7316,1.59566,156,12,1,0,0,0,0,run_006
U000090,6262629,MODEL_B,BATCH_01,705858.0,50418.42857142857,9826.993575111097,35092.0,66711.0,14,1.825,4.0,0.0,3.0,14.0,14.730986486486488,63.29796888888888,41.36466216216216,1.4810364444444446,0.09681240210428248,0.17928981847863326,0.1594372975870507,0.04286518491713059,14.9074,63.6802,41.6651,1.59281,164,12,1,0,0,0,0,run_006
U000091,6321095,MODEL_A,BATCH_02,707577.0,50541.21428571428,8538.303282886443,37356.0,65089.0,14,1.875,4.0,0.0,2.0,14.0,14.74437027027027,63.338309302325584,41.370851351351355,1.4633767441860466,0.11132889678002865,0.19296628722822176,0.1317736498310256,0.05036790052635713,15.0653,63.7791,41.6912,1.5693,160,12,1,0,0,0,0,run_006
U000092,6370557,MODEL_A,BATCH_01,704015.0,50286.78571428572,10600.224592530478,36199.0,67402.0,14,1.875,4.0,0.0,3.0,14.0,14.719219444444443,63.327630232558136,41.345774999999996,1.4674751162790698,0.1119098612262683,0.24517655497997665,0.12064436373076123,0.05237250070736841,14.956,63.838,41.6011,1.55828,158,12,1,0,0,0,0,run_006
U000093,6426905,MODEL_A,BATCH_01,710715.0,50765.357142857145,7520.355204450047,38432.0,62385.0,14,1.875,4.0,0.0,3.0,14.0,14.730288571428572,63.36299047619048,41.37540857142857,1.4697857142857143,0.09502831086337539,0.2318917596633568,0.1463330797136715,0.044208511273164865,14.9049,63.897,41.6618,1.54238,154,12,1,0,0,0,0,run_006
U000094,6498279,MODEL_A,BATCH_01,715049.0,51074.92857142857,11864.09140392383,35798.0,71374.0,14,1.85,4.0,0.0,3.0,14.0,14.73818205128205,63.45708085106382,41.34194871794872,1.4710629787234042,0.10062574189800358,0.23083275767674621,0.12914398710821864,0.05814545815433733,15.0403,63.8772,41.6003,1.60849,172,12,1,0,0,0,0,run_006
U000095,6561636,MODEL_B,BATCH_01,712094.0,50863.857142857145,9232.815878969157,35884.0,65824.0,14,1.825,4.0,0.0,4.0,14.0,14.72778611111111,63.44105813953488,41.3223,1.4866423255813954,0.07776270554074036,0.1935568542445026,0.18893166413887771,0.04218425348494326,14.9098,63.8121,41.7591,1.59002,158,12,1,0,0,0,0,run_006
U000096,6614459,MODEL_A,BATCH_01,711838.0,50845.57142857143,9478.221690675018,40023.0,68790.0,14,1.825,4.0,0.0,4.0,14.0,14.746347222222223,63.4727,41.32228055555556,1.4709881818181818,0.11087267210920326,0.16913651153693396,0.1423024140332222,0.05691344784367352,14.9149,63.9477,41.7752,1.57817,160,12,1,0,0,0,0,run_006
U000097,6694712,MODEL_A,BATCH_01,716013.0,51143.78571428572,12464.625121201518,36621.0,80253.0,14,1.825,4.0,0.0,4.0,14.0,14.744661111111112,63.47839069767442,41.30953611111111,1.4842476744186046,0.09110963655407625,0.17310712182256457,0.1395918809607448,0.05031274352616412,14.9184,63.7805,41.5104,1.60392,158,12,1,0,0,0,0,run_006
U000098,6763680,MODEL_A,BATCH_02,726031.0,51859.357142857145,11422.6450904612,35798.0,68968.0,14,1.85,4.0,0.0,4.0,14.0,14.741269444444445,63.52031363636363,41.328047222222224,1.497599090909091,0.08135978585252218,0.17256916724648072,0.11349801631019443,0.04280525966476886,14.8439,63.8568,41.5979,1.58768,160,12,1,0,0,0,0,run_006
U000099,6813918,MODEL_A,BATCH_01,677977.0,48426.92857142857,9900.419606214722,31121.0,61224.0,14,1.9,4.0,0.0,4.0,14.0,14.72159117647059,63.50024047619048,41.31298235294118,1.5074164285714287,0.09105829424104732,0.20135087450314826,0.17952932818663309,0.054466146559859915,14.939,63.8163,41.7423,1.63656,152,12,1,0,0,0,0,run_006
U000100,6875930,MODEL_B,BATCH_01,716417.0,51172.642857142855,12531.304294612582,34729.0,82265.0,14,1.9,4.0,0.0,4.0,14.0,14.726863636363635,63.541017073170735,41.29833939393939,1.5012678048780488,0.09302437119574425,0.18055297547041274,0.1351304090947758,0.04264780208358897,14.9444,63.8477,41.6054,1.61575,148,12,1,0,0,0,0,run_006
U000101,6942073,MODEL_A,BATCH_01,738109.0,52722.07142857143,10177.007180323284,37951.0,66698.0,14,1.9,4.0,0.0,4.0,14.0,14.757623684210527,63.643904444444445,41.29722894736842,1.5128755555555558,0.0990125638607338,0.21912352261137175,0.17733973794081312,0.04974774437808283,15.0112,64.085,41.6479,1.60894,166,12,1,0,0,0,0,run_006
U000102,7002389,MODEL_A,BATCH_01,711200.0,50800.0,10269.980136300168,36742.0,63161.0,14,1.825,4.0,0.0,2.0,14.0,14.720045714285714,63.621542222222224,41.30817714285714,1.510045111111111,0.10568195166424124,0.17818324261696145,0.14467375485739697,0.04396760618611586,14.9548,63.9777,41.5586,1.59493,160,12,1,0,0,0,0,run_006
U000103,7069290,MODEL_A,BATCH_01,761803.0,54414.5,12815.275715092755,32767.0,77881.0,14,1.9,4.0,0.0,5.0,14.0,14.771043243243243,63.63563043478261,41.28746756756757,1.5118160869565216,0.09699258144753041,0.2090877730306543,0.19058950515302403,0.05302311598531599,14.9551,64.0607,41.6416,1.6096,166,12,1,0,0,0,0,run_006
U000104,7134496,MODEL_A,BATCH_01,705435.0,50388.21428571428,12183.632975800405,36511.0,71219.0,14,1.85,4.0,0.0,3.0,14.0,14.762411111111113,63.69937380952381,41.262727777777776,1.5332726190476191,0.09601114154923533,0.21166122386392008,0.15088601300529805,0.05534643655480224,14.9537,64.113,41.6031,1.64714,156,12,1,0,0,0,0,run_006
U000105,7193332,MODEL_B,BATCH_02,730395.0,52171.07142857143,10442.351072319989,35109.0,66342.0,14,1.9,4.0,0.0,5.0,14.0,14.755119444444444,63.720395454545454,41.29863611111111,1.5304606818181818,0.1025419379555633,0.202399951689654,0.13794454611033885,0.04906055462848481,15.0264,64.14,41.6096,1.62082,160,12,1,0,0,0,0,run_006
U000106,7260175,MODEL_A,BATCH_01,718953.0,51353.78571428572,10372.868909423658,37513.0,68235.0,14,1.875,4.0,0.0,4.0,14.0,14.75301111111111,63.79221162790697,41.25980833333333,1.5218853488372093,0.12471998070598589,0.22190686936437262,0.14327310658818204,0.045935638376860516,15.0393,64.3647,41.6061,1.61875,158,12,1,0,0,0,0,run_006
U000107,7325082,MODEL_A,BATCH_01,697591.0,49827.92857142857,9002.580651075607,34438.0,64907.0,14,1.85,4.0,0.0,5.0,14.0,14.772791176470589,63.78072926829268,41.27825,1.5478865853658537,0.08727194477051912,0.2267075299189529,0.14884831663017434,0.05012291874032063,14.9562,64.2239,41.7544,1.66169,150,12,1,0,0,0,0,run_006
U000108,7379381,MODEL_A,BATCH_01,718219.0,51301.357142857145,9501.357195419245,35650.0,64449.0,14,1.9,4.0,0.0,5.0,14.0,14.741731428571429,63.73540952380953,41.23531142857143,1.531205,0.10663590547341203,0.20491573379285735,0.11211529719688708,0.05299993171877795,14.9397,64.2136,41.453,1.66353,154,12,1,0,0,0,0,run_006
U000109,7433832,MODEL_A,BATCH_01,724050.0,51717.857142857145,10423.522510000326,33323.0,65895.0,14,1.875,4.0,0.0,3.0,14.0,14.77492162162162,63.810981818181816,41.24041081081081,1.5429079545454547,0.09380159064967082,0.2188026819196306,0.17031677640304277,0.04239172355485648,15.0285,64.2997,41.5228,1.61942,162,12,1,0,0,0,0,run_006
U000110,7482768,MODEL_B,BATCH_01,686429.0,49030.642857142855,10724.585827449453,31665.0,69854.0,14,1.875,4.0,0.0,4.0,14.0,14.73715,63.82684666666666,41.19257368421053,1.5495175555555556,0.11907036018957719,0.231877658377311,0.13011621974263624,0.049016722710239706,14.989,64.2112,41.5094,1.64876,166,12,1,0,0,0,0,run_006
U000111,7538508,MODEL_A,BATCH_01,731218.0,52229.857142857145,9865.187337744335,40439.0,72810.0,14,1.825,4.0,0.0,4.0,14.0,14.754719444444444,63.850913636363636,41.22851388888889,1.5414025,0.10545424415883473,0.17704821783240743,0.14969228275322913,0.04519155987905618,15.0531,64.1989,41.6116,1.62513,160,12,1,0,0,0,0,run_006
U000112,7589002,MODEL_A,BATCH_02,697328.0,49809.142857142855,8019.3387590167395,39214.0,65856.0,14,1.925,4.0,0.0,5.0,14.0,14.732545714285713,63.88785238095238,41.23815428571428,1.5396571428571428,0.0912017167758212,0.1716857072308691,0.16106193427458068,0.04589221302168676,14.9315,64.3425,41.5495,1.62765,154,12,1,0,0,0,0,run_006
U000113,7648501,MODEL_A,BATCH_01,693920.0,49565.71428571428,11401.5155229373,35281.0,67887.0,14,1.775,4.0,0.0,1.0,14.0,14.754194594594596,63.923093333333334,41.248824324324325,1.5517159999999999,0.10289470871274718,0.17506925305043156,0.1338923269841297,0.054956238143718396,14.9909,64.2027,41.6688,1.72473,164,12,1,0,0,0,0,run_006
U000114,7708135,MODEL_A,BATCH_01,719641.0,51402.92857142857,8575.206796916918,35293.0,62114.0,14,1.825,4.0,0.0,5.0,14.0,14.750485294117647,63.897190697674425,41.22010588235294,1.5697841860465116,0.08882364595204313,0.24032831592472798,0.1685854408703207,0.049725430507967,14.9053,64.3699,41.6284,1.73509,154,12,1,0,0,0,0,run_006
U000115,7762409,MODEL_B,BATCH_01,679801.0,48557.21428571428,8450.860658751059,35430.0,64269.0,14,1.829268292682927,4.0,0.0,4.0,14.0,14.76389142857143,63.92731395348837,41.205554285714285,1.5594467441860465,0.09986371410556458,0.19857548232754416,0.1740080024239206,0.04430212892449441,14.9652,64.2797,41.4574,1.6435,156,12,2,0,0,0,0,run_006
U000116,7829177,MODEL_A,BATCH_01,731681.0,52262.92857142857,10060.921768936449,41168.0,70658.0,14,1.8,4.0,0.0,3.0,14.0,14.782464705882353,63.96114772727273,41.20137647058824,1.5595543181818181,0.10720814612409582,0.20681937348935417,0.1308512249310397,0.04307188574214951,14.9499,64.4808,41.4126,1.65335,156,12,1,0,0,0,0,run_006
U000117,7884267,MODEL_A,BATCH_01,740927.0,52923.357142857145,9970.597888153585,36196.0,70603.0,14,1.825,4.0,0.0,4.0,14.0,14.779831578947368,64.08681489361702,40.52343684210526,1.6611929787234043,0.10574642823247526,0.16027505837957415,0.814532808033373,0.09769232656250552,14.9713,64.5641,41.4295,1.87017,170,12,1,1,1,0,1,run_006
U000118,7943316,MODEL_A,BATCH_01,734214.0,52443.857142857145,9426.34546084816,38231.0,66348.0,14,1.7804878048780488,4.0,0.0,5.0,14.0,14.7875375,64.037834,41.1814325,1.5571418,0.09587061175729428,0.19722583823979187,0.14102169752586652,0.05499915983365711,15.0106,64.5006,41.4527,1.65286,180,12,2,0,0,0,0,run_006
U000119,7990549,MODEL_A,BATCH_02,711970.0,50855.0,12256.370023536583,35257.0,73528.0,14,1.8048780487804879,4.0,0.0,5.0,14.0,14.761286842105264,64.04045777777777,41.13263684210526,1.571390888888889,0.0881868598750578,0.2138469827713354,0.16653099284801923,0.04182339959564946,14.9631,64.4815,41.4529,1.65886,166,12,2,0,0,0,0,run_006
U000120,8051628,MODEL_B,BATCH_01,713872.0,50990.857142857145,12252.458050763293,32246.0,66301.0,14,1.85,4.0,0.0,5.0,14.0,14.796048571428573,64.04608333333333,41.190894285714286,1.5866619047619046,0.12784838532516596,0.22338519604711474,0.15236293154032868,0.05485623326469572,15.0333,64.5473,41.4696,1.70484,154,12,1,0,0,0,0,run_006
U000121,8106367,MODEL_A,BATCH_01,697908.0,49850.57142857143,7930.568160015988,37833.0,64933.0,14,1.825,4.0,0.0,4.0,14.0,14.765397142857143,64.07847906976744,41.159971428571424,1.5732432558139535,0.09583586914681808,0.1961821378672442,0.16356507352522154,0.05033227071036608,14.9946,64.5708,41.5779,1.70799,156,12,1,0,0,0,0,run_006
U000122,8171487,MODEL_A,BATCH_01,710209.0,50729.21428571428,11003.03345710817,31938.0,65120.0,14,1.8,4.0,0.0,5.0,14.0,14.774772222222222,64.11940930232558,41.10053888888889,1.5954690697674418,0.09025998515751558,0.2307223344752151,0.18177869320024204,0.045020424931566626,15.0006,64.6336,41.5628,1.68386,158,12,1,0,0,0,0,run_006
U000123,8248028,MODEL_A,BATCH_01,722142.0,51581.57142857143,10715.828843453864,35348.0,67765.0,14,1.8,4.0,0.0,6.0,14.0,14.772697297297297,64.12017441860465,41.12551081081081,1.5857206976744187,0.10190710499296884,0.2198815320565488,0.1504786581098696,0.04218652709751397,14.9552,64.461,41.4194,1.66104,160,12,1,0,0,0,0,run_006
U000124,8294246,MODEL_A,BATCH_01,720927.0,51494.78571428572,12902.770210477891,33101.0,75684.0,14,1.825,4.0,0.0,6.0,14.0,14.776507894736842,64.20934318181818,41.14132894736842,1.5892018181818182,0.12939844057203764,0.20800243334637358,0.1446510263001007,0.0519180647538035,15.0596,64.6195,41.5483,1.71693,164,12,1,0,0,0,0,run_006
U000125,8384091,MODEL_B,BATCH_01,734736.0,52481.142857142855,11011.3397344398,36975.0,69535.0,14,1.825,4.0,0.0,6.0,14.0,14.785116666666665,64.21343181818182,41.130072222222225,1.602721590909091,0.08107389750803161,0.20592935656261205,0.1479648097374331,0.037310540311557824,14.9922,64.7778,41.4668,1.68836,160,12,1,0,0,0,0,run_006
U000126,8443830,MODEL_A,BATCH_02,736308.0,52593.42857142857,10703.893674836172,36421.0,69387.0,14,1.85,4.0,0.0,5.0,14.0,14.815994736842105,64.23298888888888,41.125978947368424,1.6062075555555557,0.09531099011349861,0.17446374880319465,0.1576740071089104,0.049489602496408526,14.9952,64.568,41.5683,1.72289,166,12,1,0,0,0,0,run_006
U000127,8501622,MODEL_A,BATCH_01,714936.0,51066.857142857145,8603.76900288153,39061.0,68506.0,14,1.925,4.0,0.0,4.0,14.0,14.818697142857143,64.30969761904763,41.06224,1.6032438095238095,0.09292666142373437,0.19367584621947073,0.12358194042820356,0.04963529286030943,14.9961,64.8476,41.3738,1.71374,154,12,1,0,0,0,0,run_006
U000128,8591065,MODEL_A,BATCH_01,715869.0,51133.5,14900.274358599525,33730.0,89443.0,14,1.775,4.0,0.0,1.0,14.0,14.820036111111111,64.30180227272727,41.13966666666667,1.5990481818181819,0.11621021138505296,0.18360995500274374,0.1140758519582465,0.05768120407545321,15.1063,64.6601,41.3825,1.75333,160,12,1,0,0,0,0,run_006
U000129,8642399,MODEL_A,BATCH_01,737301.0,52664.357142857145,11325.839052681824,37327.0,74914.0,14,1.825,4.0,0.0,6.0,14.0,14.809330555555555,64.28649302325582,41.08617777777778,1.613222558139535,0.08327267368434668,0.17658060400867853,0.14997582683526334,0.05408625466142123,15.0059,64.6936,41.4926,1.77279,158,12,1,0,0,0,0,run_006
U000130,8703469,MODEL_B,BATCH_01,687311.0,49093.642857142855,8751.905336352966,32734.0,62734.0,14,1.825,4.0,0.0,5.0,14.0,14.792638235294119,64.34380975609756,41.10117352941177,1.6217843902439024,0.10756649251482968,0.21851363436279947,0.1516212951958375,0.05654672068514592,15.0411,64.8626,41.4296,1.73171,150,12,1,0,0,0,0,run_006
U000131,8752854,MODEL_A,BATCH_01,684848.0,48917.71428571428,10440.454753053118,32534.0,64527.0,14,1.825,4.0,0.0,5.0,14.0,14.817757894736841,64.37808222222222,41.09185789473685,1.6206193333333334,0.10311418134984188,0.1953836718413855,0.17733627642416727,0.0529779155274758,15.0366,64.744,41.384,1.78355,166,12,1,0,0,0,0,run_006
U000132,8801793,MODEL_A,BATCH_01,713486.0,50963.28571428572,12327.409974577738,32946.0,74675.0,14,1.8,4.0,0.0,5.0,14.0,14.818977777777778,64.3399,41.056916666666666,1.609596511627907,0.11128983039436445,0.20206290863891527,0.13459504873083852,0.050051725524877945,14.9932,64.6312,41.3399,1.69347,158,12,1,0,0,0,0,run_006
U000133,8868160,MODEL_A,BATCH_02,696096.0,49721.142857142855,8753.524493308114,35667.0,62866.0,14,1.85,4.0,0.0,6.0,14.0,14.836942857142857,64.43512954545454,41.07897428571428,1.6225175,0.09869693447088214,0.2002884508037592,0.13874705580947652,0.05086854897674983,15.0812,64.8324,41.3947,1.69335,158,12,1,0,0,0,0,run_006
U000134,8929052,MODEL_A,BATCH_01,644987.0,46070.5,9523.064558057089,31677.0,60892.0,14,1.825,4.0,0.0,3.0,14.0,14.81298787878788,64.48030769230769,40.268663636363634,1.7414941025641024,0.10947675483172149,0.20326038574438196,0.7876563558344201,0.10155035001411465,15.0278,64.9179,41.3155,1.95022,144,12,1,0,0,0,1,run_006
U000135,8995468,MODEL_B,BATCH_01,724826.0,51773.28571428572,9773.891339281807,32925.0,66416.0,14,1.825,4.0,0.0,5.0,14.0,14.818783333333332,64.43138181818182,41.09105,1.6368952272727275,0.11380163820061151,0.19102378431326972,0.17572112077298746,0.04774857360531824,15.0154,64.8154,41.4923,1.73515,160,12,1,0,0,0,0,run_006
U000136,9068350,MODEL_A,BATCH_01,720610.0,51472.142857142855,12007.883768316822,33785.0,72882.0,14,1.8,4.0,0.0,4.0,14.0,14.806780555555555,64.5580976744186,41.07619722222222,1.6308300000000002,0.09826866618596312,0.1824343723988397,0.1690779963484505,0.05029700857335921,14.9675,65.031,41.3546,1.76226,158,12,1,0,0,0,0,run_006
U000137,9127159,MODEL_A,BATCH_01,692021.0,49430.07142857143,11066.983908936498,30199.0,68628.0,14,1.8,4.0,0.0,5.0,14.0,14.819761764705882,64.46379302325582,41.03683529411765,1.641748604651163,0.1339674972220613,0.20492217848705455,0.16831524874176404,0.04718694833579238,15.0499,64.8778,41.3427,1.75221,154,12,1,0,0,0,0,run_006
U000138,9195497,MODEL_A,BATCH_01,702639.0,50188.5,9241.567663801165,38207.0,68338.0,14,1.825,4.0,0.0,5.0,14.0,14.818134285714285,64.5808340909091,41.0345,1.6394611363636364,0.09524172325582686,0.1749721146463228,0.16398599115204412,0.04968114303332054,15.0584,65.1409,41.3053,1.74289,158,12,1,0,0,0,0,run_006
U000139,9268006,MODEL_A,BATCH_01,720758.0,51482.71428571428,11874.469299419541,33548.0,72509.0,14,1.825,4.0,0.0,5.0,14.0,14.826817647058824,64.60874285714286,41.07163529411765,1.643380238095238,0.1070462473563824,0.16195511444247965,0.17659654391476015,0.04858196345468817,15.1054,65.0454,41.4205,1.74059,152,12,1,0,0,0,0,run_006
U000140,9319295,MODEL_B,BATCH_02,695921.0,49708.642857142855,10263.604559556308,34696.0,67922.0,14,1.875,4.0,0.0,4.0,14.0,14.823165789473684,64.59737608695652,41.0366947368421,1.6413460869565217,0.12932357130587552,0.19807049046548264,0.12612055782736348,0.042169663054447144,15.0816,65.115,41.3589,1.73705,168,12,1,0,0,0,0,run_006
U000141,9388584,MODEL_A,BATCH_01,718775.0,51341.07142857143,10152.57882710887,37157.0,69289.0,14,1.825,4.0,0.0,4.0,14.0,14.834008108108108,64.65610222222223,40.97047297297297,1.656558,0.09972490600084243,0.19880983089018955,0.14186186483228602,0.05158424083697726,15.0201,65.0867,41.2404,1.79075,164,12,1,0,0,0,0,run_006
U000142,9439509,MODEL_A,BATCH_01,694300.0,49592.857142857145,6867.290988190577,36466.0,59641.0,14,1.85,4.0,0.0,5.0,14.0,14.831094444444444,64.68852325581395,40.1455,1.754123023255814,0.12300812271540545,0.14104438990077373,0.7529456261908951,0.09289142160236845,15.1083,65.0099,41.3569,1.88716,158,12,1,0,0,0,1,run_006
U000143,9499818,MODEL_A,BATCH_01,706252.0,50446.57142857143,10072.078234209857,36365.0,68336.0,14,1.85,4.0,0.0,4.0,14.0,14.870672222222222,64.72232045454545,40.9829,1.6471686363636364,0.10600931121128995,0.2599258029905002,0.1441568173899521,0.048053376649300907,15.09,65.303,41.2925,1.74083,160,12,1,0,0,0,0,run_006
U000144,9551094,MODEL_A,BATCH_01,749422.0,53530.142857142855,12709.335707733437,31945.0,75576.0,14,1.8,4.0,0.0,5.0,14.0,14.83631052631579,64.69972444444444,40.96814210526316,1.6525117777777776,0.10630269323448348,0.1763115374912415,0.15124423354042899,0.05846485954240488,15.0248,65.0303,41.3816,1.7637,166,12,1,0,0,0,0,run_006
U000145,9614723,MODEL_B,BATCH_01,729141.0,52081.5,13192.828819825972,33696.0,79365.0,14,1.875,4.0,0.0,6.0,14.0,14.833673684210527,64.76007777777778,40.99001842105263,1.662788888888889,0.11664161948837355,0.22166051529400382,0.12740340242234824,0.03966955835525533,15.0793,65.2373,41.2001,1.75745,166,12,1,0,0,0,0,run_006
U000146,9670984,MODEL_A,BATCH_01,674412.0,48172.28571428572,8386.116726962591,32108.0,59869.0,14,1.875,4.0,0.0,4.0,14.0,14.827134285714285,64.76466190476191,40.982345714285714,1.6663180952380952,0.10689671469902809,0.2029593554797901,0.11792031043652153,0.03744555242326373,15.0483,65.1295,41.2649,1.74946,154,12,1,0,0,0,0,run_006
U000147,9742806,MODEL_A,BATCH_02,696606.0,49757.57142857143,8735.93673119423,35116.0,64163.0,14,1.9,4.0,0.0,6.0,14.0,14.836222222222224,64.8024976744186,40.97833333333333,1.6754058139534884,0.09590461365666905,0.19095806007798802,0.16353057381244768,0.055835436573003494,14.9868,65.246,41.3153,1.78792,158,12,1,0,0,0,0,run_006
U000148,9799761,MODEL_A,BATCH_01,716914.0,51208.142857142855,8932.335407057655,35404.0,68148.0,14,1.8,4.0,0.0,4.0,14.0,14.8405475,64.88031956521739,39.465585,1.868210652173913,0.0982492434563425,0.16381182920190376,0.1516666816849809,0.04422575415610602,15.0264,65.2412,39.8413,1.94912,172,12,1,0,0,0,1,run_006
U000149,9874060,MODEL_A,BATCH_01,727131.0,51937.92857142857,12231.894566534376,33519.0,77130.0,14,1.875,4.0,0.0,6.0,14.0,14.875171428571427,64.8506976744186,40.98280285714286,1.6830362790697675,0.07178349216845867,0.21231486331611296,0.16747306277817453,0.050530797540814056,14.9919,65.4497,41.4822,1.81246,156,12,1,0,0,0,0,run_006
U000150,9929948,MODEL_B,BATCH_01,693819.0,49558.5,9629.377364247228,27110.0,68674.0,14,1.8780487804878048,4.0,0.0,4.0,14.0,14.862932432432432,64.83829772727273,40.96978918918919,1.6863718181818184,0.08461317882002792,0.2112698841486941,0.1422747943316109,0.05515286470338082,15.0278,65.3523,41.2058,1.79113,162,11,2,0,0,0,0,run_006
U000151,9982311,MODEL_A,BATCH_01,709642.0,50688.71428571428,8883.05776727267,39057.0,67952.0,14,1.975,4.0,0.0,5.0,14.0,14.852838888888888,64.9098,40.961686111111106,1.6928590909090908,0.09607874234271964,0.23601271447815816,0.12658468007685142,0.050419495482756836,15.0687,65.5067,41.1688,1.8346,160,12,1,0,0,0,0,run_006
U000152,10044445,MODEL_A,BATCH_01,674018.0,48144.142857142855,6863.790373089368,33528.0,55300.0,14,2.025,4.0,0.0,4.0,14.0,14.84134411764706,64.94880952380952,40.9153,1.7020561904761906,0.11103830949933705,0.21462357610309263,0.15262610086963152,0.054110078902105695,15.0463,65.3921,41.4206,1.81517,152,12,1,0,0,0,0,run_006
U000153,10126345,MODEL_A,BATCH_01,726923.0,51923.07142857143,12537.95133838604,31367.0,80685.0,14,1.95,4.0,0.0,4.0,14.0,14.861254054054054,64.97939318181818,40.92188108108108,1.7003054545454546,0.11441591428399044,0.25753219929430726,0.16511787008383091,0.04769867086318199,15.0778,65.4629,41.2368,1.82014,162,12,1,0,0,0,0,run_006
U000154,10183398,MODEL_A,BATCH_02,702723.0,50194.5,8169.094853823723,36677.0,62994.0,14,1.9,4.0,0.0,5.0,14.0,14.859187878787878,65.02956,40.8999606060606,1.6993692500000002,0.11635725363502211,0.21548290764508182,0.16872031949981864,0.05373025859947698,15.1166,65.465,41.2061,1.85105,146,12,1,0,0,0,0,run_006
U000155,10248872,MODEL_B,BATCH_01,719521.0,51394.357142857145,11083.30323995474,38051.0,71813.0,14,1.925,4.0,0.0,5.0,14.0,14.890878378378378,64.97951333333334,40.92767297297298,1.6853168888888888,0.09126371170994063,0.16887750751788871,0.1546348380480224,0.056000071583648316,15.0623,65.4969,41.303,1.78675,164,12,1,0,0,0,0,run_006
U000156,10295755,MODEL_A,BATCH_01,658108.0,47007.71428571428,8515.303557790448,33391.0,60625.0,14,1.9,4.0,0.0,3.0,14.0,14.8630625,64.99974210526317,39.388153125,1.8768076315789475,0.09794266179760486,0.18346352554733672,0.1636833823799435,0.04104310894092055,15.1267,65.3165,39.6834,1.95701,140,12,1,0,0,0,0,run_006
U000157,10375386,MODEL_A,BATCH_01,787839.0,56274.21428571428,13983.935063980609,34333.0,79631.0,14,1.85,4.0,0.0,5.0,14.0,14.8879,65.06188936170213,40.942507692307686,1.7038378723404257,0.10088594915468689,0.22807686369715544,0.17332720408555283,0.06490474913742475,15.0915,65.5029,41.3747,1.83513,172,12,1,0,0,0,0,run_006
U000158,10428662,MODEL_A,BATCH_01,696396.0,49742.57142857143,7007.447244119709,33720.0,59678.0,14,1.925,4.0,0.0,4.0,14.0,14.896916666666666,65.08436666666667,40.93855277777778,1.7136822222222223,0.10704160339392728,0.23546282374004826,0.13232886843253613,0.043713723759815935,15.1857,65.8448,41.2688,1.81171,162,12,1,0,0,0,0,run_006
U000159,10484732,MODEL_A,BATCH_01,715679.0,51119.92857142857,9719.274335560764,37282.0,67535.0,14,1.95,4.0,0.0,3.0,14.0,14.841428205128205,65.08546808510638,40.91948205128205,1.7176059574468086,0.09757599453683036,0.17732206526222716,0.12803240517395945,0.05019488080859894,15.0358,65.5128,41.1538,1.8114,172,12,1,0,0,0,0,run_006
U000160,10542730,MODEL_B,BATCH_01,689444.0,49246.0,8543.18616478383,33302.0,62891.0,14,1.875,4.0,0.0,2.0,14.0,14.886408571428573,65.18337142857142,40.956805714285714,1.72261,0.08388799735862297,0.20962465793065338,0.1592949002966027,0.058309954887861025,15.0819,65.6774,41.2762,1.87958,154,12,1,1,1,0,0,run_006
U000161,10591195,MODEL_A,BATCH_02,684650.0,48903.57142857143,8010.543578158877,33998.0,63603.0,14,1.975,4.0,0.0,4.0,14.0,14.871263888888889,65.16372954545454,40.849894444444445,1.7291129545454544,0.10394404030954839,0.20217559324041548,0.1577406242528619,0.05112430817543151,15.1379,65.5272,41.1738,1.85836,160,12,1,0,0,0,0,run_006
U000162,10656787,MODEL_A,BATCH_01,702718.0,50194.142857142855,11050.137492058937,30393.0,63145.0,14,1.875,4.0,0.0,3.0,14.0,14.873717142857144,65.19927906976744,40.817485714285716,1.7112093023255812,0.10686986447438354,0.16782796684777146,0.16559862023945146,0.05131467600317848,15.0845,65.6271,41.1618,1.81059,156,12,1,0,0,0,0,run_006
U000163,10734844,MODEL_A,BATCH_01,701698.0,50121.28571428572,10640.243884051151,39193.0,72954.0,14,1.925,4.0,0.0,5.0,14.0,14.865575,65.20761818181819,40.86143055555556,1.7292638636363635,0.10709948212493176,0.1596097730771315,0.11385989842018039,0.054698228457172836,15.0699,65.5246,41.0708,1.85387,160,12,1,0,0,0,0,run_006
U000164,10804225,MODEL_A,BATCH_01,735801.0,52557.21428571428,9358.218627154762,37021.0,69381.0,14,1.95,4.0,0.0,4.0,14.0,14.88264705882353,65.23282619047619,39.93089411764706,1.8444280952380954,0.0967772394832399,0.1917761131893428,0.724679313377352,0.11125310727889891,15.1098,65.582,41.1169,2.00383,152,12,1,1,1,0,1,run_006
U000165,10869749,MODEL_B,BATCH_01,695355.0,49668.21428571428,9333.628358530503,31949.0,65524.0,14,1.95,4.0,0.0,3.0,14.0,14.885799999999998,65.25546818181819,40.86051388888889,1.742568181818182,0.07990981702608754,0.21475389242780812,0.1517939790877805,0.04497925859320139,15.0297,65.6914,41.2178,1.82582,160,12,1,0,0,0,0,run_006
U000166,10944327,MODEL_A,BATCH_01,727110.0,51936.42857142857,12226.098728126242,32654.0,74578.0,14,1.925,4.0,0.0,3.0,14.0,14.894310256410257,65.27045333333334,40.80842820512821,1.7457313333333335,0.09231616097005085,0.18741770751695602,0.16738828159436542,0.06001435485857454,15.0739,65.6772,41.2632,1.88172,168,12,1,0,0,0,0,run_006
U000167,10995417,MODEL_A,BATCH_01,702069.0,50147.78571428572,10486.928318908931,34403.0,70676.0,14,1.925,4.0,0.0,4.0,14.0,14.896917142857143,65.29161627906977,40.81534571428571,1.7468525581395349,0.07964649279865385,0.19476986411346603,0.1463087556039844,0.050634443391685734,15.0119,65.6727,41.1626,1.88638,156,12,1,0,0,0,0,run_006
U000168,11073032,MODEL_A,BATCH_02,739110.0,52793.57142857143,10319.516712851098,42495.0,75470.0,14,1.975,4.0,0.0,5.0,14.0,14.898513157894737,65.37276222222222,40.845397368421054,1.745168,0.08293239568843402,0.20685262022741951,0.13905501630813275,0.04573812854421643,15.1487,65.8186,41.1453,1.85195,166,12,1,0,0,0,0,run_006
U000169,11168285,MODEL_A,BATCH_01,715387.0,51099.07142857143,14590.055424918639,37378.0,95253.0,14,1.975,4.0,0.0,3.0,14.0,14.917579411764706,65.37729523809523,40.82453529411765,1.745774523809524,0.08258982907301692,0.2061694282562344,0.15601346461386023,0.048982244080213067,15.0882,65.8036,41.1256,1.87436,152,12,1,0,0,0,0,run_006
U000170,11224108,MODEL_B,BATCH_01,748709.0,53479.21428571428,11905.840720345697,36741.0,74751.0,14,1.925,4.0,0.0,4.0,14.0,14.918831578947369,65.44263913043478,40.83756842105263,1.7573152173913045,0.09821078573801058,0.1901225540168579,0.18109568190005182,0.06015399466698895,15.135,65.9065,41.2773,1.88622,168,12,1,0,0,0,0,run_006
U000171,11270716,MODEL_A,BATCH_01,709317.0,50665.5,10100.094316010503,36313.0,63768.0,14,1.9268292682926829,4.0,0.0,5.0,14.0,14.950131578947369,65.36497272727273,40.807965789473684,1.7718245454545454,0.09341844862437787,0.17526305460270022,0.14027011061927572,0.042460198898336084,15.1209,65.6941,41.0452,1.87393,164,12,2,0,0,0,0,run_006
U000172,11342379,MODEL_A,BATCH_01,734474.0,52462.42857142857,12485.748809769453,28742.0,79463.0,14,1.9,4.0,0.0,4.0,14.0,14.90505945945946,65.43143636363637,40.80272162162162,1.7638204545454543,0.09198211921485172,0.2040775833899561,0.13041007360360343,0.04621579952105103,15.0705,65.8138,41.0665,1.86515,162,12,1,0,0,0,0,run_006
U000173,11409444,MODEL_A,BATCH_01,698671.0,49905.07142857143,9303.841840578842,39394.0,71065.0,14,1.9,4.0,0.0,5.0,14.0,14.90260294117647,65.44569512195123,40.759667647058826,1.7807702439024389,0.09091885654766997,0.22922252392731834,0.1614743505677165,0.04100717982791579,15.0931,65.8548,41.1856,1.87295,150,12,1,0,0,0,0,run_006
U000174,11496351,MODEL_A,BATCH_01,789712.0,56408.0,14559.90735388952,36945.0,86907.0,14,1.925,4.0,0.0,5.0,14.0,14.920584210526316,65.49061555555555,40.74603421052632,1.7809275555555555,0.07580861937129263,0.19455014305216245,0.1757335671858007,0.041444586287297545,15.1019,65.8561,41.0828,1.88008,166,12,1,0,0,0,0,run_006
U000175,11550980,MODEL_B,BATCH_02,721825.0,51558.92857142857,11467.658351704962,35462.0,74613.0,14,1.95,4.0,0.0,4.0,14.0,14.92675,65.53926136363636,39.349018421052634,1.9516624999999999,0.10358384709199771,0.22306571793762228,0.14346172265698465,0.04983187464679562,15.2246,66.2338,39.711,2.06083,164,12,1,0,0,0,1,run_006
U000176,11608227,MODEL_A,BATCH_01,723270.0,51662.142857142855,11391.405578546708,31947.0,70794.0,14,1.925,4.0,0.0,3.0,14.0,14.930377777777778,65.57353863636364,40.755786111111114,1.78759,0.0915755242131907,0.19767673189574145,0.13424086061527823,0.049342683301061306,15.0917,65.973,41.0496,1.87705,160,12,1,0,0,0,0,run_006
U000177,11679950,MODEL_A,BATCH_01,713224.0,50944.57142857143,9400.185765057115,34602.0,71723.0,14,1.925,4.0,0.0,5.0,14.0,14.939726470588235,65.59905714285715,40.521832352941175,1.824979761904762,0.10846461595579703,0.227698659596147,0.5557613520538452,0.0872772965613846,15.1387,66.1748,40.9976,2.08831,152,12,1,0,0,0,1,run_006
U000178,11752559,MODEL_A,BATCH_01,728007.0,52000.5,9384.277594015346,37119.0,72609.0,14,1.925,4.0,0.0,5.0,14.0,14.917870270270269,65.63813555555556,40.76814054054054,1.7836137777777776,0.0786086999173928,0.1653665833501097,0.14970378800866788,0.05052317106981212,15.0734,65.9829,41.0864,1.8951,164,12,1,0,0,0,0,run_006
U000179,11821829,MODEL_A,BATCH_01,747861.0,53418.642857142855,14266.923233652904,35696.0,92313.0,14,2.025,4.0,0.0,5.0,14.0,14.904191666666666,65.68176046511628,40.75013333333333,1.7842451162790696,0.09589257493972819,0.18995618309235712,0.14031958421505406,0.047267093021723404,15.0816,66.2587,41.2047,1.89056,158,12,1,0,0,0,0,run_006
U000180,11893428,MODEL_B,BATCH_01,676694.0,48335.28571428572,9452.610599345408,35980.0,71599.0,14,1.95,4.0,0.0,2.0,14.0,14.937963636363637,65.73061025641026,40.75540909090909,1.8042476923076924,0.10908504371069198,0.1682006395802216,0.11590037846043727,0.04790490841028257,15.1632,66.0726,41.0448,1.89637,144,12,1,0,0,0,0,run_006
U000181,11961398,MODEL_A,BATCH_01,736711.0,52622.21428571428,10121.124171208008,36447.0,67970.0,14,2.025,4.0,0.0,5.0,14.0,14.93814054054054,65.66589347826087,40.717213513513514,1.8036521739130436,0.11082643953362299,0.18526886336969517,0.13967268515704404,0.04353710299722876,15.186,65.9699,41.1104,1.9227,166,12,1,0,0,0,0,run_006
U000182,12012964,MODEL_A,BATCH_02,714332.0,51023.71428571428,11571.068366527663,32846.0,69050.0,14,2.0,4.0,0.0,4.0,14.0,14.933855555555555,65.66546744186047,40.74738333333333,1.805829534883721,0.10873296633613,0.1995053116859791,0.16409910681397125,0.0607604696035604,15.2034,66.0983,41.087,1.98858,158,12,1,0,0,0,0,run_006
U000183,12063487,MODEL_A,BATCH_01,719282.0,51377.28571428572,10329.665110578526,39809.0,71287.0,14,1.951219512195122,4.0,0.0,4.0,14.0,14.942054285714287,65.7390534883721,40.72819142857143,1.8080202325581396,0.11779461273723839,0.16139362462896573,0.14168944161632618,0.051110178349297694,15.1787,66.0626,40.9728,1.93849,156,12,2,0,0,0,0,run_006
U000184,12123431,MODEL_A,BATCH_01,770131.0,55009.357142857145,12709.06228827496,37377.0,73234.0,14,1.95,4.0,0.0,5.0,14.0,14.925248780487806,65.72690800000001,40.71744146341463,1.8186038,0.12403458614828264,0.19143404132909925,0.16332416535162456,0.040245154551289034,15.2449,66.1848,41.0946,1.936,182,12,1,0,0,0,0,run_006
U000185,12181612,MODEL_B,BATCH_01,677474.0,48391.0,9301.909712940258,36196.0,64696.0,14,1.925,4.0,0.0,4.0,14.0,14.953197222222222,65.82629534883722,40.73828333333333,1.8108351162790697,0.118383407346303,0.1861125734007563,0.12687086910938755,0.05079697949269619,15.1521,66.4131,40.9827,1.92917,158,12,1,0,0,0,0,run_006
U000186,12245441,MODEL_A,BATCH_01,746606.0,53329.0,17845.008205270005,33155.0,98703.0,14,1.9,4.0,0.0,5.0,14.0,14.898889189189191,65.82588636363636,40.67944324324324,1.8093961363636362,0.09733033324081851,0.19995807187357836,0.13136239217552992,0.05254584754314541,15.1622,66.324,40.8837,1.9265,162,12,1,1,1,0,0,run_006
U000187,12314271,MODEL_A,BATCH_01,746985.0,53356.07142857143,9983.039736429024,36573.0,68830.0,14,2.025,4.0,0.0,5.0,14.0,14.960595000000001,65.83320980392156,40.6667325,1.831018039215686,0.10831528753052586,0.19013000526471702,0.18233181556697228,0.050884068745319797,15.2166,66.1824,41.1092,1.96575,182,12,1,0,0,0,0,run_006
U000188,12361866,MODEL_A,BATCH_01,664226.0,47444.71428571428,9476.488926476219,31874.0,65833.0,14,2.024390243902439,4.0,0.0,2.0,14.0,14.959922222222222,65.87202093023257,40.122822222222226,1.8925439534883721,0.10249889786476814,0.1788692134043073,0.7311289646297923,0.09425761508050398,15.1311,66.2418,40.9094,2.05806,158,12,2,1,0,1,1,run_006
U000189,12417890,MODEL_A,BATCH_02,686031.0,49002.21428571428,9928.112704518739,35536.0,66898.0,14,2.024390243902439,4.0,0.0,4.0,14.0,14.92821212121212,65.87091190476191,39.18364242424243,2.005479523809524,0.0920329925813828,0.1948328704705523,0.16682749891411872,0.048582751026765535,15.1256,66.2936,39.4677,2.13219,150,12,2,0,0,0,1,run_006
U000190,12461079,MODEL_B,BATCH_01,674100.0,48150.0,11664.7264665084,31542.0,77857.0,14,2.0,4.0,0.0,4.0,14.0,14.95541388888889,65.93564047619047,40.721833333333336,1.8293090476190474,0.08551244906120073,0.18586181341946517,0.14153408473882564,0.04600681327111815,15.1802,66.3322,40.9729,1.94762,156,12,2,0,0,0,0,run_006
U000191,12520803,MODEL_A,BATCH_01,692928.0,49494.857142857145,8913.657764759242,36104.0,70290.0,14,2.025,4.0,0.0,5.0,14.0,14.955194117647059,65.90455853658536,40.69824411764706,1.8216336585365855,0.08725191997948774,0.22872951381010329,0.16124072008284385,0.040695376872324066,15.1115,66.237,41.0572,1.8912,150,12,1,0,0,0,0,run_006
U000192,12572905,MODEL_A,BATCH_01,679337.0,48524.07142857143,8527.038086754805,28751.0,58413.0,14,1.975,4.0,0.0,3.0,14.0,14.972545714285713,65.98294761904762,40.63423142857143,1.837912142857143,0.10134881914880453,0.18317732477374674,0.11765299369063943,0.04468268445850271,15.1559,66.4894,40.8778,1.92899,154,12,1,0,0,0,0,run_006
U000193,12625941,MODEL_A,BATCH_01,711980.0,50855.71428571428,10291.061591561811,37347.0,76042.0,14,1.95,4.0,0.0,4.0,14.0,14.978502702702704,66.02365681818182,40.65118648648649,1.8382202272727275,0.10971205364368423,0.18310768263730298,0.14805913638768703,0.04838405495993231,15.1928,66.3647,40.9611,1.96587,162,12,1,0,0,0,0,run_006
U000194,12682455,MODEL_A,BATCH_01,681078.0,48648.42857142857,9046.548187562485,33123.0,61748.0,14,1.95,4.0,0.0,4.0,14.0,14.95366388888889,66.0040930232558,40.67707777777778,1.8365767441860468,0.09415886621716289,0.12793184084717638,0.1702654500832843,0.055289618793134626,15.1813,66.3833,40.9957,1.94683,158,12,1,0,0,0,0,run_006
U000195,12735602,MODEL_B,BATCH_01,677856.0,48418.28571428572,8902.83447887479,33668.0,65914.0,14,1.9024390243902438,4.0,0.0,4.0,14.0,14.970664705882355,66.04185,40.654241176470585,1.8514609523809522,0.11066075892141015,0.22576545270290282,0.14442356711412402,0.0452055976357733,15.2115,66.5966,40.9813,1.96857,152,12,2,0,0,0,0,run_006
U000196,12798468,MODEL_A,BATCH_02,745167.0,53226.21428571428,10140.978667523408,36056.0,67939.0,14,1.925,4.0,0.0,5.0,14.0,14.956789473684209,66.10089565217392,40.6344,1.851467391304348,0.11444140195225054,0.20293984982586336,0.16669498930519752,0.057997220179927894,15.1503,66.5193,40.9718,2.00806,168,12,1,0,0,0,0,run_006
U000197,12854994,MODEL_A,BATCH_01,731021.0,52215.78571428572,10917.853502607353,35849.0,82603.0,14,1.975,4.0,0.0,5.0,14.0,14.975649999999998,66.12054418604652,40.6483,1.8474295348837209,0.10459418585316106,0.1733930771155033,0.13814993924821692,0.05347265602750308,15.1767,66.4857,40.9321,1.96598,158,12,1,0,0,0,1,run_006
U000198,12900496,MODEL_A,BATCH_01,690751.0,49339.357142857145,8005.321524385589,36440.0,63011.0,14,1.975,4.0,0.0,4.0,14.0,14.99279142857143,66.10055952380952,40.61224857142857,1.8518195238095239,0.09306839158707414,0.20326853566159878,0.15032350481824092,0.051599313615796984,15.1728,66.5085,40.9361,1.96717,154,12,1,0,0,0,0,run_006
U000199,12951795,MODEL_A,BATCH_01,707998.0,50571.28571428572,7641.384615052747,38695.0,61619.0,14,1.9,4.0,0.0,4.0,14.0,14.973167567567568,66.14359999999999,40.10892162162162,1.9371830434782609,0.08987738577904036,0.20622982433305742,0.6997011521337526,0.0963420733952043,15.2198,66.7176,40.9803,2.14203,166,12,1,0,0,0,0,run_006
U000200,13024653,MODEL_B,BATCH_01,745805.0,53271.78571428572,9427.923094384381,39850.0,72858.0,14,1.9,4.0,0.0,5.0,14.0,14.990461111111111,66.19648636363637,40.620105555555554,1.8589504545454545,0.0736947459952309,0.21352195855805686,0.1281142725280706,0.04468414728282554,15.1279,66.6063,40.8734,1.95032,160,12,1,0,0,0,0,run_006
U000201,13085796,MODEL_A,BATCH_01,707131.0,50509.357142857145,11132.616090411253,33764.0,70655.0,14,1.9,4.0,0.0,4.0,14.0,14.987805555555557,66.2307511627907,40.617780555555555,1.8604581395348838,0.08274023358661892,0.1808157854625114,0.14750012071558052,0.06034676261707016,15.1405,66.563,40.8875,1.98632,158,12,1,0,0,0,0,run_006
U000202,13158621,MODEL_A,BATCH_01,716099.0,51149.92857142857,12190.446874274357,33579.0,72825.0,14,1.925,4.0,0.0,4.0,14.0,14.966166666666668,66.22260238095238,40.603519444444444,1.8828135714285714,0.0943621897644545,0.20589868511182116,0.1399281322055714,0.05680909308962348,15.1382,66.7003,40.844,1.97305,156,12,1,0,0,0,0,run_006
U000203,13215258,MODEL_A,BATCH_02,743961.0,53140.07142857143,9709.019410712002,36677.0,71457.0,14,1.95,4.0,0.0,5.0,14.0,14.978989189189187,66.28315106382979,40.58043243243243,1.8780444680851065,0.09759599201636139,0.20873740719354986,0.15432717420045253,0.04573914168167275,15.1474,66.7587,40.9639,2.01621,168,12,1,0,0,0,0,run_006
U000204,13278385,MODEL_A,BATCH_01,684790.0,48913.57142857143,8649.542172982208,36092.0,63127.0,14,1.95,4.0,0.0,2.0,14.0,14.946605555555557,66.31381363636363,40.559525,1.8847554545454548,0.1130149647346234,0.17671202113714746,0.14997298875845153,0.03823448403674395,15.1474,66.6446,40.94,1.94637,160,12,1,0,0,0,0,run_006
U000205,13332799,MODEL_B,BATCH_01,717861.0,51275.78571428572,8468.349709164313,39281.0,63678.0,14,1.925,4.0,0.0,4.0,14.0,14.979416216216215,66.29460869565217,40.57102162162162,1.8899652173913044,0.0881136435188909,0.21423719650693301,0.16049666167372054,0.05522199025505573,15.1125,66.7548,40.8691,2.01986,166,12,1,0,0,0,0,run_006
U000206,13394257,MODEL_A,BATCH_01,709224.0,50658.857142857145,8780.143269000559,32843.0,66351.0,14,1.95,4.0,0.0,4.0,14.0,14.987574285714286,66.34022727272726,40.52144571428572,1.877709090909091,0.09613960542405174,0.20309657499274467,0.1623363181844428,0.057165732938624585,15.2695,66.6509,40.8582,2.01817,158,12,1,0,0,0,0,run_006
U000207,13440922,MODEL_A,BATCH_01,687531.0,49109.357142857145,9406.697398107395,35315.0,62411.0,14,1.95,4.0,0.0,3.0,14.0,15.004229411764706,66.36246046511627,40.59943235294117,1.8888486046511628,0.08760724866028703,0.22095268954874897,0.13621228022907808,0.055562777647552936,15.2055,66.8695,40.8393,2.01613,154,12,1,0,0,0,0,run_006
U000208,13495089,MODEL_A,BATCH_01,700841.0,50060.07142857143,9045.291664849608,34619.0,67500.0,14,1.925,4.0,0.0,3.0,14.0,14.982671428571429,66.36709534883721,40.58696285714286,1.8832323255813952,0.10616896514360448,0.1840559244120784,0.14779418735229716,0.04384516783046849,15.228,66.7463,40.9344,1.99643,156,12,1,0,0,0,0,run_006
U000209,13559372,MODEL_A,BATCH_01,701197.0,50085.5,9179.562003544783,35473.0,64283.0,14,1.875,4.0,0.0,4.0,14.0,15.039302702702702,66.42099545454545,40.54461891891892,1.9008186363636363,0.10608423405348572,0.2285339249708439,0.13916129897400248,0.05029392323508199,15.2459,66.99,40.8891,2.03881,162,12,1,0,0,0,0,run_006
U000210,13609534,MODEL_B,BATCH_02,705068.0,50362.0,7812.5621917524595,35279.0,61073.0,14,1.95,4.0,0.0,5.0,14.0,14.994342857142858,66.39951463414634,39.03299428571429,2.085900975609756,0.0916476574127442,0.1864600098693728,0.16532467867245762,0.044915181999234895,15.1891,66.7176,39.3248,2.17722,152,12,1,0,0,0,1,run_006
U000211,13662806,MODEL_A,BATCH_01,681132.0,48652.28571428572,6732.674145007847,40024.0,62982.0,14,1.95,4.0,0.0,2.0,14.0,15.03228484848485,66.4199487804878,40.524190909090905,1.9089563414634148,0.0950306237523339,0.18862360154809787,0.14931722808260556,0.04977395663176166,15.1821,66.8187,40.86,2.00911,148,12,1,0,0,0,0,run_006
U000212,13728957,MODEL_A,BATCH_01,687439.0,49102.78571428572,10489.929582359318,35239.0,69004.0,14,1.9,4.0,0.0,2.0,14.0,15.002555882352942,66.47900243902438,40.5510294117647,1.8962414634146343,0.08413696334378234,0.21580025774753592,0.14386379823314682,0.05079816052579934,15.1493,66.9238,40.788,2.00295,150,12,1,0,0,0,0,run_006
U000213,13783767,MODEL_A,BATCH_01,695971.0,49712.21428571428,11798.812816280559,29009.0,67908.0,14,1.9024390243902438,4.0,0.0,4.0,14.0,14.999605555555556,66.54068837209303,40.502424999999995,1.9136565116279067,0.10265431295495515,0.19716654575848494,0.14340121413114268,0.05503678937911052,15.1681,66.9517,40.8173,2.03897,158,12,2,0,0,0,0,run_006
U000214,13844634,MODEL_A,BATCH_01,698049.0,49860.642857142855,9739.92500845513,36183.0,68911.0,14,1.95,4.0,0.0,3.0,14.0,14.986751428571429,66.53852272727273,40.52197714285714,1.9213331818181816,0.10149525741289996,0.22889445710788825,0.16828170723996352,0.04689372754072599,15.1882,67.1275,40.8106,2.02569,158,12,1,0,0,0,0,run_006
U000215,13892742,MODEL_B,BATCH_01,713048.0,50932.0,12711.54794180957,33858.0,78160.0,14,1.95,4.0,0.0,3.0,14.0,15.008347222222223,66.5808046511628,40.48200277777778,1.9108379069767443,0.1105618003939389,0.21655927369999906,0.14206996161069244,0.039593007593221013,15.1743,67.1028,40.7371,2.00742,158,12,1,0,0,0,0,run_006
U000216,13968340,MODEL_A,BATCH_01,743480.0,53105.71428571428,12000.39136816008,37088.0,75598.0,14,1.875,4.0,0.0,3.0,14.0,15.017585714285714,66.60093255813953,40.53885714285714,1.9232111627906978,0.0750809255280678,0.26311606502954643,0.1585099074389435,0.059778524580292876,15.1989,67.3168,40.8627,2.05739,156,12,1,0,0,0,0,run_006
U000217,14044161,MODEL_A,BATCH_02,766294.0,54735.28571428572,13420.748107249527,39254.0,79515.0,14,1.975,4.0,0.0,4.0,14.0,15.023043589743589,66.62135434782608,39.004612820512826,2.1079756521739133,0.08689529329774354,0.18896972680126115,0.1777171039653626,0.05028981830471032,15.2362,66.9923,39.3706,2.19515,170,12,1,0,0,0,0,run_006
U000218,14114779,MODEL_A,BATCH_01,710751.0,50767.92857142857,7923.291162178715,41124.0,70618.0,14,1.95,4.0,0.0,3.0,14.0,15.01222857142857,66.63926904761904,40.50774285714286,1.9356566666666666,0.10563878958766162,0.230511713355728,0.12990711452172843,0.04499710162301064,15.2221,67.1918,40.7657,2.02552,154,12,1,0,0,0,1,run_006
U000219,14168044,MODEL_A,BATCH_01,692642.0,49474.42857142857,8294.649171551553,35609.0,64561.0,14,1.9268292682926829,4.0,0.0,4.0,14.0,15.029931428571428,66.64398372093024,40.45880571428571,1.9355416279069768,0.11146200558520253,0.20074009840994747,0.13751362059352343,0.05219648833883244,15.294,67.027,40.7261,2.05411,156,12,2,0,0,0,0,run_006
U000220,14212027,MODEL_B,BATCH_01,671901.0,47992.92857142857,10863.646805634948,33114.0,65671.0,14,1.9268292682926829,4.0,0.0,2.0,14.0,15.021722222222223,66.70075777777778,39.48326388888889,2.053221111111111,0.0988968816816241,0.1970632356848579,0.7648777557428119,0.1049795443975598,15.2489,67.0841,40.8303,2.2428,162,12,2,1,0,1,1,run_006
U000221,14280452,MODEL_A,BATCH_01,708761.0,50625.78571428572,12855.340262250618,36208.0,82871.0,14,1.9,4.0,0.0,2.0,14.0,15.022614705882352,66.74200975609756,40.43318529411765,1.9479836585365853,0.10613178809315421,0.19539376884240536,0.17868818979194734,0.04045857305665248,15.2084,67.2029,40.73,2.01073,150,12,1,0,0,0,0,run_006
U000222,14337968,MODEL_A,BATCH_01,742841.0,53060.07142857143,15812.158138423276,33775.0,97737.0,14,1.875,4.0,0.0,5.0,14.0,15.032599999999999,66.739975,39.542675,2.0567388636363635,0.10436656826507508,0.19992707987524272,0.762134135691164,0.09494019334629646,15.2566,67.2495,40.7914,2.22394,160,12,1,1,1,0,1,run_006
U000223,14392998,MODEL_A,BATCH_01,718578.0,51327.0,8899.859480308145,36814.0,68145.0,14,1.95,4.0,0.0,5.0,14.0,15.025377142857142,66.77886976744186,40.44665142857143,1.9443062790697674,0.11337051459630902,0.20716116515878447,0.16108497094870897,0.04142638686492191,15.2541,67.1895,40.7356,2.03,156,12,1,0,0,0,0,run_006
U000224,14447283,MODEL_A,BATCH_02,715769.0,51126.357142857145,7220.650872080961,39675.0,61233.0,14,1.975,4.0,0.0,4.0,14.0,15.025302777777776,66.77599333333333,38.93590555555556,2.12618,0.08727502829270264,0.20798645541564648,0.15760096255044087,0.050364910584471616,15.2624,67.3196,39.3915,2.25912,162,12,1,1,1,0,1,run_006
U000225,14520182,MODEL_B,BATCH_01,707728.0,50552.0,10648.3475930089,35168.0,72489.0,14,1.95,4.0,0.0,3.0,14.0,15.038561111111111,66.84590952380952,40.43877777777778,1.9723607142857145,0.10211074178215292,0.20792278328630442,0.162877540521549,0.04667733619339799,15.2925,67.1994,40.7724,2.0653,156,12,1,0,0,0,0,run_006
U000226,14572636,MODEL_A,BATCH_01,698152.0,49868.0,9378.098134237272,35625.0,63396.0,14,1.975,4.0,0.0,3.0,14.0,15.029741666666666,66.82078095238096,40.41961666666666,1.9638266666666668,0.11170713335708253,0.24029889643595742,0.13885757245671454,0.05808803674602997,15.2614,67.2968,40.7749,2.14874,156,12,1,0,0,0,0,run_006
U000227,14643479,MODEL_A,BATCH_01,744604.0,53186.0,12240.00537958655,32054.0,71850.0,14,2.05,4.0,0.0,4.0,14.0,15.042610526315789,66.86808888888889,40.43611315789474,1.9527984444444444,0.09540645847443664,0.17361359684685126,0.1695966027372841,0.055898143771244434,15.2445,67.2173,40.775,2.08134,166,12,1,0,0,0,0,run_006
U000228,14701292,MODEL_A,BATCH_01,688281.0,49162.92857142857,11889.881124231297,30911.0,72615.0,14,2.0,4.0,0.0,1.0,14.0,15.084536111111113,66.92920930232559,40.43575277777778,1.9677423255813955,0.08777331567420973,0.2101935874310189,0.16690547108401946,0.04542139881876587,15.2234,67.3931,40.8176,2.06929,158,12,1,0,0,0,0,run_006
U000229,14771833,MODEL_A,BATCH_01,717884.0,51277.42857142857,9986.076427585684,36383.0,67280.0,14,2.025,4.0,0.0,4.0,14.0,15.03314,66.87096590909091,40.433954285714286,1.9717461363636366,0.10284260446973151,0.22578771151514448,0.12851157499448357,0.05002122871276214,15.2216,67.4657,40.7542,2.08887,158,12,1,0,0,0,0,run_006
U000230,14821574,MODEL_B,BATCH_01,693632.0,49545.142857142855,8328.248831141309,34195.0,63236.0,14,2.025,4.0,0.0,3.0,14.0,15.038651351351353,66.94999777777777,38.93085405405405,2.139590222222222,0.11829344544071044,0.18649295318016443,0.1674854481151437,0.03430860331335463,15.2775,67.3578,39.299,2.21513,164,12,1,1,1,0,1,run_006
U000231,14901204,MODEL_A,BATCH_02,730692.0,52192.28571428572,10398.064630782694,34824.0,70173.0,14,1.95,4.0,0.0,4.0,14.0,15.022605555555556,66.97014545454546,40.38868611111111,1.9695113636363637,0.11275709656335103,0.17521450037496555,0.15632466975182133,0.04598031553504067,15.238,67.2393,40.6763,2.0845,160,12,1,0,0,0,0,run_006
U000232,14953773,MODEL_A,BATCH_01,680936.0,48638.28571428572,10210.052425304804,33150.0,61816.0,14,1.9268292682926829,4.0,0.0,4.0,14.0,15.036302941176471,67.00074047619049,40.369897058823526,1.9772540476190474,0.11254212809942808,0.2171424249472286,0.14698565068141653,0.05215861854090113,15.3167,67.3801,40.7065,2.08662,152,12,2,0,0,0,0,run_006
U000233,15007139,MODEL_A,BATCH_01,697138.0,49795.57142857143,8745.90381232869,39066.0,70829.0,14,1.9268292682926829,4.0,0.0,3.0,14.0,15.080765714285716,67.03387674418605,40.39321142857143,1.9773706976744185,0.11012093871220495,0.21464831351284586,0.10223690415612485,0.043934691217292154,15.2816,67.5222,40.568,2.07453,156,12,2,0,0,0,0,run_006
U000234,15070355,MODEL_A,BATCH_01,711790.0,50842.142857142855,10253.066707141767,34646.0,67329.0,14,2.0,4.0,0.0,2.0,14.0,15.065386486486487,67.09856666666667,40.341367567567566,1.9902604444444443,0.12585595858882595,0.22504297064419293,0.11994003606907967,0.049358037797835166,15.3657,67.5256,40.6208,2.07733,164,12,1,0,0,0,0,run_006
U000235,15150288,MODEL_B,BATCH_01,742012.0,53000.857142857145,14622.804533999644,37319.0,79933.0,14,1.975,4.0,0.0,2.0,14.0,15.052291666666669,67.0850090909091,40.30947777777778,2.0069245454545457,0.09063747372283223,0.23028181301137401,0.15182358768576676,0.049076881568002544,15.2744,67.4757,40.6592,2.10757,160,12,1,0,0,0,0,run_006
U000236,15222500,MODEL_A,BATCH_01,727617.0,51972.642857142855,12155.557302081046,28867.0,72343.0,14,2.0,4.0,0.0,4.0,14.0,15.088078378378379,67.11038837209303,40.35970540540541,1.9951779069767441,0.10794185712465545,0.23446521542123155,0.16692519772831432,0.04569032916108491,15.3187,67.5955,40.7003,2.08763,160,12,1,0,0,0,0,run_006
U000237,15288999,MODEL_A,BATCH_01,692948.0,49496.28571428572,10668.85438611325,30713.0,66499.0,14,1.975,4.0,0.0,4.0,14.0,15.081318181818181,67.17395,40.31580606060606,1.99832225,0.07777716348061835,0.2024919105696666,0.15718283728550506,0.049011685183752714,15.2243,67.5958,40.7466,2.11924,146,12,1,0,0,0,0,run_006
U000238,15342472,MODEL_A,BATCH_02,665266.0,47519.0,9621.556942615889,34344.0,66641.0,14,1.951219512195122,4.0,0.0,4.0,14.0,15.070454285714286,67.1707119047619,40.329411428571426,2.011469761904762,0.115538919704083,0.17887895921528194,0.14640302506402755,0.04713388990939221,15.3712,67.5348,40.6785,2.09443,154,12,2,0,0,0,0,run_006
U000239,15395977,MODEL_A,BATCH_01,668780.0,47770.0,7187.955481219956,36121.0,59418.0,14,1.951219512195122,4.0,0.0,4.0,14.0,15.076605882352942,67.2570475,40.38113823529412,2.0140135,0.09009670878587236,0.22619642018920774,0.14660876614971866,0.050872351492832125,15.2806,67.8229,40.6935,2.1364,148,12,2,0,0,0,0,run_006
U000240,15441050,MODEL_B,BATCH_01,676067.0,48290.5,10315.686231321544,28376.0,66756.0,14,1.9268292682926829,4.0,0.0,4.0,14.0,15.079390625,67.22941025641026,40.34781875,2.0120005128205127,0.08415633822899501,0.21017354582754136,0.17767401545000494,0.03608280921412206,15.2431,67.7901,40.687,2.09905,142,12,2,0,0,0,0,run_006
U000241,15500029,MODEL_A,BATCH_01,761511.0,54393.642857142855,11921.488746778252,38727.0,82369.0,14,1.925,4.0,0.0,4.0,14.0,15.078257894736842,67.23344042553191,40.362155263157895,2.0012155319148937,0.0984907942785022,0.17905669330468038,0.14190166122366868,0.05118759380979922,15.3709,67.7464,40.6747,2.13428,170,12,1,0,0,0,0,run_006
U000242,15574966,MODEL_A,BATCH_01,774336.0,55309.71428571428,14312.970193437899,35361.0,85623.0,14,1.9,4.0,0.0,4.0,14.0,15.09127777777778,67.25614782608696,40.31783611111111,2.032061304347826,0.07702380749245616,0.20244332621379033,0.16470108361648603,0.04854239492369051,15.2586,67.6754,40.7908,2.15673,164,12,1,0,0,0,0,run_006
U000243,15631224,MODEL_A,BATCH_01,702791.0,50199.357142857145,11097.24266242706,33099.0,68237.0,14,1.95,4.0,0.0,5.0,14.0,15.074923076923078,67.3038488888889,40.30913076923077,2.0178504444444445,0.08381453353917001,0.15544624271347188,0.13060299253814428,0.05399623181109935,15.294,67.5589,40.5517,2.13085,168,12,1,0,0,0,0,run_006
U000244,15689256,MODEL_A,BATCH_01,687910.0,49136.42857142857,7192.106663818067,39269.0,63567.0,14,1.925,4.0,0.0,2.0,14.0,15.093614285714287,67.43835813953488,40.2988,2.0290172093023253,0.1076739198933989,0.18747086787343162,0.16199385972386618,0.04979151674377499,15.3319,67.8221,40.5889,2.13586,156,12,1,0,0,0,0,run_006
U000245,15759734,MODEL_B,BATCH_02,723705.0,51693.21428571428,11646.72461172319,35410.0,70478.0,14,1.925,4.0,0.0,3.0,14.0,15.083588888888888,67.32485581395349,40.299841666666666,2.0390181395348836,0.09040206627783233,0.19062778778891845,0.1724771328528597,0.047822113148417666,15.2618,67.6828,40.6372,2.16206,158,12,1,0,0,0,0,run_006
U000246,15815348,MODEL_A,BATCH_01,687698.0,49121.28571428572,7349.724311193547,36414.0,59167.0,14,1.925,4.0,0.0,2.0,14.0,15.07261818181818,67.3656953488372,40.27988181818182,2.031910465116279,0.08700047217740187,0.20860265938300457,0.1497297679457589,0.053422073017553376,15.2736,67.7462,40.6732,2.16138,152,12,1,0,0,0,0,run_006
U000247,15906936,MODEL_A,BATCH_01,759532.0,54252.28571428572,16354.133791367067,34185.0,91588.0,14,1.95,4.0,0.0,4.0,14.0,15.04041052631579,67.39696222222223,40.276526315789475,2.036432666666667,0.1027310679329015,0.20028840148065738,0.11825134405089684,0.050194292522339465,15.2639,67.7067,40.4685,2.16509,166,12,1,0,0,0,0,run_006
U000248,15970767,MODEL_A,BATCH_01,691393.0,49385.21428571428,11232.37672759196,29652.0,67642.0,14,1.95,4.0,0.0,4.0,14.0,15.096091891891891,67.43852045454545,40.243632432432435,2.0385,0.0797865255206332,0.22829012607842736,0.1532094826881985,0.055940470352472176,15.26,67.9018,40.6232,2.15371,162,12,1,0,0,0,0,run_006
U000249,16035461,MODEL_A,BATCH_01,746481.0,53320.07142857143,8951.747603029906,36347.0,67974.0,14,2.025,4.0,0.0,5.0,14.0,15.102089473684211,67.41846739130435,40.27766578947369,2.045570652173913,0.10188734316397105,0.2161182341572902,0.13651148704525126,0.04985507875174805,15.3126,67.7637,40.6205,2.13491,168,12,1,0,0,0,0,run_006
U000250,16100949,MODEL_B,BATCH_01,729731.0,52123.642857142855,8374.765058538314,40296.0,65488.0,14,2.025,4.0,0.0,2.0,14.0,15.07042972972973,67.48945777777777,40.25816216216216,2.0458924444444446,0.12805796835128314,0.16977410993446637,0.16658441028725254,0.04761422477271958,15.4178,67.8047,40.5505,2.14917,164,12,1,0,0,0,0,run_006
U000251,16161217,MODEL_A,BATCH_01,708215.0,50586.78571428572,7432.709446748219,36964.0,60268.0,14,1.95,4.0,0.0,2.0,14.0,15.131468421052633,67.5297511627907,40.250939473684205,2.0491502325581394,0.08998939308446231,0.2394305330929785,0.15434257883992847,0.050526121838509144,15.2997,67.9696,40.519,2.13902,162,12,1,0,0,0,0,run_006
U000252,16207333,MODEL_A,BATCH_02,728160.0,52011.42857142857,11449.17615251982,38405.0,79299.0,14,1.95,4.0,0.0,4.0,14.0,15.088523529411766,67.49710476190477,40.22108235294118,2.054019523809524,0.10105274967792205,0.23238596464101677,0.12977230986006474,0.04648744734595914,15.2717,68.009,40.5775,2.16103,152,12,1,0,0,0,1,run_006
U000253,16265959,MODEL_A,BATCH_01,712179.0,50869.92857142857,10158.605495336951,36749.0,66349.0,14,1.95,4.0,0.0,4.0,14.0,15.133231428571428,67.58109545454546,40.22436857142858,2.068976136363636,0.08601752479250088,0.17550088047820675,0.14600848841446007,0.05008537906767853,15.3242,67.8526,40.5259,2.16154,158,12,1,0,0,0,0,run_006
U000254,16317790,MODEL_A,BATCH_01,708605.0,50614.642857142855,10742.591383454373,34375.0,72922.0,14,1.9268292682926829,4.0,0.0,3.0,14.0,15.089699999999999,67.58600434782609,40.26334358974359,2.0563980434782607,0.10090161179663074,0.16725365693596578,0.15537215898215098,0.05254109847938366,15.2858,67.973,40.7915,2.18058,170,12,2,0,0,0,0,run_006
U000255,16361828,MODEL_B,BATCH_01,672060.0,48004.28571428572,9327.567218722159,32583.0,64506.0,14,1.975,4.0,0.0,4.0,14.0,15.107263636363635,67.6561725,40.244342424242426,2.05219725,0.10390997250679851,0.2058167257755688,0.1442249177290096,0.05082605989095016,15.3665,68.1798,40.5971,2.17175,146,12,1,0,0,0,0,run_006
U000256,16420137,MODEL_A,BATCH_01,683623.0,48830.21428571428,9979.421658736399,33417.0,67518.0,14,1.975,4.0,0.0,2.0,14.0,15.11125,67.61901627906977,40.184641666666664,2.0632988372093024,0.09509853686721867,0.18820386860331453,0.16426973006091403,0.04858158740026933,15.2899,68.0604,40.4731,2.1823,158,12,1,0,0,0,0,run_006
U000257,16492878,MODEL_A,BATCH_01,707761.0,50554.357142857145,10862.794502387445,36410.0,72741.0,14,1.975,4.0,0.0,4.0,14.0,15.09894117647059,67.62042195121951,40.17905882352941,2.0674924390243903,0.0816061313711292,0.19578882694397137,0.1885001778274965,0.04647102235697464,15.2621,67.9748,40.5944,2.17422,150,12,1,0,0,0,0,run_006
U000258,16543706,MODEL_A,BATCH_01,706941.0,50495.78571428572,11277.27602256019,35742.0,72077.0,14,1.951219512195122,4.0,0.0,4.0,14.0,15.088554285714288,67.67452093023256,40.219254285714285,2.079434418604651,0.12200569259346113,0.1986880020800032,0.15379807683119678,0.058090006816283256,15.2794,68.1572,40.6382,2.1994,156,12,2,0,0,0,0,run_006
U000259,16598778,MODEL_A,BATCH_02,705012.0,50358.0,8051.122578201798,35352.0,61494.0,14,1.975,4.0,0.0,3.0,14.0,15.133813157894739,67.71035111111111,40.22051842105263,2.079958,0.1145118952184224,0.1736511466630005,0.16281121027752982,0.060660733128081824,15.3907,68.1328,40.6026,2.1723,166,12,1,0,0,0,0,run_006
U000260,16652318,MODEL_B,BATCH_01,693268.0,49519.142857142855,5839.224630523669,39971.0,60140.0,14,1.975,4.0,0.0,4.0,14.0,15.154025714285714,67.72850238095238,40.16245142857143,2.0831459523809523,0.10638944370139587,0.15732889968826336,0.143124148847051,0.04584278393940263,15.3731,68.0569,40.4066,2.20772,154,12,1,0,0,0,0,run_006
U000261,16709950,MODEL_A,BATCH_01,674136.0,48152.57142857143,7501.722117305781,36679.0,61638.0,14,1.925,4.0,0.0,3.0,14.0,15.14139090909091,67.74134000000001,40.1945393939394,2.0789247499999997,0.08869153836343527,0.17927334636790843,0.162201645220142,0.051234997002875024,15.2993,67.9979,40.5174,2.16827,146,12,1,0,0,0,0,run_006
U000262,16764942,MODEL_A,BATCH_01,730001.0,52142.92857142857,10851.778737319346,32023.0,64882.0,14,1.9,4.0,0.0,4.0,14.0,15.158562499999999,67.77899791666667,40.1285575,2.0948425,0.09746776110657422,0.19762498710305093,0.1405462144771116,0.05238348263710125,15.3263,68.1523,40.4496,2.24922,176,12,1,0,0,0,0,run_006
U000263,16824805,MODEL_A,BATCH_01,689261.0,49232.92857142857,9679.828665555267,33631.0,63905.0,14,1.975,4.0,0.0,5.0,14.0,15.138508823529412,67.77736,40.17759411764706,2.10129675,0.10882800544102114,0.19206587251413118,0.15006276048894174,0.04384165683208214,15.3771,68.231,40.4551,2.18888,148,12,1,0,0,0,0,run_006
U000264,16882614,MODEL_A,BATCH_01,698233.0,49873.78571428572,8659.016671642354,35388.0,61218.0,14,1.9,4.0,0.0,2.0,14.0,15.159288235294117,67.85802045454545,40.1276,2.0930863636363637,0.10355335841591863,0.17302561926119167,0.13536160101854297,0.041795053623599726,15.3639,68.2593,40.4973,2.19437,156,12,1,0,0,0,0,run_006
U000265,16958118,MODEL_B,BATCH_01,708920.0,50637.142857142855,12317.298154391481,29679.0,75504.0,14,1.975,4.0,0.0,3.0,14.0,15.165497142857143,67.86333488372092,40.12522571428572,2.1034188372093023,0.10098616820172582,0.19059085807751797,0.15611092651749753,0.0457965206730662,15.3811,68.3098,40.5031,2.22062,156,12,1,0,0,0,1,run_006
U000266,17015588,MODEL_A,BATCH_02,725835.0,51845.357142857145,9423.152800883112,37485.0,69285.0,14,1.925,4.0,0.0,2.0,14.0,15.117977777777778,67.95824523809523,40.141888888888886,2.114990238095238,0.10646689924535557,0.17858401480150599,0.1571550404223769,0.052105685682368015,15.3435,68.3408,40.4307,2.24981,156,12,1,0,0,0,0,run_006
U000267,17061720,MODEL_A,BATCH_01,692311.0,49450.78571428572,10707.710149367002,37991.0,79984.0,14,1.8780487804878048,4.0,0.0,4.0,14.0,15.141782352941178,67.92131395348838,40.14170294117647,2.09521511627907,0.11812998098034701,0.20278351414794007,0.1530675815989231,0.05064315012075001,15.358,68.3382,40.3875,2.21705,154,12,2,0,0,0,0,run_006
U000268,17145509,MODEL_A,BATCH_01,744623.0,53187.357142857145,14012.185886726447,36021.0,88885.0,14,1.9,4.0,0.0,5.0,14.0,15.125883783783783,67.996975,40.17272432432432,2.1013411363636365,0.10000117641950647,0.20001854347174558,0.1813113366030396,0.05936882543525997,15.3682,68.2729,40.5158,2.21514,162,12,1,0,0,0,0,run_006
U000269,17194769,MODEL_A,BATCH_01,698219.0,49872.78571428572,10748.010514856811,36749.0,72387.0,14,1.95,4.0,0.0,5.0,14.0,15.15955,67.95559777777778,40.155036111111116,2.1256611111111114,0.09517669732810481,0.2202044850184037,0.17473582697935017,0.049975195311920864,15.4028,68.4755,40.5932,2.22638,162,12,1,0,0,0,0,run_006
U000270,17243323,MODEL_B,BATCH_01,694430.0,49602.142857142855,11259.742078321762,32936.0,74101.0,14,1.925,4.0,0.0,5.0,14.0,15.150025714285714,67.99815476190477,40.13783142857143,2.120908095238095,0.09694322274906507,0.2021950135719397,0.16836012831642405,0.0538312488465663,15.3498,68.3882,40.5518,2.22291,154,12,1,0,0,0,0,run_006
U000271,17297258,MODEL_A,BATCH_01,710436.0,50745.42857142857,10035.980606063104,37067.0,71854.0,14,1.975,4.0,0.0,5.0,14.0,15.140555555555558,67.9964023255814,40.05036666666667,2.1191186046511628,0.11318856187655413,0.1968918369832879,0.1375392183031014,0.0482094345924211,15.4063,68.3586,40.3381,2.21819,158,12,1,0,0,0,0,run_006
U000272,17360419,MODEL_A,BATCH_01,713775.0,50983.92857142857,8309.68239200777,37664.0,63161.0,14,1.925,4.0,0.0,2.0,14.0,15.132937837837837,68.05508695652175,40.12395135135135,2.128983043478261,0.07747169142966345,0.19573262557625806,0.13785854590368463,0.050016950232210255,15.2915,68.4201,40.4969,2.23945,166,12,1,0,0,0,0,run_006
U000273,17429532,MODEL_A,BATCH_02,716152.0,51153.71428571428,9327.50927615209,37728.0,69113.0,14,1.9,4.0,0.0,3.0,14.0,15.16472222222222,68.06405454545455,40.08036388888889,2.1348629545454547,0.1182208927899948,0.20699174172330911,0.1659070172506756,0.04917540761725783,15.4151,68.5282,40.4583,2.25051,160,12,1,0,0,0,0,run_006
U000274,17498364,MODEL_A,BATCH_01,737052.0,52646.57142857143,11886.595053085804,35391.0,68832.0,14,1.9,4.0,0.0,4.0,14.0,15.135041666666666,68.03632727272726,40.082425,2.1307338636363635,0.10042133915230798,0.242868261125567,0.16672736406652416,0.050463196407896156,15.3273,68.623,40.4072,2.24593,160,12,1,0,0,0,0,run_006
U000275,17549101,MODEL_B,BATCH_01,719520.0,51394.28571428572,12118.306237504235,35488.0,76326.0,14,1.975,4.0,0.0,4.0,14.0,15.156745945945948,68.12683255813954,40.0599918918919,2.1439283720930233,0.10190600133509349,0.1699519045704108,0.16644088269542642,0.0439792258279938,15.3965,68.5436,40.3827,2.23917,160,12,1,0,0,0,0,run_006
U000276,17609676,MODEL_A,BATCH_01,672897.0,48064.07142857143,9236.800157432857,33607.0,60575.0,14,1.925,4.0,0.0,2.0,14.0,15.175041666666667,68.12867142857142,40.086461111111106,2.150142857142857,0.11066646252849789,0.19386691347254975,0.14609780926836624,0.05193525130605415,15.412,68.6895,40.3884,2.24278,156,12,1,0,0,0,0,run_006
U000277,17681559,MODEL_A,BATCH_01,734037.0,52431.21428571428,11204.519062060983,39015.0,71883.0,14,1.95,4.0,0.0,4.0,14.0,15.150664102564102,68.1809829787234,40.06583333333334,2.133786595744681,0.09429061316002976,0.20806786656108653,0.1580748745528933,0.04854206787289245,15.3517,68.5749,40.3295,2.24784,172,12,1,0,0,0,0,run_006
U000278,17735672,MODEL_A,BATCH_01,701182.0,50084.42857142857,9759.949036076632,37328.0,66054.0,14,1.975,4.0,0.0,4.0,14.0,15.168552777777778,68.16758837209302,40.043505555555555,2.1516867441860468,0.10163619570693191,0.1926506648602501,0.12685116350487116,0.04419696729096585,15.4107,68.5486,40.301,2.25137,158,12,1,0,0,0,0,run_006
U000279,17795763,MODEL_A,BATCH_01,655901.0,46850.07142857143,9758.644100837635,33301.0,64440.0,14,1.975,4.0,0.0,3.0,14.0,15.14738529411765,68.21797000000001,40.06745588235294,2.14845375,0.09775260713365105,0.18012216538099543,0.13040769913870967,0.04584253710969594,15.3465,68.7358,40.3608,2.26261,148,12,1,0,0,0,0,run_006
U000280,17851801,MODEL_B,BATCH_02,724409.0,51743.5,11408.728950642606,34443.0,72592.0,14,1.95,4.0,0.0,5.0,14.0,15.16658108108108,68.22547173913044,40.074194594594594,2.1514628260869566,0.10591477401361114,0.1786753712594043,0.17194722211246133,0.05031155876306236,15.3289,68.6518,40.4522,2.25509,166,12,1,0,0,0,0,run_006
U000281,17909308,MODEL_A,BATCH_01,730541.0,52181.5,9598.82170453148,37013.0,65498.0,14,2.0,4.0,0.0,4.0,14.0,15.177865714285712,68.27873255813952,40.06241142857143,2.1550181395348837,0.09590126032066708,0.19372988156184684,0.14152768336853427,0.04786038177945632,15.4348,68.8006,40.3066,2.26749,156,12,1,0,0,0,0,run_006
U000282,17976259,MODEL_A,BATCH_01,691466.0,49390.42857142857,11296.967208498487,33850.0,67506.0,14,2.0,4.0,0.0,3.0,14.0,15.178171428571428,68.28200487804878,40.062960000000004,2.1835468292682925,0.07733994315179406,0.17255894203318245,0.17354096854836987,0.0547498808874971,15.3648,68.7668,40.6295,2.33574,152,12,1,0,0,0,0,run_006
U000283,18026270,MODEL_A,BATCH_01,702346.0,50167.57142857143,7220.282657095334,34408.0,63253.0,14,1.975,4.0,0.0,4.0,14.0,15.18608888888889,68.32303720930233,40.01284166666667,2.160400930232558,0.08946070415160838,0.18363888220823987,0.12645876883113122,0.05657384326675361,15.4223,68.7045,40.2412,2.27429,158,12,1,0,0,0,0,run_006
U000284,18083289,MODEL_A,BATCH_01,711589.0,50827.78571428572,10520.35270817455,35109.0,68355.0,14,1.975,4.0,0.0,4.0,14.0,15.168899999999999,68.38072340425532,39.994423684210524,2.1578125531914893,0.09218266237879644,0.2390249297647239,0.11614346774387725,0.054800310712705524,15.3891,68.8168,40.2,2.26356,170,12,1,0,0,0,0,run_006
U000285,18143389,MODEL_B,BATCH_01,714972.0,51069.42857142857,8446.688042015101,38878.0,63507.0,14,2.0,4.0,0.0,4.0,14.0,15.179230555555556,68.34798444444444,39.98716944444445,2.174897111111111,0.09768350005266888,0.22526468770149463,0.1438141495511167,0.0556675146669215,15.3595,68.7787,40.2821,2.28347,162,12,1,0,0,0,0,run_006
U000286,18198106,MODEL_A,BATCH_01,697271.0,49805.07142857143,9706.00260318155,30255.0,63668.0,14,2.0,4.0,0.0,4.0,14.0,15.15831388888889,68.46659318181818,40.029586111111115,2.168715,0.12292181522711973,0.20365991419547116,0.13233046113591757,0.04902576619659081,15.3785,68.8927,40.276,2.26729,160,12,1,0,0,0,0,run_006
U000287,18261992,MODEL_A,BATCH_02,713561.0,50968.642857142855,10565.11322599157,33189.0,67428.0,14,2.0,4.0,0.0,4.0,14.0,15.1811,68.40497777777779,40.02352105263158,2.1807951111111112,0.09900250065091876,0.21977130250339966,0.15035610011604136,0.03750171630146491,15.3883,68.8935,40.3531,2.26037,166,12,1,0,0,0,0,run_006
U000288,18329286,MODEL_A,BATCH_01,726345.0,51881.78571428572,9677.627523779318,36610.0,69405.0,14,1.95,4.0,0.0,5.0,14.0,15.191174358974358,68.46802978723404,39.97727435897436,2.1905453191489364,0.11427270641102057,0.18646626797743585,0.16432560379343866,0.047339176158362174,15.5175,68.9228,40.2579,2.31568,172,12,1,0,0,0,0,run_006
U000289,18396200,MODEL_A,BATCH_01,741492.0,52963.71428571428,12243.873868049412,37232.0,82595.0,14,1.975,4.0,0.0,6.0,14.0,15.173354285714286,68.49050454545454,40.013017142857144,2.1837445454545454,0.10770402074218748,0.21920761418890758,0.1648856189743007,0.04884703135177831,15.3833,68.9149,40.3248,2.27641,158,12,1,0,0,0,0,run_006
U000290,18468424,MODEL_B,BATCH_01,728955.0,52068.21428571428,12623.00631739567,32633.0,70176.0,14,1.95,4.0,0.0,6.0,14.0,15.188429411764707,68.5436441860465,39.97488823529412,2.181071162790698,0.09250684668980973,0.20841114162512706,0.14423457275774731,0.046709409483850335,15.3555,68.8332,40.2734,2.28726,154,12,1,0,0,0,0,run_006
U000291,18529715,MODEL_A,BATCH_01,712386.0,50884.71428571428,9585.634993039335,33005.0,63577.0,14,1.95,4.0,0.0,5.0,14.0,15.198152777777779,68.5405488372093,39.93338333333333,2.1927402325581395,0.09178519484134381,0.19359076543807935,0.1590584393952656,0.04734929096308128,15.362,68.9078,40.2039,2.29961,158,12,1,0,0,0,0,run_006
U000292,18580530,MODEL_A,BATCH_01,712797.0,50914.07142857143,11184.015506098842,31814.0,75419.0,14,2.0,4.0,0.0,6.0,14.0,15.180102857142856,68.57860697674418,40.00149714285715,2.203114418604651,0.08455143400082928,0.25026357286378387,0.14431314905993992,0.05384113139609039,15.3791,69.057,40.3758,2.36321,156,12,1,0,0,0,0,run_006
U000293,18652796,MODEL_A,BATCH_01,685679.0,48977.07142857143,11133.84754468785,35544.0,73185.0,14,1.975,4.0,0.0,6.0,14.0,15.197060606060605,68.59682564102563,39.96715454545454,2.1975058974358976,0.11364999708368306,0.1628103008475769,0.14542368507852566,0.045206379249297414,15.4013,68.9901,40.1805,2.27065,144,12,1,0,0,0,0,run_006
U000294,18704247,MODEL_A,BATCH_02,720626.0,51473.28571428572,11753.99445313786,34706.0,71096.0,14,2.0,4.0,0.0,6.0,14.0,15.173321052631579,68.61424000000001,39.98014736842105,2.1849306666666664,0.10631921124586607,0.1895397204713675,0.1389319544448317,0.05304798057162299,15.3665,69.0563,40.331,2.31638,166,12,1,0,0,0,0,run_006
U000295,18764873,MODEL_B,BATCH_01,690037.0,49288.357142857145,7900.530659948812,33729.0,61817.0,14,2.0,4.0,0.0,5.0,14.0,15.23255,68.66027749999999,39.89064117647059,2.20831825,0.09861122700235062,0.19829674407700323,0.12923296820587582,0.05244537240407932,15.3814,68.9748,40.182,2.32441,148,12,1,0,0,0,0,run_006
U000296,18853007,MODEL_A,BATCH_01,721597.0,51542.642857142855,10975.89261558217,37244.0,71344.0,14,1.975,4.0,0.0,6.0,14.0,15.207056756756758,68.58594666666667,39.930459459459456,2.204569777777778,0.0973386372428764,0.22233477276804325,0.14964392637090165,0.05795422058867159,15.4532,69.0022,40.1946,2.33266,164,12,1,0,0,0,0,run_006
U000297,18923225,MODEL_A,BATCH_01,740447.0,52889.07142857143,11660.248529243972,40506.0,74877.0,14,1.95,4.0,0.0,6.0,14.0,15.197075,68.71150697674419,39.91963888888889,2.215697906976744,0.07588198120389694,0.2047377525790466,0.1343012695988878,0.05106244536317598,15.3411,69.1762,40.2454,2.31295,158,12,1,0,0,0,0,run_006
U000298,18976438,MODEL_A,BATCH_01,676339.0,48309.92857142857,10629.207550346906,33403.0,75769.0,14,2.0,4.0,0.0,5.0,14.0,15.206402777777779,68.70576590909091,39.93124722222222,2.222385681818182,0.12145867371511579,0.183882692564404,0.12080287244955473,0.04897777129392131,15.4098,69.1171,40.2884,2.32821,160,12,1,0,0,0,0,run_006
U000299,19030873,MODEL_A,BATCH_01,722220.0,51587.142857142855,14070.482353861564,31247.0,86490.0,14,2.0,4.0,0.0,6.0,14.0,15.211587878787878,68.72913902439024,39.90076363636364,2.221192682926829,0.09585755303305461,0.19219375494282992,0.14409240702189477,0.049690722223790895,15.3828,69.0617,40.1304,2.31035,148,12,1,0,0,0,0,run_006
U000300,19135446,MODEL_B,BATCH_01,752746.0,53767.57142857143,13674.704371515738,30360.0,76353.0,14,2.05,4.0,0.0,6.0,14.0,15.239294594594593,68.83219545454546,39.93210540540541,2.2120229545454544,0.08102424172892772,0.18043729562725622,0.1380180321269373,0.05372718702809009,15.3629,69.1525,40.202,2.35091,162,12,1,0,0,0,0,run_006
U000301,19225700,MODEL_A,BATCH_02,722225.0,51587.5,14438.032754073261,33183.0,90254.0,14,2.125,4.0,0.0,4.0,14.0,15.238751515151515,68.76963902439024,39.93103939393939,2.225996585365854,0.11956685400125572,0.16016707351707615,0.1583399940385271,0.05341250231030909,15.5863,69.0861,40.2515,2.33551,148,12,1,0,0,0,0,run_006
U000302,19294432,MODEL_A,BATCH_01,685714.0,48979.57142857143,9275.573991895104,35951.0,68732.0,14,2.0,4.0,0.0,1.0,14.0,15.208242857142857,68.82073023255815,39.90814,2.2385532558139536,0.07798776406935767,0.18933178428468245,0.14258590846965757,0.046609507446285905,15.3918,69.2136,40.2059,2.33457,156,12,1,0,0,0,0,run_006
U000303,19338059,MODEL_A,BATCH_01,705782.0,50413.0,7841.176873992244,38256.0,64204.0,14,2.05,4.0,0.0,5.0,14.0,15.222282857142858,68.781775,39.89532857142857,2.23008,0.10133765772875176,0.22988696324953392,0.13948347692875437,0.04805861498647881,15.3994,69.432,40.2748,2.35243,158,12,1,0,0,0,0,run_006
U000304,19422849,MODEL_A,BATCH_01,778677.0,55619.78571428572,13902.419414114007,40251.0,84790.0,14,2.075,4.0,0.0,4.0,14.0,15.232838461538462,68.86288333333333,39.88839487179487,2.240085833333333,0.0988784570634835,0.18253832280039153,0.16329456907318815,0.05086286589399332,15.4271,69.2566,40.1699,2.3269,174,12,1,0,0,0,0,run_006
U000305,19481468,MODEL_B,BATCH_01,680347.0,48596.21428571428,10007.189885881446,31829.0,62606.0,14,2.05,4.0,0.0,4.0,14.0,15.237245454545453,68.88519756097561,39.88440606060606,2.2413587804878046,0.08825714592495121,0.21352675650583222,0.14351419559444623,0.034408569295680015,15.4467,69.2847,40.1408,2.31142,148,12,1,0,0,0,0,run_006
U000306,19540871,MODEL_A,BATCH_01,709933.0,50709.5,10073.357562249197,33886.0,66313.0,14,2.125,4.0,0.0,5.0,14.0,15.225579487179488,68.95168043478262,39.85223846153846,2.2548897826086955,0.08942607408382588,0.22387646258056054,0.14743275651057924,0.04711629052976289,15.4077,69.4193,40.2241,2.36355,170,12,1,0,0,0,0,run_006
U000307,19600534,MODEL_A,BATCH_01,685527.0,48966.21428571428,10082.57942560466,38848.0,68339.0,14,2.048780487804878,4.0,0.0,3.0,14.0,15.239379999999999,68.95640952380953,39.87574,2.2505935714285714,0.11241075100352498,0.1873997628776404,0.15380045934299919,0.05732994389864347,15.466,69.4132,40.145,2.36013,154,12,2,0,0,0,0,run_006
U000308,19653037,MODEL_A,BATCH_02,708163.0,50583.07142857143,12570.090382541994,32409.0,71859.0,14,2.024390243902439,4.0,0.0,5.0,14.0,15.231527027027028,69.01825909090908,39.81944054054054,2.252820909090909,0.1127293727094737,0.17305456636185435,0.14720364476817105,0.046805130796973245,15.4506,69.3874,40.1393,2.34565,162,12,2,0,0,0,0,run_006
U000309,19703429,MODEL_A,BATCH_01,741809.0,52986.357142857145,8434.17919591416,38332.0,64044.0,14,2.05,4.0,0.0,5.0,14.0,15.24294210526316,69.00855777777778,39.81276578947368,2.2658168888888888,0.09278391819991835,0.21901456208216144,0.1613777007876918,0.04970587036952395,15.404,69.5961,40.1617,2.37507,166,12,1,0,0,0,0,run_006
U000310,19756254,MODEL_B,BATCH_01,656788.0,46913.42857142857,7961.611633469558,36164.0,62219.0,14,2.025,4.0,0.0,3.0,14.0,15.240811764705882,69.04781951219512,39.83882352941176,2.2699934146341465,0.10682127743077684,0.17547625796601762,0.1419079557827468,0.059958668873222744,15.5131,69.3746,40.0734,2.38146,150,12,1,0,0,0,0,run_006
U000311,19837307,MODEL_A,BATCH_01,724130.0,51723.57142857143,13720.307311619325,33704.0,81053.0,14,2.0,4.0,0.0,4.0,14.0,15.234459459459458,69.08142954545454,39.81167567567567,2.2701543181818185,0.11183662553390428,0.19477217529605123,0.15926591391862902,0.05441127492587537,15.4679,69.4487,40.1525,2.40158,162,12,1,0,0,0,0,run_006
U000312,19895794,MODEL_A,BATCH_01,712922.0,50923.0,10450.821020379211,36599.0,72226.0,14,2.0,4.0,0.0,5.0,14.0,15.25380857142857,69.10085476190477,39.82532571428572,2.281457857142857,0.11137284591282876,0.18996664816697745,0.16240599696051633,0.04943328287977418,15.4998,69.4445,40.1385,2.36065,154,12,1,0,0,0,0,run_006
U000313,19951679,MODEL_A,BATCH_01,697062.0,49790.142857142855,8526.904216448283,36434.0,60376.0,14,2.025,4.0,0.0,5.0,14.0,15.221854285714286,69.07313953488372,39.83323142857143,2.271316046511628,0.08318108291325522,0.21742891245463852,0.16187232400046445,0.05018440386355749,15.4204,69.722,40.1817,2.37264,156,12,1,0,0,0,0,run_006
U000314,20010042,MODEL_A,BATCH_01,721132.0,51509.42857142857,8716.428800430085,32076.0,65420.0,14,2.025,4.0,0.0,4.0,14.0,15.226451428571428,69.15390000000001,39.75787714285714,2.2782846511627906,0.10522221687633147,0.2235767046387958,0.1655523679112083,0.04302630188666093,15.5039,69.5725,40.1017,2.38368,156,12,1,0,0,0,0,run_006
U000315,20061149,MODEL_B,BATCH_02,699722.0,49980.142857142855,8697.82680954221,33782.0,62555.0,14,2.024390243902439,4.0,0.0,5.0,14.0,15.274944444444445,69.14793777777778,39.13448611111111,2.373822888888889,0.09185907667864919,0.1696312073144262,0.7636568882321727,0.11097043049271005,15.4654,69.4245,40.0861,2.53587,162,12,2,1,0,1,1,run_006
U000316,20112150,MODEL_A,BATCH_01,704630.0,50330.71428571428,9082.525008359324,33605.0,66735.0,14,2.075,4.0,0.0,4.0,14.0,15.245436111111111,69.15121395348837,39.31886388888889,2.3452493023255814,0.08959747813025505,0.24239090975941768,0.7551076260669365,0.10260702165231603,15.4038,69.659,40.1068,2.5672,158,12,1,0,0,0,1,run_006
U000317,20178889,MODEL_A,BATCH_01,690317.0,49308.357142857145,8770.8403474866,33764.0,66739.0,14,2.1,4.0,0.0,4.0,14.0,15.295230303030303,69.25738292682928,39.76471212121212,2.2835668292682927,0.09860907819785297,0.19742821974383282,0.14143354392959703,0.06116252808865182,15.521,69.7025,39.9878,2.41625,148,12,1,0,0,0,0,run_006
U000318,20232871,MODEL_A,BATCH_01,676617.0,48329.78571428572,9388.199378258541,33633.0,63725.0,14,1.951219512195122,4.0,0.0,2.0,14.0,15.277047222222222,69.23321428571428,39.760727777777774,2.303527142857143,0.09187327758886486,0.20287833500729238,0.1613893174214998,0.05005841111486602,15.5187,69.8358,40.1007,2.40533,156,12,2,0,0,0,0,run_006
U000319,20281497,MODEL_A,BATCH_01,709520.0,50680.0,12801.978771328222,32367.0,79092.0,14,1.9268292682926829,4.0,0.0,5.0,14.0,15.290219444444444,69.20081363636363,39.765838888888894,2.2978838636363634,0.0742849641369324,0.23892568328939784,0.1299881693029412,0.056929402229546726,15.5623,69.8369,39.9929,2.4029,160,12,2,0,0,0,0,run_006
U000320,20329640,MODEL_B,BATCH_01,730719.0,52194.21428571428,9557.78632383503,37455.0,68538.0,14,1.925,4.0,0.0,5.0,14.0,15.286375675675677,69.24150930232558,39.75927027027027,2.2946955813953487,0.10486753921390905,0.21323824013122902,0.12420220490274259,0.05290257781559308,15.4769,69.6447,39.9943,2.41919,160,12,1,0,0,0,0,run_006
U000321,20385643,MODEL_A,BATCH_01,729293.0,52092.357142857145,10824.35878084626,33494.0,72926.0,14,2.0,4.0,0.0,5.0,14.0,15.280272972972972,69.34479565217391,39.78754594594595,2.301103913043478,0.10743003575621922,0.17678108867751996,0.16236271909694255,0.050795623848178095,15.5288,69.7057,40.1469,2.42266,166,12,2,0,0,0,0,run_006
U000322,20460912,MODEL_A,BATCH_02,741564.0,52968.857142857145,12619.780108148556,32370.0,77974.0,14,2.025,4.0,0.0,3.0,14.0,15.269688571428572,69.36100930232558,39.78736,2.290667441860465,0.08246711205946625,0.20272868429310903,0.14057116933090855,0.04730520348369139,15.4449,69.7202,40.0854,2.37973,156,12,1,0,0,0,0,run_006
U000323,20535757,MODEL_A,BATCH_01,742749.0,53053.5,12910.78476283714,35729.0,74845.0,14,1.975,4.0,0.0,3.0,14.0,15.269846153846155,69.36556739130435,39.75665128205128,2.305264347826087,0.095759129965032,0.19183861626591708,0.1502120674103158,0.04604402563017147,15.4619,69.7089,40.0443,2.42994,170,12,1,0,0,0,0,run_006
U000324,20581899,MODEL_A,BATCH_01,704781.0,50341.5,8286.815745043912,38768.0,64432.0,14,2.0,4.0,0.0,4.0,14.0,15.26392857142857,69.35911904761905,39.70033142857143,2.3097785714285712,0.08496769133870019,0.176289757651229,0.13763889406582608,0.04485041917695345,15.4713,69.7568,39.977,2.43761,154,12,1,0,0,0,0,run_006
U000325,20634435,MODEL_B,BATCH_01,688186.0,49156.142857142855,8728.076463187796,38384.0,69299.0,14,1.975,4.0,0.0,4.0,14.0,15.275251515151515,69.44923076923077,39.78388181818182,2.3088820512820516,0.12554213217385457,0.17476449439752959,0.17057027777162995,0.05232441998971864,15.6165,69.8026,40.0541,2.42234,144,12,1,0,0,0,0,run_006
U000326,20686638,MODEL_A,BATCH_01,678704.0,48478.857142857145,10433.939737201878,32099.0,72700.0,14,1.9268292682926829,4.0,0.0,5.0,14.0,15.270854545454545,69.46505499999999,39.76850303030303,2.31266075,0.09364461440370338,0.1804643724338643,0.16195192860237928,0.04668037897740718,15.4386,69.8381,40.0626,2.41519,146,12,2,0,0,0,0,run_006
U000327,20731457,MODEL_A,BATCH_01,705043.0,50360.21428571428,10256.044643027848,33892.0,65273.0,14,1.975,4.0,0.0,5.0,14.0,15.29809705882353,69.51388095238096,39.74483529411765,2.3332357142857143,0.09171518655943962,0.1763136108882021,0.15523618736651923,0.04743183453679758,15.5176,69.8249,40.0685,2.4271,152,12,1,0,0,0,0,run_006
U000328,20793196,MODEL_A,BATCH_01,701161.0,50082.92857142857,10458.944287541171,35031.0,68372.0,14,2.0,4.0,0.0,6.0,14.0,15.278676315789474,69.46500652173913,39.72686052631579,2.3348743478260867,0.07878740273230862,0.19955384837423382,0.14570305889955937,0.0472460756113812,15.4338,69.877,40.0586,2.43697,168,12,1,0,0,0,0,run_006
U000329,20863233,MODEL_A,BATCH_02,706963.0,50497.357142857145,9180.925691614384,34402.0,66774.0,14,2.025,4.0,0.0,6.0,14.0,15.29354054054054,69.55126444444444,39.712154054054054,2.345082,0.11327910089553023,0.1803890620494227,0.13746669211645862,0.05216974352142159,15.5353,69.9335,40.0137,2.47123,164,12,1,0,0,0,0,run_006
U000330,20927010,MODEL_B,BATCH_01,691992.0,49428.0,8493.862825140732,37136.0,65386.0,14,2.025,4.0,0.0,4.0,14.0,15.30140303030303,69.5767425,39.70715454545454,2.3478275,0.11671768954631641,0.25960336796786376,0.11563001905568568,0.05289126789207044,15.5246,70.1664,39.9666,2.47124,146,12,1,0,0,0,0,run_006
U000331,20998768,MODEL_A,BATCH_01,700210.0,50015.0,10206.254251494709,36085.0,73403.0,14,1.975,4.0,0.0,4.0,14.0,15.305964864864865,69.54654222222221,39.70972702702703,2.34073,0.10889346275709673,0.20309686950822473,0.1726684904161225,0.04399569524396677,15.5342,69.8609,40.0437,2.43765,164,12,1,0,0,0,0,run_006
U000332,21072554,MODEL_A,BATCH_01,718315.0,51308.21428571428,9449.307945180808,37903.0,68441.0,14,1.95,4.0,0.0,6.0,14.0,15.319088571428571,69.64465476190476,39.67698571428571,2.348706904761905,0.10919128054885655,0.2101509181312452,0.13985145090176124,0.05326101463950652,15.5635,70.0566,40.0251,2.49989,154,12,1,0,0,0,0,run_006
U000333,21128727,MODEL_A,BATCH_01,743285.0,53091.78571428572,10042.516051411476,37517.0,67379.0,14,2.0,4.0,0.0,6.0,14.0,15.294178378378378,69.5945652173913,39.67347837837838,2.3391254347826087,0.09619413280541694,0.19310097671355758,0.16059560346676113,0.05499008479137239,15.5188,70.2039,39.9953,2.43403,166,12,1,0,0,0,0,run_006
U000334,21194241,MODEL_A,BATCH_01,722988.0,51642.0,12058.692224028531,38473.0,78530.0,14,1.975,4.0,0.0,4.0,14.0,15.326594285714284,69.69767674418605,39.698,2.3486144186046514,0.09563875335269235,0.18570448469750492,0.13198404315317408,0.05189232461376727,15.6236,70.0166,40.0082,2.48529,156,12,1,0,0,0,0,run_006
U000335,21272595,MODEL_B,BATCH_01,741642.0,52974.42857142857,13020.354601778092,34522.0,78354.0,14,1.975,4.0,0.0,5.0,14.0,15.270678378378378,69.68014090909091,39.65917567567568,2.355048181818182,0.09531705902797047,0.1895855618560444,0.16474763597259487,0.04579710680781229,15.4452,70.1566,40.0342,2.44911,162,12,1,0,0,0,0,run_006
U000336,21332067,MODEL_A,BATCH_02,687478.0,49105.57142857143,9767.867381717117,30362.0,67021.0,14,2.0,4.0,0.0,5.0,14.0,15.290734210526317,69.70274565217392,39.643884210526316,2.3570258695652173,0.10093559433328732,0.20292702980411412,0.12935265545664093,0.0423286446524803,15.4989,70.2084,39.9472,2.43229,168,12,1,0,0,0,0,run_006
U000337,21389115,MODEL_A,BATCH_01,725100.0,51792.857142857145,9566.527517717845,38073.0,65923.0,14,2.025,4.0,0.0,4.0,14.0,15.3079,69.7445288888889,39.59943513513514,2.3629775555555557,0.08539570637137794,0.20722847911316564,0.13427924927846047,0.0448953308543912,15.4912,70.1991,39.9425,2.48465,164,12,1,0,0,0,0,run_006
U000338,21448524,MODEL_A,BATCH_01,686985.0,49070.357142857145,10307.132374512043,33664.0,65127.0,14,2.0,4.0,0.0,3.0,14.0,15.284072972972973,69.79825681818183,39.63398378378378,2.360835454545455,0.1055916101692655,0.2054861568332661,0.16390302775576635,0.046664849500007474,15.5658,70.3189,39.9993,2.47734,162,12,1,0,0,0,0,run_006
U000339,21499157,MODEL_A,BATCH_01,716643.0,51188.78571428572,9853.9942013267,36534.0,70943.0,14,2.0,4.0,0.0,4.0,14.0,15.297361111111112,69.83558043478261,39.609772222222226,2.370205,0.10365518739077113,0.17325464703668694,0.15513718097424278,0.051461094203938886,15.5357,70.1388,39.8626,2.45962,164,12,1,0,0,0,0,run_006
U000340,21561538,MODEL_B,BATCH_01,723077.0,51648.357142857145,9642.178477175907,40049.0,62905.0,14,2.025,4.0,0.0,4.0,14.0,15.320572972972974,69.79536,39.59147567567568,2.374828888888889,0.08294656462194532,0.17833445391888011,0.16289061497657686,0.05498260663908438,15.5092,70.1864,39.9673,2.4884,164,12,1,0,0,0,0,run_006
U000341,21628983,MODEL_A,BATCH_01,675645.0,48260.357142857145,10288.793063755886,32580.0,67445.0,14,2.025,4.0,0.0,3.0,14.0,15.30161388888889,69.80941818181817,39.64919166666667,2.384420681818182,0.1023047468603424,0.25970319845862594,0.1347427737261946,0.048739127751149934,15.5204,70.2627,39.8951,2.47764,160,12,1,0,0,0,0,run_006
U000342,21676809,MODEL_A,BATCH_01,704937.0,50352.642857142855,12213.834700592872,30448.0,83749.0,14,2.0,4.0,0.0,3.0,14.0,15.300578947368422,69.89306222222223,39.64554210526316,2.3737044444444444,0.09674136921597169,0.1959242621396066,0.14878770225188054,0.052475254798444046,15.5218,70.3105,39.9397,2.50051,166,12,1,0,0,0,0,run_006
U000343,21729248,MODEL_A,BATCH_02,691800.0,49414.28571428572,9510.903681310458,33420.0,62469.0,14,1.975609756097561,4.0,0.0,4.0,14.0,15.331222222222221,69.92628222222221,39.619499999999995,2.3832257777777777,0.0858975040752018,0.16520035258724358,0.12815445368772557,0.04420015551643193,15.5755,70.3442,39.8388,2.48987,162,12,2,0,0,0,0,run_006
U000344,21779873,MODEL_A,BATCH_01,714947.0,51067.642857142855,9679.533639490177,34148.0,68877.0,14,2.0,4.0,0.0,3.0,14.0,15.322874358974358,69.90839583333333,39.62067435897436,2.392709583333333,0.12290819149170852,0.214728689734363,0.16059039546221138,0.04440606279089204,15.6048,70.4467,39.9858,2.50015,174,12,1,0,0,0,0,run_006
U000345,21846478,MODEL_B,BATCH_01,671108.0,47936.28571428572,10166.75168931001,29380.0,64353.0,14,2.0,4.0,0.0,3.0,14.0,15.32781891891892,69.96728333333333,38.81006486486487,2.4859769047619045,0.10028682431970848,0.2569761077597488,0.7514588360930703,0.09821753160498392,15.6037,70.4784,39.9185,2.63086,158,11,1,0,0,0,1,run_006
U000346,21896939,MODEL_A,BATCH_01,717993.0,51285.21428571428,11696.83669386117,29929.0,75996.0,14,2.0,4.0,0.0,5.0,14.0,15.347170270270269,69.96487272727273,39.60337837837838,2.3972118181818183,0.10291560961633917,0.19906438991422537,0.13571020213662552,0.04612024759775041,15.5464,70.5336,39.9628,2.52111,162,12,1,0,0,0,0,run_006
U000347,21975432,MODEL_A,BATCH_01,697617.0,49829.78571428572,12199.858026781556,31512.0,73508.0,14,1.95,4.0,0.0,5.0,14.0,15.313836363636364,70.00987317073171,39.59571818181818,2.3964629268292685,0.08647541492449533,0.21992945462623914,0.15556243010152104,0.05644865964945049,15.4513,70.4807,39.9133,2.52358,148,12,1,0,0,0,0,run_006
U000348,22041406,MODEL_A,BATCH_01,728255.0,52018.21428571428,11662.590239925074,31972.0,66449.0,14,2.025,4.0,0.0,5.0,14.0,15.340699999999998,69.99736595744682,39.5684,2.4145978723404258,0.08561516712653923,0.19419158544949755,0.12697868242139618,0.05810952552072863,15.477,70.4262,39.9529,2.56336,172,12,1,0,0,0,0,run_006
U000349,22096520,MODEL_A,BATCH_01,699234.0,49945.28571428572,8550.557736451792,36113.0,65194.0,14,2.025,4.0,0.0,3.0,14.0,15.350922222222222,70.06869782608696,39.55381944444444,2.4066232608695652,0.0861529208894149,0.224506343873872,0.16046053866372909,0.048223275341747474,15.491,70.5166,39.8635,2.52757,164,12,1,0,0,0,0,run_006
U000350,22156853,MODEL_B,BATCH_02,708508.0,50607.71428571428,8112.864290064944,39545.0,65095.0,14,2.075,4.0,0.0,4.0,14.0,15.335322222222223,70.11217209302325,39.56452222222222,2.4026827906976744,0.10837464413811701,0.20701081559688084,0.13748525554423585,0.04868264520758426,15.5114,70.5015,39.8849,2.53566,158,12,1,0,0,0,0,run_006
U000351,22205942,MODEL_A,BATCH_01,698566.0,49897.57142857143,6116.2196558921,36755.0,58843.0,14,2.05,4.0,0.0,2.0,14.0,15.337356756756758,70.13340444444445,39.56261621621622,2.4133735555555558,0.1175985887588711,0.20086367714940315,0.16040087370486794,0.04637041617412565,15.6067,70.6066,39.8833,2.49133,164,12,1,0,0,0,0,run_006
U000352,22269060,MODEL_A,BATCH_01,677911.0,48422.21428571428,9914.656029400045,28647.0,63118.0,14,2.025,4.0,0.0,2.0,14.0,15.322436363636363,70.15839230769231,39.539057575757575,2.400143846153846,0.11492534211984602,0.18517367578149233,0.12118497748871095,0.04849078211997908,15.5092,70.4425,39.8266,2.51447,144,12,1,0,0,0,0,run_006
U000353,22323790,MODEL_A,BATCH_01,719799.0,51414.21428571428,8357.201677213872,38410.0,67590.0,14,1.975,4.0,0.0,3.0,14.0,15.334731578947368,70.14542826086956,39.25803157894737,2.443227173913044,0.08353064854344301,0.19232414034996295,0.6174739102072493,0.08934302090912909,15.5096,70.4943,39.8139,2.66522,168,12,1,0,0,0,1,run_006
U000354,22377116,MODEL_A,BATCH_01,731552.0,52253.71428571428,8850.60120016689,37484.0,64510.0,14,1.975,4.0,0.0,4.0,14.0,15.352200000000002,70.208675,39.563297222222225,2.412958863636364,0.09572488256904288,0.24126020029044445,0.15375347891276417,0.04977899843031345,15.5437,70.905,39.8918,2.53704,160,12,1,0,0,0,0,run_006
U000355,22456680,MODEL_B,BATCH_01,728552.0,52039.42857142857,10247.416753010983,37731.0,72443.0,14,2.0,4.0,0.0,5.0,14.0,15.348634285714285,70.20522790697675,38.85693142857143,2.4967172093023255,0.09950300599318956,0.24176290562448205,0.7723034936708097,0.0923557298690539,15.5644,70.6194,39.7902,2.66624,156,12,1,1,1,0,1,run_006
U000356,22513528,MODEL_A,BATCH_01,693711.0,49550.78571428572,9166.214445355386,35265.0,70672.0,14,2.0,4.0,0.0,3.0,14.0,15.34872,70.23711363636363,39.50244285714285,2.4370695454545452,0.10464845857609638,0.18968554466863494,0.13596697108816785,0.053021243129941775,15.5317,70.53,39.6969,2.57432,158,12,1,0,0,0,0,run_006
U000357,22586167,MODEL_A,BATCH_02,684885.0,48920.357142857145,10014.069253629292,33792.0,72639.0,14,2.0,4.0,0.0,4.0,14.0,15.33860606060606,70.26561463414633,39.50215151515151,2.4344224390243903,0.09208499110670157,0.215939727193696,0.15658769931178385,0.04835234155552796,15.5565,70.7282,39.7998,2.53662,148,12,1,0,0,0,0,run_006
U000358,22633133,MODEL_A,BATCH_01,697299.0,49807.07142857143,8839.799088077874,37536.0,64052.0,14,1.975,4.0,0.0,4.0,14.0,15.332743243243243,70.28266,39.53494594594595,2.4437806666666666,0.09308225615771995,0.213859253205976,0.1646166499520682,0.05376438079925475,15.5622,70.7511,39.9958,2.58008,164,12,1,0,0,0,0,run_006
U000359,22708555,MODEL_A,BATCH_01,730580.0,52184.28571428572,12906.32415302115,35080.0,80257.0,14,1.975,4.0,0.0,4.0,14.0,15.365320588235292,70.32697560975609,39.45953529411764,2.430152195121951,0.10003718635681924,0.21102972394960207,0.14743983443148556,0.05680901347991328,15.6242,70.7585,39.7884,2.53541,150,12,1,0,0,0,0,run_006
U000360,22766706,MODEL_B,BATCH_01,709642.0,50688.71428571428,8727.206702901269,34840.0,63602.0,14,2.0,4.0,0.0,5.0,14.0,15.338334285714284,70.28308139534884,39.00897142857143,2.4894076744186044,0.10960320933165345,0.19523773207701695,0.7496272546568554,0.09417422399941229,15.5554,70.965,39.829,2.66474,156,12,1,0,0,0,0,run_006
U000361,22815503,MODEL_A,BATCH_01,688304.0,49164.57142857143,9143.53371105913,33678.0,64555.0,14,1.975,4.0,0.0,4.0,14.0,15.328127777777777,70.40480465116279,39.47909444444444,2.4292546511627906,0.1007731047200623,0.2180165250983215,0.15592651739007388,0.046619865699630704,15.4938,70.75,39.8472,2.58198,158,12,1,0,0,0,0,run_006
U000362,22867064,MODEL_A,BATCH_01,674827.0,48201.92857142857,8990.888348889548,32526.0,66130.0,14,1.975,4.0,0.0,4.0,14.0,15.390661111111111,70.41182790697674,39.482708333333335,2.4463006976744186,0.1276498520569401,0.22450172904793755,0.15087987535027464,0.055988032198869615,15.6296,70.9759,39.8472,2.55834,158,12,1,0,0,0,0,run_006
U000363,22928712,MODEL_A,BATCH_01,710630.0,50759.28571428572,8627.979970631965,39145.0,65350.0,14,1.975,4.0,0.0,5.0,14.0,15.34245142857143,70.37696818181819,39.456294285714286,2.4584838636363635,0.10196620077672988,0.17942399281204655,0.1438112528176226,0.04694709413281984,15.5484,70.8809,39.7953,2.54579,158,12,1,0,0,0,0,run_006
U000364,22986803,MODEL_A,BATCH_02,677899.0,48421.357142857145,8703.71116785286,32687.0,67142.0,14,2.025,4.0,0.0,5.0,14.0,15.364220588235295,70.47276341463414,39.4704,2.465462926829268,0.09949259079894322,0.217806623815825,0.13078139521099116,0.05677187605865703,15.6398,71.0021,39.7239,2.63953,150,12,1,0,0,0,1,run_006
U000365,23044077,MODEL_B,BATCH_01,705874.0,50419.57142857143,10166.091736100614,33086.0,65504.0,14,1.975,4.0,0.0,3.0,14.0,15.416043243243243,70.39922666666666,39.415281081081076,2.4676253333333333,0.09397630180157272,0.2005778667659117,0.12904045842258038,0.04700747941454734,15.6506,70.9055,39.7238,2.56944,164,12,1,0,0,0,0,run_006
U000366,23099610,MODEL_A,BATCH_01,687530.0,49109.28571428572,7913.193320491578,35614.0,58715.0,14,1.975,4.0,0.0,4.0,14.0,15.385150000000001,70.46288888888888,39.44193421052631,2.4594331111111107,0.09849806075742293,0.19881412770157245,0.14655720454284887,0.057367070251076194,15.5674,71.0834,39.7808,2.57353,166,12,1,0,0,0,0,run_006
U000367,23168237,MODEL_A,BATCH_01,719768.0,51412.0,11230.682156142951,35691.0,68627.0,14,2.0,4.0,0.0,4.0,14.0,15.396266666666666,70.47790681818182,39.4248,2.454030909090909,0.1094736028195186,0.2059564532858948,0.1540318352994424,0.055736732692609,15.6285,70.9911,39.7375,2.55863,160,12,1,0,0,0,0,run_006
U000368,23229495,MODEL_A,BATCH_01,676667.0,48333.357142857145,8054.812919635669,34211.0,61258.0,14,2.0,4.0,0.0,4.0,14.0,15.380724324324325,70.53629318181818,39.42764864864865,2.4696579545454544,0.09395794687401787,0.15929310763017293,0.15616494417695062,0.0447457388164554,15.5396,71.0697,39.8805,2.55641,162,12,1,0,0,0,0,run_006
U000369,23310409,MODEL_A,BATCH_01,735258.0,52518.42857142857,13363.938541487661,36991.0,80914.0,14,1.9,4.0,0.0,4.0,14.0,15.396894594594595,70.61113863636363,39.43447027027027,2.4799943181818183,0.0834161619896354,0.18848400242510985,0.15649999798520656,0.049768154915672255,15.606,71.0303,39.7019,2.60619,162,12,1,0,0,0,1,run_006
U000370,23366404,MODEL_B,BATCH_01,736735.0,52623.92857142857,11400.024119166697,40468.0,80656.0,14,1.95,4.0,0.0,6.0,14.0,15.40105789473684,70.6185590909091,39.182592105263154,2.4973063636363637,0.09715479326779311,0.20984104761526098,0.5435143825052348,0.072853463983371,15.6414,71.0295,39.7628,2.67732,164,12,1,0,0,0,1,run_006
U000371,23443373,MODEL_A,BATCH_02,725218.0,51801.28571428572,12432.04884054219,30104.0,76969.0,14,1.975,4.0,0.0,5.0,14.0,15.39474054054054,70.58664318181819,39.436637837837836,2.4829395454545455,0.10627552101197309,0.18421673837254285,0.18894729328476612,0.04279682176607232,15.6045,71.0005,39.8069,2.56136,162,12,1,0,0,0,0,run_006
U000372,23495751,MODEL_A,BATCH_01,712233.0,50873.78571428572,10281.599600021626,38198.0,72740.0,14,2.0,4.0,0.0,5.0,14.0,15.389866666666668,70.63643953488372,39.38145555555556,2.4939,0.1138908249157936,0.21787270217298704,0.13644014583994415,0.051703914284906456,15.6623,71.2334,39.6454,2.60992,158,12,1,0,0,0,0,run_006
U000373,23543880,MODEL_A,BATCH_01,681105.0,48650.357142857145,9069.701832153902,33086.0,64019.0,14,2.025,4.0,0.0,5.0,14.0,15.368050000000002,70.72477906976745,39.42307777777778,2.4822627906976744,0.09792240514086344,0.17094002367600392,0.15211576063945773,0.05088614154708904,15.5604,71.1102,39.6936,2.59332,158,12,1,0,0,0,0,run_006
U000374,23612651,MODEL_A,BATCH_01,700104.0,50007.42857142857,9859.076932251008,32465.0,68771.0,14,1.925,4.0,0.0,3.0,14.0,15.37266111111111,70.69751818181818,39.42330833333333,2.4846524999999997,0.09114395294658958,0.2277940739502459,0.1316708827233367,0.047295409636395155,15.6001,71.1329,39.6414,2.57888,160,12,1,0,0,0,0,run_006
U000375,23667214,MODEL_B,BATCH_01,723169.0,51654.92857142857,9000.894455247515,38332.0,70866.0,14,1.9,4.0,0.0,6.0,14.0,15.380831578947367,70.74760638297872,39.40087105263158,2.5044417021276595,0.10532029681767831,0.19575095580227278,0.13286748510776417,0.0534926827307757,15.6668,71.195,39.7788,2.64051,170,12,1,0,0,0,0,run_006
U000376,23716963,MODEL_A,BATCH_01,712962.0,50925.857142857145,7631.065122320664,38928.0,65113.0,14,1.9,4.0,0.0,6.0,14.0,15.39028918918919,70.7505043478261,39.39517297297297,2.501670434782609,0.08987974306379169,0.19693399791867347,0.14610440454355664,0.04890829990714013,15.5638,71.224,39.6787,2.5942,166,12,1,0,0,0,0,run_006
U000377,23780032,MODEL_A,BATCH_01,738155.0,52725.357142857145,9564.954249013128,39212.0,65242.0,14,1.95,4.0,0.0,6.0,14.0,15.445148717948719,70.78350666666667,39.396284615384616,2.492105111111111,0.11169649872426854,0.2120270323674447,0.1675784962000307,0.049356216639954306,15.6793,71.2805,39.742,2.61269,168,12,1,0,0,0,0,run_006
U000378,23828898,MODEL_A,BATCH_02,689406.0,49243.28571428572,9127.616450417605,35813.0,70951.0,14,1.9,4.0,0.0,3.0,14.0,15.382747368421052,70.83489565217391,39.369797368421054,2.512319782608696,0.09051301455425324,0.22356928128933962,0.19547286462242813,0.049615731756464804,15.6512,71.3596,39.685,2.61008,168,12,1,0,0,0,0,run_006
U000379,23898507,MODEL_A,BATCH_01,704228.0,50302.0,11132.471506640108,34312.0,69609.0,14,1.9,4.0,0.0,5.0,14.0,15.424214285714285,70.82448095238095,38.93689714285714,2.559577142857143,0.08793437774793136,0.16617922918856382,0.7058062129832146,0.0935668207110784,15.616,71.3229,39.576,2.73648,154,12,1,0,0,0,1,run_006
U000380,23958750,MODEL_B,BATCH_01,724060.0,51718.57142857143,10007.477087076026,35691.0,65389.0,14,1.9,4.0,0.0,5.0,14.0,15.44366052631579,70.89600434782608,39.37666315789474,2.5026771739130433,0.11148929784894417,0.2339955222330555,0.13861190312183047,0.045938148062272956,15.7186,71.5565,39.6673,2.60772,168,12,1,1,1,0,0,run_006
U000381,24025973,MODEL_A,BATCH_01,734386.0,52456.142857142855,11739.411096860818,33842.0,74131.0,14,1.925,4.0,0.0,5.0,14.0,15.41302222222222,70.82695,39.34055,2.5126254545454545,0.09202294779366152,0.22904357410154408,0.1582401529321814,0.050311443030274745,15.5868,71.3107,39.7402,2.63964,160,12,1,0,0,0,0,run_006
U000382,24080892,MODEL_A,BATCH_01,692042.0,49431.57142857143,9238.603913131912,37113.0,67202.0,14,1.875,4.0,0.0,4.0,14.0,15.398080000000002,70.84558837209302,39.05791428571429,2.550873953488372,0.09712278099516744,0.18660709833038716,0.629812667359419,0.09545267730884373,15.6002,71.1964,39.5993,2.82045,156,12,1,0,0,0,1,run_006
U000383,24133865,MODEL_A,BATCH_01,733571.0,52397.92857142857,9319.402799158703,36692.0,64908.0,14,1.95,4.0,0.0,5.0,14.0,15.405013157894736,70.94368936170213,39.34231052631579,2.5196746808510637,0.11797324747368768,0.19648950324219905,0.1557575659339269,0.051220880331766555,15.6433,71.5623,39.6723,2.63865,170,12,1,0,0,0,0,run_006
U000384,24198135,MODEL_A,BATCH_01,694978.0,49641.28571428572,8988.68838235951,33480.0,64270.0,14,1.875,4.0,0.0,2.0,14.0,15.436414285714285,70.92026976744187,39.298880000000004,2.522143023255814,0.0909505235339106,0.20465432706893721,0.1307232928521833,0.055560327767163915,15.6413,71.3968,39.5888,2.65504,156,12,1,0,0,0,0,run_006
U000385,24258225,MODEL_B,BATCH_02,720264.0,51447.42857142857,10148.564595087295,38660.0,70197.0,14,1.875,4.0,0.0,4.0,14.0,15.418894594594594,70.97671590909091,39.305237837837836,2.5224195454545453,0.1125739730773253,0.19799514316709524,0.14199182361309737,0.052033045624851615,15.7374,71.3824,39.611,2.62284,162,12,1,0,0,0,0,run_006
U000386,24314131,MODEL_A,BATCH_01,747039.0,53359.92857142857,10807.251009351125,34812.0,73728.0,14,1.875,4.0,0.0,6.0,14.0,15.42202564102564,71.04830434782609,39.32374615384615,2.525855869565217,0.0950271476943316,0.18059152921751365,0.15045561130001028,0.05105760157034354,15.6499,71.5184,39.6882,2.66006,170,12,1,0,0,0,0,run_006
U000387,24380740,MODEL_A,BATCH_01,757014.0,54072.42857142857,10973.547057946533,38228.0,74385.0,14,1.9,4.0,0.0,4.0,14.0,15.400263888888889,71.04763333333334,39.335705555555556,2.531509111111111,0.08850350486289163,0.18167930286884443,0.16063977971037277,0.045107109841829085,15.6076,71.4527,39.6946,2.64512,162,12,1,0,0,0,0,run_006
U000388,24437719,MODEL_A,BATCH_01,730406.0,52171.857142857145,10325.171370208622,35749.0,74808.0,14,1.925,4.0,0.0,4.0,14.0,15.42430487804878,71.04872244897959,39.2980243902439,2.542966530612245,0.08338820645396883,0.21380382973778522,0.1515118539594965,0.053376493794515166,15.6156,71.5024,39.688,2.67326,180,12,1,0,0,0,0,run_006
U000389,24484338,MODEL_A,BATCH_01,693277.0,49519.78571428572,10058.844452509455,33116.0,64019.0,14,1.9268292682926829,4.0,0.0,4.0,14.0,15.435788571428573,71.08250476190476,39.277300000000004,2.5330483333333333,0.09961976466848858,0.21554268090994563,0.15106855670035818,0.04520106349475541,15.7201,71.5629,39.5662,2.64003,154,12,2,0,0,0,0,run_006
U000390,24541673,MODEL_B,BATCH_01,685672.0,48976.57142857143,10227.35718712156,35719.0,66742.0,14,1.853658536585366,4.0,0.0,2.0,14.0,15.410248571428571,71.13049523809524,39.28688285714286,2.538412857142857,0.1003287489483755,0.1889662674147795,0.1933075064513022,0.0530258606620836,15.6126,71.5421,39.655,2.63277,154,12,2,0,0,0,0,run_006
U000391,24594521,MODEL_A,BATCH_01,707896.0,50564.0,8524.104058492014,34652.0,63663.0,14,1.9,4.0,0.0,5.0,14.0,15.434144444444444,71.1643840909091,39.26427777777778,2.560302272727273,0.10700867907242549,0.21958626947287882,0.161142632668987,0.0548758013286255,15.6867,71.7189,39.6227,2.66799,160,12,1,0,0,0,0,run_006
U000392,24643862,MODEL_A,BATCH_02,674620.0,48187.142857142855,8226.080540266126,37333.0,64523.0,14,1.925,4.0,0.0,5.0,14.0,15.439688235294117,71.1671,39.25905,2.5588133333333336,0.08981977498641114,0.17013581088748175,0.1594177573660984,0.048095218497023334,15.6494,71.5878,39.5406,2.67377,152,12,1,0,0,0,0,run_006
U000393,24690935,MODEL_A,BATCH_01,680364.0,48597.42857142857,6798.083968910039,35059.0,59177.0,14,1.875,4.0,0.0,4.0,14.0,15.43722972972973,71.19605,39.22707297297298,2.5724489130434782,0.09862557101613284,0.15504305029392734,0.1389890396331234,0.04414000897287624,15.5778,71.6228,39.5803,2.64907,166,12,1,0,0,0,0,run_006
U000394,24738778,MODEL_A,BATCH_01,702797.0,50199.78571428572,9406.472960995216,38007.0,67355.0,14,1.853658536585366,4.0,0.0,6.0,14.0,15.452464864864867,71.18517826086956,39.26911621621622,2.5656108695652176,0.0836389104564516,0.20557949304673637,0.13223505694514237,0.05261885043831035,15.5989,71.5811,39.5166,2.68153,166,12,2,0,0,0,0,run_006
U000395,24818973,MODEL_B,BATCH_01,711721.0,50837.21428571428,11214.599455644837,30075.0,72014.0,14,1.85,4.0,0.0,4.0,14.0,15.436594444444445,71.20135476190477,39.21256944444444,2.570237142857143,0.09577277258309894,0.19818802380983747,0.14206888835942336,0.044392886448702526,15.6333,71.6857,39.5015,2.65977,156,12,1,0,0,0,0,run_006
U000396,24870104,MODEL_A,BATCH_01,717462.0,51247.28571428572,13875.921271860008,33478.0,82409.0,14,1.875,4.0,0.0,6.0,14.0,15.444337142857142,71.22558604651162,39.25890571428571,2.5625209302325582,0.11351084707357861,0.17067785526205675,0.11927272491044699,0.04942645646932489,15.6975,71.6339,39.4527,2.68117,156,12,1,0,0,0,0,run_006
U000397,24926623,MODEL_A,BATCH_01,697528.0,49823.42857142857,8825.532302223046,36009.0,64516.0,14,1.9,4.0,0.0,5.0,14.0,15.419880555555554,71.28198863636364,39.18631666666667,2.5697870454545453,0.07307478290645382,0.1836896310779138,0.1100986298085248,0.0562186851161064,15.5898,71.8904,39.4901,2.70283,160,12,1,0,0,0,0,run_006
U000398,25003413,MODEL_A,BATCH_01,702652.0,50189.42857142857,11590.648244394044,32737.0,76790.0,14,1.875,4.0,0.0,4.0,14.0,15.46590606060606,71.3288756097561,39.237678787878785,2.5755868292682926,0.10594833333809993,0.22930000848286686,0.1811626975221022,0.05018300596013677,15.6573,71.7399,39.6047,2.66765,148,12,1,0,0,0,0,run_006
U000399,25061106,MODEL_A,BATCH_02,718352.0,51310.857142857145,8407.120588727545,37053.0,62833.0,14,1.8,4.0,0.0,5.0,14.0,15.427686486486486,71.33762222222222,39.152586486486484,2.584716666666667,0.09247563391438791,0.21583517584331136,0.12729023957118807,0.06288835854837599,15.5904,72.004,39.3844,2.69855,164,12,1,0,0,0,0,run_006
U000400,25112429,MODEL_B,BATCH_01,700609.0,50043.5,8623.73250218435,35485.0,65033.0,14,1.825,4.0,0.0,5.0,14.0,15.447394444444443,71.35946818181819,39.23203888888889,2.5808988636363637,0.08367804608632666,0.19779469597225574,0.1596060082610179,0.052360658372391254,15.6146,71.7153,39.5132,2.69216,160,12,1,0,0,0,0,run_006
U000401,25151542,MODEL_A,BATCH_01,688158.0,49154.142857142855,10278.408817719588,34828.0,67363.0,14,1.875,4.0,0.0,5.0,14.0,15.443394285714287,71.3821023255814,39.20863428571429,2.588707674418605,0.09098574530518244,0.18230012993801653,0.1784515125162218,0.05283509173146595,15.6746,71.7443,39.6155,2.70375,156,12,1,0,0,0,0,run_006
U000402,25200904,MODEL_A,BATCH_01,693305.0,49521.78571428572,9825.609577320589,32374.0,69003.0,14,1.85,4.0,0.0,4.0,14.0,15.4418,71.39266976744186,39.23143611111111,2.596563953488372,0.09562576460945459,0.21004364913136891,0.1299186386117483,0.04589455788567521,15.6004,71.9898,39.5028,2.70042,158,12,1,0,0,0,0,run_006
U000403,25262750,MODEL_A,BATCH_01,677903.0,48421.642857142855,10486.86300243634,32505.0,70949.0,14,1.8,4.0,0.0,5.0,14.0,15.455975675675674,71.44377727272727,39.178735135135135,2.596960909090909,0.07967161562524208,0.2036024430607287,0.18096664550901886,0.042422524393281015,15.7213,71.8986,39.5541,2.69297,162,12,1,0,0,0,0,run_006
U000404,25361346,MODEL_A,BATCH_01,755396.0,53956.857142857145,11507.456859038723,35722.0,73111.0,14,1.85,4.0,0.0,7.0,14.0,15.46643947368421,71.46989555555555,39.136992105263154,2.5953964444444444,0.10797305104083497,0.23428034096273873,0.1315219833265558,0.04818405970648366,15.6866,71.914,39.427,2.73131,166,12,1,0,0,0,0,run_006
U000405,25413450,MODEL_B,BATCH_01,698838.0,49917.0,10912.135157351548,34275.0,73088.0,14,1.8,4.0,0.0,4.0,14.0,15.457749999999999,71.4939695652174,39.1267947368421,2.6074428260869564,0.11055834646453873,0.22645647888925105,0.19614753678740554,0.05806649371053633,15.8099,72.0646,39.5357,2.73208,168,12,1,0,0,0,0,run_006
U000406,25472179,MODEL_A,BATCH_02,701535.0,50109.642857142855,11138.540821484119,35457.0,66511.0,14,1.85,4.0,0.0,7.0,14.0,15.46905882352941,71.50956744186047,39.189220588235294,2.607756976744186,0.10110631403610698,0.19739878988500068,0.14783024617611998,0.052469201875044794,15.668,71.9264,39.5407,2.70728,154,12,1,0,0,0,0,run_006
U000407,25534008,MODEL_A,BATCH_01,674252.0,48160.857142857145,9727.537318649272,31819.0,61222.0,14,1.825,4.0,0.0,5.0,14.0,15.43473125,71.5416525,39.155653125,2.6059919999999996,0.09930830598241402,0.2388067193869546,0.12239695332591939,0.04783151542333058,15.5896,72.3267,39.3774,2.69273,144,12,1,0,0,0,0,run_006
U000408,25593891,MODEL_A,BATCH_01,682900.0,48778.57142857143,10996.889285431764,31654.0,65938.0,14,1.825,4.0,0.0,5.0,14.0,15.488497297297297,71.5856659090909,39.12227027027027,2.6055384090909093,0.10359929613254691,0.20514118557735786,0.17471268774264304,0.05190159548307961,15.7297,71.9679,39.6709,2.75683,162,12,1,0,0,0,0,run_006
U000409,25660892,MODEL_A,BATCH_01,676644.0,48331.71428571428,10214.393407408914,31241.0,67001.0,14,1.8,4.0,0.0,5.0,14.0,15.477564705882354,71.684395,39.09316764705882,2.611981,0.1077704234524629,0.1912876086031901,0.16731394500846639,0.05078678128037372,15.7196,72.1805,39.6169,2.72515,148,12,1,0,0,0,0,run_006
U000410,25730273,MODEL_B,BATCH_01,742603.0,53043.07142857143,13859.988808211077,34982.0,82458.0,14,1.85,4.0,0.0,5.0,14.0,15.49571212121212,71.63691750000001,39.15924242424243,2.62756275,0.10811149845638439,0.18291790352365228,0.137912633191957,0.04851798841600818,15.689,72.0394,39.4573,2.72467,146,12,1,0,0,0,0,run_006
U000411,25795830,MODEL_A,BATCH_01,699339.0,49952.78571428572,9883.698390462265,36733.0,65557.0,14,1.8,4.0,0.0,3.0,14.0,15.475034285714287,71.68639999999999,39.12806,2.6201402325581395,0.0807410746947127,0.1731799793223656,0.15451704684178538,0.051610118078143044,15.5928,72.069,39.435,2.7404,156,12,1,0,0,0,0,run_006
U000412,25859529,MODEL_A,BATCH_01,717066.0,51219.0,10551.393491638184,37640.0,73980.0,14,1.825,4.0,0.0,5.0,14.0,15.487394444444444,71.70344883720931,39.12883611111111,2.6256323255813956,0.1012857342781005,0.1617833889467394,0.1403200202654718,0.05575965497592612,15.7697,71.977,39.423,2.80655,158,12,1,0,0,0,0,run_006
U000413,25904734,MODEL_A,BATCH_02,697597.0,49828.357142857145,11926.906508505774,31017.0,77429.0,14,1.7804878048780488,4.0,0.0,4.0,14.0,15.47697894736842,71.71176666666666,39.143205263157896,2.644822888888889,0.1017437458278305,0.16481896818244782,0.1185708932592947,0.043927008342467266,15.7047,72.0124,39.3698,2.75521,166,12,2,0,0,0,0,run_006
U000414,25968379,MODEL_A,BATCH_01,742089.0,53006.357142857145,12669.947468819175,34246.0,82063.0,14,1.8,4.0,0.0,5.0,14.0,15.508,71.77520454545454,38.66428421052632,2.687775909090909,0.10740673138097952,0.2183455858554967,0.7365982966005051,0.10755376402045809,15.7418,72.1369,39.4417,2.89187,164,12,1,0,0,0,0,run_006
U000415,26040947,MODEL_B,BATCH_01,710014.0,50715.28571428572,10990.922383274517,30619.0,72568.0,14,1.825,4.0,0.0,5.0,14.0,15.497985714285713,71.74862325581395,39.097111428571424,2.635965581395349,0.08316539913597124,0.19784700298247682,0.15272779856261096,0.056709703264051656,15.6599,72.1957,39.3734,2.7445,156,12,1,0,0,0,0,run_006
U000416,26098142,MODEL_A,BATCH_01,718487.0,51320.5,12141.460511246325,31938.0,70968.0,14,1.8,4.0,0.0,5.0,14.0,15.468569444444446,71.81832,39.086036111111106,2.650137111111111,0.11679104128911919,0.21242798416062186,0.14699450942666972,0.04331933908997141,15.6848,72.2346,39.3592,2.7484,162,12,1,0,0,0,1,run_006
U000417,26150082,MODEL_A,BATCH_01,712405.0,50886.07142857143,9627.15916612425,39267.0,73624.0,14,1.775,4.0,0.0,5.0,14.0,15.49151111111111,71.82828888888889,39.07970277777778,2.654611111111111,0.0904130862139445,0.19271014293990643,0.20052341720907824,0.052949906997180836,15.7285,72.3131,39.418,2.76442,162,12,1,0,0,0,0,run_006
U000418,26200841,MODEL_A,BATCH_01,736047.0,52574.78571428572,11364.600329217792,35662.0,75167.0,14,1.75,4.0,0.0,5.0,14.0,15.480207894736841,71.82631111111111,39.07047631578948,2.6409895555555556,0.09926510609141508,0.182043415428875,0.17190898037044344,0.0469711629598201,15.6611,72.3216,39.435,2.7213,166,12,1,0,0,0,0,run_006
U000419,26281742,MODEL_A,BATCH_01,709546.0,50681.857142857145,8469.305528310342,37236.0,66908.0,14,1.725,4.0,0.0,5.0,14.0,15.519816666666665,71.8637488372093,39.05992222222222,2.6611067441860463,0.09774724110100073,0.20855365573406842,0.1482539714931518,0.04426090781463775,15.7855,72.2409,39.3743,2.76159,158,12,1,0,0,0,0,run_006
U000420,26350999,MODEL_B,BATCH_02,723488.0,51677.71428571428,11186.746329945516,32815.0,69257.0,14,1.8,4.0,0.0,5.0,14.0,15.50617142857143,71.96455238095238,39.05876285714286,2.6497564285714286,0.07637426642154128,0.1586668349290096,0.15405565855486417,0.055415479426821936,15.6974,72.3797,39.4792,2.77048,154,12,1,1,1,0,0,run_006
U000421,26405358,MODEL_A,BATCH_01,707846.0,50560.42857142857,9847.805383897516,35537.0,69949.0,14,1.775,4.0,0.0,4.0,14.0,15.494127027027027,71.94982727272726,39.05354864864864,2.6631329545454547,0.11867983458927699,0.223524062867425,0.15528648546337645,0.054183453819518036,15.7965,72.379,39.3834,2.77118,162,12,1,0,0,0,0,run_006
U000422,26462963,MODEL_A,BATCH_01,730428.0,52173.42857142857,9989.677185161503,33567.0,67325.0,14,1.825,4.0,0.0,6.0,14.0,15.501251428571429,71.87954318181818,39.03949142857143,2.6627986363636365,0.10595257921361244,0.1960577743489489,0.14025177648330417,0.04901137763450578,15.6937,72.2655,39.341,2.74799,158,12,1,0,0,0,0,run_006
U000423,26510443,MODEL_A,BATCH_01,689150.0,49225.0,10849.342596177465,33106.0,69510.0,14,1.7804878048780488,4.0,0.0,6.0,14.0,15.503135135135135,71.95563111111112,39.013843243243244,2.676857777777778,0.09630575792240573,0.23303507326953815,0.16242239777906373,0.049007851870383944,15.671,72.432,39.3445,2.79505,164,12,2,0,0,0,0,run_006
U000424,26598798,MODEL_A,BATCH_01,698792.0,49913.71428571428,9082.798335556921,34423.0,66814.0,14,1.875,4.0,0.0,6.0,14.0,15.517830555555555,71.97463636363636,39.04695833333333,2.6716159090909093,0.10641444536593563,0.2349801071153852,0.1630959513818249,0.041550622211118354,15.7298,72.3251,39.3383,2.77803,160,12,1,0,0,0,0,run_006
U000425,26661366,MODEL_B,BATCH_01,689646.0,49260.42857142857,8971.992864243928,36748.0,66164.0,14,1.825,4.0,0.0,5.0,14.0,15.522561764705884,72.01742926829267,39.05341470588235,2.663742926829268,0.10401593996349011,0.23301053650415246,0.15804311673363008,0.05855044992328839,15.7933,72.5811,39.3434,2.85257,150,12,1,0,0,0,0,run_006
U000426,26736726,MODEL_A,BATCH_01,722472.0,51605.142857142855,13144.027762606705,34291.0,75360.0,14,1.9,4.0,0.0,5.0,14.0,15.50299705882353,72.09006904761905,38.969344117647054,2.6813145238095237,0.11894797815111795,0.19730823414770549,0.16315889112220727,0.05224155061580123,15.7374,72.4459,39.2911,2.78533,152,12,1,0,0,0,0,run_006
U000427,26785667,MODEL_A,BATCH_02,673716.0,48122.57142857143,7684.242775509312,39595.0,61835.0,14,1.829268292682927,4.0,0.0,4.0,14.0,15.553097058823528,72.07220714285715,39.02428529411765,2.6839633333333333,0.08093039091037134,0.22444073952268906,0.13109641174007353,0.04999954310360352,15.668,72.4585,39.2436,2.78287,152,12,2,0,0,0,0,run_006
U000428,26831023,MODEL_A,BATCH_01,695340.0,49667.142857142855,8989.010152207167,36205.0,67875.0,14,1.825,4.0,0.0,4.0,14.0,15.514897222222222,72.07354318181818,39.00931666666666,2.6965036363636363,0.08922758857826432,0.20679176965958432,0.14817502488610965,0.04902975153217225,15.6901,72.5255,39.3201,2.79572,160,12,1,0,0,0,0,run_006
