unit_id,prediction_time,vehicle_model,supplier_batch,total_cycle_time,mean_cycle_time,std_cycle_time,min_cycle_time,max_cycle_time,upstream_cycle_count,mean_queue_length,max_queue_length,total_blocked_events,total_starved_events,upstream_station_count,current_mean,temperature_mean,torque_mean,vibration_mean,current_std,temperature_std,torque_std,vibration_std,current_max,temperature_max,torque_max,vibration_max,sensor_reading_count,sensor_station_count,manual_check_count,manual_fail_count,s07_manual_fail,s14_manual_fail,target,run_id
U000001,711362,MODEL_A,BATCH_01,711362.0,50811.57142857143,9265.353509087045,36202.0,63526.0,14,0.525,1.0,0.0,0.0,14.0,14.505208333333334,60.959886363636365,41.973308333333335,1.1572311363636363,0.11581088617717658,0.1877503148864414,0.14532094407109616,0.0494627667445674,14.6988,61.306,42.1826,1.26517,160,12,1,0,0,0,0,run_004
U000002,779100,MODEL_A,BATCH_01,700638.0,50045.57142857143,8956.854003965436,35858.0,67738.0,14,0.5,1.0,0.0,4.0,14.0,14.470954054054054,61.013637777777774,42.01729189189189,1.1601924444444445,0.09665258114215815,0.17857485225693415,0.1357850678633511,0.049231881584431,14.6776,61.445,42.2932,1.28262,164,12,1,0,0,0,0,run_004
U000003,853996,MODEL_A,BATCH_01,714117.0,51008.357142857145,10843.93207571116,36059.0,74896.0,14,0.475,1.0,0.0,5.0,14.0,14.518408571428571,61.08675,41.95905714285714,1.1627031818181819,0.10113612949424021,0.22273168392318032,0.1731522762088402,0.041088025742398844,14.7741,61.608,42.3515,1.26809,158,12,1,0,0,0,0,run_004
U000004,910916,MODEL_A,BATCH_01,733564.0,52397.42857142857,11138.808655495266,36298.0,80048.0,14,0.575,1.0,0.0,6.0,14.0,14.499740000000001,61.0450465116279,41.999340000000004,1.154020465116279,0.1122120241014357,0.1943644090347976,0.15409656483555217,0.05309180539196726,14.7418,61.6569,42.3112,1.26795,156,12,1,0,0,0,0,run_004
U000005,961910,MODEL_B,BATCH_01,687498.0,49107.0,6652.391391880759,35996.0,59622.0,14,0.525,1.0,0.0,2.0,14.0,14.525981081081083,61.12499333333333,41.99218378378379,1.15981,0.10531683372312961,0.2243514120546361,0.15288795554899823,0.05306473752108658,14.7709,61.5784,42.3126,1.27546,164,12,1,0,0,0,0,run_004
U000006,1013289,MODEL_A,BATCH_01,711462.0,50818.71428571428,8412.189072352749,35921.0,65756.0,14,0.525,2.0,0.0,4.0,14.0,14.531348648648649,61.13341777777778,41.95008108108108,1.172722,0.07944402509391815,0.19689488114784023,0.14432536705851934,0.048338517514033744,14.7053,61.4921,42.2863,1.25935,164,12,1,0,0,0,0,run_004
U000007,1103710,MODEL_A,BATCH_02,725632.0,51830.857142857145,10977.606898080803,36283.0,74918.0,14,0.575,2.0,0.0,6.0,14.0,14.523637142857142,61.17131707317073,41.95728571428572,1.1779546341463414,0.09116508324661014,0.2576335914651254,0.14837516468667517,0.06121493347613642,14.7234,61.6404,42.2738,1.28976,152,12,1,0,0,0,0,run_004
U000008,1171893,MODEL_A,BATCH_01,714545.0,51038.92857142857,10098.282546013499,36886.0,68183.0,14,0.6,2.0,0.0,4.0,14.0,14.536458333333334,61.212039534883715,41.94959444444444,1.1692532558139535,0.09549974233323481,0.2543687978202914,0.15403233045499498,0.05512387473080758,14.6968,61.7651,42.2722,1.28664,158,12,1,0,0,0,0,run_004
U000009,1224254,MODEL_A,BATCH_01,700775.0,50055.357142857145,8755.696357731418,38547.0,72123.0,14,0.65,2.0,0.0,4.0,14.0,14.518352941176472,61.21646976744186,41.92394411764706,1.1626804651162792,0.11366362184305624,0.25258278844096116,0.17504002345987715,0.04834663931559107,14.7306,61.7086,42.2715,1.29149,154,12,1,0,0,0,0,run_004
U000010,1283115,MODEL_B,BATCH_01,663147.0,47367.642857142855,8410.909185348266,35114.0,64041.0,14,0.625,2.0,0.0,3.0,14.0,14.517552777777777,61.20667674418605,41.92103888888889,1.1847202325581396,0.08666516679105091,0.16476221081594083,0.15727621430878197,0.04702542693603174,14.6929,61.5773,42.2139,1.28447,158,12,1,0,0,0,0,run_004
U000011,1347602,MODEL_A,BATCH_01,683791.0,48842.21428571428,8516.107210895863,32937.0,64487.0,14,0.55,2.0,0.0,3.0,14.0,14.514302857142857,61.24075,41.84580571428572,1.1893414285714285,0.10101889306611182,0.20227807019775346,0.1468122268967634,0.04717383511927592,14.7563,61.59,42.1068,1.29299,154,12,1,0,0,0,0,run_004
U000012,1406870,MODEL_A,BATCH_01,756052.0,54003.71428571428,12975.93958316445,32349.0,82646.0,14,0.675,2.0,0.0,6.0,14.0,14.5086025,61.238943478260865,41.9456775,1.1840184782608696,0.1081879596303324,0.22663659962560084,0.13039204098626536,0.04724024663438256,14.7474,61.8236,42.1855,1.30454,172,12,1,0,0,0,0,run_004
U000013,1471605,MODEL_A,BATCH_01,695462.0,49675.857142857145,10616.39944655396,32013.0,69832.0,14,0.7,2.0,0.0,3.0,14.0,14.562502777777777,61.29879767441861,41.8559,1.1812586046511628,0.10281958814520317,0.22656335336876746,0.17325911561259116,0.04645554565190432,14.7884,61.7908,42.1672,1.26184,158,12,1,0,0,0,0,run_004
U000014,1539843,MODEL_A,BATCH_02,711168.0,50797.71428571428,10071.551789597741,35722.0,68238.0,14,0.75,2.0,0.0,4.0,14.0,14.524894285714286,61.34073863636363,41.904088571428574,1.1812811363636364,0.08153532595232127,0.19884499188588523,0.12590924549389013,0.04646318859083483,14.7265,61.8504,42.2137,1.27994,158,12,1,0,0,0,0,run_004
U000015,1588809,MODEL_B,BATCH_01,705015.0,50358.21428571428,10030.980964212604,35278.0,73371.0,14,0.8,2.0,0.0,5.0,14.0,14.529008108108108,61.386984090909095,41.89324054054054,1.2067452272727273,0.09434726157004145,0.18933080554167794,0.15742138154128477,0.04547672440642404,14.7726,61.705,42.292,1.28687,162,12,1,0,0,0,0,run_004
U000016,1663121,MODEL_A,BATCH_01,748006.0,53429.0,11489.407034307733,36572.0,76140.0,14,0.875,2.0,0.0,5.0,14.0,14.52412972972973,61.363933333333335,41.91945405405406,1.207242,0.08505309735317913,0.16783917491564226,0.13966321713042223,0.04949737181268958,14.7599,61.7153,42.2506,1.30405,164,12,1,0,0,0,0,run_004
U000017,1724563,MODEL_A,BATCH_01,688373.0,49169.5,6661.179887977804,40323.0,60892.0,14,0.95,3.0,0.0,3.0,14.0,14.555382352941177,61.40045250000001,41.4725205882353,1.2642785,0.1151879504182994,0.18657328935643924,0.6834308197036919,0.09454176102220394,14.7729,61.8729,42.1985,1.44029,148,12,1,0,0,0,1,run_004
U000018,1800252,MODEL_A,BATCH_01,703208.0,50229.142857142855,10913.780617303855,30281.0,68962.0,14,0.925,3.0,0.0,2.0,14.0,14.547863157894737,61.43322391304348,41.891465789473685,1.210294347826087,0.0901237150331687,0.16800951717061519,0.1490939668805251,0.05507941549968953,14.7428,61.7689,42.2603,1.31093,168,12,1,0,0,0,0,run_004
U000019,1861194,MODEL_A,BATCH_01,735871.0,52562.21428571428,10220.930818506858,41943.0,73198.0,14,0.925,3.0,0.0,5.0,14.0,14.555718421052632,61.46560212765957,41.88561578947368,1.213268085106383,0.10434648067794086,0.22000166549701794,0.13870962188476274,0.061459063280340925,14.7936,61.9608,42.1309,1.33277,170,12,1,0,0,0,0,run_004
U000020,1918391,MODEL_B,BATCH_01,730788.0,52199.142857142855,14480.242437713017,36580.0,84189.0,14,1.025,3.0,0.0,6.0,14.0,14.558077142857142,61.48593636363636,41.90198,1.2146656818181818,0.09636156509153794,0.2152802836011679,0.1461519994429648,0.0514533298308973,14.8115,62.204,42.26,1.32857,158,12,1,0,0,0,0,run_004
U000021,1998988,MODEL_A,BATCH_02,712794.0,50913.857142857145,11951.720666962516,36491.0,74213.0,14,1.05,3.0,0.0,4.0,14.0,14.54101111111111,61.50770930232559,41.85477222222222,1.2249646511627907,0.11546147354427744,0.21919630016641273,0.1502154559502767,0.052870144890181145,14.7473,61.8968,42.2678,1.31695,158,12,1,0,0,0,0,run_004
U000022,2063066,MODEL_A,BATCH_01,706804.0,50486.0,9683.834753777117,37155.0,66539.0,14,1.075,3.0,0.0,4.0,14.0,14.534547222222223,61.57217272727273,41.85671388888889,1.2367947727272728,0.10280283622021621,0.18859116155229785,0.1249118961572009,0.05372193097226686,14.7938,61.9037,42.0756,1.3607,160,12,1,1,1,0,0,run_004
U000023,2123125,MODEL_A,BATCH_01,698639.0,49902.78571428572,8653.128204284289,35926.0,61586.0,14,1.05,3.0,0.0,4.0,14.0,14.564255882352942,61.55514390243903,41.840241176470585,1.2273982926829268,0.1122736812873077,0.19245683158669724,0.1304524739132579,0.056238515890021434,14.7902,61.9918,42.0121,1.34497,150,12,1,0,0,0,0,run_004
U000024,2183674,MODEL_A,BATCH_01,739525.0,52823.21428571428,11627.308155826502,33536.0,69822.0,14,1.05,3.0,0.0,5.0,14.0,14.547244444444443,61.59203488372093,41.83130833333334,1.2290911627906977,0.10036672597300197,0.20992693500326975,0.15257861182260896,0.04794823852017041,14.8076,62.0792,42.1099,1.40037,158,12,1,0,0,0,0,run_004
U000025,2227462,MODEL_B,BATCH_01,715899.0,51135.642857142855,11220.7090863768,36683.0,74073.0,14,1.0731707317073171,3.0,0.0,5.0,14.0,14.551411111111113,61.59965777777777,41.82241666666667,1.2329042222222222,0.12420578725366035,0.20852990900466742,0.15667710471813537,0.045604326673169174,14.7616,61.9274,42.1182,1.35842,162,12,2,0,0,0,0,run_004
U000026,2288065,MODEL_A,BATCH_01,717636.0,51259.71428571428,9693.385392814338,38778.0,68988.0,14,1.225,4.0,0.0,4.0,14.0,14.532202564102564,61.719654347826086,41.792110256410254,1.242738043478261,0.10367021723050823,0.19341748135002543,0.165127680734241,0.04895646118381621,14.8196,62.0955,42.0976,1.33429,170,12,1,0,0,0,0,run_004
U000027,2355014,MODEL_A,BATCH_01,689362.0,49240.142857142855,9186.811297951854,33041.0,61674.0,14,1.175,4.0,0.0,3.0,14.0,14.578966666666666,61.66274523809524,41.834691666666664,1.231609761904762,0.09793318421979637,0.19617339294288025,0.17792704504133938,0.05636302059139334,14.7823,62.0622,42.1949,1.36557,156,12,1,0,0,0,0,run_004
U000028,2426886,MODEL_A,BATCH_02,723017.0,51644.07142857143,12544.059338460305,33177.0,78067.0,14,1.225,4.0,0.0,6.0,14.0,14.57288888888889,61.73695581395349,41.83195,1.2377058139534884,0.10527480984215364,0.19629477384587263,0.14104427774891914,0.050915359560771686,14.8602,62.195,42.1058,1.33631,158,12,1,0,0,0,0,run_004
U000029,2485934,MODEL_A,BATCH_01,705573.0,50398.07142857143,9848.946085470541,35305.0,69252.0,14,1.25,4.0,0.0,6.0,14.0,14.590416216216218,61.730156521739126,41.82818108108108,1.249545652173913,0.09768633622613378,0.221867773086359,0.14886527809069938,0.05780236064584114,14.7928,62.3263,42.1971,1.36543,166,12,1,0,0,0,0,run_004
U000030,2557370,MODEL_B,BATCH_01,717931.0,51280.78571428572,10700.20844641371,34870.0,64709.0,14,1.35,4.0,0.0,6.0,14.0,14.55718888888889,61.76439333333333,41.77663611111112,1.2535677777777778,0.08758553950372601,0.197683810207568,0.15540623108077123,0.045715443973309094,14.7266,62.046,42.1259,1.34185,162,12,1,0,0,0,0,run_004
U000031,2602663,MODEL_A,BATCH_01,710513.0,50750.92857142857,11527.0555748324,34621.0,75504.0,14,1.375,4.0,0.0,5.0,14.0,14.571792105263158,61.79912222222222,41.80821842105263,1.2633284444444446,0.10141557900893906,0.17435457718643052,0.14140423529584223,0.04935580609464835,14.8315,62.155,42.0572,1.37788,166,12,1,0,0,0,0,run_004
U000032,2669500,MODEL_A,BATCH_01,713753.0,50982.357142857145,9184.797846334017,37393.0,64398.0,14,1.425,4.0,0.0,6.0,14.0,14.580923529411765,61.82581904761905,41.80754705882353,1.2648640476190476,0.10574755834654846,0.17300487267647324,0.1665565555695975,0.06108255784969301,14.7928,62.274,42.1449,1.39019,152,12,1,0,0,0,0,run_004
U000033,2727293,MODEL_A,BATCH_01,724342.0,51738.71428571428,9993.87650536045,35159.0,75970.0,14,1.45,4.0,0.0,6.0,14.0,14.567883783783785,61.77338888888888,41.759502702702704,1.2670595555555555,0.12952895110427692,0.20690863181412186,0.1489531311193902,0.04836594815267321,14.7944,62.4899,42.0718,1.35037,164,12,1,0,0,0,0,run_004
U000034,2812092,MODEL_A,BATCH_01,729699.0,52121.357142857145,13027.082609862264,32967.0,78005.0,14,1.575,4.0,0.0,7.0,14.0,14.56795588235294,61.812757142857144,41.770329411764706,1.2685116666666667,0.07595091792760852,0.22659674307484123,0.1594957670748507,0.04944837830168616,14.7485,62.253,42.1898,1.35587,152,12,1,0,0,0,0,run_004
U000035,2882284,MODEL_B,BATCH_02,713108.0,50936.28571428572,7999.044447053288,34058.0,62916.0,14,1.575,4.0,0.0,4.0,14.0,14.556497368421052,61.96322444444444,40.27541578947368,1.4648642222222223,0.09246664697986186,0.20984851696094234,0.16624805875934942,0.04372349672497141,14.763,62.4342,40.5842,1.56319,166,12,1,0,0,0,1,run_004
U000036,2952664,MODEL_A,BATCH_01,692334.0,49452.42857142857,10104.324395747866,31855.0,70380.0,14,1.6,4.0,0.0,4.0,14.0,14.611965714285713,61.96982142857143,41.75122857142858,1.277327380952381,0.10638949788632464,0.2057535709742133,0.14208044028860967,0.05464752305365831,14.8819,62.3841,41.9236,1.41472,154,12,1,0,0,0,0,run_004
U000037,3018973,MODEL_A,BATCH_01,695176.0,49655.42857142857,11736.103957868223,32510.0,71623.0,14,1.6,4.0,0.0,4.0,14.0,14.579228571428573,61.935673809523806,41.77103142857143,1.2757040476190475,0.11452264757122402,0.23809427837495334,0.13210593959890973,0.05555394987426026,14.8652,62.3811,42.0085,1.38999,154,12,1,1,1,0,0,run_004
U000038,3073367,MODEL_A,BATCH_01,689844.0,49274.57142857143,9858.480907431825,32944.0,64981.0,14,1.55,4.0,0.0,4.0,14.0,14.573510810810813,61.993890697674416,41.72322162162162,1.2836416279069767,0.08456107189410463,0.19832304072607213,0.14705377915566828,0.043915110640016804,14.7629,62.4128,42.0642,1.35027,160,12,1,0,0,0,0,run_004
U000039,3137016,MODEL_A,BATCH_01,761810.0,54415.0,13332.348266816776,39817.0,92193.0,14,1.625,4.0,0.0,7.0,14.0,14.597847222222223,61.99189777777778,41.719950000000004,1.2932913333333333,0.09605626769499244,0.18834990586778594,0.15188167857155901,0.051494846017476725,14.7461,62.4307,42.0457,1.43155,162,12,1,0,0,0,0,run_004
U000040,3187827,MODEL_B,BATCH_01,702440.0,50174.28571428572,9389.573500829127,33797.0,68957.0,14,1.65,4.0,0.0,5.0,14.0,14.574066666666665,62.04590465116279,41.672491666666666,1.2803062790697675,0.0917403914781894,0.17911681603739893,0.14287197740834864,0.046581577342655466,14.7231,62.3984,41.9697,1.39698,158,12,1,0,0,0,0,run_004
U000041,3253676,MODEL_A,BATCH_01,689496.0,49249.71428571428,11391.177911865841,34630.0,70440.0,14,1.6,4.0,0.0,4.0,14.0,14.611951351351351,62.018795555555556,41.70276756756757,1.2956526666666666,0.08833460571920554,0.16880300508359647,0.1438176508523783,0.052052598677596366,14.7897,62.3333,41.987,1.42486,164,12,1,0,0,0,0,run_004
U000042,3312532,MODEL_A,BATCH_02,705136.0,50366.857142857145,10442.065783367572,30138.0,67060.0,14,1.65,4.0,0.0,6.0,14.0,14.613614705882354,62.01996428571428,41.70554705882353,1.271634523809524,0.09082964785079108,0.21753145757532275,0.12236344085450519,0.04949166548224798,14.7803,62.5223,41.9853,1.38515,152,12,1,0,0,0,0,run_004
U000043,3372356,MODEL_A,BATCH_01,695698.0,49692.71428571428,9644.177385891939,34185.0,68200.0,14,1.625,4.0,0.0,5.0,14.0,14.612517142857143,62.12433571428571,41.705537142857146,1.2931883333333334,0.09987556812976663,0.21468203012649498,0.11920643509503792,0.044279031700952855,14.8287,62.5629,41.9546,1.40215,154,12,1,0,0,0,0,run_004
U000044,3436859,MODEL_A,BATCH_01,718968.0,51354.857142857145,6663.800750289614,39231.0,61614.0,14,1.7,4.0,0.0,5.0,14.0,14.598955263157896,62.14697555555555,41.75684736842105,1.3068448888888888,0.12115064711290167,0.1936055293110157,0.1401499790028855,0.04765566314826614,14.8587,62.6425,42.0199,1.39063,166,12,1,0,0,0,0,run_004
U000045,3496323,MODEL_B,BATCH_01,694441.0,49602.92857142857,9092.33258947243,31836.0,63237.0,14,1.725,4.0,0.0,3.0,14.0,14.609554285714287,62.12165813953488,41.667405714285714,1.3046067441860465,0.10978038596606025,0.171863320877734,0.18270454764754124,0.053871965044155576,14.9129,62.4419,42.0562,1.40916,156,12,1,0,0,0,0,run_004
U000046,3544979,MODEL_A,BATCH_01,671418.0,47958.42857142857,8621.747642884382,33013.0,62233.0,14,1.675,4.0,0.0,2.0,14.0,14.597313888888888,62.16346511627907,41.698569444444445,1.3104762790697675,0.09221820444011443,0.18943836022722904,0.1516742200892498,0.03992002809327522,14.8207,62.6745,41.9889,1.39991,158,12,1,0,0,0,0,run_004
U000047,3628219,MODEL_A,BATCH_01,740621.0,52901.5,10784.240751064634,35408.0,71465.0,14,1.7,4.0,0.0,5.0,14.0,14.634421621621623,62.17231136363637,41.74866216216216,1.326464090909091,0.09788386581140993,0.2323936097827661,0.14529025613759702,0.044743471828271854,14.9111,62.7069,42.0907,1.42774,162,12,1,0,0,0,0,run_004
U000048,3682411,MODEL_A,BATCH_01,691422.0,49387.28571428572,8367.767236692982,35997.0,58786.0,14,1.725,4.0,0.0,2.0,14.0,14.611391176470589,62.24348571428571,41.60105882352941,1.322382380952381,0.07942032167867184,0.17657355624937288,0.18300273075896975,0.0553307496129357,14.8329,62.5975,42.0109,1.42483,152,12,1,0,0,0,0,run_004
U000049,3735402,MODEL_A,BATCH_02,704342.0,50310.142857142855,9435.699834280304,35470.0,67819.0,14,1.7,4.0,0.0,5.0,14.0,14.606294285714286,62.22036097560975,41.66808857142857,1.3249160975609755,0.09560075049809133,0.18995599869186575,0.13424981273166536,0.05202541272676505,14.8048,62.6673,41.9633,1.42571,152,12,1,0,0,0,0,run_004
U000050,3811612,MODEL_B,BATCH_01,723811.0,51700.78571428572,11074.671727578492,37619.0,74647.0,14,1.8,4.0,0.0,6.0,14.0,14.627175000000001,62.25260952380953,41.62745833333334,1.3340271428571429,0.09530678697163797,0.18361234988158023,0.1626644229694988,0.04950809878490755,14.8005,62.6251,42.0842,1.46512,156,12,1,0,0,0,0,run_004
U000051,3878413,MODEL_A,BATCH_01,707802.0,50557.28571428572,10384.726139336124,38051.0,68394.0,14,1.85,4.0,0.0,3.0,14.0,14.64875,62.312175,41.66426388888889,1.3408886363636363,0.10531188645433841,0.2038765576416625,0.17839032349282205,0.048270695505750465,14.8298,62.7204,42.0137,1.45835,160,12,1,0,0,0,0,run_004
U000052,3924977,MODEL_A,BATCH_01,712919.0,50922.78571428572,8548.629068485161,32979.0,62451.0,14,1.825,4.0,0.0,2.0,14.0,14.612541666666667,62.30683636363636,41.61926666666667,1.329261590909091,0.08644033904541164,0.16656120893339318,0.1800354346074295,0.054093289913714974,14.7682,62.7729,42.0489,1.45447,160,12,1,0,0,0,0,run_004
U000053,3972235,MODEL_A,BATCH_01,675168.0,48226.28571428572,6886.139483702826,40257.0,59901.0,14,1.7560975609756098,4.0,0.0,4.0,14.0,14.628530303030303,62.30738292682926,41.67880606060606,1.346230731707317,0.10098434434619209,0.18499013879452977,0.13465865164229507,0.04751288753539632,14.8556,62.7203,41.9875,1.44521,148,12,2,0,0,0,0,run_004
U000054,4016614,MODEL_A,BATCH_01,712909.0,50922.07142857143,10956.359821262127,35229.0,65975.0,14,1.7317073170731707,4.0,0.0,6.0,14.0,14.629463888888889,62.34544318181818,41.596525,1.3439949999999998,0.10372956088592719,0.1912041687267257,0.15375057049836163,0.052033167888041534,14.8599,62.7651,41.947,1.46843,160,12,2,0,0,0,0,run_004
U000055,4094797,MODEL_B,BATCH_01,718835.0,51345.357142857145,8883.799919881329,36687.0,65255.0,14,1.75,4.0,0.0,6.0,14.0,14.64726,62.48634186046511,41.65358,1.3443111627906976,0.08027561786451355,0.1701161497226415,0.15034213295406149,0.05189911872860851,14.8317,62.8373,41.9254,1.50019,156,12,1,0,0,0,0,run_004
U000056,4169856,MODEL_A,BATCH_02,738898.0,52778.42857142857,7528.649206804689,42054.0,69095.0,14,1.75,4.0,0.0,6.0,14.0,14.638736111111111,62.44924418604651,41.63131666666666,1.356516046511628,0.0927276077021225,0.17945479508025944,0.14645534180376335,0.04973476967826601,14.8268,62.8628,41.9585,1.43248,158,12,1,0,0,0,0,run_004
U000057,4241876,MODEL_A,BATCH_01,759333.0,54238.07142857143,10972.91128513434,36215.0,72020.0,14,1.775,4.0,0.0,4.0,14.0,14.650884999999999,62.46297021276595,40.6670975,1.4521123404255318,0.11710820670184931,0.20311984887370232,0.7309801219674433,0.10346107890772828,14.9299,62.952,41.9285,1.6181,174,12,1,0,0,0,1,run_004
U000058,4304426,MODEL_A,BATCH_01,691562.0,49397.28571428572,8053.909365391076,38897.0,63712.0,14,1.7560975609756098,4.0,0.0,4.0,14.0,14.61621111111111,62.4613534883721,41.60990833333333,1.3567023255813953,0.09556539654013392,0.18249497364094203,0.1432424146583084,0.048137938351664133,14.8193,62.858,41.9172,1.45678,158,12,2,0,0,0,0,run_004
U000059,4368426,MODEL_A,BATCH_01,722190.0,51585.0,8917.692612916277,38366.0,71060.0,14,1.85,4.0,0.0,4.0,14.0,14.628580555555557,62.496360465116275,41.55506388888889,1.3613953488372093,0.09354479391315136,0.19106924715741702,0.14855451553992455,0.039461399122544434,14.7934,62.9039,41.8064,1.43563,158,12,1,0,0,0,0,run_004
U000060,4427961,MODEL_B,BATCH_01,703666.0,50261.857142857145,7172.338454165342,40433.0,63792.0,14,1.8,4.0,0.0,3.0,14.0,14.610383333333333,62.53087954545454,41.59986111111111,1.3444938636363637,0.10099901696834182,0.2006268926066437,0.1414701710665075,0.04375788009915093,14.8156,62.8814,42.0331,1.45421,160,12,1,0,0,0,0,run_004
U000061,4508461,MODEL_A,BATCH_01,732087.0,52291.92857142857,11532.270297962788,37666.0,80500.0,14,1.8,4.0,0.0,5.0,14.0,14.657187179487181,62.56938085106383,41.571356410256406,1.357528510638298,0.1072975773000812,0.24281737513782875,0.1766606243842329,0.04500370651299169,14.9411,63.1434,41.9826,1.45058,172,12,1,0,0,0,0,run_004
U000062,4576991,MODEL_A,BATCH_01,746533.0,53323.78571428572,9921.247930024276,40208.0,68530.0,14,1.75,4.0,0.0,5.0,14.0,14.637802702702704,62.59233409090909,41.5592972972973,1.3661275000000002,0.0904403839446077,0.1781292357383682,0.13895151329887673,0.056532361225210416,14.8179,63.0417,41.8298,1.50638,162,12,1,0,0,0,0,run_004
U000063,4625774,MODEL_A,BATCH_02,733575.0,52398.21428571428,12542.231976428655,38464.0,82191.0,14,1.75,4.0,0.0,6.0,14.0,14.635624324324324,62.62016956521739,41.572805405405404,1.3724791304347825,0.08978515531040844,0.19843325871499334,0.15561617479831177,0.04533378949898374,14.8405,62.9579,41.875,1.46677,166,12,1,0,0,0,0,run_004
U000064,4668445,MODEL_A,BATCH_01,724813.0,51772.357142857145,12206.33148195037,34537.0,80507.0,14,1.75,4.0,0.0,5.0,14.0,14.673326470588236,62.599142857142866,41.559732352941175,1.381902857142857,0.08946419059761823,0.1879599557026307,0.16946635264601695,0.0389593928237929,14.811,62.9912,41.8866,1.46867,152,12,1,0,0,0,0,run_004
U000065,4718569,MODEL_B,BATCH_01,677778.0,48412.71428571428,9280.536335865438,32522.0,69299.0,14,1.7317073170731707,4.0,0.0,5.0,14.0,14.691986111111113,62.68677674418604,41.528980555555556,1.3890083720930233,0.07703003181608657,0.17793293658702147,0.1508828378377363,0.04305998257858186,14.8481,63.0787,41.903,1.48852,158,12,2,0,0,0,0,run_004
U000066,4779800,MODEL_A,BATCH_01,732272.0,52305.142857142855,11126.913663290898,38027.0,78128.0,14,1.7073170731707317,4.0,0.0,5.0,14.0,14.644215789473684,62.72292173913043,41.57520263157895,1.3817073913043478,0.08493490520588465,0.19448772587725882,0.13982334895076082,0.051692377664400664,14.8284,63.0827,41.8725,1.54606,168,12,2,0,0,0,0,run_004
U000067,4862137,MODEL_A,BATCH_01,757953.0,54139.5,11220.636535831236,39349.0,79141.0,14,1.825,4.0,0.0,6.0,14.0,14.654783783783783,62.73644565217391,41.52464864864865,1.400546739130435,0.0832908675583261,0.17469527590957035,0.14139868697650215,0.05306862132306091,14.8156,63.0784,41.7847,1.50106,166,12,1,0,0,0,0,run_004
U000068,4911044,MODEL_A,BATCH_01,669068.0,47790.57142857143,7569.112362492973,35784.0,59388.0,14,1.8,4.0,0.0,3.0,14.0,14.65865294117647,62.72148372093023,41.53062941176471,1.3892499999999999,0.0934088252118132,0.2403230890065193,0.15270786633984357,0.05492364114971674,14.9265,63.245,41.8508,1.51389,154,12,1,0,0,0,0,run_004
U000069,4956789,MODEL_A,BATCH_01,691041.0,49360.07142857143,10582.512166954322,34405.0,70574.0,14,1.8,4.0,0.0,5.0,14.0,14.626418421052632,62.75752222222222,41.527594736842104,1.3871244444444444,0.0997348805997699,0.1875288764296024,0.12290849364217453,0.046127338204127746,14.7737,63.1952,41.7509,1.47777,166,12,1,0,0,0,0,run_004
U000070,5030371,MODEL_B,BATCH_02,714578.0,51041.28571428572,9562.737815472748,32256.0,67754.0,14,1.85,4.0,0.0,6.0,14.0,14.654502564102566,62.773739130434784,41.46508974358974,1.4051071739130434,0.0925422335652883,0.2058050150325782,0.1678571052615129,0.04051248118587344,14.827,63.2636,41.7268,1.49994,170,12,1,0,0,0,0,run_004
U000071,5094405,MODEL_A,BATCH_01,712641.0,50902.92857142857,10468.719703252864,37729.0,69279.0,14,1.825,4.0,0.0,3.0,14.0,14.647714285714285,62.79564186046511,41.48934285714286,1.4028502325581396,0.086073816278468,0.2213439719537563,0.17660496842939993,0.05198674476149678,14.7913,63.241,41.7994,1.54773,156,12,1,0,0,0,0,run_004
U000072,5156892,MODEL_A,BATCH_01,705836.0,50416.857142857145,11173.17815717033,31518.0,69368.0,14,1.875,4.0,0.0,5.0,14.0,14.655885294117647,62.857012195121946,41.528361764705885,1.4173719512195122,0.11280739050674475,0.2310779221335531,0.1470278164048943,0.04846256241778351,14.8419,63.5083,41.9058,1.51569,150,12,1,0,0,0,0,run_004
U000073,5236262,MODEL_A,BATCH_01,713137.0,50938.357142857145,10972.707222272647,34914.0,73013.0,14,1.825,4.0,0.0,4.0,14.0,14.643488235294118,62.909967441860466,41.50970294117647,1.3913951162790699,0.10934203706497643,0.19211918389242277,0.15003371840274404,0.0382805731765376,14.9075,63.2881,41.7466,1.45361,154,12,1,0,0,0,0,run_004
U000074,5298146,MODEL_A,BATCH_01,698295.0,49878.21428571428,12194.787740156553,32721.0,70572.0,14,1.825,4.0,0.0,4.0,14.0,14.681088235294117,62.897914285714286,41.52503529411765,1.4203883333333334,0.07869851473207014,0.21775133341859185,0.15733142374743703,0.05077802284917703,14.8449,63.4918,41.7557,1.546,152,12,1,0,0,0,0,run_004
U000075,5345275,MODEL_B,BATCH_01,683747.0,48839.07142857143,9348.268325567746,34883.0,72258.0,14,1.85,4.0,0.0,4.0,14.0,14.699751351351352,62.88525652173912,41.447227027027026,1.4056280434782609,0.12677523772764482,0.20395725876017803,0.14669097080569188,0.06030014927637931,15.0035,63.4129,41.7696,1.52611,166,12,1,0,0,0,0,run_004
U000076,5398972,MODEL_A,BATCH_01,688927.0,49209.07142857143,10066.56751876677,35079.0,67011.0,14,1.8048780487804879,4.0,0.0,2.0,14.0,14.695956756756757,62.92116818181818,41.473102702702704,1.4172072727272729,0.10920307164112107,0.189429090583807,0.12337635395291466,0.04509584905167361,14.9644,63.4523,41.7329,1.55976,162,12,2,0,0,0,0,run_004
U000077,5493701,MODEL_A,BATCH_02,737904.0,52707.42857142857,12862.21901368671,35586.0,85239.0,14,1.85,4.0,0.0,5.0,14.0,14.709615384615384,62.99332888888888,41.487884615384615,1.415928,0.0969022989745789,0.21294674283216625,0.15077482433026393,0.053498842451368704,14.9246,63.4567,41.7973,1.52606,168,12,1,0,0,0,0,run_004
U000078,5544073,MODEL_A,BATCH_01,703057.0,50218.357142857145,7542.115440920789,35443.0,68513.0,14,1.825,4.0,0.0,4.0,14.0,14.68784,63.04263409090909,41.50264285714286,1.4282218181818183,0.08964798216291518,0.17869699434385092,0.13445624760868627,0.04891717999785887,14.958,63.333,41.858,1.5411,158,12,1,0,0,0,0,run_004
U000079,5594181,MODEL_A,BATCH_01,712178.0,50869.857142857145,10617.92504615258,31432.0,67331.0,14,1.775,4.0,0.0,4.0,14.0,14.677815384615384,63.042059574468084,40.58817179487179,1.544852765957447,0.09035950577222535,0.20517440583199065,0.7839181069436152,0.09820069991564362,14.8893,63.364,41.7084,1.73252,172,12,1,1,1,0,1,run_004
U000080,5650836,MODEL_B,BATCH_01,702743.0,50195.92857142857,10337.509471406958,35252.0,71220.0,14,1.725,4.0,0.0,5.0,14.0,14.698494444444444,63.07310681818182,41.475902777777776,1.426125909090909,0.09463239235346242,0.2179278922751771,0.1161738192441734,0.045101992340780515,14.9254,63.7207,41.6513,1.52383,160,12,1,0,0,0,0,run_004
U000081,5720074,MODEL_A,BATCH_01,728155.0,52011.07142857143,9793.954457602018,36666.0,69238.0,14,1.75,4.0,0.0,5.0,14.0,14.690405714285715,63.115895348837206,41.458211428571424,1.428762558139535,0.08583681488683027,0.21023502829145388,0.1285081269378543,0.05169014473134824,14.8443,63.5325,41.6537,1.56354,156,12,1,0,0,0,0,run_004
U000082,5773913,MODEL_A,BATCH_01,726276.0,51876.857142857145,9321.10493497371,33731.0,64698.0,14,1.775,4.0,0.0,4.0,14.0,14.65588,63.131510416666664,41.41167,1.442995625,0.10148141221741551,0.2030192991974691,0.14309157584191742,0.05484601375791114,14.8853,63.6777,41.6952,1.55671,176,12,1,0,0,0,0,run_004
U000083,5834658,MODEL_A,BATCH_01,699482.0,49963.0,8819.511184780114,38607.0,64856.0,14,1.85,4.0,0.0,4.0,14.0,14.699166666666667,63.15610769230769,41.4020303030303,1.444051282051282,0.12210796367013375,0.17834944466679772,0.1260648010073793,0.05812167419707544,14.9862,63.4577,41.5999,1.562,144,12,1,0,0,0,0,run_004
U000084,5890385,MODEL_A,BATCH_02,677229.0,48373.5,10658.773386998364,34656.0,67853.0,14,1.75,4.0,0.0,2.0,14.0,14.683051351351352,63.185406818181825,41.39622162162162,1.447430681818182,0.08160617699122515,0.14241847998347454,0.16606154838749732,0.04493057411409282,14.9208,63.4144,41.6667,1.53665,162,12,1,0,0,0,0,run_004
U000085,5950537,MODEL_B,BATCH_01,713721.0,50980.07142857143,12130.700261759803,35222.0,71103.0,14,1.825,4.0,0.0,5.0,14.0,14.682725641025641,63.16751739130435,41.411589743589744,1.4454604347826088,0.07610777579040447,0.18012012942521066,0.11548295111097898,0.05936404519596847,14.8398,63.4847,41.7146,1.56735,170,12,1,0,0,0,0,run_004
U000086,6027273,MODEL_A,BATCH_01,748894.0,53492.42857142857,12147.94597841567,35833.0,71445.0,14,1.825,4.0,0.0,5.0,14.0,14.716833333333334,63.29150652173912,41.44161025641026,1.4417895652173913,0.07803183336013506,0.1924088464149816,0.1364262241245425,0.057475959262461206,14.8628,63.6137,41.7466,1.58021,170,12,1,0,0,0,0,run_004
U000087,6088863,MODEL_A,BATCH_01,699047.0,49931.92857142857,7339.710238089844,38196.0,62246.0,14,1.85,4.0,0.0,5.0,14.0,14.709921621621623,63.20438695652174,41.40581081081081,1.4648489130434783,0.09995925040606185,0.17772956811302656,0.1483195813546314,0.05265921467230006,14.8865,63.6397,41.7445,1.56376,166,12,1,0,0,0,0,run_004
U000088,6155625,MODEL_A,BATCH_01,707959.0,50568.5,10165.05538030243,31874.0,64102.0,14,1.85,4.0,0.0,5.0,14.0,14.680928947368422,63.22621304347826,41.386957894736845,1.456222608695652,0.09303926781536277,0.21755914609206728,0.1336452133228009,0.04776223884733779,14.9139,63.6653,41.6257,1.55633,168,12,1,0,0,0,0,run_004
U000089,6232603,MODEL_A,BATCH_01,700810.0,50057.857142857145,10551.204151893993,35661.0,76978.0,14,1.875,4.0,0.0,4.0,14.0,14.704276470588235,63.315070000000006,41.38194705882353,1.462313,0.09711550155207582,0.2317772208448547,0.12581195981905577,0.05142953831488328,14.961,63.8086,41.5889,1.54554,148,12,1,0,0,0,0,run_004
U000090,6292425,MODEL_B,BATCH_01,657483.0,46963.07142857143,8240.008191410097,32418.0,59822.0,14,1.8,4.0,0.0,3.0,14.0,14.732790625,63.3622025,41.381346875,1.4578457500000002,0.09962214211507797,0.1658751499719138,0.13863638442592824,0.05154369368213183,14.994,63.6807,41.6916,1.56993,144,12,1,0,0,0,0,run_004
U000091,6348824,MODEL_A,BATCH_02,741061.0,52932.92857142857,9335.005520696202,37179.0,70917.0,14,1.875,4.0,0.0,5.0,14.0,14.747807894736843,63.38482,39.8466,1.654271111111111,0.07319655279720502,0.2295550504384908,0.16542714408463854,0.05596502711605719,14.9167,63.8017,40.1115,1.80464,166,12,1,1,1,0,1,run_004
U000092,6406605,MODEL_A,BATCH_01,707084.0,50506.0,8223.705359882117,34840.0,60840.0,14,1.875,4.0,0.0,2.0,14.0,14.723805714285715,63.39470465116279,41.42722857142857,1.478322093023256,0.13601252092634508,0.18884419624135143,0.1495399072674115,0.04303573396487973,14.9719,64.033,41.6989,1.54386,156,12,1,0,0,0,0,run_004
U000093,6462230,MODEL_A,BATCH_01,688359.0,49168.5,9459.460000444,33396.0,67197.0,14,1.829268292682927,4.0,0.0,2.0,14.0,14.711714285714285,63.39695813953488,41.33880857142857,1.4714955813953488,0.08992630689775376,0.16596705529735536,0.15556742130481102,0.04797355041619165,14.8756,63.7925,41.7679,1.56419,156,12,2,0,0,0,0,run_004
U000094,6539869,MODEL_A,BATCH_01,732058.0,52289.857142857145,9454.877193663211,38714.0,71759.0,14,1.9,4.0,0.0,4.0,14.0,14.720024324324324,63.40948478260869,41.335497297297294,1.4724039130434783,0.0974952489024902,0.1871519821694432,0.1520453121175951,0.043556726153795265,14.8682,63.844,41.6797,1.55273,166,12,1,0,0,0,0,run_004
U000095,6609766,MODEL_B,BATCH_01,698501.0,49892.92857142857,10413.804288718713,36201.0,69897.0,14,1.825,4.0,0.0,2.0,14.0,14.705838235294117,63.44185,41.34243235294118,1.490232,0.10938781167134626,0.18870584353595204,0.13471688094844578,0.05885415939378221,14.9357,63.8119,41.6955,1.61905,148,12,1,0,0,0,0,run_004
U000096,6660947,MODEL_A,BATCH_01,696496.0,49749.71428571428,8593.523772886467,39919.0,66560.0,14,1.8,4.0,0.0,4.0,14.0,14.732416666666666,63.43658372093023,41.31174166666667,1.4809304651162791,0.09595851931210403,0.15840777988685378,0.13604649074069083,0.045944017795650896,14.9788,63.7695,41.6449,1.60058,158,12,1,0,0,0,0,run_004
U000097,6708162,MODEL_A,BATCH_01,697772.0,49840.857142857145,8493.869896824168,37245.0,67803.0,14,1.7804878048780488,4.0,0.0,4.0,14.0,14.7413,63.525417073170736,41.29313428571429,1.4842175609756096,0.12609403820398551,0.1632388616451962,0.15628085943329756,0.05052618582381252,15.008,64.0118,41.7013,1.60333,152,12,2,0,0,0,0,run_004
U000098,6758267,MODEL_A,BATCH_02,699146.0,49939.0,10004.779242557413,36643.0,62815.0,14,1.825,4.0,0.0,4.0,14.0,14.737227777777779,63.530740909090916,41.348283333333335,1.5033761363636364,0.09748918653914146,0.2009163233418366,0.1465592820085346,0.0511949753264776,14.9197,63.9547,41.6954,1.61219,160,12,1,0,0,0,0,run_004
U000099,6833452,MODEL_A,BATCH_01,699285.0,49948.92857142857,11019.32201226056,34435.0,75185.0,14,1.825,4.0,0.0,3.0,14.0,14.747408333333333,63.541809090909084,41.30949444444445,1.498081818181818,0.08979547037573758,0.17309826194253694,0.14341448013053343,0.04875130382383954,14.9665,63.9633,41.8119,1.59695,160,12,1,0,0,0,0,run_004
U000100,6885304,MODEL_B,BATCH_01,730339.0,52167.07142857143,9783.624595479669,37138.0,67390.0,14,1.8,4.0,0.0,4.0,14.0,14.730710526315791,63.55204680851064,41.26421315789474,1.504155744680851,0.10211280934411714,0.21317154946301425,0.1439747484823955,0.04950349191656475,14.9143,63.9421,41.5617,1.60545,170,12,1,0,0,0,0,run_004
U000101,6948410,MODEL_A,BATCH_01,722139.0,51581.357142857145,7597.8686141589715,38598.0,63106.0,14,1.875,4.0,0.0,4.0,14.0,14.730564864864863,63.570656818181824,41.306086486486485,1.5149411363636363,0.09301910859906479,0.19846610793518912,0.16543126998874885,0.047470957202782556,14.8891,64.234,41.562,1.62976,162,12,1,0,0,0,0,run_004
U000102,7020497,MODEL_A,BATCH_01,707441.0,50531.5,9715.79065035566,35949.0,72087.0,14,1.75,4.0,0.0,2.0,14.0,14.790521212121211,63.62979249999999,41.31486363636363,1.4985165,0.08539005635016783,0.1891456058139274,0.1465319564510219,0.058706345070515725,14.9595,63.9355,41.6243,1.60482,146,12,1,1,1,0,0,run_004
U000103,7099349,MODEL_A,BATCH_01,775699.0,55407.07142857143,18350.639382968002,37183.0,101718.0,14,1.75,4.0,0.0,6.0,14.0,14.778448648648649,63.647551111111106,41.24756486486487,1.512066666666667,0.1114059484289119,0.17068132935948102,0.13228643420878655,0.05180181635109648,15.082,63.9868,41.5435,1.61636,164,12,1,0,0,0,0,run_004
U000104,7149756,MODEL_A,BATCH_01,718928.0,51352.0,9926.27963461716,36888.0,71200.0,14,1.85,4.0,0.0,5.0,14.0,14.742516216216217,63.660534090909096,41.30102162162162,1.529677272727273,0.07604124799341717,0.19825174029932746,0.15417803405863711,0.04832732696853702,14.9273,64.034,41.6724,1.63473,162,12,1,0,0,0,0,run_004
U000105,7214144,MODEL_B,BATCH_02,700105.0,50007.5,9435.93942777376,37313.0,64467.0,14,1.9,4.0,0.0,5.0,14.0,14.75738857142857,63.73716904761905,41.25528,1.528439285714286,0.08586661260154524,0.23883377063177924,0.12780053806385755,0.054934025681048805,14.9597,64.2871,41.537,1.65554,154,12,1,0,0,0,0,run_004
U000106,7263539,MODEL_A,BATCH_01,672627.0,48044.78571428572,8922.301903558395,35070.0,61821.0,14,1.829268292682927,4.0,0.0,4.0,14.0,14.756331428571428,63.72234285714286,41.30734857142857,1.5322890476190476,0.09690396632272424,0.1666853076218871,0.21316540163399234,0.05496941778619976,14.9899,64.0825,41.7642,1.64239,154,12,2,1,1,0,0,run_004
U000107,7317619,MODEL_A,BATCH_01,714437.0,51031.21428571428,7842.965090581999,39844.0,65603.0,14,1.85,4.0,0.0,5.0,14.0,14.779933333333332,63.79698181818182,40.803916666666666,1.5853047727272729,0.10658317744506261,0.17265509545714136,0.7143308867144724,0.10010407536458403,15.0748,64.2175,41.4563,1.81942,160,12,1,0,0,0,1,run_004
U000108,7379645,MODEL_A,BATCH_01,744605.0,53186.07142857143,11788.04381543034,37429.0,73426.0,14,1.8,4.0,0.0,5.0,14.0,14.735059459459459,63.74382272727273,41.2012972972973,1.5497527272727274,0.1199606404420019,0.186476029837663,0.14874383364713953,0.03925374260714606,15.0027,64.1056,41.5394,1.64044,162,12,1,0,0,0,0,run_004
U000109,7435031,MODEL_A,BATCH_01,697459.0,49818.5,12717.449609765437,34766.0,76270.0,14,1.825,4.0,0.0,5.0,14.0,14.764128947368423,63.821017777777776,41.268815789473685,1.528276,0.10219762230241701,0.20246147701913011,0.1778103233653936,0.044941599498177096,14.9261,64.3288,41.6295,1.62671,166,12,1,0,0,0,0,run_004
U000110,7480487,MODEL_B,BATCH_01,706285.0,50448.92857142857,8742.350911284902,36776.0,65445.0,14,1.825,4.0,0.0,5.0,14.0,14.74350857142857,63.83895,41.232974285714285,1.5458279545454545,0.0986795925366195,0.19327831541407445,0.11515822961794506,0.055307536833622724,15.0163,64.2705,41.48,1.63677,158,12,1,0,0,0,0,run_004
U000111,7555569,MODEL_A,BATCH_01,690399.0,49314.21428571428,10266.273904081578,34773.0,75082.0,14,1.8,4.0,0.0,4.0,14.0,14.783479999999999,63.890233333333335,41.24552857142857,1.5610583333333332,0.08215737337573537,0.21482376289808253,0.13831254158486062,0.0433426581352326,14.9631,64.3344,41.6793,1.65664,154,12,1,0,0,0,0,run_004
U000112,7618921,MODEL_A,BATCH_02,716676.0,51191.142857142855,11922.651930461823,33327.0,73412.0,14,1.825,4.0,0.0,5.0,14.0,14.767945714285714,63.94541162790698,41.238528571428574,1.5423167441860466,0.09475213281118755,0.19118349103027868,0.15974231008174472,0.04526317812426776,14.9766,64.514,41.4978,1.6306,156,12,1,0,0,0,0,run_004
U000113,7688676,MODEL_A,BATCH_01,721868.0,51562.0,11388.885790035016,36826.0,78063.0,14,1.925,4.0,0.0,5.0,14.0,14.763894594594595,63.880434090909084,41.174997297297296,1.5506375,0.09927879639890112,0.20710019139512606,0.14014181009583576,0.04688272122454716,14.977,64.3536,41.4262,1.67825,162,12,1,0,0,0,0,run_004
U000114,7762571,MODEL_A,BATCH_01,699972.0,49998.0,11347.473226026339,30615.0,73895.0,14,1.925,4.0,0.0,3.0,14.0,14.763837837837839,63.937079545454544,41.24110810810811,1.5621336363636364,0.09881900219692229,0.15932589911882059,0.17239667175567108,0.03840198118017308,15.0004,64.3154,41.6138,1.65574,162,12,1,0,0,0,0,run_004
U000115,7814195,MODEL_B,BATCH_01,694934.0,49638.142857142855,9549.816968500922,36864.0,64397.0,14,1.85,4.0,0.0,4.0,14.0,14.7717,63.974204761904765,41.2131,1.5596483333333333,0.0898266377445178,0.1867358731423441,0.14382932646548466,0.043479923817817956,14.9458,64.4099,41.4336,1.66283,152,12,1,0,0,0,0,run_004
U000116,7871920,MODEL_A,BATCH_01,726452.0,51889.42857142857,11257.533058864565,33870.0,73246.0,14,1.875,4.0,0.0,5.0,14.0,14.775347368421054,64.00743555555556,40.51001842105263,1.6536864444444446,0.07938466982798735,0.2421334363110494,0.7693859702861191,0.09609341255814946,14.932,64.6539,41.3972,1.82667,166,12,1,1,1,0,1,run_004
U000117,7928951,MODEL_A,BATCH_01,686401.0,49028.642857142855,8525.923614367064,36731.0,65488.0,14,1.95,4.0,0.0,6.0,14.0,14.775708333333334,63.97991627906976,41.18815277777778,1.5688806976744187,0.0810971670282012,0.21741459508794392,0.15819855062747756,0.04794390335120076,14.9898,64.4161,41.6267,1.65253,158,12,1,0,0,0,0,run_004
U000118,7996609,MODEL_A,BATCH_01,686092.0,49006.57142857143,10227.332532252714,34386.0,66250.0,14,1.925,4.0,0.0,4.0,14.0,14.799900000000001,64.01997391304347,41.157963157894734,1.5722876086956523,0.09253868438716915,0.18916563751236354,0.14922338129426468,0.05123402420634956,14.9659,64.4986,41.4964,1.69029,168,12,1,0,0,0,0,run_004
U000119,8055681,MODEL_A,BATCH_02,719236.0,51374.0,11709.559414952713,31198.0,71701.0,14,1.925,4.0,0.0,5.0,14.0,14.798575,64.07308837209303,41.162930555555555,1.573669069767442,0.08029351290288478,0.19844064148985696,0.12124794388700066,0.050987398714638185,14.9394,64.4431,41.4326,1.68284,158,12,1,0,0,0,0,run_004
U000120,8105011,MODEL_B,BATCH_01,684555.0,48896.78571428572,8309.746068309201,37819.0,65861.0,14,1.925,4.0,0.0,3.0,14.0,14.790788571428571,64.11057674418605,41.163737142857144,1.5797732558139534,0.08721002631048586,0.20013148872584616,0.15765441559405374,0.03916817912303243,14.9566,64.5729,41.6941,1.66275,156,12,1,0,0,0,0,run_004
U000121,8173960,MODEL_A,BATCH_01,703243.0,50231.642857142855,9045.421915636005,32507.0,63249.0,14,1.95,4.0,0.0,5.0,14.0,14.79874857142857,64.09141162790698,41.16553714285714,1.57026,0.12313424374719377,0.1711731290234212,0.11922711418256517,0.04386476164628866,15.071,64.5184,41.4628,1.68711,156,12,1,0,0,0,0,run_004
U000122,8229811,MODEL_A,BATCH_01,703631.0,50259.357142857145,11475.59300701438,32221.0,70033.0,14,1.875,4.0,0.0,4.0,14.0,14.792414285714287,64.19064999999999,41.15452857142857,1.5901861904761905,0.10192717164391346,0.2200375624806801,0.1365403981835953,0.05233704498552139,14.9401,64.7943,41.3773,1.68114,154,12,1,0,0,0,0,run_004
U000123,8321540,MODEL_A,BATCH_01,732154.0,52296.71428571428,13138.757068182033,32842.0,75772.0,14,1.9,4.0,0.0,6.0,14.0,14.783457142857145,64.17180697674418,41.13524857142857,1.593279534883721,0.10247513410210148,0.22363558729000163,0.1244125191625408,0.05147299189882604,14.9779,64.5958,41.3733,1.71589,156,12,1,0,0,0,0,run_004
U000124,8381184,MODEL_A,BATCH_01,716360.0,51168.57142857143,8782.61362635805,41166.0,69390.0,14,1.925,4.0,0.0,5.0,14.0,14.813680555555557,64.29275476190476,40.504641666666664,1.6866335714285714,0.12339718176787526,0.20785823405527326,0.7742912679624282,0.09339097206124114,15.1254,64.7806,41.5348,1.85127,156,12,1,1,1,0,1,run_004
U000125,8448471,MODEL_B,BATCH_01,722265.0,51590.357142857145,13155.323857120138,31718.0,72772.0,14,2.0,4.0,0.0,5.0,14.0,14.797075675675677,64.27688409090909,41.09914594594595,1.5833831818181816,0.0940577435095813,0.19633138092613658,0.12158626474554848,0.05623557471973769,14.9809,64.6854,41.3019,1.70198,162,12,1,0,0,0,0,run_004
U000126,8507665,MODEL_A,BATCH_02,672685.0,48048.92857142857,8924.585863817958,30535.0,63011.0,14,1.975,4.0,0.0,3.0,14.0,14.795632432432432,64.2910046511628,41.109991891891895,1.6004448837209302,0.10009016783229355,0.19374488374625717,0.15308525289737984,0.054815022983020045,15.0394,64.7038,41.4601,1.70658,160,12,1,0,0,0,0,run_004
U000127,8569259,MODEL_A,BATCH_01,701391.0,50099.357142857145,9838.457951459535,36446.0,67958.0,14,1.9,4.0,0.0,3.0,14.0,14.782582857142858,64.27006744186046,41.12554,1.6090118604651165,0.1022746546882299,0.17116255670996036,0.17978285955072393,0.06026180924598197,15.07,64.6549,41.5015,1.73578,156,12,1,0,0,0,0,run_004
U000128,8619712,MODEL_A,BATCH_01,703489.0,50249.21428571428,7869.628572787053,40270.0,65741.0,14,1.9,4.0,0.0,4.0,14.0,14.835116216216218,64.32289782608696,41.1171,1.6096678260869566,0.09879683562609559,0.19778097480589066,0.13607964783741722,0.04568958660414835,15.0938,64.7902,41.3321,1.7335,166,12,1,1,1,0,0,run_004
U000129,8671794,MODEL_A,BATCH_01,705316.0,50379.71428571428,10574.94034482953,32021.0,70269.0,14,1.975,4.0,0.0,5.0,14.0,14.818799999999998,64.31284468085106,41.1145641025641,1.5958046808510638,0.0888467545241449,0.18934738239830884,0.1452191709962266,0.044369927773851424,15.0017,64.6663,41.422,1.69231,172,12,1,1,1,0,0,run_004
U000130,8731228,MODEL_B,BATCH_01,693429.0,49530.642857142855,8696.1459510003,38147.0,64823.0,14,1.925,4.0,0.0,4.0,14.0,14.79344864864865,64.35830227272727,41.139202702702704,1.6158299999999999,0.09538559937206174,0.21299143283200633,0.133429293565473,0.05353034145056382,14.9685,64.7809,41.4699,1.73057,162,12,1,0,0,0,0,run_004
U000131,8786261,MODEL_A,BATCH_01,697182.0,49798.71428571428,10461.94152762634,34206.0,68291.0,14,1.9,4.0,0.0,6.0,14.0,14.78334857142857,64.43183571428571,41.08808571428572,1.6102059523809522,0.09361650298025527,0.21658534714014818,0.12491559065991763,0.05531226627331737,14.961,64.9631,41.3288,1.79196,154,12,1,0,0,0,0,run_004
U000132,8858654,MODEL_A,BATCH_01,681454.0,48675.28571428572,7951.05073296868,33638.0,63359.0,14,1.975,4.0,0.0,6.0,14.0,14.810954285714287,64.43611395348837,41.09005714285714,1.6321127906976747,0.08799182229000564,0.20813556317411755,0.13762099336629535,0.04603945328403934,14.9965,64.9371,41.3756,1.73725,156,12,1,0,0,0,0,run_004
U000133,8909018,MODEL_A,BATCH_02,692546.0,49467.57142857143,8743.990496460858,36500.0,64867.0,14,1.95,4.0,0.0,3.0,14.0,14.820418421052631,64.42942222222223,41.067721052631576,1.6311913333333334,0.09553846220031877,0.19925105667438348,0.14680034088975727,0.05468190666357228,15.1021,64.8311,41.4924,1.79442,166,12,1,0,0,0,0,run_004
U000134,8998858,MODEL_A,BATCH_01,716966.0,51211.857142857145,10618.059592810898,36307.0,72517.0,14,1.925,4.0,0.0,4.0,14.0,14.83527027027027,64.46483863636364,41.05161081081081,1.6242629545454543,0.08318943864880124,0.18429493452376683,0.14255719083111146,0.04394402113363357,15.0319,64.796,41.4121,1.70293,162,12,1,0,0,0,0,run_004
U000135,9070080,MODEL_B,BATCH_01,783633.0,55973.78571428572,12164.33476747351,39626.0,75942.0,14,2.0,4.0,0.0,6.0,14.0,14.828117142857144,64.57892954545456,41.02972,1.6341006818181818,0.11406230620796298,0.2172299709284093,0.12013348653991117,0.04655533573685,15.0538,65.0019,41.2612,1.75696,158,12,1,0,0,0,0,run_004
U000136,9124676,MODEL_A,BATCH_01,670766.0,47911.857142857145,10176.270307074068,34256.0,73923.0,14,1.9268292682926829,4.0,0.0,2.0,14.0,14.8256825,64.49703749999999,41.0276,1.6266060416666666,0.10705525984395346,0.19534943772416827,0.14163650478312337,0.0471142699952967,15.057,65.0496,41.3757,1.72231,176,12,2,0,0,0,0,run_004
U000137,9176324,MODEL_A,BATCH_01,702250.0,50160.71428571428,12565.13289548975,32544.0,72810.0,14,1.95,4.0,0.0,4.0,14.0,14.84356111111111,64.55576744186047,41.07805277777778,1.6415983720930232,0.12779696011984434,0.1914782105232957,0.148489819730148,0.0435321807035971,15.1216,64.9912,41.389,1.72499,158,12,1,0,0,0,0,run_004
U000138,9258416,MODEL_A,BATCH_01,691302.0,49378.71428571428,8568.81620428733,37061.0,60846.0,14,1.95,4.0,0.0,5.0,14.0,14.832135294117647,64.56676279069768,41.022441176470586,1.6466520930232558,0.10028151853159124,0.190994437744059,0.15558945807875396,0.039577712195853425,15.0413,65.0068,41.4847,1.70752,154,12,1,0,0,0,0,run_004
U000139,9320801,MODEL_A,BATCH_01,709273.0,50662.357142857145,9864.61961220029,34416.0,69729.0,14,1.95,4.0,0.0,4.0,14.0,14.845567567567565,64.52869777777778,40.55898648648648,1.6940799999999998,0.10647023854907409,0.20961745512945257,0.7035103545641463,0.10244297881793026,15.0401,64.9738,41.3886,1.90741,164,12,1,0,0,0,1,run_004
U000140,9381922,MODEL_B,BATCH_02,740174.0,52869.57142857143,9424.667222970595,35400.0,67935.0,14,1.975,4.0,0.0,5.0,14.0,14.842302702702703,64.644075,41.01296756756757,1.6411004545454546,0.09755677118275081,0.15817639127194272,0.12858887772460972,0.05081151970441648,15.0514,64.9867,41.2404,1.72694,162,12,1,0,0,0,0,run_004
U000141,9440502,MODEL_A,BATCH_01,748467.0,53461.92857142857,9376.976086829221,40422.0,73175.0,14,1.975,4.0,0.0,5.0,14.0,14.836949999999998,64.59292765957447,40.9913947368421,1.6637506382978724,0.11727635588066608,0.17271062591882735,0.15902962659112282,0.05254864861557188,15.0391,64.94,41.2611,1.77697,170,12,1,0,0,0,0,run_004
U000142,9495348,MODEL_A,BATCH_01,687463.0,49104.5,11278.994136480844,35805.0,77019.0,14,1.975,4.0,0.0,4.0,14.0,14.846391891891892,64.69419777777777,41.00105675675675,1.6771422222222223,0.10584761945147095,0.213428582358779,0.13882476472265468,0.05834075457987749,15.0612,65.0318,41.2754,1.80065,164,12,1,0,0,0,0,run_004
U000143,9546959,MODEL_A,BATCH_01,705697.0,50406.92857142857,9885.256289929079,37570.0,70789.0,14,2.0,4.0,0.0,5.0,14.0,14.875764705882354,64.71107441860465,40.95808823529412,1.6542016279069767,0.0691989747793775,0.19096279878679745,0.15719511667314104,0.037416932755246386,15.0093,65.1251,41.2417,1.72482,154,12,1,0,0,0,0,run_004
U000144,9612427,MODEL_A,BATCH_01,721954.0,51568.142857142855,9977.258856304887,35275.0,65468.0,14,2.0,4.0,0.0,4.0,14.0,14.821150000000001,64.71340909090908,41.02431111111111,1.6694738636363637,0.11165303271423371,0.17169986092310918,0.18392259983525405,0.05288759977827081,15.1239,65.0292,41.5101,1.7845,160,12,1,0,0,0,0,run_004
U000145,9654866,MODEL_B,BATCH_01,686178.0,49012.71428571428,10018.0270084911,35581.0,65384.0,14,1.975,4.0,0.0,3.0,14.0,14.819689189189187,64.76948863636363,40.9777,1.658425681818182,0.10643501090593521,0.18353218109032504,0.13181922806968754,0.04695758483933045,15.0741,65.2112,41.2946,1.76849,162,12,1,0,0,0,0,run_004
U000146,9718045,MODEL_A,BATCH_01,678406.0,48457.57142857143,7746.904450903508,34801.0,62097.0,14,2.0,4.0,0.0,5.0,14.0,14.838225000000001,64.72973953488372,41.00635555555555,1.6794360465116278,0.11053945481785475,0.202814436815357,0.14202234521258436,0.056628821710181305,15.0736,65.2918,41.2896,1.79884,158,12,1,0,0,0,0,run_004
U000147,9781950,MODEL_A,BATCH_02,678688.0,48477.71428571428,9379.999003022509,32542.0,63788.0,14,1.975,4.0,0.0,4.0,14.0,14.85753888888889,64.81624772727272,40.928919444444446,1.6705186363636364,0.1023481014626839,0.1742491886987035,0.18913332685012677,0.053982929282424125,15.0926,65.1694,41.3365,1.77799,160,12,1,0,0,0,0,run_004
U000148,9849718,MODEL_A,BATCH_01,710632.0,50759.42857142857,12889.33427125094,32793.0,79295.0,14,1.95,4.0,0.0,5.0,14.0,14.835213888888891,64.79313636363636,40.94165,1.6737929545454546,0.09350506832031774,0.19137786449594923,0.12742226650001134,0.0507454066465017,15.0016,65.2603,41.1951,1.77587,160,12,1,0,0,0,0,run_004
U000149,9914864,MODEL_A,BATCH_01,705605.0,50400.357142857145,10172.928415896038,31332.0,67759.0,14,1.95,4.0,0.0,6.0,14.0,14.83823243243243,64.82957045454545,40.98255405405405,1.6760463636363634,0.09975201210461335,0.19523003793324586,0.16492799370667166,0.04783269155941551,15.0845,65.1512,41.2849,1.77898,162,12,1,0,0,0,0,run_004
U000150,9963253,MODEL_B,BATCH_01,700019.0,50001.357142857145,8944.340803049654,32892.0,67689.0,14,2.05,4.0,0.0,5.0,14.0,14.85590294117647,64.89088333333333,40.99592058823529,1.6848464285714284,0.10258898424322675,0.1965812683886761,0.15673314085434414,0.04564934449460862,15.03,65.2832,41.2137,1.77626,152,12,1,0,0,0,0,run_004
U000151,10010660,MODEL_A,BATCH_01,672696.0,48049.71428571428,8978.497882150456,34679.0,62901.0,14,2.0,4.0,0.0,1.0,14.0,14.877589189189191,64.8972847826087,40.966856756756755,1.6964650000000001,0.09248684526215906,0.23907199935248627,0.14596836708406813,0.0637383343139049,15.0904,65.351,41.2293,1.82946,166,12,1,0,0,0,0,run_004
U000152,10089187,MODEL_A,BATCH_01,713309.0,50950.642857142855,11526.290781093876,33908.0,65089.0,14,1.95,4.0,0.0,5.0,14.0,14.88973611111111,64.9021976744186,40.883188888888895,1.6976672093023255,0.08891712723583135,0.1968551999728929,0.1518940961474301,0.05262667788640958,15.0705,65.3104,41.2302,1.79463,158,12,1,0,0,0,0,run_004
U000153,10155492,MODEL_A,BATCH_01,697386.0,49813.28571428572,12504.779907198388,31012.0,72765.0,14,1.975,4.0,0.0,6.0,14.0,14.854977142857145,64.94213095238095,40.92605714285715,1.7195119047619047,0.09870809635341093,0.20555427209056043,0.1821101691215484,0.04465856699491699,15.081,65.3766,41.2155,1.84994,154,12,1,0,0,0,0,run_004
U000154,10203251,MODEL_A,BATCH_02,670421.0,47887.21428571428,5299.136158608546,39179.0,55882.0,14,1.925,4.0,0.0,4.0,14.0,14.873005882352942,64.98859268292682,40.93788823529412,1.7024465853658535,0.109338803284759,0.1836565944776358,0.11855913436865854,0.05076037453613582,15.1194,65.4469,41.2523,1.8408,150,12,1,0,0,0,0,run_004
U000155,10283685,MODEL_B,BATCH_01,729349.0,52096.357142857145,13421.644755377802,34025.0,79946.0,14,1.925,4.0,0.0,7.0,14.0,14.87717027027027,64.9928,40.90094594594595,1.7016037209302326,0.10859125160400766,0.18895070911798997,0.14122362604236083,0.04301491629563249,15.1085,65.3774,41.1505,1.79343,160,12,1,0,0,0,0,run_004
U000156,10334845,MODEL_A,BATCH_01,694707.0,49621.92857142857,7056.693499674733,38147.0,64314.0,14,1.925,4.0,0.0,3.0,14.0,14.888463636363637,65.06224047619047,40.90957272727273,1.711894761904762,0.100873128291749,0.18098766035221128,0.158151632683493,0.05405298133688229,15.1643,65.3672,41.3277,1.85518,150,12,1,0,0,0,0,run_004
U000157,10394896,MODEL_A,BATCH_01,728608.0,52043.42857142857,12502.581811611712,32725.0,75618.0,14,1.925,4.0,0.0,5.0,14.0,14.876477777777776,65.07913333333333,40.91587222222222,1.7006066666666666,0.09898822761495034,0.1786302465989463,0.1615461236411829,0.04689095372147054,15.0492,65.4152,41.276,1.79014,162,12,1,0,0,0,0,run_004
U000158,10445804,MODEL_A,BATCH_01,733365.0,52383.21428571428,16582.54869145258,39635.0,104765.0,14,1.95,4.0,0.0,7.0,14.0,14.894097297297296,65.10364090909091,40.63515945945946,1.7424204545454545,0.0844460165710306,0.17755683573277273,0.5683908052365725,0.08580137698668859,15.0899,65.5041,41.1924,1.95724,162,12,1,0,0,0,0,run_004
U000159,10511443,MODEL_A,BATCH_01,717162.0,51225.857142857145,9833.723583489804,34734.0,69859.0,14,1.95,4.0,0.0,6.0,14.0,14.889094594594596,65.08954,40.85706486486487,1.7145304444444445,0.09933201046643195,0.20935018661650182,0.1513413841768491,0.05048413580502099,15.153,65.5517,41.2202,1.82516,164,12,1,0,0,0,0,run_004
U000160,10577027,MODEL_B,BATCH_01,718845.0,51346.07142857143,8408.899200474236,36252.0,63342.0,14,1.95,4.0,0.0,5.0,14.0,14.909778947368421,65.15547272727272,40.94389210526316,1.7111740909090907,0.09598727719154126,0.18935235809984055,0.1532121323641064,0.05548895914978431,15.1201,65.6553,41.2897,1.82622,164,12,1,0,0,0,0,run_004
U000161,10639821,MODEL_A,BATCH_02,680152.0,48582.28571428572,7441.925365310856,37565.0,62794.0,14,1.95,4.0,0.0,3.0,14.0,14.910348571428573,65.1622409090909,40.86147428571428,1.719668409090909,0.09393744593025294,0.1835758449406306,0.14752235193125218,0.04846312628213384,15.0861,65.5001,41.1736,1.83021,158,12,1,0,0,0,0,run_004
U000162,10729363,MODEL_A,BATCH_01,721209.0,51514.92857142857,13318.825713219647,33632.0,89542.0,14,1.875,4.0,0.0,4.0,14.0,14.894977777777777,65.17399761904763,40.84695555555555,1.7312426190476191,0.09783659295291852,0.1795473474997438,0.12870260169297265,0.04925416268452623,15.0839,65.6091,41.0658,1.83441,156,12,1,0,0,0,0,run_004
U000163,10797719,MODEL_A,BATCH_01,714613.0,51043.78571428572,10931.363537853058,33230.0,70985.0,14,1.875,4.0,0.0,5.0,14.0,14.880678378378379,65.2020909090909,40.88364324324324,1.7411470454545457,0.08386662405647785,0.1954377410151561,0.16656475807815396,0.0511253334818052,15.1019,65.5426,41.1774,1.83683,162,12,1,0,0,0,0,run_004
U000164,10868682,MODEL_A,BATCH_01,745608.0,53257.71428571428,15334.582502548694,29901.0,88844.0,14,1.95,4.0,0.0,5.0,14.0,14.909225,65.22846136363636,40.87373055555556,1.7332959090909092,0.11452391484501631,0.15815047620440045,0.15212825757882067,0.0510581331388002,15.1913,65.5532,41.173,1.88224,160,12,1,0,0,0,0,run_004
U000165,10926511,MODEL_B,BATCH_01,700996.0,50071.142857142855,8174.631065372007,39825.0,61611.0,14,1.925,4.0,0.0,2.0,14.0,14.8829,65.26254523809523,40.86836666666667,1.7344052380952382,0.09290380278238658,0.20632481992778878,0.15127191789244127,0.0469145272751855,15.0331,65.6612,41.1717,1.82772,156,12,1,0,0,0,0,run_004
U000166,10977127,MODEL_A,BATCH_01,714404.0,51028.857142857145,10316.410093089129,33471.0,69791.0,14,1.875,4.0,0.0,4.0,14.0,14.884881578947368,65.2653488888889,40.840507894736845,1.7489604444444444,0.10172320380342964,0.18373197081893394,0.18300060608609992,0.04740542958716261,15.1428,65.5971,41.1995,1.8666,166,12,1,0,0,0,0,run_004
U000167,11026042,MODEL_A,BATCH_01,690945.0,49353.21428571428,15158.992640463493,35300.0,92023.0,14,1.925,4.0,0.0,5.0,14.0,14.89999705882353,65.2949025,40.854482352941176,1.75124225,0.08483388933065664,0.2307385449972227,0.1628714206948071,0.04959120096102141,15.0488,65.7896,41.242,1.87423,148,12,1,0,0,0,0,run_004
U000168,11085602,MODEL_A,BATCH_02,675069.0,48219.21428571428,9097.679054644579,33085.0,63371.0,14,1.925,4.0,0.0,4.0,14.0,14.895579999999999,65.376,40.89104285714286,1.7569079069767441,0.09402883725376025,0.18410986626778789,0.159833141460849,0.04810330062718392,15.0649,65.7364,41.2062,1.89338,156,12,1,0,0,0,0,run_004
U000169,11150870,MODEL_A,BATCH_01,725364.0,51811.71428571428,11772.005485169344,30735.0,75403.0,14,2.0,4.0,0.0,5.0,14.0,14.887750000000002,65.38405454545455,40.81934722222222,1.7485588636363636,0.1085747234462449,0.19726537721715356,0.11543809098043126,0.04793126911676512,15.1207,65.7792,41.085,1.86991,160,12,1,0,0,0,0,run_004
U000170,11210741,MODEL_B,BATCH_01,725308.0,51807.71428571428,9854.358625100262,39185.0,69791.0,14,1.95,4.0,0.0,3.0,14.0,14.928575000000002,65.3463465116279,40.84903611111111,1.7499283720930234,0.09622695308488138,0.2212336314621317,0.14471359725388358,0.04530960509597812,15.1175,65.8136,41.2386,1.85984,158,12,1,0,0,0,0,run_004
U000171,11269923,MODEL_A,BATCH_01,706424.0,50458.857142857145,11294.950320707601,36066.0,73583.0,14,1.975,4.0,0.0,4.0,14.0,14.90474411764706,65.37865952380952,40.82837941176471,1.7767614285714286,0.10515702887551126,0.2100899726650512,0.1400270878110925,0.05599704986007174,15.1287,65.9258,41.1327,1.89269,152,12,1,0,0,0,0,run_004
U000172,11330298,MODEL_A,BATCH_01,703125.0,50223.21428571428,10276.653392547083,36497.0,69844.0,14,1.95,4.0,0.0,4.0,14.0,14.902402564102564,65.43088723404254,40.79440512820513,1.7473540425531915,0.0962685347490346,0.1655472421960117,0.1352372923278465,0.049634202253108654,15.1745,65.791,41.0293,1.85216,172,12,1,0,0,0,0,run_004
U000173,11403913,MODEL_A,BATCH_01,722672.0,51619.42857142857,11626.174856856307,35822.0,73615.0,14,2.025,4.0,0.0,5.0,14.0,14.940626470588235,65.46995813953488,40.816823529411764,1.7674965116279069,0.10367407644420902,0.2072893574928298,0.13483841071945252,0.052101630624501634,15.183,65.9592,41.0679,1.85892,154,12,1,0,0,0,0,run_004
U000174,11475880,MODEL_A,BATCH_01,707525.0,50537.5,11137.409647393157,33310.0,71967.0,14,2.025,4.0,0.0,3.0,14.0,14.921548648648649,65.47581590909091,40.82074324324324,1.7807097727272727,0.08936405137793785,0.19732096264501486,0.13257770162047217,0.05026107854221014,15.104,65.8929,41.0405,1.88824,162,12,1,0,0,0,0,run_004
U000175,11525304,MODEL_B,BATCH_02,688711.0,49193.642857142855,9545.270480973553,37053.0,64413.0,14,2.0,4.0,0.0,3.0,14.0,14.902791666666666,65.56464772727273,40.75474444444445,1.7741002272727273,0.1014540948268865,0.18112945452642504,0.14841272075714979,0.05621681377586192,15.2125,66.0848,40.9863,1.89382,160,12,1,0,0,0,0,run_004
U000176,11598345,MODEL_A,BATCH_01,708035.0,50573.92857142857,12021.865268458429,33076.0,73041.0,14,2.0,4.0,0.0,3.0,14.0,14.892778378378377,65.5386976744186,40.79934054054054,1.7719816279069769,0.12626742373746763,0.17901474731531244,0.09850110112035275,0.052862511738346454,15.1429,65.892,40.9642,1.85382,160,12,1,0,0,0,0,run_004
U000177,11647068,MODEL_A,BATCH_01,694177.0,49584.07142857143,7257.319959496445,34581.0,61738.0,14,2.0,4.0,0.0,3.0,14.0,14.935475,65.60372222222222,40.76043333333334,1.773378,0.0835145030176541,0.2048358820760139,0.1417288114675354,0.04723021416424026,15.1323,66.2263,41.034,1.87779,162,12,1,0,0,0,0,run_004
U000178,11712975,MODEL_A,BATCH_01,668168.0,47726.28571428572,10245.028673823834,29963.0,65907.0,14,1.95,4.0,0.0,2.0,14.0,14.921422857142858,65.5722512195122,40.71602285714285,1.7886331707317074,0.10189978088562195,0.17387570578138697,0.13225064235519443,0.04591943447163871,15.1493,65.9691,40.9095,1.87758,152,12,1,0,0,0,0,run_004
U000179,11774162,MODEL_A,BATCH_01,709537.0,50681.21428571428,10173.16107123635,33607.0,69948.0,14,1.875,4.0,0.0,4.0,14.0,14.93244,65.56870697674418,40.747234285714285,1.8017613953488372,0.08423743474112158,0.2097238971729373,0.14531932372791787,0.05758271001997679,15.11,66.0444,40.9714,1.93081,156,12,1,0,0,0,0,run_004
U000180,11824976,MODEL_B,BATCH_01,705124.0,50366.0,12130.468974382711,33390.0,78876.0,14,1.9268292682926829,4.0,0.0,4.0,14.0,14.940783783783782,65.66745333333334,40.7548972972973,1.8049220000000001,0.09560976389444713,0.22141926458028413,0.11422160840150049,0.053451342852423006,15.1265,66.1478,40.9868,1.93183,164,12,2,0,0,0,0,run_004
U000181,11895684,MODEL_A,BATCH_01,719932.0,51423.71428571428,11329.79558121363,33767.0,74350.0,14,1.95,4.0,0.0,2.0,14.0,14.93985294117647,65.65393953488372,40.737258823529416,1.7964465116279071,0.10379370634068248,0.2103194714391541,0.18359998699024166,0.04825339790077066,15.1597,66.0298,41.0416,1.88539,154,12,1,0,0,0,0,run_004
U000182,11952568,MODEL_A,BATCH_02,689326.0,49237.57142857143,9309.109696456442,35104.0,69880.0,14,1.975,4.0,0.0,5.0,14.0,14.934671875,65.7164675,40.720559375,1.8105265,0.07955738944765452,0.173470261084627,0.15526266165058086,0.044731452626787814,15.0916,66.0456,41.007,1.89938,144,12,1,0,0,0,0,run_004
U000183,12015316,MODEL_A,BATCH_01,752897.0,53778.357142857145,11631.816973001536,39822.0,81354.0,14,2.0,4.0,0.0,5.0,14.0,14.927288888888889,65.80441304347826,40.69459722222222,1.7967882608695651,0.07745458310806677,0.21324389751195125,0.163710384496721,0.05063692869852319,15.1025,66.367,41.066,1.89544,164,12,1,0,0,0,0,run_004
U000184,12084498,MODEL_A,BATCH_01,719018.0,51358.42857142857,9946.90321901001,35882.0,69182.0,14,1.95,4.0,0.0,4.0,14.0,14.94001891891892,65.78249130434783,40.72123243243243,1.8105715217391303,0.10849721921126153,0.2023736113957829,0.15008359717551176,0.04724123250661398,15.1606,66.1805,41.0368,1.92062,166,12,1,0,0,0,0,run_004
U000185,12142178,MODEL_B,BATCH_01,726908.0,51922.0,5948.029964747864,41490.0,62789.0,14,2.025,4.0,0.0,5.0,14.0,14.93664358974359,65.77102291666667,40.67695641025641,1.8060997916666668,0.10608208042254172,0.205022707864881,0.17237288343782234,0.042589720640208405,15.1341,66.1375,41.0745,1.89995,174,12,1,0,0,0,0,run_004
U000186,12208724,MODEL_A,BATCH_01,702802.0,50200.142857142855,10723.731274120984,35653.0,68988.0,14,1.925,4.0,0.0,2.0,14.0,14.918867567567569,65.78133488372093,40.704770270270274,1.8168162790697673,0.1028425605099963,0.2131100496878589,0.15767198522542009,0.05434127498299437,15.1728,66.2884,40.9615,1.92239,160,12,1,0,0,0,0,run_004
U000187,12263206,MODEL_A,BATCH_01,701102.0,50078.71428571428,8578.911293923662,37624.0,62568.0,14,2.025,4.0,0.0,5.0,14.0,14.936394285714288,65.89093953488371,40.69311714285714,1.8301167441860464,0.08330511933586698,0.2129712434640747,0.14723434199324767,0.04363716026294509,15.0919,66.3737,40.977,1.92408,156,12,1,0,0,0,0,run_004
U000188,12323908,MODEL_A,BATCH_01,731161.0,52225.78571428572,11209.013674982025,34875.0,70566.0,14,1.95,4.0,0.0,2.0,14.0,14.95555641025641,65.80722765957447,40.71561025641025,1.8396970212765957,0.11787275653917255,0.19866956365448904,0.14896943486372125,0.052366694440135274,15.2275,66.3429,41.0192,1.93759,172,12,1,0,0,0,0,run_004
U000189,12401133,MODEL_A,BATCH_02,755842.0,53988.71428571428,13036.440137190422,34772.0,77895.0,14,2.025,4.0,0.0,5.0,14.0,14.964564864864865,65.87722222222222,39.16220270270271,2.0106433333333333,0.1004241012910751,0.2303219524224204,0.15362419421447937,0.04926597207551521,15.1801,66.311,39.5147,2.10321,164,12,1,0,0,0,1,run_004
U000190,12467637,MODEL_B,BATCH_01,720029.0,51430.642857142855,10821.821356778255,36952.0,66504.0,14,2.0,4.0,0.0,3.0,14.0,14.932705405405404,65.89506444444444,40.64044324324325,1.8221451111111113,0.1073115840954793,0.2216225816722465,0.16268043408361568,0.05774495265712611,15.1159,66.2913,41.1163,1.92796,164,12,1,0,0,0,0,run_004
U000191,12554628,MODEL_A,BATCH_01,727318.0,51951.28571428572,13064.786615046693,35176.0,86991.0,14,2.05,4.0,0.0,4.0,14.0,14.97306842105263,65.9209,40.639755263157895,1.8246125,0.10759440381625195,0.17093589849808943,0.1596882041326719,0.05083307585206109,15.1861,66.2309,40.9448,1.92472,164,12,1,0,0,0,0,run_004
U000192,12639427,MODEL_A,BATCH_01,731730.0,52266.42857142857,13376.256615098526,38068.0,84799.0,14,2.05,4.0,0.0,4.0,14.0,14.964722222222223,65.9651,40.66925833333333,1.839460238095238,0.09678043223447644,0.19802090798701247,0.1529922413999199,0.0601860040649633,15.1195,66.4264,40.9971,1.99139,156,12,1,0,0,0,0,run_004
U000193,12693315,MODEL_A,BATCH_01,687974.0,49141.0,8011.076092126836,32192.0,60343.0,14,2.073170731707317,4.0,0.0,4.0,14.0,14.953567647058822,65.99586341463414,40.681988235294114,1.843386829268293,0.1142490918221002,0.2220803252835532,0.14783030969140923,0.05550391168372837,15.2444,66.518,41.023,1.97497,150,12,2,0,0,0,0,run_004
U000194,12766412,MODEL_A,BATCH_01,745725.0,53266.07142857143,13558.665678985726,31648.0,81145.0,14,2.05,4.0,0.0,3.0,14.0,14.964513157894737,66.00647555555555,40.64993157894737,1.8404773333333333,0.09884824068771013,0.20177690330429468,0.15753248503303358,0.04715334946167179,15.1635,66.4559,41.0261,1.93011,166,12,1,0,0,0,0,run_004
U000195,12834654,MODEL_B,BATCH_01,726633.0,51902.357142857145,11428.621409609113,34936.0,69333.0,14,2.025,4.0,0.0,4.0,14.0,14.953817142857142,66.0115880952381,40.66988,1.843303095238095,0.12343223548288561,0.20535863834429977,0.14902687440229526,0.05508863693588834,15.209,66.3978,40.9334,1.96525,154,12,1,0,0,0,0,run_004
U000196,12884795,MODEL_A,BATCH_02,724492.0,51749.42857142857,11700.395113080489,36494.0,84342.0,14,2.048780487804878,4.0,0.0,5.0,14.0,14.983963888888887,66.07324186046512,40.34046666666667,1.8884618604651164,0.10673579170155997,0.1632155399822402,0.6174045397584047,0.08813019976569875,15.1456,66.3768,40.8488,2.1174,158,12,2,0,0,0,1,run_004
U000197,12947989,MODEL_A,BATCH_01,724055.0,51718.21428571428,7406.5688327069765,38978.0,65523.0,14,2.05,4.0,0.0,5.0,14.0,14.972265714285715,66.1531840909091,40.59399714285714,1.8585445454545455,0.11412707041574617,0.1578758018531742,0.1507341006847622,0.04849069325496105,15.2037,66.4244,40.9983,1.9659,158,12,1,0,0,0,0,run_004
U000198,13021984,MODEL_A,BATCH_01,697557.0,49825.5,12204.293064012667,32776.0,73995.0,14,2.05,4.0,0.0,3.0,14.0,14.960345945945944,66.15254782608696,40.670786486486485,1.8675689130434783,0.10542207652678437,0.18694519665058218,0.11960637794718808,0.05036474442518785,15.1916,66.539,41.0175,1.98329,166,12,1,0,0,0,0,run_004
U000199,13073664,MODEL_A,BATCH_01,711035.0,50788.21428571428,8330.788171951925,40880.0,69638.0,14,2.075,4.0,0.0,3.0,14.0,14.990733333333333,66.1935,40.57370512820513,1.8609840425531916,0.10073468104338423,0.1675825247712168,0.14780924931659542,0.049347939812491456,15.2237,66.5404,40.8493,1.96126,172,12,1,0,0,0,0,run_004
U000200,13159566,MODEL_B,BATCH_01,762609.0,54472.07142857143,13822.804599447445,36063.0,85902.0,14,2.0,4.0,0.0,3.0,14.0,14.989589473684212,66.21661999999999,40.61560263157895,1.8650242222222222,0.09909329425991992,0.24012935302002983,0.1255309232643097,0.05240702284170808,15.1931,66.6871,40.9031,1.97041,166,12,1,0,0,0,0,run_004
U000201,13219173,MODEL_A,BATCH_01,693286.0,49520.42857142857,10113.622311701,33522.0,67457.0,14,2.0,4.0,0.0,4.0,14.0,14.954085294117647,66.19038571428571,40.5908,1.8700214285714285,0.11315998096648441,0.21946689463270366,0.1457545903430159,0.05418515468422428,15.2358,66.6032,40.8267,1.97777,152,12,1,0,0,0,0,run_004
U000202,13298588,MODEL_A,BATCH_01,765005.0,54643.21428571428,14261.582807715233,33912.0,79415.0,14,2.0,4.0,0.0,4.0,14.0,14.97294358974359,66.26994893617022,40.588287179487175,1.8788965957446808,0.10352362505568194,0.18026086878205513,0.14112884031320944,0.04880586294416205,15.1666,66.6723,40.8443,1.98545,172,12,1,0,0,0,0,run_004
U000203,13353712,MODEL_A,BATCH_02,689697.0,49264.07142857143,6195.717273485534,40945.0,61385.0,14,1.951219512195122,4.0,0.0,4.0,14.0,14.991927272727274,66.22061951219513,40.56739393939394,1.8773246341463414,0.0951975914635163,0.20733773320299526,0.17196003885240568,0.05181241859330452,15.1904,66.6132,40.9126,1.9772,148,12,2,0,0,0,0,run_004
U000204,13411445,MODEL_A,BATCH_01,754869.0,53919.21428571428,12872.479584091681,37802.0,76731.0,14,2.05,4.0,0.0,4.0,14.0,14.97320487804878,66.27991224489796,39.04919268292683,2.0576675510204083,0.08409222601174074,0.1657224218292142,0.1403973920524236,0.04874548271936804,15.1779,66.5832,39.3863,2.15006,180,12,1,1,1,0,1,run_004
U000205,13457353,MODEL_B,BATCH_01,677669.0,48404.92857142857,8245.425402696246,37522.0,59433.0,14,2.0,4.0,0.0,1.0,14.0,14.98699705882353,66.302825,40.59994117647059,1.8816595,0.09167553285594113,0.17288822497016407,0.15188613781112606,0.048063198616842474,15.2114,66.7055,40.9175,2.00571,148,12,2,0,0,0,0,run_004
U000206,13502851,MODEL_A,BATCH_01,684559.0,48897.07142857143,9473.00488809597,31673.0,69471.0,14,2.0,4.0,0.0,2.0,14.0,14.996864864864865,66.31514772727273,40.588124324324326,1.8811445454545455,0.09886012907193724,0.22198538658024267,0.14012384285458362,0.0551733855394211,15.1981,66.761,40.9388,2.03416,162,12,2,0,0,0,0,run_004
U000207,13544675,MODEL_A,BATCH_01,711749.0,50839.21428571428,8289.829488629392,41717.0,65548.0,14,2.024390243902439,4.0,0.0,3.0,14.0,14.99498108108108,66.40766,40.51942702702703,1.899610888888889,0.12557003764574737,0.22639798866758454,0.15161538995587417,0.04382549853588878,15.1834,66.9904,40.8584,2.0088,164,12,2,0,0,0,0,run_004
U000208,13601425,MODEL_A,BATCH_01,688923.0,49208.78571428572,8554.064847316035,35909.0,60291.0,14,2.025,4.0,0.0,3.0,14.0,15.000177142857144,66.34146666666666,40.56219142857143,1.9041473809523812,0.10312750556161676,0.1698815378743946,0.15264840488064352,0.053085071396470944,15.2259,66.7113,40.8652,2.00142,154,12,1,0,0,0,0,run_004
U000209,13665505,MODEL_A,BATCH_01,714517.0,51036.92857142857,10423.374032686092,29438.0,64528.0,14,2.025,4.0,0.0,3.0,14.0,14.98923076923077,66.44928085106383,40.54908205128205,1.9037340425531915,0.10505189733461834,0.20129460417215564,0.13461194494545084,0.05040598487841862,15.1815,66.8826,40.9313,2.03336,172,12,1,0,0,0,0,run_004
U000210,13726980,MODEL_B,BATCH_02,688013.0,49143.78571428572,9753.559974764017,35919.0,65578.0,14,2.025,4.0,0.0,2.0,14.0,14.99075,66.4408575,39.60663125,2.0227325,0.1115363617839493,0.2082204513311912,0.7693672999405027,0.09646895293704204,15.2124,67.0574,40.7737,2.16892,144,12,1,1,1,0,1,run_004
U000211,13793426,MODEL_A,BATCH_01,711537.0,50824.07142857143,7987.4951061912125,41826.0,66446.0,14,1.975,4.0,0.0,3.0,14.0,15.003164864864866,66.41482272727272,40.5012027027027,1.900649318181818,0.08964135087551268,0.22188845706443527,0.14292051304150838,0.04804882325097442,15.1635,66.8872,40.8482,2.01001,162,12,1,0,0,0,0,run_004
U000212,13881111,MODEL_A,BATCH_01,747164.0,53368.857142857145,11531.981515348074,40942.0,87685.0,14,2.0,4.0,0.0,4.0,14.0,15.011554054054054,66.49471136363637,40.54187837837838,1.9132586363636364,0.11568364571488027,0.17778633533164154,0.1603542227125361,0.05608822798972602,15.2128,66.8537,40.8921,1.99802,162,12,1,0,0,0,0,run_004
U000213,13932090,MODEL_A,BATCH_01,682831.0,48773.642857142855,10693.386105490576,31455.0,65874.0,14,1.975,4.0,0.0,3.0,14.0,15.015997297297298,66.54112888888889,40.50374054054054,1.91453,0.10010075337291839,0.2069847497920242,0.14269068617790648,0.05025973026552803,15.2065,67.0432,40.8247,2.03622,164,12,1,0,0,0,0,run_004
U000214,13992552,MODEL_A,BATCH_01,700144.0,50010.28571428572,11605.018128303022,34248.0,71472.0,14,2.025,4.0,0.0,4.0,14.0,15.003217647058824,66.53348780487805,40.52984411764706,1.9089275609756098,0.10282561133205581,0.17009133310536717,0.15103557716779936,0.04754381362388217,15.2372,66.938,40.8341,2.03763,150,12,1,0,0,0,0,run_004
U000215,14049190,MODEL_B,BATCH_01,711897.0,50849.78571428572,9350.97939073411,37733.0,64523.0,14,2.025,4.0,0.0,2.0,14.0,14.998375675675675,66.56461333333333,40.504132432432435,1.9149357777777778,0.07796689969113485,0.17642273559936597,0.14404404622285524,0.051198473365418704,15.1558,66.8905,40.7297,2.02868,164,12,1,0,0,0,0,run_004
U000216,14132766,MODEL_A,BATCH_01,731779.0,52269.92857142857,11086.732052768757,37931.0,83576.0,14,2.075,4.0,0.0,3.0,14.0,15.026994117647059,66.58578095238096,40.476,1.9280457142857141,0.09339140490325619,0.2273612836145924,0.1321566288365974,0.05159315894067111,15.2111,67.0873,40.7985,2.0175,152,12,1,0,0,0,0,run_004
U000217,14208700,MODEL_A,BATCH_02,735355.0,52525.357142857145,11499.615415690701,33943.0,75934.0,14,2.025,4.0,0.0,3.0,14.0,15.015588888888889,66.63285952380953,39.84284722222222,1.9986680952380955,0.11678743517978715,0.17133392877941084,0.7699417308142299,0.09171059476093994,15.3208,66.9775,40.7831,2.16513,156,12,1,1,1,0,1,run_004
U000218,14287137,MODEL_A,BATCH_01,736536.0,52609.71428571428,11897.458632501644,38601.0,78437.0,14,2.0,4.0,0.0,3.0,14.0,15.006432432432431,66.5667340909091,40.461886486486485,1.9207959090909092,0.11310222773632234,0.21461088416359503,0.14628115653342574,0.05520501389927778,15.2341,67.0432,40.7766,2.03079,162,12,1,0,0,0,0,run_004
U000219,14348647,MODEL_A,BATCH_01,693084.0,49506.0,7489.478969245407,38208.0,61915.0,14,2.0,4.0,0.0,2.0,14.0,14.991957575757576,66.6494525,40.47552121212121,1.9255087499999999,0.11142432698445782,0.21981662286073655,0.1566319945716219,0.05066846777437189,15.187,67.059,40.7662,2.03987,146,12,1,0,0,0,0,run_004
U000220,14395437,MODEL_B,BATCH_01,694005.0,49571.78571428572,10394.199419192133,32257.0,72953.0,14,2.0,4.0,0.0,4.0,14.0,15.028694444444445,66.68935454545455,40.48291666666667,1.9435,0.09620569316223106,0.2272573241376514,0.14814482778686355,0.04380861060100744,15.184,67.1531,40.8135,2.03491,160,12,2,0,0,0,0,run_004
U000221,14458024,MODEL_A,BATCH_01,738688.0,52763.42857142857,11312.377745802878,33955.0,70173.0,14,2.1,4.0,0.0,5.0,14.0,15.041044736842105,66.69267608695652,40.464294736842106,1.9385560869565217,0.0976420398420856,0.2032710606115021,0.1508557588279295,0.03970124070147826,15.248,67.149,40.8086,2.04345,168,12,1,0,0,0,0,run_004
U000222,14516867,MODEL_A,BATCH_01,708275.0,50591.07142857143,10144.265378598322,34756.0,65200.0,14,2.025,4.0,0.0,2.0,14.0,15.040133333333333,66.70094186046512,40.42778055555556,1.9464583720930233,0.10627946717431894,0.17752475914852706,0.14981754583386395,0.04484333681619417,15.2613,67.0605,40.7388,2.02752,158,12,1,0,0,0,0,run_004
U000223,14600525,MODEL_A,BATCH_01,753401.0,53814.357142857145,12294.939657043042,34777.0,83658.0,14,2.075,4.0,0.0,4.0,14.0,15.0081575,66.78941458333334,40.1860525,1.9831995833333333,0.10645611564251405,0.20768711429064732,0.5290960985795016,0.0932015976476692,15.2511,67.0788,40.6311,2.27669,176,12,1,0,0,0,1,run_004
U000224,14661026,MODEL_A,BATCH_02,698964.0,49926.0,9913.449644102391,36405.0,65109.0,14,2.05,4.0,0.0,3.0,14.0,15.030324242424243,66.79611904761904,40.46141818181818,1.967972619047619,0.09686189921191579,0.1768256992663176,0.13294293525453246,0.05221294938247782,15.1874,67.1469,40.7757,2.09844,150,12,1,0,0,0,0,run_004
U000225,14733751,MODEL_B,BATCH_01,717920.0,51280.0,10937.36259166434,33639.0,72725.0,14,2.075,4.0,0.0,4.0,14.0,15.024716666666668,66.8420159090909,40.43875277777778,1.9612922727272726,0.1180648937781979,0.16855087278848127,0.15223917364483805,0.04307746347953728,15.2691,67.1324,40.7192,2.03895,160,12,1,0,0,0,0,run_004
U000226,14797568,MODEL_A,BATCH_01,712393.0,50885.21428571428,10732.695304023635,32811.0,70498.0,14,2.075,4.0,0.0,3.0,14.0,15.018827027027026,66.82363333333333,40.422175675675675,1.9641802222222222,0.10799057738897794,0.1877400233398215,0.14867462311557625,0.04275189445504081,15.1822,67.2807,40.7413,2.0727,164,12,1,0,0,0,0,run_004
U000227,14852443,MODEL_A,BATCH_01,727298.0,51949.857142857145,9763.182621517375,34622.0,73395.0,14,2.15,4.0,0.0,3.0,14.0,15.020958536585365,66.87828333333333,40.35075853658537,1.9627008333333336,0.07584679616045001,0.21225375052028755,0.12985826692130517,0.04951733613608659,15.1862,67.3392,40.552,2.08372,178,12,1,0,0,0,0,run_004
U000228,14903930,MODEL_A,BATCH_01,685655.0,48975.357142857145,8768.182897509372,37779.0,65923.0,14,2.097560975609756,4.0,0.0,0.0,14.0,15.089817142857143,66.91665714285715,40.39608571428572,1.970102619047619,0.1027364832549595,0.2047417053835033,0.13840419311664268,0.05626635818768615,15.2717,67.3679,40.7045,2.08736,154,12,2,0,0,0,0,run_004
U000229,14965126,MODEL_A,BATCH_01,710732.0,50766.57142857143,9404.41631701491,37186.0,63805.0,14,2.025,4.0,0.0,4.0,14.0,15.042863888888888,66.9289534883721,40.39889166666667,1.9652153488372093,0.093810207037638,0.19127124513039795,0.17375311939646,0.048820213190305065,15.2087,67.3674,40.7094,2.07943,158,12,1,0,0,0,0,run_004
U000230,15031614,MODEL_B,BATCH_01,707393.0,50528.07142857143,13108.487793230566,29078.0,70291.0,14,2.05,4.0,0.0,5.0,14.0,15.097705405405405,66.96542045454545,39.73397567567567,2.0747240909090907,0.09836696302323468,0.22399885649577983,0.8053556703598603,0.10373636377337389,15.3056,67.5159,40.7161,2.26364,162,12,1,1,1,0,0,run_004
U000231,15095791,MODEL_A,BATCH_02,749807.0,53557.642857142855,12387.064435296033,35260.0,73985.0,14,2.05,4.0,0.0,4.0,14.0,15.043786842105263,66.94009333333334,40.40527368421053,1.9774382222222222,0.0885599115305495,0.23933099218066212,0.17285687359263968,0.04614773845975,15.2794,67.4915,40.8169,2.07009,166,12,1,0,0,0,0,run_004
U000232,15152642,MODEL_A,BATCH_01,718550.0,51325.0,10155.460107744995,35642.0,73823.0,14,2.05,4.0,0.0,3.0,14.0,15.062850000000001,67.01440930232557,39.47891944444444,2.0869497674418604,0.10277949350777317,0.23356237141281394,0.7601969762857282,0.10179342088592441,15.263,67.6293,40.6303,2.24644,158,12,1,0,0,0,1,run_004
U000233,15213489,MODEL_A,BATCH_01,713408.0,50957.71428571428,11569.812274446549,34897.0,70934.0,14,2.075,4.0,0.0,4.0,14.0,15.081999999999999,67.03231041666668,40.36958,1.98304125,0.0897101915143335,0.19644735447613917,0.11379086349696296,0.05026265140304308,15.3078,67.4911,40.6791,2.09893,176,12,1,0,0,0,0,run_004
U000234,15272134,MODEL_A,BATCH_01,677026.0,48359.0,12052.350795272585,30635.0,70023.0,14,2.025,4.0,0.0,2.0,14.0,15.045584848484848,67.08290731707316,40.37117575757576,1.996320243902439,0.09436829155366545,0.20468653764994407,0.1318448354845185,0.047139646290983356,15.2526,67.5513,40.6373,2.10221,148,12,1,0,0,0,0,run_004
U000235,15343284,MODEL_B,BATCH_01,718863.0,51347.357142857145,10531.099567158531,36632.0,72574.0,14,2.025,4.0,0.0,4.0,14.0,15.06115789473684,67.00148260869565,40.367105263157896,1.9799634782608697,0.10232518548547695,0.19083173076980603,0.16991975999399003,0.042275642959426006,15.2954,67.4145,40.7875,2.08531,168,12,1,0,0,0,0,run_004
U000236,15410908,MODEL_A,BATCH_01,721486.0,51534.71428571428,10943.739498899826,38546.0,71106.0,14,2.025,4.0,0.0,5.0,14.0,15.104017647058825,67.09256190476191,40.39484705882353,1.991937857142857,0.11146122160450517,0.18297167840603712,0.14371076642000827,0.047975005104828924,15.3762,67.486,40.7453,2.11665,152,12,1,0,0,0,0,run_004
U000237,15466471,MODEL_A,BATCH_01,721525.0,51537.5,10748.55366835643,37055.0,69085.0,14,1.975,4.0,0.0,4.0,14.0,15.064669444444442,67.11303181818181,40.337786111111114,2.003773181818182,0.1057655056364768,0.16752605041816845,0.12644864378819268,0.05708028062432964,15.336,67.5122,40.6239,2.09226,160,12,1,0,0,0,1,run_004
U000238,15515686,MODEL_A,BATCH_02,711900.0,50850.0,10077.241472362746,33541.0,66009.0,14,2.0,4.0,0.0,5.0,14.0,15.07173157894737,67.13614565217392,40.328486842105264,2.0050156521739133,0.11624550233731966,0.2078884569576462,0.1323380155614079,0.043732955265244636,15.2924,67.6128,40.6524,2.0819,168,12,1,0,0,0,0,run_004
U000239,15568925,MODEL_A,BATCH_01,734354.0,52453.857142857145,12039.473537283307,37648.0,86875.0,14,2.0,4.0,0.0,4.0,14.0,15.067872222222222,67.25502045454544,40.34974444444444,2.0060700000000002,0.09999834744666264,0.23319252309560695,0.11237414152081336,0.047913621552044594,15.2954,67.7023,40.5296,2.10871,160,12,1,0,0,0,0,run_004
U000240,15629880,MODEL_B,BATCH_01,743188.0,53084.857142857145,14942.655354887398,35878.0,95597.0,14,2.125,4.0,0.0,4.0,14.0,15.050535135135137,67.21621555555555,40.34578648648649,2.0078542222222224,0.10982000226688218,0.20675652012974405,0.1415009111909462,0.04615614883143407,15.24,67.6806,40.6454,2.11008,164,12,1,0,0,0,0,run_004
U000241,15684732,MODEL_A,BATCH_01,674178.0,48155.57142857143,7922.122624595057,36261.0,65838.0,14,2.05,4.0,0.0,0.0,14.0,15.050179411764706,67.23770731707317,40.32350588235294,2.0149141463414635,0.09480693229803737,0.1947868968773883,0.18148068090049457,0.04688449892958283,15.1834,67.7167,40.6912,2.11336,150,12,1,0,0,0,0,run_004
U000242,15751169,MODEL_A,BATCH_01,695558.0,49682.71428571428,10124.845802651638,33175.0,66547.0,14,2.025,4.0,0.0,3.0,14.0,15.058458823529412,67.25715238095238,40.310900000000004,2.009825476190476,0.09001324184621332,0.17132371475687277,0.1432451003974628,0.05653261843686956,15.2483,67.4953,40.5799,2.09785,152,12,1,0,0,0,0,run_004
U000243,15799284,MODEL_A,BATCH_01,680520.0,48608.57142857143,10427.65616938021,28242.0,67171.0,14,2.05,4.0,0.0,4.0,14.0,15.102057575757577,67.36433170731708,40.32967878787879,2.015325121951219,0.11427946564864329,0.1976474025114232,0.1234628480494617,0.051712090033276946,15.38,67.8036,40.563,2.12565,148,12,1,0,0,0,0,run_004
U000244,15881709,MODEL_A,BATCH_01,733861.0,52418.642857142855,13240.371070835085,30611.0,82425.0,14,2.0,4.0,0.0,1.0,14.0,15.087136842105263,67.30035208333334,40.25293157894737,2.0193025,0.0998886499546277,0.2066495862200762,0.15113440609453493,0.04977463805611275,15.327,67.7963,40.5606,2.11764,172,12,1,0,0,0,0,run_004
U000245,15943990,MODEL_B,BATCH_02,701128.0,50080.57142857143,8880.15960281281,33090.0,62281.0,14,2.025,4.0,0.0,2.0,14.0,15.07457027027027,67.33722045454546,40.30094594594595,2.020913181818182,0.09226892719071239,0.19276051484552192,0.14202879714768885,0.04817866428167325,15.2655,67.8359,40.6359,2.11039,162,12,1,0,0,0,0,run_004
U000246,16013419,MODEL_A,BATCH_01,747101.0,53364.357142857145,12449.966009265574,35253.0,73117.0,14,2.025,4.0,0.0,2.0,14.0,15.088323076923079,67.34245652173914,40.32446923076923,2.0213626086956524,0.09040770362360638,0.18725933372634102,0.16899585194823155,0.04000920968614775,15.2373,67.7067,40.7094,2.12358,170,12,1,0,0,0,0,run_004
U000247,16085649,MODEL_A,BATCH_01,695413.0,49672.357142857145,9990.582916751331,34953.0,72230.0,14,2.025,4.0,0.0,3.0,14.0,15.116770588235294,67.33083414634146,40.33056764705882,2.029269024390244,0.09583607067314343,0.19218461776343576,0.18048732805445103,0.049894422323786713,15.3001,67.8359,40.7826,2.12161,150,12,1,0,0,0,0,run_004
U000248,16148144,MODEL_A,BATCH_01,714523.0,51037.357142857145,11169.345023198663,33965.0,65658.0,14,2.025,4.0,0.0,2.0,14.0,15.101283783783781,67.4000909090909,40.24827567567568,2.0409343181818183,0.10677731113946569,0.2524238377588806,0.19123864876321606,0.04800840834288654,15.2996,68.1044,40.7436,2.19748,162,12,1,0,0,0,0,run_004
U000249,16207121,MODEL_A,BATCH_01,693047.0,49503.357142857145,8028.24914916689,36580.0,61640.0,14,2.025,4.0,0.0,2.0,14.0,15.064136111111111,67.45646279069767,40.29613888888889,2.03024511627907,0.10620054923930558,0.2159716549118438,0.12187536790339312,0.051959629446793144,15.2548,67.9791,40.5722,2.15398,158,12,1,0,0,0,1,run_004
U000250,16258104,MODEL_B,BATCH_01,658825.0,47058.92857142857,6795.304594568741,33665.0,58662.0,14,1.975609756097561,4.0,0.0,2.0,14.0,15.060406060606061,67.51416904761905,40.27179696969697,2.041639761904762,0.10309090327046885,0.1888699507250302,0.15117567902288528,0.05311366125712903,15.272,67.884,40.5871,2.19513,150,12,2,0,0,0,0,run_004
U000251,16328020,MODEL_A,BATCH_01,706253.0,50446.642857142855,11448.095619978718,36460.0,72146.0,14,2.025,4.0,0.0,3.0,14.0,15.089944444444443,67.49304545454545,40.29356388888888,2.0546438636363638,0.1122105099341528,0.1915647931611078,0.1408494376534819,0.049914222804863295,15.2685,67.8295,40.5299,2.14593,160,12,1,0,0,0,0,run_004
U000252,16387583,MODEL_A,BATCH_02,709547.0,50681.92857142857,10909.737784794235,34041.0,70602.0,14,2.025,4.0,0.0,3.0,14.0,15.09984,67.53246904761905,40.27076857142857,2.0637509523809525,0.10227861659098032,0.19519288207746435,0.15383487283720912,0.05879080402660976,15.286,67.9762,40.7177,2.19941,154,12,1,0,0,0,0,run_004
U000253,16454521,MODEL_A,BATCH_01,708805.0,50628.92857142857,10472.171609808289,36866.0,70162.0,14,2.025,4.0,0.0,3.0,14.0,15.086505555555554,67.53383255813954,40.241997222222224,2.0484655813953485,0.08100811579957191,0.181607568440111,0.15774831216866791,0.04924414813202854,15.223,67.9288,40.6312,2.14146,158,12,1,0,0,0,0,run_004
U000254,16521866,MODEL_A,BATCH_01,764033.0,54573.78571428572,10580.041240130266,42851.0,82408.0,14,2.1,4.0,0.0,4.0,14.0,15.09677222222222,67.5535488888889,40.254127777777775,2.0729166666666665,0.08164412536336682,0.1931143345065799,0.15124858934144805,0.047277079493709705,15.2546,67.8963,40.5419,2.15802,162,12,1,0,0,0,0,run_004
U000255,16577112,MODEL_B,BATCH_01,712713.0,50908.07142857143,11611.705410187044,35476.0,72860.0,14,2.05,4.0,0.0,1.0,14.0,15.109441666666665,67.60167142857142,40.213211111111114,2.065762142857143,0.1135289903190247,0.2237685915815631,0.1126426023892201,0.04905371757055008,15.2866,68.0196,40.4361,2.15296,156,12,1,0,0,0,0,run_004
U000256,16620147,MODEL_A,BATCH_01,679372.0,48526.57142857143,11120.98414788828,32090.0,72252.0,14,2.024390243902439,4.0,0.0,4.0,14.0,15.113537837837839,67.6320090909091,40.20862972972973,2.0620322727272726,0.0812318880713714,0.15753565830110924,0.13037202295496167,0.05704872241863357,15.2697,67.8793,40.5432,2.18572,162,12,2,0,0,0,0,run_004
U000257,16668440,MODEL_A,BATCH_01,681115.0,48651.07142857143,8675.912405702848,33898.0,64705.0,14,2.025,4.0,0.0,4.0,14.0,15.113547222222223,67.73615714285714,39.27132222222222,2.1864340476190476,0.10531845988269785,0.2258140224888969,0.7741278997726085,0.10466483610727856,15.3679,68.1104,40.466,2.36051,156,12,1,0,0,0,1,run_004
U000258,16725555,MODEL_A,BATCH_01,712282.0,50877.28571428572,7972.224093000082,35944.0,62642.0,14,2.025,4.0,0.0,4.0,14.0,15.105138888888888,67.70697111111112,40.20630833333334,2.060659333333333,0.10454775061535387,0.1948201998839631,0.1650706210340642,0.04289743250422513,15.3343,68.1142,40.5695,2.14595,162,12,1,0,0,0,0,run_004
U000259,16813260,MODEL_A,BATCH_02,746818.0,53344.142857142855,13433.879254488475,32522.0,87705.0,14,2.125,4.0,0.0,4.0,14.0,15.106845945945945,67.73082790697674,40.2041945945946,2.075008604651163,0.11686966766111402,0.19845811159990337,0.16722768069967586,0.04518842690975277,15.3183,68.0925,40.6319,2.1712,160,12,1,0,0,0,0,run_004
U000260,16872771,MODEL_B,BATCH_01,681290.0,48663.57142857143,8839.911874902597,37553.0,62353.0,14,2.025,4.0,0.0,0.0,14.0,15.140879411764706,67.7377023255814,40.17930882352942,2.086104418604651,0.09215425730283665,0.19677886487407495,0.17133427254956668,0.04313213293955958,15.2921,68.1738,40.5469,2.15097,154,12,1,0,0,0,0,run_004
U000261,16927108,MODEL_A,BATCH_01,719844.0,51417.42857142857,9553.041527052126,31419.0,65975.0,14,2.075,4.0,0.0,3.0,14.0,15.12478108108108,67.73461111111111,40.16856756756757,2.0680564444444443,0.08046996623253573,0.18065705484327507,0.16472081777300732,0.04360738631947754,15.3075,68.1206,40.444,2.16038,164,12,1,0,0,0,0,run_004
U000262,16988586,MODEL_A,BATCH_01,727228.0,51944.857142857145,11824.89127520121,33865.0,71553.0,14,2.025,4.0,0.0,1.0,14.0,15.132986486486486,67.75781818181818,40.17207567567568,2.097909090909091,0.09645895546858307,0.17889076863716122,0.18145370760335272,0.042470076569338745,15.3567,68.2628,40.6677,2.18131,162,12,1,0,0,0,0,run_004
U000263,17071338,MODEL_A,BATCH_01,739136.0,52795.42857142857,11659.88839974489,34413.0,82752.0,14,2.075,4.0,0.0,2.0,14.0,15.129684615384614,67.83710851063829,40.12046410256411,2.096965319148936,0.10038459343539877,0.17881037907550448,0.15859169933674158,0.049108091861820226,15.3659,68.314,40.4627,2.20669,172,12,1,0,0,0,0,run_004
U000264,17150263,MODEL_A,BATCH_01,730305.0,52164.642857142855,12758.64072581126,37040.0,78925.0,14,2.025,4.0,0.0,0.0,14.0,15.094897058823529,67.85466590909091,40.07492647058824,2.1048281818181818,0.09083980400181052,0.19331306329032374,0.1428290508367383,0.04434934174141047,15.3257,68.1673,40.414,2.19716,156,12,1,0,0,0,0,run_004
U000265,17197539,MODEL_B,BATCH_01,694682.0,49620.142857142855,10276.87338607451,35257.0,72333.0,14,2.025,4.0,0.0,2.0,14.0,15.125646153846155,67.87652045454546,40.12040256410256,2.0976175,0.10191499772424853,0.152582233382443,0.15590601333256085,0.04617559750812713,15.3452,68.2163,40.3729,2.19575,166,12,1,0,0,0,0,run_004
U000266,17256355,MODEL_A,BATCH_02,714156.0,51011.142857142855,9566.20247664536,34587.0,63616.0,14,2.025,4.0,0.0,3.0,14.0,15.12412162162162,67.85825555555556,40.15922972972973,2.110494222222222,0.08947391033497197,0.17987584930061234,0.1674548046237893,0.05004023937560332,15.3317,68.2835,40.472,2.20814,164,12,1,0,0,0,0,run_004
U000267,17318190,MODEL_A,BATCH_01,729813.0,52129.5,10608.41580103704,27979.0,67663.0,14,2.075,4.0,0.0,3.0,14.0,15.163224999999999,67.91353863636363,40.165419444444446,2.1087688636363637,0.1133182355139717,0.21556024918953703,0.11322455770836243,0.04492557350210012,15.4469,68.3894,40.3947,2.23352,160,12,1,0,0,0,0,run_004
U000268,17403552,MODEL_A,BATCH_01,720831.0,51487.92857142857,14108.696327847892,32511.0,85362.0,14,2.125,4.0,0.0,2.0,14.0,15.13541891891892,67.97924545454545,40.14555945945946,2.103968863636364,0.10155686102386682,0.20280733147445296,0.16943857369340487,0.05371156742660596,15.3864,68.5884,40.4971,2.21155,162,12,1,0,0,0,0,run_004
U000269,17456756,MODEL_A,BATCH_01,678254.0,48446.71428571428,8330.255259073318,34072.0,63754.0,14,2.075,4.0,0.0,2.0,14.0,15.148855555555555,67.99188604651162,40.085947222222224,2.1216411627906977,0.10016129404813437,0.21993692665267936,0.11451014549215606,0.05362100744197108,15.326,68.5376,40.3195,2.22131,158,12,1,0,0,0,0,run_004
U000270,17509348,MODEL_B,BATCH_01,686271.0,49019.357142857145,9050.211494402027,31900.0,64549.0,14,2.05,4.0,0.0,4.0,14.0,15.137726470588234,67.96956428571428,40.08213235294118,2.1121559523809523,0.10688530048558172,0.2074852540413434,0.10566268720330342,0.05395035762713013,15.3937,68.4621,40.3308,2.21877,152,12,1,0,0,0,0,run_004
U000271,17556691,MODEL_A,BATCH_01,704003.0,50285.92857142857,8309.953387486466,35997.0,63877.0,14,2.075,4.0,0.0,4.0,14.0,15.139835135135135,68.04840444444444,40.06894594594594,2.1207053333333334,0.10813515775335199,0.18862253667956724,0.13372612267573494,0.046806356872078445,15.4083,68.4071,40.3031,2.21433,164,12,1,0,0,0,0,run_004
U000272,17628060,MODEL_A,BATCH_01,681862.0,48704.42857142857,10456.196085165415,31934.0,71369.0,14,2.075,4.0,0.0,3.0,14.0,15.162947222222222,68.02195853658537,40.06911388888889,2.1300292682926827,0.09710813556063937,0.1996261605797323,0.14375733552021996,0.05844237886115886,15.3743,68.4227,40.3557,2.28436,154,12,1,0,0,0,0,run_004
U000273,17683089,MODEL_A,BATCH_02,689517.0,49251.21428571428,8368.116074891477,35277.0,63236.0,14,2.075,4.0,0.0,4.0,14.0,15.15652,68.04079999999999,40.143728571428575,2.132842093023256,0.08192730206426531,0.22906892495699077,0.10045545273002073,0.06030160972968428,15.3259,68.4507,40.3326,2.26402,156,12,1,0,0,0,1,run_004
U000274,17739419,MODEL_A,BATCH_01,717264.0,51233.142857142855,9051.84482562824,35766.0,66991.0,14,2.075,4.0,0.0,3.0,14.0,15.197751282051282,68.11616304347827,40.083712820512815,2.138734565217391,0.11281411322636016,0.19246139163617107,0.1495016989508947,0.055862470077325546,15.3919,68.6911,40.3304,2.24965,170,12,1,0,0,0,0,run_004
U000275,17825144,MODEL_B,BATCH_01,751889.0,53706.357142857145,15675.411964195799,36332.0,85953.0,14,2.05,4.0,0.0,3.0,14.0,15.16708125,68.05065897435897,40.035378125,2.146477435897436,0.09827519766353263,0.23952385082640776,0.16928528266037388,0.05055752355475099,15.3582,68.6482,40.3821,2.23592,142,12,1,0,0,0,0,run_004
U000276,17876181,MODEL_A,BATCH_01,754213.0,53872.357142857145,11362.815913233038,34955.0,72852.0,14,2.1,4.0,0.0,4.0,14.0,15.137878378378378,68.13074888888889,40.06115135135135,2.1345884444444443,0.10195756234590701,0.17916476751635965,0.1667334160029491,0.05982516398015572,15.3227,68.5094,40.4491,2.25494,164,12,1,0,0,0,0,run_004
U000277,17925504,MODEL_A,BATCH_01,700690.0,50049.28571428572,8329.226286244872,35587.0,60669.0,14,2.075,4.0,0.0,1.0,14.0,15.176048648648647,68.22425111111112,40.07269189189189,2.1410166666666663,0.10842476557405947,0.172055136012507,0.15278639297030708,0.044387273565127464,15.4528,68.9456,40.4837,2.22917,164,12,1,0,0,0,0,run_004
U000278,18002836,MODEL_A,BATCH_01,704000.0,50285.71428571428,11588.614275881513,34471.0,77332.0,14,2.1,4.0,0.0,2.0,14.0,15.16938,68.24363255813954,40.06373428571429,2.146086046511628,0.0967366887027692,0.20613752312118827,0.18321304850598882,0.05463513204015717,15.3316,68.7904,40.4618,2.27324,156,12,1,0,0,0,1,run_004
U000279,18065027,MODEL_A,BATCH_01,704782.0,50341.57142857143,8848.579040329978,33073.0,63451.0,14,2.15,4.0,0.0,2.0,14.0,15.173913888888888,68.22306428571429,40.08981111111111,2.144358095238095,0.10202119430442666,0.1904569445249229,0.14612587485311251,0.04567560368394869,15.4573,68.6914,40.4166,2.25229,156,12,1,0,0,0,0,run_004
U000280,18128627,MODEL_B,BATCH_02,711959.0,50854.21428571428,7029.506298219194,41294.0,63600.0,14,2.2,4.0,0.0,2.0,14.0,15.14615882352941,68.21580487804879,40.06364705882353,2.1570260975609754,0.1182063837625121,0.2176475590848858,0.13915607595766785,0.0479844528403758,15.442,68.8596,40.4955,2.2608,150,12,1,0,0,0,0,run_004
U000281,18176002,MODEL_A,BATCH_01,675561.0,48254.357142857145,8058.5384207076895,36053.0,69993.0,14,2.05,4.0,0.0,0.0,14.0,15.158327027027028,68.31002444444445,40.05412702702703,2.1623955555555554,0.10146838218175445,0.18110593102525918,0.16476954891377632,0.056564643291609894,15.3806,68.6587,40.4245,2.33339,164,12,1,0,0,0,0,run_004
U000282,18236250,MODEL_A,BATCH_01,717774.0,51269.57142857143,14556.58937079322,30482.0,93707.0,14,2.1,4.0,0.0,4.0,14.0,15.192297142857143,68.28860697674419,40.03094,2.1634413953488374,0.08307930472716792,0.20298476531544454,0.18761285262632849,0.03466917854325054,15.3387,68.7205,40.4618,2.23075,156,12,1,0,0,0,0,run_004
U000283,18281404,MODEL_A,BATCH_01,693058.0,49504.142857142855,9353.785041009152,34783.0,64035.0,14,2.1219512195121952,4.0,0.0,4.0,14.0,15.181288888888888,68.3462488888889,40.06448888888889,2.157126,0.10186224248682355,0.17394088026764218,0.16315396545730668,0.04925854542384216,15.4039,68.7082,40.4356,2.26405,162,12,2,0,0,0,0,run_004
U000284,18325616,MODEL_A,BATCH_01,680111.0,48579.357142857145,8872.467999440682,36035.0,62347.0,14,2.225,4.0,0.0,3.0,14.0,15.17036176470588,68.34536097560975,39.99322941176471,2.172369756097561,0.09941727188123059,0.19741455984557923,0.15141892225816822,0.05052776481736574,15.3735,68.987,40.2761,2.26352,150,12,1,0,0,0,0,run_004
U000285,18396772,MODEL_B,BATCH_01,709399.0,50671.357142857145,10007.551868519038,37750.0,71156.0,14,2.225,4.0,0.0,2.0,14.0,15.197097297297297,68.43166086956522,40.028218918918924,2.1783654347826085,0.10121966894522691,0.20195832736071698,0.1617522296563446,0.04933887282892657,15.357,68.7854,40.3002,2.29058,166,12,1,0,0,0,0,run_004
U000286,18448152,MODEL_A,BATCH_01,702636.0,50188.28571428572,7267.327002291954,37067.0,60313.0,14,2.125,4.0,0.0,1.0,14.0,15.163642105263158,68.42297659574469,39.993586842105266,2.1870317021276597,0.09432738741781016,0.17296852215858488,0.14490269646839657,0.05759812388698654,15.3496,68.7311,40.2449,2.32293,170,12,1,0,0,0,0,run_004
U000287,18519315,MODEL_A,BATCH_02,714727.0,51051.92857142857,11275.331975084002,33320.0,73708.0,14,2.1,4.0,0.0,3.0,14.0,15.177182352941175,68.4984675,39.986347058823526,2.17537875,0.08363019054177408,0.224591790825959,0.1697018351988986,0.051130206947556954,15.3642,68.9703,40.3613,2.28508,148,12,1,0,0,0,0,run_004
U000288,18572411,MODEL_A,BATCH_01,707282.0,50520.142857142855,10690.213337852112,38125.0,71806.0,14,2.15,4.0,0.0,3.0,14.0,15.187048648648648,68.42308,40.007129729729726,2.1851706666666666,0.09452621512228951,0.20444569361168755,0.14451184662100888,0.047123802680714394,15.418,68.8859,40.3076,2.30049,164,12,1,0,0,0,0,run_004
U000289,18635931,MODEL_A,BATCH_01,691033.0,49359.5,9614.853531025678,28911.0,67846.0,14,2.275,4.0,0.0,4.0,14.0,15.187651515151515,68.50408292682927,40.00684545454545,2.195094146341463,0.09741522314688598,0.19236108481504097,0.16945435242807486,0.04345211243286158,15.4405,68.8831,40.358,2.29249,148,12,1,0,0,0,0,run_004
U000290,18694792,MODEL_B,BATCH_01,713648.0,50974.857142857145,10014.2223927706,32178.0,63511.0,14,2.225,4.0,0.0,2.0,14.0,15.205613513513514,68.48685227272728,39.98621081081081,2.195694090909091,0.09416861992712362,0.1961615725692815,0.16729589518737936,0.05184496339459505,15.3891,68.8499,40.331,2.27756,162,12,1,0,0,0,0,run_004
U000291,18752364,MODEL_A,BATCH_01,676658.0,48332.71428571428,6660.341506935736,38736.0,57572.0,14,2.225,4.0,0.0,2.0,14.0,15.18952,68.53455813953488,39.98392285714286,2.19168488372093,0.09986108233293828,0.19460069034350969,0.13605628395396369,0.0443251443943659,15.4719,69.0022,40.2946,2.29763,156,12,1,0,0,0,0,run_004
U000292,18802337,MODEL_A,BATCH_01,660207.0,47157.642857142855,8153.288110724624,33979.0,60220.0,14,2.2,4.0,0.0,2.0,14.0,15.217217647058824,68.54403658536586,40.005767647058825,2.194068048780488,0.11130080581969808,0.21516725791358307,0.13282613543614472,0.051171169090588,15.4193,69.0583,40.2461,2.33126,150,12,1,0,0,0,0,run_004
U000293,18867778,MODEL_A,BATCH_01,697568.0,49826.28571428572,11120.70208373396,32152.0,71298.0,14,2.1,4.0,0.0,2.0,14.0,15.173148571428571,68.51395,39.97269714285714,2.1924030952380953,0.09724780769169213,0.16636627127970452,0.15953912941697532,0.050866746264644144,15.4554,68.9201,40.3344,2.27177,154,12,1,0,0,0,0,run_004
U000294,18924107,MODEL_A,BATCH_02,711604.0,50828.857142857145,8882.197587197776,33721.0,63116.0,14,2.2,4.0,0.0,3.0,14.0,15.19605294117647,68.63152857142856,39.93869117647059,2.1959888095238096,0.09381140408576065,0.16031135602658006,0.16905288282816514,0.059073252054583074,15.4236,68.9324,40.2862,2.30912,152,12,1,0,0,0,0,run_004
U000295,18986944,MODEL_B,BATCH_01,696657.0,49761.21428571428,10604.296583341706,34286.0,66522.0,14,2.225,4.0,0.0,1.0,14.0,15.198050000000002,68.66950714285714,39.93268055555555,2.2137864285714284,0.09148338959302167,0.2225566558647168,0.12764347852950247,0.04424365683191909,15.3612,69.034,40.187,2.33722,156,12,1,0,0,0,0,run_004
U000296,19040331,MODEL_A,BATCH_01,673301.0,48092.92857142857,10139.265854657751,27118.0,66856.0,14,2.1707317073170733,4.0,0.0,0.0,14.0,15.202330303030303,68.72819523809524,39.97510606060606,2.203765,0.07986761110131094,0.2429838105139797,0.1066459825174905,0.048822828789159715,15.3755,69.2214,40.2415,2.33203,150,12,2,0,0,0,0,run_004
U000297,19092986,MODEL_A,BATCH_01,708947.0,50639.07142857143,12524.05184781719,33149.0,75399.0,14,2.1707317073170733,4.0,0.0,2.0,14.0,15.208958333333335,68.6849511111111,39.95852777777778,2.219609111111111,0.11353833933962558,0.17235707995351188,0.11723960718146066,0.05064428141558535,15.4801,69.0881,40.1924,2.3509,162,12,2,0,0,0,0,run_004
U000298,19149345,MODEL_A,BATCH_01,711525.0,50823.21428571428,10563.861671381726,34111.0,71144.0,14,2.1463414634146343,4.0,0.0,2.0,14.0,15.215447368421053,68.73234347826087,39.941526315789474,2.216646956521739,0.10285939954116353,0.21016407416024532,0.1373077677065144,0.04700362789164088,15.5904,69.1256,40.2142,2.34523,168,12,2,0,0,0,0,run_004
U000299,19197486,MODEL_A,BATCH_01,706888.0,50492.0,8293.21721000407,37513.0,70483.0,14,2.073170731707317,4.0,0.0,2.0,14.0,15.237210256410258,68.78605434782608,39.909135897435895,2.2228252173913043,0.13327418669572122,0.19586264087821192,0.13375666139275608,0.055796364745748235,15.4515,69.1238,40.1526,2.31594,170,12,2,0,0,0,0,run_004
U000300,19245127,MODEL_B,BATCH_01,704250.0,50303.57142857143,8159.631031574196,37753.0,68020.0,14,2.097560975609756,4.0,0.0,4.0,14.0,15.215576470588235,68.81277073170732,39.87056764705883,2.2300768292682926,0.08517873564069589,0.22359645596912164,0.12083169542193103,0.04646214273142297,15.3987,69.2495,40.1487,2.36694,150,12,2,0,0,0,0,run_004
U000301,19293993,MODEL_A,BATCH_02,725931.0,51852.21428571428,9227.663127612717,36916.0,65017.0,14,2.025,4.0,0.0,3.0,14.0,15.24144705882353,68.83506666666666,39.91183529411765,2.2230466666666664,0.12251555556223753,0.19462580440382754,0.11966466500145817,0.04327047760910805,15.5843,69.3015,40.1291,2.31323,152,12,1,0,0,0,0,run_004
U000302,19355880,MODEL_A,BATCH_01,770864.0,55061.71428571428,11717.224057104806,38892.0,81704.0,14,2.025,4.0,0.0,4.0,14.0,15.240052631578946,68.81002391304348,39.897647368421055,2.239906304347826,0.10433078822316043,0.21473837537781904,0.11478014645362086,0.05545546058109029,15.4465,69.2463,40.1417,2.36412,168,12,1,0,0,0,0,run_004
U000303,19424889,MODEL_A,BATCH_01,735835.0,52559.642857142855,13392.701529088623,30114.0,73343.0,14,2.0,4.0,0.0,4.0,14.0,15.204352631578947,68.8210888888889,39.85640263157895,2.243682222222222,0.07845514034747308,0.2092954938295912,0.13549206715951215,0.06083379925101773,15.4188,69.2415,40.1029,2.44653,166,12,1,0,0,0,0,run_004
U000304,19475771,MODEL_A,BATCH_01,730218.0,52158.42857142857,11817.01095692324,37044.0,80721.0,14,2.0,4.0,0.0,4.0,14.0,15.235165714285715,68.83290930232558,39.88522857142857,2.2551081395348835,0.10690037952625388,0.19077417317210854,0.13672249174111584,0.0509395718219994,15.4779,69.2768,40.1616,2.38322,156,12,1,0,0,0,0,run_004
U000305,19542832,MODEL_B,BATCH_01,712064.0,50861.71428571428,10696.652513240344,32963.0,67061.0,14,2.0,4.0,0.0,1.0,14.0,15.23771891891892,68.91301162790698,39.902259459459465,2.2506579069767443,0.10354567923234492,0.22963739554567633,0.1540973185639141,0.05444903158691666,15.3987,69.4491,40.2736,2.34065,160,12,1,0,0,0,0,run_004
U000306,19590879,MODEL_A,BATCH_01,704708.0,50336.28571428572,12196.186329710243,33054.0,74006.0,14,2.024390243902439,4.0,0.0,3.0,14.0,15.237531428571428,68.95183809523809,39.85517142857143,2.2439842857142858,0.11495469125710697,0.17802974395552046,0.1307209861441039,0.0472705888627228,15.4531,69.3641,40.1306,2.3232,154,12,2,0,0,0,0,run_004
U000307,19645151,MODEL_A,BATCH_01,717366.0,51240.42857142857,8250.57732911681,38227.0,67345.0,14,2.025,4.0,0.0,3.0,14.0,15.220826315789473,68.96421555555555,39.859573684210524,2.2422715555555555,0.09319547513726066,0.2153658873506733,0.1353588717211662,0.043084230924358376,15.3538,69.4784,40.1384,2.35541,166,12,1,0,0,0,0,run_004
U000308,19696270,MODEL_A,BATCH_02,697373.0,49812.357142857145,9143.36964991272,34362.0,61754.0,14,2.05,4.0,0.0,3.0,14.0,15.251263157894737,69.00015555555555,39.85059210526316,2.2638386666666666,0.09134192791464175,0.19392467323393142,0.10969811494494824,0.042434090315559794,15.523,69.3472,40.0572,2.33966,166,12,1,0,0,0,0,run_004
U000309,19753823,MODEL_A,BATCH_01,672760.0,48054.28571428572,10887.038853104685,34056.0,69567.0,14,2.025,4.0,0.0,1.0,14.0,15.221325714285713,69.00376428571428,39.85084285714286,2.274277380952381,0.10894792426513125,0.17550059943116034,0.12406169785211309,0.04914832205951662,15.43,69.5131,40.1508,2.37162,154,12,1,0,0,0,0,run_004
U000310,19808336,MODEL_B,BATCH_01,712752.0,50910.857142857145,8251.851585759803,36599.0,65834.0,14,2.025,4.0,0.0,2.0,14.0,15.202805555555557,69.01448863636364,39.857419444444446,2.2388122727272726,0.09385011133091649,0.18761153484633808,0.13722853060173332,0.05005337694453592,15.4312,69.4128,40.321,2.33351,160,12,1,0,0,0,0,run_004
U000311,19878320,MODEL_A,BATCH_01,721532.0,51538.0,13059.431133799879,36017.0,75302.0,14,2.075,4.0,0.0,3.0,14.0,15.243178947368422,69.06450869565218,39.82482105263158,2.260182608695652,0.07165897525081653,0.17751276364261206,0.1390440376631545,0.05290848700811545,15.4018,69.4665,40.1766,2.39176,168,12,1,0,0,0,0,run_004
U000312,19955078,MODEL_A,BATCH_01,702924.0,50208.857142857145,11518.546769029923,34435.0,76758.0,14,2.05,4.0,0.0,1.0,14.0,15.243237142857142,69.12809285714286,39.2876,2.3392780952380954,0.10507166206007781,0.1914404249086355,0.7555636485821883,0.09753281667208624,15.41,69.5686,40.0339,2.53562,154,12,1,0,0,0,1,run_004
U000313,20007644,MODEL_A,BATCH_01,662989.0,47356.357142857145,10723.488092157204,30647.0,64831.0,14,2.075,4.0,0.0,3.0,14.0,15.236348484848486,69.11470256410256,38.98150303030303,2.3912153846153847,0.09130066100942319,0.22163386531938237,0.7902610069167173,0.0947727878123071,15.3822,69.5603,40.0317,2.54101,144,12,1,0,0,0,1,run_004
U000314,20065638,MODEL_A,BATCH_01,683507.0,48821.92857142857,8344.340960880529,36193.0,62126.0,14,2.05,4.0,0.0,3.0,14.0,15.271548571428571,69.14561428571429,39.85054,2.2654185714285715,0.10394428476897824,0.20756867634760665,0.12603273430996828,0.04197678943854506,15.5014,69.5096,40.1226,2.36511,154,12,1,0,0,0,0,run_004
U000315,20137938,MODEL_B,BATCH_02,732681.0,52334.357142857145,9869.775241826725,34817.0,72300.0,14,2.025,4.0,0.0,3.0,14.0,15.270594285714287,69.13151666666667,39.829299999999996,2.279040238095238,0.12068296566492173,0.1919271608743819,0.13898589644911793,0.05082854126629049,15.6238,69.6394,40.1002,2.39819,154,12,1,0,0,0,0,run_004
U000316,20201802,MODEL_A,BATCH_01,733712.0,52408.0,10165.957883657973,37982.0,67411.0,14,2.05,4.0,0.0,2.0,14.0,15.26204857142857,69.20631162790697,39.80856857142857,2.2728546511627905,0.09146203767757664,0.19545643310601135,0.1320480745152829,0.05250174855813024,15.4794,69.6189,40.0376,2.38097,156,12,1,0,0,0,0,run_004
U000317,20272175,MODEL_A,BATCH_01,737680.0,52691.42857142857,11733.557174022035,35064.0,71886.0,14,1.95,4.0,0.0,2.0,14.0,15.274933333333333,69.23672244897959,39.81653076923077,2.283870612244898,0.116130134203726,0.22302368079169688,0.12743621346392967,0.04690655046686637,15.6068,69.6984,40.0978,2.37284,176,12,1,0,0,0,0,run_004
U000318,20318641,MODEL_A,BATCH_01,708008.0,50572.0,10155.057277420563,39795.0,69258.0,14,1.975609756097561,4.0,0.0,4.0,14.0,15.257465789473683,69.20451458333334,39.78585,2.30396125,0.10240124913806271,0.1668142080146875,0.15809498299645258,0.05233680973964121,15.4661,69.5728,40.1273,2.41388,172,12,2,0,0,0,0,run_004
U000319,20366187,MODEL_A,BATCH_01,721028.0,51502.0,10088.77411170074,37208.0,69524.0,14,2.05,4.0,0.0,4.0,14.0,15.237602702702702,69.26171333333333,39.75946486486486,2.284289777777778,0.09909810371121738,0.15565594139289535,0.16401244230615952,0.04207017408659931,15.4547,69.5304,40.1162,2.36899,164,12,1,0,0,0,0,run_004
U000320,20427835,MODEL_B,BATCH_01,774648.0,55332.0,13521.59699830665,38851.0,88863.0,14,2.05,4.0,0.0,4.0,14.0,15.262218421052632,69.24928666666666,39.77004210526316,2.2968982222222225,0.104263872251605,0.1984393605567742,0.12561043731719082,0.049123128152581505,15.478,69.7779,40.0264,2.40274,166,12,1,0,0,0,0,run_004
U000321,20521777,MODEL_A,BATCH_01,723389.0,51670.642857142855,15454.362712924705,34433.0,93942.0,14,2.075,4.0,0.0,3.0,14.0,15.259393750000001,69.35470512820514,39.057940625,2.402481538461539,0.07915227030958263,0.21294141392054777,0.7673694748144522,0.09944026941728093,15.376,69.7073,40.0175,2.5756,142,12,1,0,0,0,1,run_004
U000322,20576062,MODEL_A,BATCH_02,648445.0,46317.5,8067.193056304797,34865.0,58481.0,14,2.075,4.0,0.0,2.0,14.0,15.244905714285713,69.33690952380952,39.77028571428571,2.3102711904761906,0.06548710669175367,0.19109856837222405,0.1293168001070083,0.04799549273565641,15.3701,69.7274,40.0223,2.42095,154,12,1,0,0,0,0,run_004
U000323,20636917,MODEL_A,BATCH_01,716805.0,51200.357142857145,7844.299454990257,39549.0,60907.0,14,1.975,4.0,0.0,2.0,14.0,15.258337142857142,69.3631,39.71174285714286,2.3135825,0.09770822135833042,0.19267817848712426,0.11924700584652731,0.04250791084377497,15.4256,69.7375,39.9606,2.40062,158,12,1,0,0,0,0,run_004
U000324,20692819,MODEL_A,BATCH_01,720032.0,51430.857142857145,7705.232236874878,36662.0,61133.0,14,2.075,4.0,0.0,4.0,14.0,15.267776315789472,69.41034255319148,39.749144736842105,2.3243844680851065,0.12114566491047157,0.16656906616186304,0.1829564188208955,0.04309203814327365,15.4757,69.6658,40.0745,2.42176,170,12,1,0,0,0,0,run_004
U000325,20767088,MODEL_B,BATCH_01,720282.0,51448.71428571428,11461.211678651482,34092.0,74269.0,14,2.05,4.0,0.0,1.0,14.0,15.289643243243244,69.4287829787234,39.74115405405406,2.3174821276595745,0.09829873555347209,0.18722040291911224,0.1383234908036526,0.0535793850256092,15.4827,69.8132,40.1273,2.44222,168,12,1,0,0,0,0,run_004
U000326,20815480,MODEL_A,BATCH_01,721045.0,51503.21428571428,10459.224395267052,34657.0,77931.0,14,2.125,4.0,0.0,4.0,14.0,15.258347058823531,69.48365476190477,39.27966764705883,2.358686666666667,0.09890541314136025,0.17619761107206688,0.7172101939145181,0.0901517102543741,15.503,69.9251,40.0681,2.55878,152,12,1,0,0,0,1,run_004
U000327,20867968,MODEL_A,BATCH_01,664770.0,47483.57142857143,8503.05991723238,31959.0,64250.0,14,2.1,4.0,0.0,1.0,14.0,15.259464864864864,69.49343488372094,39.71091081081081,2.3185288372093025,0.09814839166683671,0.2334255218058718,0.16011573554391298,0.053407926476511665,15.4038,69.9874,40.0445,2.43237,160,12,1,0,0,0,0,run_004
U000328,20931813,MODEL_A,BATCH_01,733124.0,52366.0,10840.049765710344,37207.0,71633.0,14,2.075,4.0,0.0,3.0,14.0,15.25344864864865,69.51530869565218,39.710121621621624,2.3334132608695652,0.08188014147256692,0.19804539527434548,0.1386186778643224,0.046475148200318304,15.3945,70.1388,39.983,2.44587,166,12,1,0,0,0,0,run_004
U000329,20984823,MODEL_A,BATCH_02,706659.0,50475.642857142855,10248.206159032028,33077.0,67689.0,14,2.024390243902439,4.0,0.0,4.0,14.0,15.261894444444444,69.50722325581395,39.683952777777776,2.3282197674418605,0.07979878604319912,0.19878356839873965,0.15553880817727206,0.0480758046010659,15.392,69.9528,39.9874,2.39618,158,12,2,0,0,0,0,run_004
U000330,21038340,MODEL_B,BATCH_01,697709.0,49836.357142857145,9353.661862995303,32201.0,68529.0,14,2.097560975609756,4.0,0.0,3.0,14.0,15.2999275,69.59167234042553,39.7159275,2.320907659574468,0.12091238613886833,0.1582765599692765,0.14462153612632808,0.04868858187781704,15.5693,69.9116,40.0368,2.47292,174,12,2,0,0,0,0,run_004
U000331,21100871,MODEL_A,BATCH_01,724972.0,51783.71428571428,13404.121366370702,35459.0,76500.0,14,2.05,4.0,0.0,2.0,14.0,15.301339473684212,69.51634222222222,39.68904736842105,2.3431844444444443,0.0986432297630905,0.2023498169113051,0.14595119461348693,0.054962240532418646,15.5018,70.1227,39.9472,2.45292,166,12,1,0,0,0,0,run_004
U000332,21148645,MODEL_A,BATCH_01,731363.0,52240.21428571428,10767.960739574184,31535.0,73952.0,14,2.0,4.0,0.0,4.0,14.0,15.281568421052633,69.54342765957446,39.63963947368421,2.3415236170212763,0.11123452483990039,0.16705004158104608,0.15647670328194527,0.03908799084037312,15.6111,69.9031,40.0151,2.44384,170,12,1,0,0,0,0,run_004
U000333,21209434,MODEL_A,BATCH_01,716449.0,51174.92857142857,9935.029901734148,37156.0,68625.0,14,1.975,4.0,0.0,2.0,14.0,15.307291428571427,69.63099761904762,39.64512,2.3435838095238095,0.10816349381819167,0.19729424044119281,0.13554601519518872,0.04401921736388197,15.5343,69.9651,39.9215,2.46149,154,12,1,0,0,0,0,run_004
U000334,21267354,MODEL_A,BATCH_01,740922.0,52923.0,11354.156785410898,35399.0,74452.0,14,2.05,4.0,0.0,4.0,14.0,15.293254285714287,69.62567209302325,39.65273142857143,2.3612823255813953,0.10715798491522893,0.18459948321341024,0.18076785368081869,0.05385240786221292,15.521,70.0276,40.0681,2.45024,156,12,1,0,0,0,0,run_004
U000335,21333523,MODEL_B,BATCH_01,741353.0,52953.78571428572,9638.918884306564,37029.0,66169.0,14,2.05,4.0,0.0,2.0,14.0,15.329676923076923,69.69194468085107,39.7009717948718,2.3494778723404255,0.10677715471593464,0.18515432905799872,0.13565661166636309,0.04323830743862749,15.5092,70.1305,39.986,2.44208,172,12,1,0,0,0,0,run_004
U000336,21390329,MODEL_A,BATCH_02,713050.0,50932.142857142855,8975.82357787289,39419.0,70457.0,14,2.05,4.0,0.0,2.0,14.0,15.29537105263158,69.7153090909091,39.17370526315789,2.4170504545454543,0.10628753431241791,0.1873919531396146,0.7170879813136763,0.09411786759053052,15.5416,70.0652,39.9606,2.59694,164,12,1,0,0,0,1,run_004
U000337,21446687,MODEL_A,BATCH_01,694375.0,49598.21428571428,8893.29980446448,36384.0,62161.0,14,2.025,4.0,0.0,2.0,14.0,15.280393939393939,69.66847857142858,39.63398484848484,2.3649514285714286,0.09612046783656958,0.17443740443552258,0.1567213134061768,0.06008261944094162,15.4951,70.0172,39.9591,2.47362,150,12,1,0,0,0,0,run_004
U000338,21499962,MODEL_A,BATCH_01,703825.0,50273.21428571428,9853.11860180921,35158.0,69261.0,14,2.025,4.0,0.0,2.0,14.0,15.311270270270272,69.72557727272728,39.139202702702704,2.4306679545454544,0.10333612325498484,0.21602778661028094,0.7554049015397457,0.10350696836624099,15.5329,70.1782,40.0129,2.63529,162,12,1,0,0,0,1,run_004
U000339,21565338,MODEL_A,BATCH_01,698421.0,49887.21428571428,8965.90364555178,35027.0,65376.0,14,2.025,4.0,0.0,2.0,14.0,15.317165714285716,69.81440714285715,39.67106571428572,2.3805988095238098,0.10523917002505799,0.21772893238271315,0.14991406154440512,0.04214188341273548,15.5365,70.1775,40.018,2.45999,154,12,1,0,0,0,0,run_004
U000340,21623042,MODEL_B,BATCH_01,716807.0,51200.5,9402.861403685745,38607.0,66825.0,14,2.0,4.0,0.0,3.0,14.0,15.315477142857143,69.82156511627907,39.642674285714286,2.3910604651162792,0.10223223874422133,0.15778330058858886,0.17566264851707486,0.04578648292701829,15.5831,70.13,40.1416,2.46786,156,12,1,0,0,0,0,run_004
U000341,21682951,MODEL_A,BATCH_01,731633.0,52259.5,11785.820318370847,33521.0,77344.0,14,2.0,4.0,0.0,4.0,14.0,15.300113888888887,69.85143720930233,39.626866666666665,2.367386046511628,0.10147849357735951,0.19214890929799763,0.15554273827013443,0.04621526804709077,15.5123,70.2132,39.9881,2.48915,158,12,1,0,0,0,0,run_004
U000342,21760871,MODEL_A,BATCH_01,741398.0,52957.0,12172.167893632146,34604.0,77920.0,14,1.975,4.0,0.0,4.0,14.0,15.30255945945946,69.85379777777779,39.63539189189189,2.377980888888889,0.10623694288256323,0.21432284853472855,0.13595782307265272,0.04554663193925646,15.5354,70.2839,39.9268,2.46717,164,12,1,0,0,0,0,run_004
U000343,21817036,MODEL_A,BATCH_02,754853.0,53918.07142857143,12536.169771224664,36510.0,87115.0,14,2.0,4.0,0.0,4.0,14.0,15.32768205128205,69.87885319148936,39.56856153846154,2.3722078723404256,0.11398450696151868,0.15936198588101436,0.14265041298183162,0.053954159082791664,15.5283,70.2703,39.869,2.46967,172,12,1,1,1,0,0,run_004
U000344,21893088,MODEL_A,BATCH_01,735319.0,52522.78571428572,9266.810074159794,40998.0,76052.0,14,2.075,4.0,0.0,3.0,14.0,15.348363157894736,69.91879787234043,39.59858947368421,2.3864780851063827,0.08926112746456141,0.18071151702832888,0.16939338956034491,0.059619424309105225,15.5795,70.2569,39.9999,2.50997,170,12,1,0,0,0,0,run_004
U000345,21947321,MODEL_B,BATCH_01,675751.0,48267.92857142857,9109.198600774474,32034.0,60953.0,14,2.025,4.0,0.0,1.0,14.0,15.331975,69.95528666666667,39.58536388888889,2.378763333333333,0.11003563156671457,0.16040187683101026,0.15335260424967934,0.050903972250788854,15.5422,70.3064,39.8862,2.47692,162,12,1,0,0,0,0,run_004
U000346,22000996,MODEL_A,BATCH_01,699422.0,49958.71428571428,9637.178564357862,32944.0,65740.0,14,1.975,4.0,0.0,2.0,14.0,15.325954285714287,70.01666818181819,39.56276571428571,2.383184090909091,0.09563885606758334,0.17309397470836052,0.16871823176850975,0.05750272694517262,15.4995,70.2792,39.9637,2.52953,158,12,1,0,0,0,0,run_004
U000347,22085819,MODEL_A,BATCH_01,745969.0,53283.5,12572.683966257347,35041.0,84823.0,14,2.0,4.0,0.0,4.0,14.0,15.3237,70.00145454545454,39.59394864864865,2.384713181818182,0.09703652233394754,0.20659956038421634,0.13723054126708464,0.04053722932976073,15.4887,70.4499,39.9014,2.47484,162,12,1,0,0,0,0,run_004
U000348,22135922,MODEL_A,BATCH_01,713731.0,50980.78571428572,8677.068090251289,37680.0,65887.0,14,2.05,4.0,0.0,3.0,14.0,15.319165789473683,70.05301276595745,39.58410263157894,2.388531914893617,0.11158242929663383,0.2045767588663743,0.1511077787663441,0.05308604605151817,15.6227,70.4713,39.932,2.48709,170,12,1,0,0,0,0,run_004
U000349,22207044,MODEL_A,BATCH_01,737345.0,52667.5,11393.821468403223,34423.0,73970.0,14,2.05,4.0,0.0,2.0,14.0,15.342431428571428,70.05014047619048,38.07734,2.573872619047619,0.10234585474357638,0.18564607956621143,0.16307578930921696,0.04787157326764632,15.5545,70.3756,38.4476,2.66975,154,12,1,0,0,0,1,run_004
U000350,22264242,MODEL_B,BATCH_02,692010.0,49429.28571428572,9077.970922289522,35948.0,65329.0,14,2.025,4.0,0.0,3.0,14.0,15.318528571428573,70.05335952380953,38.03850857142857,2.596657857142857,0.0659671155662764,0.21117326149515062,0.12274725196739161,0.048721662259665816,15.4619,70.4711,38.4044,2.71326,154,12,1,1,1,0,1,run_004
U000351,22310641,MODEL_A,BATCH_01,696470.0,49747.857142857145,9346.507828777902,36160.0,63483.0,14,2.097560975609756,4.0,0.0,4.0,14.0,15.338137837837836,70.09644888888889,39.55512702702703,2.4062184444444443,0.08113288260403181,0.22432231946487477,0.17717595405046765,0.04612730816868561,15.5164,70.4984,39.9832,2.50537,164,12,2,0,0,0,0,run_004
U000352,22364363,MODEL_A,BATCH_01,729729.0,52123.5,8986.817077937421,37369.0,64008.0,14,2.075,4.0,0.0,2.0,14.0,15.340626315789473,70.13880638297873,39.53200263157895,2.4195074468085105,0.08661423228724224,0.21912301429369405,0.16384585782992145,0.04718901942411046,15.5269,70.4958,39.8964,2.52707,170,12,1,0,0,0,0,run_004
U000353,22412792,MODEL_A,BATCH_01,686815.0,49058.21428571428,7994.677298327657,34973.0,63853.0,14,2.048780487804878,4.0,0.0,3.0,14.0,15.343864705882353,70.19120952380952,39.56151764705882,2.429114285714286,0.09537498840653798,0.1885653833807355,0.16102244050383702,0.055889086728367746,15.5165,70.7266,39.8706,2.5719,152,12,2,0,0,0,0,run_004
U000354,22469367,MODEL_A,BATCH_01,731812.0,52272.28571428572,10992.537737578521,36577.0,73854.0,14,2.025,4.0,0.0,4.0,14.0,15.36515135135135,70.19092888888889,39.52894864864865,2.432109111111111,0.10020196167302876,0.21779988795203747,0.14286497242272325,0.051425877100498354,15.5788,70.6443,39.871,2.5541,164,12,1,0,0,0,0,run_004
U000355,22527439,MODEL_B,BATCH_01,720010.0,51429.28571428572,8749.263418918554,35690.0,65387.0,14,2.075,4.0,0.0,4.0,14.0,15.362726315789473,70.18727391304347,39.53901842105263,2.4199254347826087,0.09135391139190643,0.16645806069702335,0.1354653159065289,0.05328424614822418,15.5731,70.5354,39.862,2.52218,168,12,1,0,0,0,0,run_004
U000356,22603074,MODEL_A,BATCH_01,699540.0,49967.142857142855,10447.41328203849,33606.0,75635.0,14,2.025,4.0,0.0,2.0,14.0,15.357569444444444,70.24572325581396,39.547291666666666,2.4235532558139536,0.08978553755459887,0.1634712525145349,0.1340106443000496,0.04930436727110935,15.5738,70.6785,39.8266,2.55617,158,12,1,0,0,0,0,run_004
U000357,22661127,MODEL_A,BATCH_02,670493.0,47892.357142857145,7935.58210367556,33573.0,61937.0,14,1.975,4.0,0.0,3.0,14.0,15.354597142857141,70.24983023255814,38.541111428571426,2.5580697674418604,0.10149635022622079,0.19144538016896775,0.7902539215048384,0.09125524299323383,15.6039,70.5541,39.7609,2.70721,156,12,1,0,0,0,1,run_004
U000358,22719524,MODEL_A,BATCH_01,745174.0,53226.71428571428,10312.200514465836,31161.0,65315.0,14,2.0,4.0,0.0,5.0,14.0,15.373391891891893,70.25348043478262,39.4659972972973,2.4228021739130434,0.10822969755308584,0.23835569743050664,0.16570492262265918,0.04786897561344086,15.5681,70.7995,39.8403,2.51699,166,12,1,0,0,0,0,run_004
U000359,22797731,MODEL_A,BATCH_01,750157.0,53582.642857142855,11550.059917308074,40545.0,78207.0,14,2.025,4.0,0.0,4.0,14.0,15.383622222222222,70.36956086956522,39.488930555555555,2.419738043478261,0.12194577978080785,0.1659343598177156,0.13649118824397952,0.03979397495543295,15.5523,70.7767,39.711,2.48898,164,12,1,0,0,0,0,run_004
U000360,22853229,MODEL_B,BATCH_01,729970.0,52140.71428571428,10113.457747199798,34602.0,65376.0,14,2.05,4.0,0.0,3.0,14.0,15.372305405405406,70.34721304347826,39.47851891891892,2.4303015217391306,0.10939238483029216,0.16567774826612106,0.1647658875122168,0.055170059632513355,15.5807,70.6555,39.7804,2.53251,166,12,1,0,0,0,0,run_004
U000361,22916592,MODEL_A,BATCH_01,692805.0,49486.07142857143,9597.83029539077,36898.0,66108.0,14,1.975,4.0,0.0,2.0,14.0,15.353273529411766,70.3142625,39.4674,2.45853825,0.11804403212572445,0.22359955241400484,0.1564684109856149,0.05693235801516268,15.5934,70.8153,39.7753,2.57935,148,12,1,0,0,0,0,run_004
U000362,22970318,MODEL_A,BATCH_01,711153.0,50796.642857142855,10074.2939558458,32542.0,69095.0,14,2.025,4.0,0.0,4.0,14.0,15.35608,70.3878619047619,38.48697428571429,2.5715659523809524,0.08896770993885754,0.1902142796214144,0.743565023598697,0.10253399624347138,15.5328,70.8287,39.5914,2.71054,154,12,1,0,0,0,1,run_004
U000363,23031224,MODEL_A,BATCH_01,703945.0,50281.78571428572,10190.195485243281,34305.0,70853.0,14,2.05,4.0,0.0,2.0,14.0,15.350418181818183,70.46384634146341,39.03079696969697,2.4962134146341466,0.10601440484241244,0.2222786135659017,0.678923782764337,0.08481518574553026,15.6231,70.9786,39.6788,2.67066,148,12,1,0,0,0,1,run_004
U000364,23093558,MODEL_A,BATCH_02,709943.0,50710.21428571428,9210.486332925697,35640.0,62334.0,14,2.025,4.0,0.0,3.0,14.0,15.381639999999999,70.47264545454546,39.44728,2.450529772727273,0.09030453118720676,0.21410323249522764,0.12052230889414917,0.0482726537969305,15.5868,70.8105,39.7525,2.54867,158,12,1,0,0,0,0,run_004
U000365,23146968,MODEL_B,BATCH_01,702873.0,50205.21428571428,5846.209530424511,40518.0,60996.0,14,2.15,4.0,0.0,4.0,14.0,15.380262857142858,70.47393181818182,39.47184571428571,2.4583143181818183,0.0944525186838034,0.1733331216388914,0.16367125110102462,0.048549759676445425,15.6101,70.8709,39.7571,2.56657,158,12,1,0,0,0,1,run_004
U000366,23217230,MODEL_A,BATCH_01,702328.0,50166.28571428572,10306.722253189693,35172.0,70262.0,14,2.025,4.0,0.0,1.0,14.0,15.393176315789473,70.43362173913044,39.44486315789474,2.470545652173913,0.09163308571073325,0.18092427748529502,0.1349202816101361,0.05154343620900611,15.6017,70.8217,39.6931,2.60109,168,12,1,0,0,0,0,run_004
U000367,23280277,MODEL_A,BATCH_01,708518.0,50608.42857142857,11729.467472430842,28948.0,73503.0,14,2.025,4.0,0.0,3.0,14.0,15.367552777777778,70.52408636363636,39.44551388888889,2.454905,0.08275772380392285,0.1662386692636925,0.1724451915458971,0.05456574790274622,15.5779,70.8162,39.8614,2.55609,160,12,1,0,0,0,0,run_004
U000368,23336576,MODEL_A,BATCH_01,693975.0,49569.642857142855,8026.588695916004,35024.0,62791.0,14,2.0,4.0,0.0,4.0,14.0,15.339582857142858,70.48264418604651,39.419737142857144,2.476830465116279,0.08691429005132636,0.15505298219260985,0.18188700772686417,0.04722350171328071,15.4937,70.7409,39.713,2.60944,156,12,1,1,1,0,1,run_004
U000369,23398368,MODEL_A,BATCH_01,689945.0,49281.78571428572,8431.479924650252,35273.0,61792.0,14,1.975,4.0,0.0,5.0,14.0,15.389502857142858,70.57910238095238,38.47649428571429,2.5736980952380955,0.11146644835664121,0.17760626703962978,0.7320751387596222,0.09518459990827295,15.5566,71.0069,39.6327,2.74191,154,12,1,0,0,0,1,run_004
U000370,23469486,MODEL_B,BATCH_01,744182.0,53155.857142857145,10158.351212802074,37299.0,71118.0,14,2.075,4.0,0.0,5.0,14.0,15.377708333333333,70.57447727272728,39.36946666666667,2.474569318181818,0.09331672756187463,0.22225516747976445,0.1303595664745335,0.051988299998495954,15.5919,71.0817,39.5965,2.57705,160,12,1,0,0,0,0,run_004
U000371,23535144,MODEL_A,BATCH_02,710033.0,50716.642857142855,10501.518510029087,35712.0,65658.0,14,2.025,4.0,0.0,1.0,14.0,15.38032777777778,70.64960232558138,39.43078611111111,2.4826325581395348,0.1077414593528977,0.17280431196170318,0.12668396257228334,0.048300927433323225,15.5379,71.0048,39.7405,2.60412,158,12,1,0,0,0,0,run_004
U000372,23595718,MODEL_A,BATCH_01,700440.0,50031.42857142857,9187.024928287014,37689.0,62312.0,14,2.0,4.0,0.0,3.0,14.0,15.40855294117647,70.59544047619048,39.38439411764706,2.4826835714285713,0.0840608446135774,0.20911772861065853,0.14488601986467903,0.04359533465873345,15.5992,71.1214,39.6933,2.55996,152,12,1,0,0,0,0,run_004
U000373,23666732,MODEL_A,BATCH_01,706681.0,50477.21428571428,9394.92880538441,37814.0,71014.0,14,2.0,4.0,0.0,4.0,14.0,15.383054545454545,70.65051219512195,39.34981212121212,2.488925853658537,0.09554248430315268,0.1672027230566569,0.17850464062170793,0.04815433479841714,15.5984,70.9598,39.7243,2.6113,148,12,1,0,0,0,0,run_004
U000374,23735697,MODEL_A,BATCH_01,730475.0,52176.78571428572,9334.128579313918,38636.0,68965.0,14,2.025,4.0,0.0,4.0,14.0,15.397355263157896,70.70986444444445,39.40706052631579,2.4864568888888887,0.11110677041031244,0.22047819636124258,0.12616714469193432,0.0471149001630454,15.6566,71.1283,39.6772,2.59012,166,12,1,0,0,0,0,run_004
U000375,23793715,MODEL_B,BATCH_01,746903.0,53350.21428571428,10630.573471603724,39840.0,75207.0,14,2.0,4.0,0.0,2.0,14.0,15.356383783783784,70.70087045454545,39.385916216216216,2.498086363636364,0.09694510048221912,0.18311675342752196,0.15976676840095755,0.049148947046418694,15.5529,71.0811,39.7914,2.6146,162,12,1,0,0,0,0,run_004
U000376,23862752,MODEL_A,BATCH_01,733672.0,52405.142857142855,11965.137132244101,32382.0,69037.0,14,2.025,4.0,0.0,3.0,14.0,15.372176315789474,70.76830666666667,39.36254210526315,2.5068657777777776,0.1164429878691612,0.19516507511707804,0.1135902751632565,0.05160141843050831,15.5515,71.2543,39.5794,2.63601,166,12,1,0,0,0,0,run_004
U000377,23918008,MODEL_A,BATCH_01,709684.0,50691.71428571428,8595.590939801383,34723.0,67088.0,14,2.024390243902439,4.0,0.0,3.0,14.0,15.412982857142856,70.77411363636364,37.841205714285714,2.683163409090909,0.12112003158198104,0.16164367443281893,0.1445094337300331,0.049399481634752336,15.619,71.0978,38.1998,2.80509,158,12,2,0,0,0,1,run_004
U000378,23972759,MODEL_A,BATCH_02,680727.0,48623.357142857145,8400.286392619122,33971.0,63794.0,14,2.05,4.0,0.0,2.0,14.0,15.379220588235295,70.79454390243903,39.38070294117647,2.519488780487805,0.08237370785085575,0.17529892334064684,0.10190671160367804,0.049799163757794265,15.5477,71.3773,39.5842,2.63268,150,12,1,0,0,0,0,run_004
U000379,24022924,MODEL_A,BATCH_01,697324.0,49808.857142857145,10921.247828516123,37869.0,77787.0,14,2.0,4.0,0.0,2.0,14.0,15.394994594594593,70.82008043478261,39.378281081081084,2.516051304347826,0.09522271246908488,0.17101348045573625,0.15806139074183373,0.05742039647715968,15.6667,71.1746,39.7126,2.62141,166,12,2,0,0,0,0,run_004
U000380,24070880,MODEL_B,BATCH_01,690395.0,49313.92857142857,10430.30758056898,38202.0,70837.0,14,1.975609756097561,4.0,0.0,3.0,14.0,15.394139393939394,70.8810775,39.308475757575756,2.5154225,0.09609537560216519,0.1746153685007873,0.1351307885677404,0.0521869890824062,15.6341,71.2323,39.5534,2.64025,146,12,2,0,0,0,0,run_004
U000381,24113367,MODEL_A,BATCH_01,728141.0,52010.07142857143,11465.081062240086,36353.0,76234.0,14,2.024390243902439,4.0,0.0,5.0,14.0,15.423297435897435,70.8917347826087,39.34617435897436,2.5166752173913043,0.09902167356370858,0.18384001283409696,0.13196432476031755,0.045513644583630365,15.7384,71.2157,39.5722,2.63581,170,12,2,0,0,0,0,run_004
U000382,24159674,MODEL_A,BATCH_01,687255.0,49089.642857142855,8463.658716101292,31542.0,62414.0,14,2.05,4.0,0.0,4.0,14.0,15.388927272727273,70.9351725,39.363366666666664,2.5134525,0.10500783087681889,0.20277259333788997,0.10730038637706076,0.05404546788323657,15.6007,71.5142,39.5702,2.66511,146,12,1,0,0,0,0,run_004
U000383,24231360,MODEL_A,BATCH_01,710969.0,50783.5,11779.050319235288,34184.0,71686.0,14,1.975,4.0,0.0,3.0,14.0,15.431837142857141,70.93901860465117,39.35542285714286,2.5138806976744186,0.1088718352973277,0.1509108444710276,0.18045746457547424,0.04111730184978606,15.6023,71.4919,39.9051,2.59172,156,12,1,0,0,0,0,run_004
U000384,24288050,MODEL_A,BATCH_01,726502.0,51893.0,7592.187462223154,36161.0,60145.0,14,1.95,4.0,0.0,5.0,14.0,15.42887027027027,70.93587608695653,38.82024054054054,2.5817858695652176,0.11599706142078925,0.19375356189962606,0.7123991536660792,0.09163922601584235,15.7085,71.2727,39.5999,2.7775,166,12,1,0,0,0,0,run_004
U000385,24345492,MODEL_B,BATCH_02,695799.0,49699.92857142857,9677.4175072635,35322.0,68104.0,14,1.925,4.0,0.0,5.0,14.0,15.432273529411766,70.96461190476191,39.30344705882353,2.5446521428571427,0.09926198365581336,0.16713053055939642,0.16974777587741757,0.05561317388830018,15.6346,71.3267,39.7087,2.67198,152,12,1,0,0,0,0,run_004
U000386,24399025,MODEL_A,BATCH_01,716175.0,51155.357142857145,14119.116471633783,27896.0,78314.0,14,1.9,4.0,0.0,4.0,14.0,15.451500000000001,71.00897954545455,39.31708571428571,2.5486195454545455,0.09021699331252911,0.1958238501040063,0.15959446611159636,0.043638811558143996,15.6439,71.3728,39.6855,2.6514,158,12,1,0,0,0,0,run_004
U000387,24487590,MODEL_A,BATCH_01,757214.0,54086.71428571428,12659.977059333762,38380.0,88565.0,14,1.975,4.0,0.0,4.0,14.0,15.43614054054054,71.01661333333334,39.30587297297297,2.542629333333333,0.11894911250768672,0.18892668804206916,0.14617737066213024,0.050769990930577366,15.8418,71.4431,39.6486,2.64823,164,12,1,0,0,0,0,run_004
U000388,24547645,MODEL_A,BATCH_01,707363.0,50525.92857142857,11274.39003613114,30948.0,68704.0,14,1.95,4.0,0.0,2.0,14.0,15.440980555555557,71.00047727272728,39.26812777777778,2.5406486363636365,0.08093277216993808,0.17902194728857596,0.13833583485977008,0.05291907694843133,15.6098,71.5305,39.5737,2.67233,160,12,1,0,0,0,0,run_004
U000389,24616908,MODEL_A,BATCH_01,744640.0,53188.57142857143,12694.718985069743,39462.0,80846.0,14,2.0,4.0,0.0,4.0,14.0,15.429958333333335,71.07038181818183,39.04005277777778,2.561400681818182,0.09772045370048489,0.21516284505994945,0.559248621167527,0.07166585559151473,15.6029,71.4972,39.5396,2.75966,160,12,1,0,0,0,0,run_004
U000390,24669847,MODEL_B,BATCH_01,710679.0,50762.78571428572,9515.84401186998,35362.0,67230.0,14,1.975,4.0,0.0,2.0,14.0,15.482489743589744,71.08343695652174,39.25921794871795,2.553783260869565,0.10333426546094768,0.23345485821907302,0.16139723775076245,0.044147801659342595,15.744,71.5576,39.6613,2.69215,170,12,1,0,0,0,0,run_004
U000391,24735825,MODEL_A,BATCH_01,700774.0,50055.28571428572,9996.8696287201,34460.0,65978.0,14,2.0,4.0,0.0,1.0,14.0,15.418186486486485,71.16276521739131,39.29924594594595,2.5498332608695655,0.08512420390282724,0.20883640936004594,0.16267926111522876,0.05734537412533707,15.5546,71.6045,39.6497,2.67134,166,12,1,0,0,0,0,run_004
U000392,24784713,MODEL_A,BATCH_02,722667.0,51619.07142857143,10563.7500077044,35378.0,79022.0,14,2.05,4.0,0.0,3.0,14.0,15.398997222222224,71.17405581395349,39.287194444444445,2.5508893023255816,0.10922713290887058,0.20215967675545457,0.18093120704438992,0.0425117163903556,15.6037,71.6915,39.6389,2.63195,158,12,1,0,0,0,0,run_004
U000393,24841217,MODEL_A,BATCH_01,677851.0,48417.92857142857,7854.156728610808,33218.0,58759.0,14,2.0,4.0,0.0,1.0,14.0,15.433752941176472,71.20347441860466,39.23329411764706,2.555538837209302,0.07966912726754449,0.20114465784014632,0.15817585139441945,0.05558347579945916,15.5946,71.5826,39.6825,2.67308,154,12,1,0,0,0,0,run_004
U000394,24916903,MODEL_A,BATCH_01,667323.0,47665.92857142857,10996.551777466677,30843.0,75686.0,14,1.975,4.0,0.0,2.0,14.0,15.43016875,71.21229736842106,38.745596875,2.635036315789474,0.08948271931748378,0.2271562594539352,0.7268337851807951,0.10455209055831341,15.6325,71.6392,39.4597,2.81396,140,12,1,0,0,0,1,run_004
U000395,24979303,MODEL_B,BATCH_01,712878.0,50919.857142857145,10246.252124235798,33153.0,70869.0,14,2.0,4.0,0.0,3.0,14.0,15.430164864864865,71.26095454545454,39.239824324324324,2.5520029545454546,0.08855446916451484,0.18644523287705642,0.17660665711217263,0.04023761190724277,15.6324,71.7796,39.6286,2.64603,162,12,1,0,0,0,0,run_004
U000396,25055364,MODEL_A,BATCH_01,701177.0,50084.07142857143,12244.482301863944,30096.0,76061.0,14,2.0,4.0,0.0,2.0,14.0,15.428594444444444,71.23850930232558,39.22705555555555,2.5650202325581395,0.10578377122209365,0.18921289573231206,0.13916638437382267,0.044119388054749374,15.7401,71.6878,39.4972,2.64592,158,12,1,0,0,0,0,run_004
U000397,25101002,MODEL_A,BATCH_01,715544.0,51110.28571428572,10635.069833979765,35369.0,71066.0,14,2.075,4.0,0.0,3.0,14.0,15.486467567567566,71.31948181818183,39.21377837837838,2.563020227272727,0.0737596398748967,0.2238529441217306,0.14908605109342285,0.058329559560756014,15.6306,71.7708,39.5297,2.70676,162,12,1,0,0,0,0,run_004
U000398,25153481,MODEL_A,BATCH_01,674558.0,48182.71428571428,6127.3991650187545,37608.0,56050.0,14,2.075,4.0,0.0,2.0,14.0,15.430020588235296,71.334245,39.233520588235294,2.5802544999999997,0.0972650324267506,0.18349491986260558,0.15949294993331709,0.04309028011941006,15.6142,71.9626,39.4708,2.67476,148,12,1,0,0,0,0,run_004
U000399,25228211,MODEL_A,BATCH_02,687359.0,49097.07142857143,10669.2573129478,35252.0,74730.0,14,2.0,4.0,0.0,2.0,14.0,15.41960294117647,71.35938333333333,39.18186764705882,2.5840823809523807,0.09416975801402844,0.26074096567064836,0.12019646220929234,0.0569767114517092,15.5951,71.9089,39.5173,2.73859,152,12,1,0,0,0,0,run_004
U000400,25280378,MODEL_B,BATCH_01,706991.0,50499.357142857145,10347.530129732133,32140.0,70811.0,14,2.075,4.0,0.0,4.0,14.0,15.455302777777778,71.36480909090909,39.19164722222222,2.6018506818181817,0.084271403338469,0.15003199940568257,0.16209163102765947,0.05065929210192828,15.6537,71.6479,39.4945,2.70925,160,12,1,0,0,0,0,run_004
U000401,25333760,MODEL_A,BATCH_01,664951.0,47496.5,6532.900224720553,33431.0,54062.0,14,2.0,4.0,0.0,1.0,14.0,15.431558823529413,71.43789268292683,39.18590588235294,2.578480487804878,0.10030290221381133,0.21860901101080507,0.15689906220855787,0.040698450766043885,15.715,72.0493,39.4509,2.70342,150,12,1,0,0,0,0,run_004
U000402,25391145,MODEL_A,BATCH_01,729239.0,52088.5,10839.73311302167,36757.0,69660.0,14,2.05,4.0,0.0,5.0,14.0,15.48782972972973,71.41161590909091,39.15148378378378,2.5832095454545456,0.1285183447019334,0.2096165757061746,0.14077574268932114,0.04592588528622469,15.7444,71.8465,39.4545,2.69228,162,12,1,0,0,0,0,run_004
U000403,25454328,MODEL_A,BATCH_01,704546.0,50324.71428571428,9603.914301579742,34351.0,68224.0,14,2.05,4.0,0.0,2.0,14.0,15.476383333333334,71.41149111111112,39.177255555555554,2.5870568888888887,0.09821527521579444,0.22067977604563796,0.13398675935531681,0.049050554895490824,15.6752,71.822,39.5107,2.71605,162,12,1,0,0,0,0,run_004
U000404,25526263,MODEL_A,BATCH_01,718369.0,51312.07142857143,12953.97371444398,34171.0,71935.0,14,2.025,4.0,0.0,2.0,14.0,15.435286111111111,71.4595590909091,39.229486111111115,2.594121590909091,0.09209663295467091,0.2206210929617065,0.14217387775492746,0.04238507750476072,15.6568,71.9811,39.5553,2.67953,160,12,1,0,0,0,0,run_004
U000405,25574533,MODEL_B,BATCH_01,668011.0,47715.07142857143,7795.504350035896,34798.0,61130.0,14,2.024390243902439,4.0,0.0,2.0,14.0,15.456166666666666,71.49954634146341,39.14690909090909,2.6055680487804875,0.0986861301889314,0.19796063131032027,0.12171627706380413,0.04970898793073107,15.667,71.869,39.4619,2.71049,148,12,2,0,0,0,0,run_004
U000406,25622091,MODEL_A,BATCH_02,707020.0,50501.42857142857,8896.29946156772,37925.0,70324.0,14,1.975,4.0,0.0,3.0,14.0,15.461307894736843,71.56748222222222,39.15415789473684,2.600026,0.10223986206684794,0.1930059152283454,0.11152396574722767,0.055012074352322526,15.7208,72.0155,39.3785,2.7107,166,12,1,0,0,0,0,run_004
U000407,25689712,MODEL_A,BATCH_01,712207.0,50871.92857142857,11218.168926853821,35198.0,68693.0,14,2.025,4.0,0.0,4.0,14.0,15.47201714285714,71.54825714285714,39.198368571428574,2.615547619047619,0.09014231064304488,0.19194051942337698,0.1835776206587357,0.05061678372035107,15.6948,71.9012,39.5793,2.73698,154,12,1,0,0,0,0,run_004
U000408,25759477,MODEL_A,BATCH_01,743844.0,53131.71428571428,11427.601494280763,36955.0,69829.0,14,2.0,4.0,0.0,4.0,14.0,15.45815641025641,71.59185918367346,39.1727641025641,2.6253144897959184,0.08908412580805374,0.18934577048172802,0.15867857694952617,0.04959623734305293,15.655,72.0322,39.4224,2.72246,176,12,1,0,0,0,0,run_004
U000409,25809410,MODEL_A,BATCH_01,682427.0,48744.78571428572,11765.993149611439,29432.0,70035.0,14,2.0,4.0,0.0,4.0,14.0,15.452982857142858,71.57637073170731,39.164451428571425,2.622824390243902,0.08514339629573814,0.17515763078424668,0.1593417901896435,0.04329580782528369,15.6344,72.038,39.5028,2.7226,152,11,2,0,0,0,0,run_004
U000410,25857937,MODEL_B,BATCH_01,672923.0,48065.92857142857,8220.539739572465,36974.0,60835.0,14,1.951219512195122,4.0,0.0,3.0,14.0,15.44844722222222,71.60423181818182,39.11074166666666,2.619918863636364,0.09214152619316832,0.2098699295662754,0.14818760768508454,0.05897929807147771,15.7289,72.0337,39.4255,2.73727,160,12,2,0,0,0,0,run_004
U000411,25904212,MODEL_A,BATCH_01,727152.0,51939.42857142857,8855.615912335697,37137.0,72591.0,14,1.951219512195122,4.0,0.0,4.0,14.0,15.491708571428571,71.64438372093024,39.14279428571429,2.6274513953488374,0.1111338498002682,0.20096748721909544,0.12200011075900768,0.0510202999086495,15.7205,71.9869,39.3677,2.73751,156,12,2,1,0,1,0,run_004
U000412,25964622,MODEL_A,BATCH_01,752853.0,53775.21428571428,12248.941255211668,33873.0,72667.0,14,2.025,4.0,0.0,4.0,14.0,15.487982500000001,71.67608260869565,39.1251025,2.616688043478261,0.10242060311435247,0.19742186786940313,0.14165610124251993,0.04939437402150012,15.733,72.0678,39.435,2.7099,172,12,1,0,0,0,0,run_004
U000413,26012012,MODEL_A,BATCH_02,667392.0,47670.857142857145,9122.961216767138,32709.0,64306.0,14,1.975609756097561,4.0,0.0,2.0,14.0,15.48543611111111,71.68893571428572,38.63939444444444,2.6833190476190474,0.12445535551302284,0.20288740578234638,0.6801156119973528,0.10314400047126934,15.7652,72.0337,39.4041,2.91821,156,12,2,0,0,0,1,run_004
U000414,26063335,MODEL_A,BATCH_01,691681.0,49405.78571428572,7466.235208009366,37041.0,62485.0,14,1.9268292682926829,4.0,0.0,2.0,14.0,15.513085714285713,71.72048372093023,39.119457142857144,2.634537441860465,0.10706141487306156,0.22871011484725298,0.15043733556791353,0.05265849649224636,15.7247,72.161,39.4971,2.77679,156,12,2,0,0,0,0,run_004
U000415,26109206,MODEL_B,BATCH_01,716480.0,51177.142857142855,14250.39155660235,33664.0,93184.0,14,1.9,4.0,0.0,4.0,14.0,15.485032352941175,71.74920243902439,39.102158823529415,2.6447234146341465,0.11194672629259514,0.22018017450238928,0.12965264109931773,0.053846401765101984,15.6725,72.1015,39.3621,2.74398,150,12,1,0,0,0,0,run_004
U000416,26176444,MODEL_A,BATCH_01,734571.0,52469.357142857145,13573.536348957978,30549.0,76875.0,14,1.875,4.0,0.0,4.0,14.0,15.503782051282052,71.80208913043478,39.079528205128206,2.630136739130435,0.1029037283141124,0.1737547226897899,0.12965971242310126,0.04891201547696967,15.7267,72.2326,39.3432,2.72568,170,12,1,0,0,0,0,run_004
U000417,26230683,MODEL_A,BATCH_01,728373.0,52026.642857142855,9394.319728981427,39618.0,65298.0,14,1.9,4.0,0.0,4.0,14.0,15.500730769230769,71.83734468085106,38.644592307692314,2.7180840425531914,0.10125484303906804,0.20068247557696797,0.7165066629817034,0.0981585367981103,15.6791,72.2134,39.3271,2.87829,172,12,1,0,0,0,1,run_004
U000418,26281128,MODEL_A,BATCH_01,706964.0,50497.42857142857,8944.857884361752,34683.0,63407.0,14,1.95,4.0,0.0,4.0,14.0,15.4868,71.86918837209303,39.07893333333333,2.6523702325581393,0.10390811600365245,0.1330111796398788,0.17242083897918511,0.04955593345322866,15.8456,72.1406,39.4281,2.76733,158,12,1,0,0,0,0,run_004
U000419,26340434,MODEL_A,BATCH_01,691258.0,49375.57142857143,7955.542226013895,40061.0,64768.0,14,1.9,4.0,0.0,2.0,14.0,15.482750000000001,71.88812272727273,39.06731388888889,2.6650795454545455,0.1089298529198626,0.22489482902597313,0.151331858892545,0.049532060885880295,15.7229,72.3595,39.3467,2.75965,160,12,1,0,0,0,0,run_004
U000420,26411927,MODEL_B,BATCH_02,744584.0,53184.57142857143,11111.922230125247,34731.0,71493.0,14,1.925,4.0,0.0,4.0,14.0,15.503219444444445,71.84887727272726,38.620075,2.7169970454545456,0.09295456592011384,0.1895756054167634,0.6893795062538863,0.10962629326392741,15.7636,72.317,39.3786,2.98861,160,12,1,0,0,0,0,run_004
U000421,26467972,MODEL_A,BATCH_01,716213.0,51158.07142857143,6911.243353175548,38150.0,60482.0,14,1.925,4.0,0.0,4.0,14.0,15.52457837837838,71.96886304347827,39.07791621621622,2.6648358695652172,0.12054664181491259,0.18157940578123394,0.18143489728261133,0.06210909604437393,15.7985,72.3904,39.5202,2.78289,166,12,1,0,0,0,0,run_004
U000422,26534480,MODEL_A,BATCH_01,717375.0,51241.07142857143,10252.699925567716,35677.0,68208.0,14,1.9,4.0,0.0,4.0,14.0,15.538091666666666,71.93213409090909,39.041183333333336,2.66991,0.11637223128515542,0.15089790934052227,0.1536368993996648,0.05371415399626887,15.7733,72.2252,39.4634,2.80988,160,12,1,0,0,0,0,run_004
U000423,26611578,MODEL_A,BATCH_01,754371.0,53883.642857142855,10739.05640180267,32332.0,77098.0,14,1.925,4.0,0.0,5.0,14.0,15.534055263157894,71.95341777777777,39.05287894736842,2.660823111111111,0.07692687189922069,0.18884362011618405,0.14151370892983717,0.05700741462230324,15.6431,72.4739,39.312,2.77722,166,12,1,0,0,0,0,run_004
U000424,26654500,MODEL_A,BATCH_01,700154.0,50011.0,10033.30674074336,33627.0,68750.0,14,1.9024390243902438,4.0,0.0,2.0,14.0,15.520362162162163,71.98608863636365,39.00585945945946,2.666349090909091,0.09560573074220367,0.16534369168339172,0.13753787449979632,0.048966264980403414,15.7078,72.2221,39.3491,2.81251,162,12,2,0,0,0,0,run_004
U000425,26708641,MODEL_B,BATCH_01,725416.0,51815.42857142857,10688.936003135244,36750.0,78074.0,14,1.8780487804878048,4.0,0.0,3.0,14.0,15.515983783783785,72.00299333333334,39.01261081081081,2.6779053333333334,0.09582345025419733,0.15990761736361714,0.1523392318037182,0.05501144742852909,15.6848,72.35,39.3485,2.80385,164,12,2,0,0,0,0,run_004
U000426,26764572,MODEL_A,BATCH_01,691087.0,49363.357142857145,8715.552214352163,35733.0,65856.0,14,2.0,4.0,0.0,4.0,14.0,15.514752941176472,72.08486666666666,39.03385,2.6722990476190476,0.08968131535844423,0.19741061288922623,0.14425015571652733,0.042764491185888376,15.7277,72.47,39.3361,2.75535,152,12,2,0,0,0,0,run_004
U000427,26812441,MODEL_A,BATCH_02,679905.0,48564.642857142855,7995.119084186907,35360.0,62286.0,14,1.975609756097561,4.0,0.0,1.0,14.0,15.514116666666666,72.01916666666666,39.034955555555555,2.6845833333333333,0.09404284889650798,0.21496220616959658,0.1443349110218408,0.05577534942294882,15.6775,72.4716,39.3593,2.84706,156,12,2,0,0,0,0,run_004
U000428,26874745,MODEL_A,BATCH_01,707325.0,50523.21428571428,11342.665384620692,31474.0,71122.0,14,1.9,4.0,0.0,2.0,14.0,15.517266666666664,72.09498372093023,38.990047222222216,2.6878146511627907,0.0795273430067565,0.23461701814845498,0.15327105865307583,0.04336365777868422,15.7201,72.7643,39.3281,2.7852,158,12,1,0,0,0,0,run_004
