unit_id,prediction_time,vehicle_model,supplier_batch,total_cycle_time,mean_cycle_time,std_cycle_time,min_cycle_time,max_cycle_time,upstream_cycle_count,mean_queue_length,max_queue_length,total_blocked_events,total_starved_events,upstream_station_count,current_mean,temperature_mean,torque_mean,vibration_mean,current_std,temperature_std,torque_std,vibration_std,current_max,temperature_max,torque_max,vibration_max,sensor_reading_count,sensor_station_count,manual_check_count,manual_fail_count,s07_manual_fail,s14_manual_fail,target,run_id
U000001,715323,MODEL_A,BATCH_01,715323.0,51094.5,9656.349762242939,36683.0,72397.0,14,0.45,1.0,0.0,0.0,14.0,14.495454285714285,61.02564186046512,42.004468571428575,1.151336069767442,0.09673915912164535,0.1603648418191924,0.12455434148673084,0.05765248183167973,14.7267,61.4799,42.227,1.25265,156,12,1,0,0,0,0,run_005
U000002,791442,MODEL_A,BATCH_01,701993.0,50142.357142857145,10700.481747653612,32655.0,71866.0,14,0.45,1.0,0.0,8.0,14.0,14.49775135135135,61.01741136363636,42.00825945945946,1.1569361363636363,0.11164471829479054,0.23719569412138514,0.15960378626019067,0.044160567131506845,14.7555,61.4734,42.3804,1.25196,162,12,1,0,0,0,0,run_005
U000003,851246,MODEL_A,BATCH_01,719853.0,51418.07142857143,9454.163937849622,36679.0,70344.0,14,0.475,1.0,0.0,8.0,14.0,14.495074285714287,61.031147619047616,41.97011142857143,1.166262619047619,0.09572249825547229,0.25801256751211316,0.12833225437358062,0.04914126918258958,14.6909,61.5078,42.3094,1.3073,154,12,1,0,0,0,0,run_005
U000004,906356,MODEL_A,BATCH_01,656293.0,46878.07142857143,8102.533036642931,33244.0,58018.0,14,0.4634146341463415,1.0,0.0,6.0,14.0,14.538054838709678,61.04650256410256,41.9947,1.1663671794871795,0.0839668975994298,0.17215096723390302,0.14832956998971364,0.05567583019723322,14.7303,61.5207,42.2841,1.25728,140,12,2,0,0,0,0,run_005
U000005,990186,MODEL_B,BATCH_01,742902.0,53064.42857142857,11054.744012722012,35558.0,71848.0,14,0.55,1.0,0.0,7.0,14.0,14.536970270270269,61.11594782608695,42.01488918918919,1.1482117391304347,0.10985453226088705,0.19502007958057377,0.15887922524110326,0.05263291552734096,14.7681,61.5101,42.3421,1.25817,166,12,1,0,0,0,0,run_005
U000006,1061612,MODEL_A,BATCH_01,711876.0,50848.28571428572,9477.671488037811,39997.0,70580.0,14,0.55,2.0,0.0,4.0,14.0,14.531336842105262,61.16594666666666,42.03028157894737,1.1682482222222224,0.10631246760439983,0.19416549478122047,0.1465356922765003,0.04873057381193461,14.7579,61.5042,42.4526,1.25507,166,12,1,0,0,0,0,run_005
U000007,1119683,MODEL_A,BATCH_02,719342.0,51381.57142857143,7599.483845977615,35134.0,58232.0,14,0.6,2.0,0.0,4.0,14.0,14.495249999999999,61.200804545454545,41.97603333333333,1.178064318181818,0.09573128612348814,0.22423969936109997,0.1458180608057283,0.053502600866914087,14.7027,61.6626,42.2703,1.30322,160,12,1,0,0,0,0,run_005
U000008,1179920,MODEL_A,BATCH_01,686621.0,49044.357142857145,8860.483999691622,33313.0,61072.0,14,0.625,2.0,0.0,3.0,14.0,14.51898,61.23100930232558,41.98555428571429,1.161771395348837,0.09815277647327014,0.21983582490441753,0.14971406146945995,0.0427725649487187,14.7814,61.5901,42.3068,1.3038,156,12,1,0,0,0,0,run_005
U000009,1243062,MODEL_A,BATCH_01,718455.0,51318.21428571428,6639.34570662561,40752.0,63142.0,14,0.65,2.0,0.0,4.0,14.0,14.53024871794872,61.228263043478265,41.93112051282051,1.1685534782608695,0.10204807141681835,0.18395942228738676,0.14785294646600033,0.0497575524682721,14.7548,61.5013,42.2418,1.25084,170,12,1,0,0,0,0,run_005
U000010,1296198,MODEL_B,BATCH_01,741268.0,52947.71428571428,8252.78277942632,37287.0,68693.0,14,0.725,2.0,0.0,4.0,14.0,14.5785675,61.22428958333333,41.9228525,1.1707485416666668,0.09006627299967121,0.21370962427135984,0.1513475283992566,0.04870618677070613,14.7406,61.6765,42.1986,1.29328,176,12,1,0,0,0,0,run_005
U000011,1366411,MODEL_A,BATCH_01,716329.0,51166.357142857145,9652.757880978432,37652.0,70747.0,14,0.65,3.0,0.0,3.0,14.0,14.522208333333332,61.245827272727276,41.92458055555556,1.1876022727272728,0.104429627364214,0.192652976804042,0.15170589934747128,0.05061623220031738,14.7719,61.5872,42.2361,1.27698,160,12,1,0,0,0,0,run_005
U000012,1461226,MODEL_A,BATCH_01,769285.0,54948.92857142857,15977.385626442268,36749.0,94815.0,14,0.725,3.0,0.0,6.0,14.0,14.522762162162163,61.29586170212766,41.92777027027027,1.1744806382978723,0.054783652018905324,0.18339190105060055,0.15817012090514251,0.04576159166072401,14.6683,61.7458,42.3369,1.25684,168,12,1,0,0,0,0,run_005
U000013,1516605,MODEL_A,BATCH_01,705117.0,50365.5,8022.297807697281,38866.0,66820.0,14,0.7317073170731707,3.0,0.0,4.0,14.0,14.515767567567567,61.32298260869565,41.9201,1.182159347826087,0.10450706795357087,0.20501268611624696,0.14065806450790844,0.054196073305982584,14.6955,61.7869,42.2353,1.34822,166,12,2,0,0,0,0,run_005
U000014,1575571,MODEL_A,BATCH_02,711755.0,50839.642857142855,10487.233943500747,32825.0,70413.0,14,0.75,3.0,0.0,4.0,14.0,14.512317142857142,61.318188372093026,41.87900285714286,1.2086623255813953,0.08406079552643904,0.2703821521382396,0.17762463476091814,0.05291000692268086,14.6502,61.9424,42.2397,1.31033,156,12,1,0,0,0,0,run_005
U000015,1635358,MODEL_B,BATCH_01,722745.0,51624.642857142855,7619.0519560369985,38463.0,63268.0,14,0.775,3.0,0.0,5.0,14.0,14.525983783783785,61.39901304347826,41.932759459459454,1.2055447826086958,0.08622173132077522,0.20146066680752117,0.14267268768341945,0.04489459476195971,14.7336,61.7772,42.2797,1.34776,166,12,1,0,0,0,0,run_005
U000016,1686767,MODEL_A,BATCH_01,695214.0,49658.142857142855,9494.45220080688,38218.0,71699.0,14,0.8536585365853658,3.0,0.0,5.0,14.0,14.54069393939394,61.37524878048781,41.9267,1.2066336585365853,0.11390810972938317,0.21260726718758913,0.13828832199430371,0.043494658393652075,14.8745,61.6799,42.1579,1.30583,148,12,2,0,0,0,0,run_005
U000017,1741596,MODEL_A,BATCH_01,716062.0,51147.28571428572,8803.22474506291,35419.0,63127.0,14,0.926829268292683,4.0,0.0,4.0,14.0,14.551335135135135,61.41699565217391,41.911300000000004,1.209923695652174,0.12708933475712653,0.2189596766089056,0.12634102439209846,0.04992455006679556,14.9047,61.8375,42.1772,1.32367,166,12,2,0,0,0,0,run_005
U000018,1800397,MODEL_A,BATCH_01,723728.0,51694.857142857145,10579.515117994217,34353.0,74821.0,14,1.024390243902439,4.0,0.0,5.0,14.0,14.540778378378377,61.36124418604651,41.90747567567568,1.213656046511628,0.09626572060689062,0.17699468286649842,0.16297234326617974,0.050789281543570514,14.7083,61.6308,42.1747,1.34134,160,12,2,0,0,0,0,run_005
U000019,1858016,MODEL_A,BATCH_01,724397.0,51742.642857142855,12845.876169220419,34462.0,72869.0,14,1.1,4.0,0.0,5.0,14.0,14.536597368421054,61.46910444444445,41.84823947368421,1.2195282222222223,0.1063045764107103,0.1949127146787356,0.1661487603380704,0.04014894277385879,14.7031,61.9227,42.133,1.32324,166,12,1,0,0,0,0,run_005
U000020,1921090,MODEL_B,BATCH_01,700606.0,50043.28571428572,11006.778893227372,33014.0,68928.0,14,1.125,4.0,0.0,4.0,14.0,14.56140277777778,61.49963720930232,40.37788611111111,1.4021048837209302,0.08194509132378544,0.19584860409346683,0.14251515839733067,0.04678737357002845,14.7802,61.9125,40.6839,1.51624,158,12,1,0,0,0,1,run_005
U000021,1993314,MODEL_A,BATCH_02,715656.0,51118.28571428572,11338.113873999511,35027.0,72224.0,14,1.15,4.0,0.0,5.0,14.0,14.539351428571429,61.601441860465115,41.88734,1.2284102325581396,0.09053451201363065,0.18322811729613134,0.14405337491197096,0.04727851850311502,14.7217,61.96,42.1913,1.32225,156,12,1,0,0,0,0,run_005
U000022,2055597,MODEL_A,BATCH_01,703526.0,50251.857142857145,10752.594762747647,35500.0,70474.0,14,1.175,4.0,0.0,5.0,14.0,14.56926111111111,61.538316279069775,41.851263888888894,1.2319895348837209,0.07529387862721791,0.16166803131024388,0.12341707025431581,0.04452973703864527,14.7182,61.9778,42.0835,1.33451,158,12,1,0,0,0,0,run_005
U000023,2104086,MODEL_A,BATCH_01,683615.0,48829.642857142855,8992.856991114524,32833.0,62122.0,14,1.1951219512195121,4.0,0.0,5.0,14.0,14.533213888888888,61.58173636363636,41.86626666666667,1.2361327272727272,0.09094283967032046,0.20765306944898632,0.149857804982875,0.04770017460665401,14.7669,62.0921,42.1941,1.34432,160,12,2,0,0,0,0,run_005
U000024,2169513,MODEL_A,BATCH_01,702530.0,50180.71428571428,11053.198809036592,37717.0,75334.0,14,1.225,4.0,0.0,5.0,14.0,14.551141666666666,61.53429761904762,41.864583333333336,1.2220773809523808,0.08875771636475122,0.2108575435044466,0.16009958775712213,0.05211250044595234,14.7266,62.0659,42.2094,1.3328,156,12,1,0,0,0,0,run_005
U000025,2236446,MODEL_B,BATCH_01,700630.0,50045.0,10472.583760246782,34649.0,66933.0,14,1.275,4.0,0.0,5.0,14.0,14.576324242424244,61.62276904761905,41.84696666666667,1.2342314285714284,0.08406203078048655,0.19214083438482193,0.17469462403481903,0.0519285189547732,14.7499,62.0559,42.2163,1.37144,150,12,1,0,0,0,0,run_005
U000026,2301188,MODEL_A,BATCH_01,707721.0,50551.5,9496.448937528012,36871.0,68740.0,14,1.25,4.0,0.0,3.0,14.0,14.569851351351353,61.64664782608696,41.85022162162162,1.2442221739130435,0.10748811722858172,0.18535379472077607,0.15363854069271246,0.059722803384117604,14.7784,61.9845,42.0845,1.36794,166,12,1,0,0,0,0,run_005
U000027,2360918,MODEL_A,BATCH_01,725731.0,51837.92857142857,9693.423261828972,37191.0,65086.0,14,1.35,4.0,0.0,5.0,14.0,14.568266666666666,61.656072093023255,41.79241388888889,1.2524518604651163,0.1023361687213833,0.1764505546896259,0.13303356859460536,0.04996085497456571,14.7842,62.0693,42.0982,1.38385,158,12,1,0,0,0,0,run_005
U000028,2419674,MODEL_A,BATCH_02,675676.0,48262.57142857143,8726.294056244262,34561.0,62342.0,14,1.35,4.0,0.0,2.0,14.0,14.589685714285714,61.704024390243895,41.770988571428575,1.239020487804878,0.08865614720353478,0.18113607285751623,0.14568230497625037,0.04266711959760229,14.7633,62.0939,42.0072,1.34665,152,12,1,0,0,0,0,run_005
U000029,2491689,MODEL_A,BATCH_01,691402.0,49385.857142857145,12993.573546814729,28227.0,72015.0,14,1.35,4.0,0.0,3.0,14.0,14.553116216216216,61.68586444444444,41.792521621621624,1.266594888888889,0.10580913768960884,0.1832852411302158,0.1265361765028649,0.06110718324172184,14.8578,62.1184,42.0923,1.47532,164,12,1,0,0,0,1,run_005
U000030,2551422,MODEL_B,BATCH_01,729500.0,52107.142857142855,13184.945102754025,39015.0,86021.0,14,1.425,4.0,0.0,5.0,14.0,14.570548484848485,61.74693846153846,41.771854545454545,1.2541151282051284,0.10387982275570948,0.22422059346637377,0.16072942343211025,0.04104708579128137,14.7946,62.2975,42.1142,1.35566,144,12,1,0,0,0,0,run_005
U000031,2620032,MODEL_A,BATCH_01,691245.0,49374.642857142855,11245.028977676813,32766.0,68610.0,14,1.35,4.0,0.0,2.0,14.0,14.561524324324324,61.77015555555556,41.78731351351351,1.2658144444444444,0.1217149730709809,0.18998270801163425,0.15696046770898509,0.05761283097916942,14.8252,62.1638,42.0891,1.37214,164,12,1,0,0,0,0,run_005
U000032,2672299,MODEL_A,BATCH_01,713576.0,50969.71428571428,10801.54569016413,33106.0,69084.0,14,1.325,4.0,0.0,4.0,14.0,14.593411764705882,61.789644186046516,40.26629117647059,1.4468658139534882,0.10040102246462947,0.2051943600152281,0.13468898712633914,0.05384300946059837,14.7804,62.2933,40.5174,1.57215,154,12,1,0,0,0,0,run_005
U000033,2736129,MODEL_A,BATCH_01,710178.0,50727.0,9979.552209778369,34361.0,67089.0,14,1.35,4.0,0.0,5.0,14.0,14.608381081081081,61.821797777777775,41.8020027027027,1.2620057777777778,0.09846023686363534,0.19729876685889522,0.15065569186888544,0.03850114883108205,14.838,62.2253,42.1188,1.33729,164,12,1,0,0,0,0,run_005
U000034,2789454,MODEL_A,BATCH_01,721498.0,51535.57142857143,11436.310410363905,33209.0,68655.0,14,1.475,4.0,0.0,5.0,14.0,14.566699999999999,61.91710714285715,41.704634285714285,1.2617130952380953,0.11057841242357215,0.18485953057739893,0.15297839898045107,0.046251422838395735,14.7792,62.2609,42.0337,1.36376,154,12,1,0,0,0,0,run_005
U000035,2845763,MODEL_B,BATCH_02,699397.0,49956.92857142857,9836.90602127664,36852.0,68406.0,14,1.4878048780487805,4.0,0.0,3.0,14.0,14.593862162162162,61.93484545454546,41.7161054054054,1.2633750000000001,0.08872068326855696,0.15427162311905948,0.1199478542857171,0.04118862258236559,14.8256,62.2343,42.0086,1.3361,162,12,2,0,0,0,0,run_005
U000036,2905556,MODEL_A,BATCH_01,723332.0,51666.57142857143,11493.279787064102,35025.0,72255.0,14,1.525,4.0,0.0,5.0,14.0,14.566051515151516,61.91924634146341,41.47400909090909,1.3174939024390244,0.11258623672881811,0.19636197964163196,0.5891004468486416,0.07325032637736326,14.8404,62.2677,41.9727,1.51602,148,12,1,0,0,0,1,run_005
U000037,2966760,MODEL_A,BATCH_01,695333.0,49666.642857142855,8318.889502508437,36830.0,64022.0,14,1.5,4.0,0.0,4.0,14.0,14.605215384615384,61.94798260869565,41.73993076923077,1.2736417391304347,0.09651244680694815,0.17838694185437068,0.16304226954970732,0.0512303842701162,14.7592,62.3496,42.1568,1.38457,170,12,1,0,0,0,0,run_005
U000038,3037018,MODEL_A,BATCH_01,705078.0,50362.71428571428,11818.887761210353,30566.0,75351.0,14,1.525,4.0,0.0,5.0,14.0,14.61419696969697,61.95787,41.737921212121215,1.3045304999999998,0.125241435547626,0.20976179554865354,0.1625208251224598,0.053876267071779824,14.9511,62.4627,42.0492,1.40652,146,12,1,0,0,0,0,run_005
U000039,3102868,MODEL_A,BATCH_01,718656.0,51332.57142857143,9708.673962487881,36853.0,66206.0,14,1.6,4.0,0.0,6.0,14.0,14.61385,61.949817777777774,41.7263,1.28778,0.09706164034790997,0.1754868996520676,0.14073382005796628,0.05063563230661693,14.8622,62.3582,42.0492,1.38547,166,12,1,0,0,0,0,run_005
U000040,3155296,MODEL_B,BATCH_01,685292.0,48949.42857142857,8134.152839576007,31591.0,60190.0,14,1.575,4.0,0.0,4.0,14.0,14.580725,62.017250000000004,41.7506625,1.2979812499999999,0.09556337198171785,0.21371988256858174,0.156243965044745,0.042506591717321705,14.8272,62.5446,42.0644,1.36687,144,12,1,0,0,0,0,run_005
U000041,3222796,MODEL_A,BATCH_01,742256.0,53018.28571428572,9601.095429717876,38100.0,67500.0,14,1.6,4.0,0.0,6.0,14.0,14.60882972972973,62.02011777777778,41.738616216216215,1.2967264444444444,0.10113150367732154,0.18270604593779144,0.14578007125178044,0.034844840113354675,14.8423,62.3571,42.0079,1.37314,164,12,1,0,0,0,0,run_005
U000042,3277584,MODEL_A,BATCH_02,750064.0,53576.0,13846.452014310937,36284.0,90462.0,14,1.6341463414634145,4.0,0.0,6.0,14.0,14.586718421052632,62.085695744680855,40.19732894736842,1.4869668085106382,0.08379397467619124,0.19313905213539642,0.16017547456747463,0.051249927003400135,14.741,62.7279,40.4978,1.57091,170,12,2,2,1,1,1,run_005
U000043,3337456,MODEL_A,BATCH_01,710506.0,50750.42857142857,8772.645129687427,36002.0,62395.0,14,1.7,4.0,0.0,6.0,14.0,14.59643783783784,62.09630444444445,41.679316216216215,1.3196866666666667,0.08716168995146438,0.20624314198576815,0.14096263002322074,0.05369780069984254,14.7735,62.4956,42.1169,1.42033,164,12,1,0,0,0,0,run_005
U000044,3403015,MODEL_A,BATCH_01,697949.0,49853.5,8745.909837439178,37712.0,64233.0,14,1.75,4.0,0.0,6.0,14.0,14.607425714285714,62.12830238095238,41.69969714285714,1.291300238095238,0.116506486420934,0.1898141292231143,0.14010844221470778,0.046906706810906786,14.7877,62.4511,41.8851,1.40934,154,12,1,0,0,0,0,run_005
U000045,3463263,MODEL_B,BATCH_01,704986.0,50356.142857142855,8024.3005816193,39633.0,66846.0,14,1.675,4.0,0.0,4.0,14.0,14.609855555555555,62.141997727272724,41.72213333333333,1.3008636363636363,0.10570397058211861,0.20740435339854524,0.1418177824836203,0.057573552394363826,14.8856,62.5977,41.9972,1.44492,160,12,1,0,0,0,0,run_005
U000046,3530690,MODEL_A,BATCH_01,717903.0,51278.78571428572,8641.957792596013,36366.0,67427.0,14,1.75,4.0,0.0,5.0,14.0,14.6213,62.11876744186046,41.610413888888885,1.3004476744186046,0.09264578318983059,0.17365294167627635,0.14573856270297905,0.04944529371591778,14.881,62.6403,41.884,1.41908,158,12,1,0,0,0,0,run_005
U000047,3588862,MODEL_A,BATCH_01,687014.0,49072.42857142857,10252.016294850984,32414.0,64935.0,14,1.675,4.0,0.0,3.0,14.0,14.631070588235293,62.20929268292683,41.679258823529416,1.311520487804878,0.12683476134125032,0.19010727417729595,0.1215950485376641,0.055168838530062436,14.8575,62.5787,41.8783,1.4193,150,12,1,0,0,0,0,run_005
U000048,3654432,MODEL_A,BATCH_01,742011.0,53000.78571428572,12164.737818026275,32269.0,74416.0,14,1.675,4.0,0.0,6.0,14.0,14.606763157894738,62.21559347826087,41.69217105263158,1.3157791304347826,0.09874943016203067,0.1716633791299105,0.15114841624706904,0.053047458409159406,14.8313,62.6113,42.0331,1.44039,168,12,1,0,0,0,0,run_005
U000049,3709730,MODEL_A,BATCH_02,716808.0,51200.57142857143,7184.137502049333,39125.0,60107.0,14,1.775,4.0,0.0,6.0,14.0,14.64407105263158,62.25100212765957,41.62922894736842,1.3241310638297874,0.0849861066798083,0.22249257192228256,0.14174907770879558,0.050138563750177556,14.792,62.7167,41.911,1.49764,170,12,1,0,0,0,0,run_005
U000050,3774395,MODEL_B,BATCH_01,710126.0,50723.28571428572,8791.292793953058,34088.0,64665.0,14,1.8,4.0,0.0,3.0,14.0,14.588183783783784,62.24195777777778,41.6492972972973,1.3220162222222223,0.09982863515242726,0.20513540704184244,0.11595988886604613,0.05351467820263253,14.7451,62.6435,41.8685,1.48471,164,12,1,0,0,0,0,run_005
U000051,3869524,MODEL_A,BATCH_01,716003.0,51143.07142857143,14201.451526377292,33975.0,95129.0,14,1.75,4.0,0.0,2.0,14.0,14.61418108108108,62.25374888888889,41.667362162162156,1.3431966666666666,0.07995158895592147,0.17551520734711598,0.1573455492280019,0.04187798331299679,14.7617,62.6533,42.0566,1.44745,164,12,1,0,0,0,0,run_005
U000052,3960975,MODEL_A,BATCH_01,773514.0,55251.0,14603.313475425311,38681.0,91451.0,14,1.85,4.0,0.0,4.0,14.0,14.627659459459458,62.27338444444444,41.63892702702703,1.3270613333333332,0.09338952016943597,0.1890366221800747,0.16154155751633895,0.04169369603538292,14.8247,62.7338,42.0404,1.42075,164,12,1,0,0,0,0,run_005
U000053,4026145,MODEL_A,BATCH_01,687424.0,49101.71428571428,8167.392366351337,38586.0,65170.0,14,1.85,4.0,0.0,2.0,14.0,14.62570294117647,62.3190976744186,41.58947647058824,1.3323,0.09670642699112786,0.2325894251868485,0.13414838925115996,0.0515950220928522,14.8563,62.9008,41.8457,1.41853,154,12,1,0,0,0,0,run_005
U000054,4088002,MODEL_A,BATCH_01,743132.0,53080.857142857145,9619.715547186996,35914.0,65888.0,14,1.775,4.0,0.0,3.0,14.0,14.622685,62.38194081632653,41.61967,1.341852448979592,0.10828029048581429,0.22252612479434045,0.13966600856585631,0.05551072060612154,14.9815,63.2021,41.94,1.47394,178,12,1,0,0,0,0,run_005
U000055,4146463,MODEL_B,BATCH_01,744794.0,53199.57142857143,9987.667277615512,35358.0,65882.0,14,1.8,4.0,0.0,5.0,14.0,14.618997435897436,62.39146458333334,41.62046923076923,1.3539991666666669,0.09023111987143022,0.19684535077879559,0.12619009710467574,0.05783489982345134,14.8337,62.7595,41.9031,1.48117,174,12,1,0,0,0,0,run_005
U000056,4212853,MODEL_A,BATCH_02,715058.0,51075.57142857143,10358.821604457093,34524.0,66526.0,14,1.875,4.0,0.0,5.0,14.0,14.637064864864866,62.42259772727273,41.605581081081084,1.33802,0.10141412408813916,0.2354601822741481,0.1484712819927682,0.04424445701716979,14.812,62.8551,41.933,1.44465,162,12,1,0,0,0,0,run_005
U000057,4269087,MODEL_A,BATCH_01,713787.0,50984.78571428572,9436.013004022829,41818.0,72789.0,14,1.875,4.0,0.0,4.0,14.0,14.63149117647059,62.4137875,41.58801176470588,1.35145525,0.09370547142153189,0.2143226362376274,0.1652998611609271,0.04619821086487412,14.8039,62.9071,41.873,1.50836,148,12,1,0,0,0,0,run_005
U000058,4353878,MODEL_A,BATCH_01,731807.0,52271.92857142857,11899.219020683578,38654.0,84791.0,14,1.875,4.0,0.0,4.0,14.0,14.625169444444444,62.43562325581395,41.64297222222222,1.359679534883721,0.09144836738195698,0.18001749232096273,0.15017067929737446,0.04667277262538004,14.8556,62.785,41.942,1.50135,158,12,1,0,0,0,0,run_005
U000059,4415527,MODEL_A,BATCH_01,697811.0,49843.642857142855,11016.603696987722,34187.0,73590.0,14,1.85,4.0,0.0,4.0,14.0,14.635036111111113,62.47609285714285,41.60945833333333,1.3379292857142857,0.09750861398659723,0.18388014839053674,0.16578647605536562,0.050988003007539556,14.8628,63.0396,41.9268,1.44925,156,12,1,0,0,0,0,run_005
U000060,4477743,MODEL_B,BATCH_01,695327.0,49666.21428571428,10240.651851086668,35208.0,70174.0,14,1.825,4.0,0.0,5.0,14.0,14.655138235294118,62.5543175,41.59927352941176,1.3659265,0.08545532951341273,0.18019020276662298,0.1707932070695588,0.05053788000738678,14.8052,62.9247,41.8721,1.47782,148,12,1,1,1,0,0,run_005
U000061,4538139,MODEL_A,BATCH_01,711414.0,50815.28571428572,10621.444023430013,33297.0,65362.0,14,1.925,4.0,0.0,5.0,14.0,14.635614285714285,62.582055813953495,41.59967714285714,1.3801788372093022,0.0958437243422766,0.17011050232454,0.1376496513653727,0.053309811980325264,14.8346,63.0482,41.8482,1.47796,156,12,1,0,0,0,0,run_005
U000062,4595803,MODEL_A,BATCH_01,662334.0,47309.57142857143,8954.735487346996,35363.0,62166.0,14,1.9268292682926829,4.0,0.0,1.0,14.0,14.66874722222222,62.61002093023256,41.589475,1.357842558139535,0.09885124895839628,0.2169841189691741,0.15092500005916035,0.04938501884334214,14.854,63.0061,41.9015,1.45931,158,12,2,0,0,0,0,run_005
U000063,4645608,MODEL_A,BATCH_02,696065.0,49718.92857142857,9592.307105691005,33858.0,65321.0,14,1.8780487804878048,4.0,0.0,2.0,14.0,14.644635294117647,62.578524390243906,41.56915882352941,1.3631475609756096,0.11015072286136246,0.16233770477077686,0.16157476760263884,0.05752296827270338,14.9208,62.9401,41.913,1.45567,150,12,2,0,0,0,0,run_005
U000064,4695870,MODEL_A,BATCH_01,714058.0,51004.142857142855,9233.40134725879,36593.0,63983.0,14,1.85,4.0,0.0,3.0,14.0,14.665821621621621,62.59816363636364,41.51941351351351,1.37567,0.11707024988616206,0.1613140647437273,0.12388295587673472,0.04776906988009398,14.967,62.9696,41.7916,1.47924,162,12,1,0,0,0,0,run_005
U000065,4753878,MODEL_B,BATCH_01,733312.0,52379.42857142857,11268.93825258881,37629.0,83905.0,14,1.85,4.0,0.0,5.0,14.0,14.644280555555557,62.589223913043476,41.55948333333333,1.385901956521739,0.0961623948461129,0.18016615070512995,0.13068127092827242,0.04600096581689297,14.8176,62.9774,41.7929,1.48551,164,12,1,0,0,0,1,run_005
U000066,4805275,MODEL_A,BATCH_01,719149.0,51367.78571428572,9638.030441781313,35847.0,66730.0,14,1.9,4.0,0.0,5.0,14.0,14.661922857142855,62.73416976744186,41.539271428571425,1.3943625581395347,0.09107277014665219,0.18496000151240385,0.13947330668379165,0.05229449630028112,14.8604,63.0598,41.8223,1.48367,156,12,1,0,0,0,0,run_005
U000067,4871226,MODEL_A,BATCH_01,728899.0,52064.21428571428,9773.680947229746,35450.0,65951.0,14,1.85,4.0,0.0,4.0,14.0,14.65092222222222,62.69627333333334,41.54304444444445,1.389019111111111,0.12155907937203954,0.17997825803034184,0.1356449007928836,0.046014764716547245,14.9042,63.1806,41.9601,1.4911,162,12,1,0,0,0,0,run_005
U000068,4927224,MODEL_A,BATCH_01,728972.0,52069.42857142857,11482.572753218985,36614.0,70887.0,14,1.875,4.0,0.0,6.0,14.0,14.679551428571429,62.70490930232558,41.551294285714285,1.3993941860465116,0.08491647928277236,0.208808684153875,0.15687963340775476,0.05074026729252562,14.8265,63.18,41.8682,1.53728,156,12,1,0,0,0,0,run_005
U000069,4987929,MODEL_A,BATCH_01,709530.0,50680.71428571428,10204.669198487007,36892.0,68877.0,14,1.95,4.0,0.0,5.0,14.0,14.661911428571427,62.75445813953488,41.53378,1.3936765116279068,0.10268438729893654,0.18200429120079362,0.15629413409639248,0.054463762915124204,14.8249,63.1062,42.0419,1.49884,156,12,1,0,0,0,0,run_005
U000070,5046984,MODEL_B,BATCH_02,676189.0,48299.21428571428,8670.566933629512,36753.0,63591.0,14,1.875,4.0,0.0,2.0,14.0,14.646026470588236,62.87352727272727,41.520608823529415,1.4027475,0.0948739524518321,0.20446571938027017,0.12405264368256984,0.04832246379850821,14.8624,63.5532,41.8252,1.50851,156,12,1,0,0,0,0,run_005
U000071,5095743,MODEL_A,BATCH_01,703106.0,50221.857142857145,10949.225999038563,37190.0,71488.0,14,1.8048780487804879,4.0,0.0,4.0,14.0,14.648717948717948,62.854636170212764,41.523930769230766,1.4081068085106383,0.10596843341246527,0.20663291587775603,0.14554917084477934,0.05778702562770744,14.868,63.2236,41.7679,1.50785,172,12,2,0,0,0,0,run_005
U000072,5157130,MODEL_A,BATCH_01,725380.0,51812.857142857145,9499.505751168506,37642.0,67511.0,14,1.85,4.0,0.0,5.0,14.0,14.650488235294118,62.83037209302326,41.51879411764706,1.4017030232558139,0.10157914294598022,0.241496522035077,0.17673590285589647,0.044102125180134,14.8366,63.4628,41.9027,1.50196,154,12,1,0,0,0,0,run_005
U000073,5209881,MODEL_A,BATCH_01,693492.0,49535.142857142855,10381.670955302707,32632.0,68097.0,14,1.8,4.0,0.0,5.0,14.0,14.688511428571427,62.87721428571428,41.51738,1.4255435714285714,0.1004353926703147,0.2232694965364133,0.16264483825736564,0.041096725691270736,14.9028,63.3306,41.792,1.52059,154,12,1,0,0,0,0,run_005
U000074,5276201,MODEL_A,BATCH_01,711773.0,50840.92857142857,11136.901112029364,32940.0,73008.0,14,1.825,4.0,0.0,6.0,14.0,14.658908333333333,62.880813636363634,41.531327777777776,1.4124063636363635,0.13387480585553527,0.16852720792122822,0.18848006277453336,0.05840027580736518,14.9601,63.1398,41.8946,1.5478,160,12,1,0,0,0,0,run_005
U000075,5335671,MODEL_B,BATCH_01,694087.0,49577.642857142855,9859.870748155357,33909.0,66885.0,14,1.8,4.0,0.0,5.0,14.0,14.678582857142857,62.921413953488376,41.471317142857146,1.423474418604651,0.08536646429887283,0.22325462569878,0.13663504305849616,0.04958626851507548,14.8465,63.4129,41.7497,1.54432,156,12,1,0,0,0,0,run_005
U000076,5411850,MODEL_A,BATCH_01,761956.0,54425.42857142857,12442.258889113997,32271.0,76179.0,14,1.85,4.0,0.0,6.0,14.0,14.683212820512821,62.95571956521739,41.47297948717949,1.4050558695652173,0.09489778484322542,0.16935280940433306,0.14378677594470235,0.046457529401765896,14.8571,63.2638,41.849,1.48061,170,12,1,0,0,0,0,run_005
U000077,5465173,MODEL_A,BATCH_02,721787.0,51556.21428571428,8461.09936645416,39270.0,62317.0,14,1.85,4.0,0.0,4.0,14.0,14.668011428571429,62.972569047619054,41.36936285714285,1.4226478571428571,0.09429241055925795,0.2120220392226819,0.15370184867370393,0.04522303953796405,14.8483,63.3983,41.7309,1.53015,154,12,1,0,0,0,0,run_005
U000078,5513498,MODEL_A,BATCH_01,673475.0,48105.357142857145,9761.674861078225,34121.0,70444.0,14,1.85,4.0,0.0,3.0,14.0,14.685662162162163,62.97949090909091,41.45306216216216,1.4360275,0.10045413367787805,0.18641606979610006,0.18566622434320532,0.05396619717740632,14.936,63.3805,41.8555,1.57766,162,12,1,0,0,0,0,run_005
U000079,5568470,MODEL_A,BATCH_01,729133.0,52080.92857142857,9924.320627508083,33683.0,68651.0,14,1.85,4.0,0.0,3.0,14.0,14.675175675675675,63.088725,41.453197297297294,1.4282452272727273,0.10626393086557169,0.20433539360912298,0.14826454113900328,0.04864501994103224,14.855,63.4455,41.6503,1.53366,162,12,1,0,0,0,0,run_005
U000080,5629550,MODEL_B,BATCH_01,706897.0,50492.642857142855,9713.230759418531,34355.0,65379.0,14,1.85,4.0,0.0,3.0,14.0,14.68985,63.05825217391304,41.4765552631579,1.4319076086956521,0.10603940050499827,0.2013082531168226,0.16559091354064537,0.049659711736075814,14.8926,63.5396,41.828,1.54443,168,12,1,0,0,0,0,run_005
U000081,5691097,MODEL_A,BATCH_01,745407.0,53243.357142857145,10755.772350818763,37305.0,72201.0,14,1.825,4.0,0.0,5.0,14.0,14.70068108108108,63.03340222222222,41.436008108108105,1.4284955555555556,0.09547043125095481,0.23896110038027019,0.14931956294095092,0.055748949013964516,14.9488,63.5783,41.6735,1.52271,164,12,1,0,0,0,0,run_005
U000082,5739040,MODEL_A,BATCH_01,696907.0,49779.07142857143,9905.471871370162,37949.0,69671.0,14,1.8,4.0,0.0,5.0,14.0,14.730075,63.08339534883721,41.391925,1.437669069767442,0.10660857208900781,0.17185389275207738,0.13932494059366887,0.050885206981894596,14.9574,63.5024,41.8042,1.54896,158,12,1,0,0,0,0,run_005
U000083,5799397,MODEL_A,BATCH_01,739546.0,52824.71428571428,9161.4514757683,33782.0,64336.0,14,1.875,4.0,0.0,7.0,14.0,14.707775000000002,63.14743863636363,41.38931388888889,1.4423529545454545,0.09315249977475469,0.19582800975025927,0.16074117998958473,0.0482362186405824,14.9021,63.7189,41.7111,1.54704,160,12,1,0,0,0,0,run_005
U000084,5897481,MODEL_A,BATCH_02,745292.0,53235.142857142855,14302.459104628142,33663.0,91758.0,14,1.825,4.0,0.0,4.0,14.0,14.690247058823529,63.22925853658537,41.38902647058824,1.439730975609756,0.11357244980506373,0.17913074411670443,0.1708930221970761,0.05118634729128843,14.8994,63.705,41.6985,1.55585,150,12,1,0,0,0,0,run_005
U000085,5948504,MODEL_B,BATCH_01,704657.0,50332.642857142855,8228.201491560247,36284.0,62930.0,14,1.829268292682927,4.0,0.0,5.0,14.0,14.7072,63.17805333333334,41.40615526315789,1.4548906666666666,0.09360513672668634,0.2589346641002835,0.1585519468073953,0.046172168240185565,14.9329,63.8251,41.7171,1.53545,166,12,2,0,0,0,0,run_005
U000086,6006590,MODEL_A,BATCH_01,723442.0,51674.42857142857,12465.136919327539,34937.0,75012.0,14,1.825,4.0,0.0,4.0,14.0,14.678056756756755,63.224500000000006,41.41728378378378,1.4493379545454546,0.08473345640084336,0.1883155009737039,0.16523672667068035,0.04914549096067033,14.8303,63.6403,41.7506,1.56969,162,12,1,0,0,0,0,run_005
U000087,6076469,MODEL_A,BATCH_01,733025.0,52358.92857142857,9859.83659143954,39589.0,69879.0,14,1.825,4.0,0.0,4.0,14.0,14.722608108108108,63.241006666666664,41.407494594594596,1.4647584444444444,0.09479522192125046,0.19022018270701585,0.19545700713107358,0.04521150446691211,14.8938,63.6622,41.9525,1.56507,164,12,1,0,0,0,0,run_005
U000088,6134301,MODEL_A,BATCH_01,719400.0,51385.71428571428,11409.885635701185,34350.0,70951.0,14,1.775,4.0,0.0,5.0,14.0,14.689422222222223,63.266434090909094,41.40773055555556,1.4677652272727273,0.09243759937264585,0.19627468287164082,0.1357773972762445,0.040055352659680035,14.853,63.8058,41.6849,1.56985,160,12,1,0,0,0,0,run_005
U000089,6196419,MODEL_A,BATCH_01,752816.0,53772.57142857143,11094.512806679815,36779.0,82263.0,14,1.85,4.0,0.0,7.0,14.0,14.740899999999998,63.32378,41.39787105263158,1.4704546666666667,0.10185951905257393,0.17917539857509884,0.1537759811630079,0.04988650061526025,14.9594,63.7229,41.7517,1.587,166,12,1,0,0,0,0,run_005
U000090,6274580,MODEL_B,BATCH_01,732619.0,52329.92857142857,12206.741456855123,34201.0,74366.0,14,1.925,4.0,0.0,4.0,14.0,14.696428947368421,63.277682978723405,41.37378947368421,1.4676112765957445,0.09844310171128172,0.17305097931854707,0.13549033034106844,0.05125144798026691,14.9006,63.5793,41.6993,1.57177,170,12,1,0,0,0,0,run_005
U000091,6346472,MODEL_A,BATCH_02,676718.0,48337.0,10080.192336382352,32499.0,71892.0,14,1.85,4.0,0.0,1.0,14.0,14.706288235294117,63.36174047619048,41.332073529411765,1.482715238095238,0.12116995518368259,0.19458296250527377,0.17365932743549284,0.04424664723349489,14.9678,63.8908,41.6087,1.57462,152,12,1,0,0,0,0,run_005
U000092,6399226,MODEL_A,BATCH_01,710811.0,50772.21428571428,10708.520081466197,33445.0,65684.0,14,1.825,4.0,0.0,4.0,14.0,14.738844736842106,63.388452173913045,41.38851842105263,1.469412608695652,0.08703420792957738,0.23491852747436637,0.15250791358335378,0.05074792739871943,14.9303,63.9386,41.7276,1.61695,168,12,1,0,0,0,0,run_005
U000093,6448648,MODEL_A,BATCH_01,700137.0,50009.78571428572,12374.979690293025,34040.0,82060.0,14,1.7560975609756098,4.0,0.0,4.0,14.0,14.707938235294119,63.373644999999996,41.34473235294118,1.49327425,0.10599743568855341,0.18585595463098598,0.1460140336148465,0.05968864767241369,14.9327,63.7482,41.6448,1.64488,148,12,2,0,0,0,0,run_005
U000094,6521755,MODEL_A,BATCH_01,717779.0,51269.92857142857,10816.19477709439,32983.0,69675.0,14,1.8,4.0,0.0,6.0,14.0,14.700543243243244,63.41312444444444,41.35115675675676,1.4901928888888887,0.10983454865422847,0.20459184329643793,0.1575257960189749,0.04711065198127708,15.049,63.7781,41.6011,1.60428,164,12,1,0,0,0,0,run_005
U000095,6582970,MODEL_B,BATCH_01,737497.0,52678.357142857145,9105.320165934629,42111.0,72261.0,14,1.875,4.0,0.0,7.0,14.0,14.737891891891893,63.49330666666667,41.376259459459455,1.4870475555555556,0.10035380848217405,0.1775090489370752,0.12993672489899477,0.051324303881191524,14.9407,64.0563,41.6798,1.5994,164,12,1,0,0,0,0,run_005
U000096,6635028,MODEL_A,BATCH_01,703289.0,50234.92857142857,10747.40087695114,30978.0,70998.0,14,1.925,4.0,0.0,4.0,14.0,14.72642894736842,63.46010681818182,41.341144736842104,1.4893886363636364,0.09156090251374906,0.20020509762546504,0.16861050061457022,0.04893712694311029,14.9032,63.8286,41.7069,1.58334,164,12,1,0,0,0,0,run_005
U000097,6704681,MODEL_A,BATCH_01,686227.0,49016.21428571428,8813.11381433348,36759.0,66780.0,14,1.875,4.0,0.0,2.0,14.0,14.710249999999998,63.52921111111111,41.320194444444446,1.4927924444444443,0.11496285735588116,0.1778287074460124,0.14623584072008775,0.04711920290630196,14.8825,63.9136,41.6745,1.58197,162,12,1,0,0,0,0,run_005
U000098,6773306,MODEL_A,BATCH_02,698824.0,49916.0,7656.239999051552,38480.0,63218.0,14,1.85,4.0,0.0,4.0,14.0,14.711580555555555,63.476239534883725,41.31492222222222,1.5031453488372093,0.09412629151288252,0.1893508800632607,0.17208301669519938,0.04814358051202956,14.895,63.8495,41.7001,1.58914,158,12,1,0,0,0,0,run_005
U000099,6823063,MODEL_A,BATCH_01,703840.0,50274.28571428572,6899.636059839806,37640.0,64474.0,14,1.8,4.0,0.0,4.0,14.0,14.745361764705883,63.53314523809524,41.309626470588235,1.5059119047619047,0.06096409283318576,0.19106693527991442,0.16626058281892087,0.04213625483942716,14.9184,63.9599,41.7714,1.59766,152,12,1,0,0,0,0,run_005
U000100,6892868,MODEL_B,BATCH_01,748941.0,53495.78571428572,13063.108772290896,36614.0,81980.0,14,1.775,4.0,0.0,5.0,14.0,14.752535897435896,63.55731063829787,41.32890512820513,1.509158085106383,0.08403053482351547,0.2330419352391724,0.16965072625950603,0.045970843058082564,14.94,64.0781,41.6822,1.60243,172,12,1,0,0,0,0,run_005
U000101,6991879,MODEL_A,BATCH_01,791770.0,56555.0,16854.331855866974,35006.0,97779.0,14,1.825,4.0,0.0,7.0,14.0,14.749740540540541,63.64197173913043,41.32441891891892,1.512694347826087,0.08134002861602208,0.21968270822867442,0.12332847025961433,0.056264299739006575,14.9222,64.1362,41.5801,1.65403,166,12,1,0,0,0,0,run_005
U000102,7055403,MODEL_A,BATCH_01,709096.0,50649.71428571428,11067.26780562026,35694.0,75804.0,14,1.8048780487804879,4.0,0.0,5.0,14.0,14.749720588235293,63.65924390243902,41.304950000000005,1.5077943902439024,0.09474140491730167,0.2361864168922293,0.1397728443951223,0.06000830792685213,14.8984,64.0666,41.6018,1.649,150,12,2,0,0,0,0,run_005
U000103,7114300,MODEL_A,BATCH_01,712684.0,50906.0,9698.156628968209,34723.0,72819.0,14,1.825,4.0,0.0,5.0,14.0,14.761130555555557,63.63587441860465,41.26495833333334,1.5232579069767442,0.09086283797789277,0.1943840762303214,0.15964415496436304,0.03669127582553417,14.9912,64.0139,41.5864,1.6304,158,12,1,0,0,0,0,run_005
U000104,7163161,MODEL_A,BATCH_01,684282.0,48877.28571428572,9580.853731259038,35640.0,67618.0,14,1.8048780487804879,4.0,0.0,5.0,14.0,14.716654285714286,63.70598571428572,41.31403714285714,1.5181257142857143,0.09660214448617457,0.20998142144465207,0.12039567875212491,0.05092907268544463,14.8704,64.1316,41.5107,1.63037,154,12,2,0,0,0,0,run_005
U000105,7219821,MODEL_B,BATCH_02,718794.0,51342.42857142857,10378.939116634858,37848.0,68443.0,14,1.8,4.0,0.0,5.0,14.0,14.738117142857144,63.694833333333335,41.27417142857143,1.510142380952381,0.0996392979575781,0.2265891658515504,0.18253223175716585,0.05910753811896988,14.9839,64.21,41.7997,1.63912,154,12,1,1,1,0,0,run_005
U000106,7272339,MODEL_A,BATCH_01,690261.0,49304.357142857145,9710.837131046648,34417.0,64082.0,14,1.85,4.0,0.0,6.0,14.0,14.776394594594594,63.74370454545454,41.28764594594595,1.5274827272727272,0.09698694341091622,0.1924809805820701,0.13254953705982853,0.05090674124334529,14.9554,64.1456,41.6174,1.68963,162,12,1,0,0,0,0,run_005
U000107,7321523,MODEL_A,BATCH_01,693693.0,49549.5,8777.81197329161,35990.0,70842.0,14,1.7804878048780488,4.0,0.0,4.0,14.0,14.738572727272727,63.7101,41.247233333333334,1.5232105,0.10449874482717213,0.21338830862165364,0.1490957822732299,0.051047473678668576,14.9894,64.0814,41.5771,1.6378,146,12,2,0,0,0,0,run_005
U000108,7389404,MODEL_A,BATCH_01,708217.0,50586.92857142857,8942.7435771587,37544.0,68618.0,14,1.825,4.0,0.0,5.0,14.0,14.760171052631577,63.79756458333333,41.2672447368421,1.5270187499999999,0.09298473256806147,0.20215356758955383,0.11343056858920066,0.056161533842218336,14.9883,64.1875,41.5594,1.66639,172,12,1,0,0,0,0,run_005
U000109,7441879,MODEL_A,BATCH_01,701539.0,50109.92857142857,8676.318746709661,37679.0,63665.0,14,1.825,4.0,0.0,5.0,14.0,14.769380000000002,63.70670952380952,41.221765714285716,1.54717,0.11653407681370995,0.16529589552622453,0.1528458584227088,0.05302370486913173,15.0667,64.0892,41.6208,1.63349,154,12,1,0,0,0,0,run_005
U000110,7506496,MODEL_B,BATCH_01,702233.0,50159.5,11207.128004773775,32827.0,64617.0,14,1.9,4.0,0.0,5.0,14.0,14.760977142857142,63.863816279069766,41.24578,1.5507227906976744,0.1175888852433474,0.1868939372379464,0.1583284519784181,0.045022236639538235,15.0305,64.2642,41.5892,1.64764,156,12,1,0,0,0,0,run_005
U000111,7552709,MODEL_A,BATCH_01,690032.0,49288.0,8988.872668257896,38275.0,75099.0,14,1.829268292682927,4.0,0.0,2.0,14.0,14.774837837837838,63.86397173913043,41.20423243243243,1.5449310869565216,0.09358858652917308,0.19129240638125009,0.15725261710249977,0.05182974325094556,14.9505,64.2832,41.6832,1.65335,166,12,2,0,0,0,0,run_005
U000112,7604685,MODEL_A,BATCH_02,665468.0,47533.42857142857,8308.983578626818,33824.0,63993.0,14,1.7804878048780488,4.0,0.0,3.0,14.0,14.786930303030303,63.86322750000001,41.217151515151514,1.5471595,0.10815016321314684,0.20001064713646852,0.1624068273680564,0.051664490108827385,14.9413,64.2164,41.527,1.67631,146,12,2,0,0,0,0,run_005
U000113,7688640,MODEL_A,BATCH_01,747465.0,53390.357142857145,12020.987880863542,36125.0,75927.0,14,1.85,4.0,0.0,5.0,14.0,14.76371891891892,63.977384444444446,41.23388108108109,1.559898,0.11713491470626186,0.20112743015714285,0.16007053625379092,0.052076080340559085,14.9771,64.5021,41.5491,1.67807,164,12,1,0,0,0,0,run_005
U000114,7749314,MODEL_A,BATCH_01,704347.0,50310.5,9459.298654681623,35650.0,69289.0,14,1.825,4.0,0.0,3.0,14.0,14.772223529411765,63.91819523809524,41.218276470588236,1.5536835714285715,0.1045879535876414,0.22071177535792996,0.17185506941645828,0.049867921250646007,15.0033,64.4119,41.6201,1.665,152,12,1,0,0,0,0,run_005
U000115,7803228,MODEL_B,BATCH_01,722216.0,51586.857142857145,10807.942384811578,36229.0,68762.0,14,1.875,4.0,0.0,4.0,14.0,14.747284210526315,64.01270444444444,41.22708421052632,1.5605571111111112,0.06978918651743467,0.19365525244098142,0.15793142803182236,0.05495998183067643,14.8994,64.494,41.5993,1.68433,166,12,1,0,0,0,0,run_005
U000116,7851583,MODEL_A,BATCH_01,707797.0,50556.92857142857,9769.44102380389,34656.0,64584.0,14,1.85,4.0,0.0,3.0,14.0,14.7794975,63.99139183673469,41.170425,1.5611695918367348,0.10775369703336865,0.18536022568314428,0.13918899114660696,0.04746424474271766,15.0248,64.4634,41.5473,1.72777,178,12,1,0,0,0,1,run_005
U000117,7901338,MODEL_A,BATCH_01,673296.0,48092.57142857143,10078.991675103873,32909.0,67637.0,14,1.775,4.0,0.0,4.0,14.0,14.796014705882353,64.00937380952381,41.18535294117647,1.5713840476190477,0.10574960171098573,0.21021309056209875,0.14934230810820878,0.04510374512920851,15.018,64.6522,41.5532,1.67104,152,12,1,0,0,0,0,run_005
U000118,7995460,MODEL_A,BATCH_01,713025.0,50930.357142857145,11039.400106382196,35353.0,73914.0,14,1.775,4.0,0.0,5.0,14.0,14.745341176470589,64.06217142857142,41.15080588235294,1.5716409523809525,0.12032929343755014,0.1890096904029053,0.12341716383058715,0.05037767080904016,14.9662,64.3794,41.428,1.69186,152,12,1,0,0,0,0,run_005
U000119,8068509,MODEL_A,BATCH_02,699682.0,49977.28571428572,11366.93909430443,34343.0,73049.0,14,1.8,4.0,0.0,3.0,14.0,14.815564705882352,64.05868536585366,41.19411176470588,1.5675346341463414,0.09927336571719528,0.1934698110313023,0.13850049286578123,0.042198285278999235,15.005,64.4851,41.5274,1.64872,150,12,1,0,0,0,0,run_005
U000120,8122963,MODEL_B,BATCH_01,699420.0,49958.57142857143,9468.860760930542,36336.0,71280.0,14,1.775,4.0,0.0,4.0,14.0,14.814083783783783,64.08367555555556,41.17465135135135,1.5802753333333335,0.07449132504867609,0.22222869992578784,0.1588569825374428,0.04857119177978952,15.011,64.6551,41.4112,1.69584,164,12,1,0,0,0,0,run_005
U000121,8183763,MODEL_A,BATCH_01,708397.0,50599.78571428572,11380.22966632228,37587.0,78607.0,14,1.775,4.0,0.0,4.0,14.0,14.798551428571429,64.11249047619047,41.164905714285716,1.5824664285714285,0.11723466253988335,0.18336735859952835,0.16923360454579658,0.03739716376499031,15.0774,64.4668,41.515,1.67439,154,12,1,0,0,0,0,run_005
U000122,8234728,MODEL_A,BATCH_01,671989.0,47999.21428571428,12849.123000175008,32249.0,81050.0,14,1.7317073170731707,4.0,0.0,5.0,14.0,14.774536363636365,64.151495,41.135572727272724,1.58100325,0.11596000878045683,0.23509748654438528,0.1290943314807223,0.04941103205931516,14.957,64.5944,41.3878,1.69837,146,12,2,0,0,0,0,run_005
U000123,8291982,MODEL_A,BATCH_01,705950.0,50425.0,10573.25368014101,32729.0,71693.0,14,1.8,4.0,0.0,5.0,14.0,14.760980000000002,64.18991363636364,41.15663714285714,1.589967272727273,0.10644771099685787,0.20016633268349096,0.1225493708091323,0.04779450597810727,14.994,64.6643,41.4157,1.69128,158,12,1,0,0,0,0,run_005
U000124,8353635,MODEL_A,BATCH_01,697324.0,49808.857142857145,10756.539727119447,33423.0,65200.0,14,1.75,4.0,0.0,4.0,14.0,14.803827777777778,64.13424222222223,41.15660277777778,1.598767111111111,0.08530085449617553,0.2577802257111203,0.1605871681159248,0.04553971242085016,14.978,64.8457,41.4275,1.68866,162,12,1,0,0,0,0,run_005
U000125,8402544,MODEL_B,BATCH_01,707755.0,50553.92857142857,11259.27284483796,33042.0,70325.0,14,1.8780487804878048,4.0,0.0,6.0,14.0,14.7875375,64.21831875,41.135419999999996,1.5957920833333334,0.10072707141909101,0.17487464282962048,0.15962673961463886,0.0454036020203072,14.9825,64.5413,41.4396,1.70341,176,12,2,0,0,0,0,run_005
U000126,8458965,MODEL_A,BATCH_02,676323.0,48308.78571428572,7708.736603845829,35024.0,63613.0,14,1.85,4.0,0.0,1.0,14.0,14.785977142857142,64.24207,41.125017142857146,1.59169975,0.10226513719598818,0.22443057198391272,0.1464433949783083,0.05110592637055224,15.0055,64.7031,41.4193,1.7019,150,12,1,0,0,0,0,run_005
U000127,8521048,MODEL_A,BATCH_01,681624.0,48687.42857142857,9927.962334230026,33151.0,62083.0,14,1.75,4.0,0.0,2.0,14.0,14.784417647058824,64.29628095238095,41.111732352941175,1.6030159523809526,0.10604940949812917,0.21233846455783198,0.14674729819532972,0.06014633618424263,14.9531,64.7376,41.4373,1.76877,152,12,1,0,0,0,0,run_005
U000128,8572469,MODEL_A,BATCH_01,747251.0,53375.07142857143,12680.183858557146,35200.0,78368.0,14,1.825,4.0,0.0,6.0,14.0,14.819094594594596,64.30638936170212,41.0695,1.6049072340425532,0.09986617141050413,0.17502832470655771,0.13565782731236425,0.053546168445806105,15.021,64.8104,41.3077,1.76282,168,12,1,0,0,0,0,run_005
U000129,8655661,MODEL_A,BATCH_01,727023.0,51930.21428571428,9053.244069465854,37283.0,66103.0,14,1.825,4.0,0.0,4.0,14.0,14.783344444444444,64.33557777777779,41.113725,1.618794888888889,0.10479125493623535,0.2005189107936157,0.12990979150383913,0.047410281902779385,15.0106,64.8806,41.4149,1.72566,162,12,1,0,0,0,0,run_005
U000130,8708909,MODEL_B,BATCH_01,684019.0,48858.5,7712.779731867604,38113.0,63753.0,14,1.8,4.0,0.0,4.0,14.0,14.826649999999999,64.37105,41.048849999999995,1.6249622727272728,0.07515793730897956,0.17099116324236213,0.15774547194426528,0.051834191995543524,14.9947,64.7186,41.3664,1.76178,164,12,1,0,0,0,0,run_005
U000131,8774891,MODEL_A,BATCH_01,715399.0,51099.92857142857,8898.55992207802,37326.0,64108.0,14,1.8,4.0,0.0,6.0,14.0,14.81741081081081,64.34797727272728,41.12252162162162,1.6138740909090907,0.10137935573265791,0.17979615959842557,0.16471588862026745,0.044793040848514175,15.0142,64.7238,41.4787,1.72243,162,12,1,0,0,0,0,run_005
U000132,8838227,MODEL_A,BATCH_01,700188.0,50013.42857142857,9535.318910517612,34350.0,63336.0,14,1.8,4.0,0.0,5.0,14.0,14.792833333333334,64.4376511627907,41.10084166666667,1.6298632558139534,0.0809454101760653,0.1940608966426714,0.15613639527212061,0.052201735955486495,14.9879,64.8416,41.3938,1.73877,158,12,1,0,0,0,0,run_005
U000133,8912615,MODEL_A,BATCH_02,726229.0,51873.5,9779.029798895814,33640.0,74388.0,14,1.8,4.0,0.0,5.0,14.0,14.790756756756759,64.43615581395349,41.0447054054054,1.6121337209302324,0.09673776850773362,0.21348301850869592,0.177226700311504,0.049600182220443656,15.0651,64.8517,41.5589,1.7298,160,12,1,0,0,0,0,run_005
U000134,8973796,MODEL_A,BATCH_01,726362.0,51883.0,9353.39039312237,38312.0,68744.0,14,1.825,4.0,0.0,5.0,14.0,14.816122857142858,64.43322272727272,41.07117714285714,1.6212284090909093,0.09784062396305003,0.2174129281618823,0.1499609323353594,0.05108390152567211,14.9985,65.0464,41.3775,1.71486,158,12,1,0,0,0,0,run_005
U000135,9033642,MODEL_B,BATCH_01,711242.0,50803.0,7857.124018758635,36834.0,61382.0,14,1.8,4.0,0.0,4.0,14.0,14.80380810810811,64.46306666666666,41.05795675675675,1.6380211111111111,0.08523987518363312,0.19805792196866348,0.1288946135857169,0.048619604455134496,14.94,64.9142,41.3658,1.72886,164,12,1,0,0,0,0,run_005
U000136,9092162,MODEL_A,BATCH_01,703051.0,50217.92857142857,9004.55336494808,34621.0,62319.0,14,1.775,4.0,0.0,5.0,14.0,14.824041666666666,64.52184523809524,41.04001944444445,1.6349707142857142,0.10652426249451341,0.20470050722872724,0.16171424677841817,0.04895321969992931,15.0542,64.8545,41.343,1.75041,156,12,1,0,0,0,0,run_005
U000137,9146016,MODEL_A,BATCH_01,692340.0,49452.857142857145,9033.488753241743,38440.0,64375.0,14,1.8,4.0,0.0,5.0,14.0,14.841554285714285,64.56888222222223,41.033111428571424,1.6500651111111113,0.10497033570562311,0.2224147153087195,0.1272051071196067,0.0500991344791061,15.0797,64.9258,41.3788,1.76885,160,12,1,0,0,0,0,run_005
U000138,9205653,MODEL_A,BATCH_01,706581.0,50470.07142857143,8502.764776274795,36869.0,66889.0,14,1.875,4.0,0.0,5.0,14.0,14.806626470588235,64.54039268292684,41.03886764705882,1.6534965853658539,0.09908953804919148,0.15493181950497154,0.11107275726485466,0.03792201172206954,15.0358,64.952,41.2572,1.74829,150,12,1,0,0,0,0,run_005
U000139,9266609,MODEL_A,BATCH_01,707365.0,50526.07142857143,11352.29557581458,32484.0,68817.0,14,1.875,4.0,0.0,2.0,14.0,14.850627027027027,64.61837954545454,41.04861891891892,1.6399020454545457,0.11456006102731682,0.17157913026931526,0.17339175271595267,0.05488281611780802,15.1012,65.0835,41.4514,1.77459,162,12,1,0,0,0,0,run_005
U000140,9325088,MODEL_B,BATCH_02,715155.0,51082.5,11603.615290403777,32003.0,74103.0,14,1.85,4.0,0.0,2.0,14.0,14.841046153846154,64.61444347826087,39.52544358974359,1.8213504347826088,0.07030287426239887,0.21550341441190093,0.17235627390726488,0.06320753900029197,15.0218,65.0439,39.9615,1.95788,170,12,1,0,0,0,1,run_005
U000141,9385647,MODEL_A,BATCH_01,707362.0,50525.857142857145,9218.097424732943,35282.0,64692.0,14,1.825,4.0,0.0,4.0,14.0,14.81987142857143,64.63724651162791,41.01988285714285,1.651476976744186,0.11133753019648011,0.23918274976502707,0.1315738743191876,0.04656590657259899,15.0125,65.0785,41.2224,1.78373,156,12,1,0,0,0,0,run_005
U000142,9447740,MODEL_A,BATCH_01,701548.0,50110.57142857143,9605.671847838215,33344.0,62360.0,14,1.825,4.0,0.0,5.0,14.0,14.821351351351352,64.62811777777777,41.00926486486486,1.656808,0.0943942872024381,0.19064436582868738,0.14586286599294454,0.042679270388668665,15.0522,65.0012,41.4137,1.752,164,12,1,0,0,0,0,run_005
U000143,9516709,MODEL_A,BATCH_01,709328.0,50666.28571428572,10764.855627518593,34485.0,68969.0,14,1.9,4.0,0.0,4.0,14.0,14.850162857142859,64.68770238095237,41.02925714285714,1.6736161904761906,0.12735335993099772,0.15090162437195578,0.18339760131492258,0.05236708484704363,15.1199,64.9755,41.391,1.80788,154,12,1,0,0,0,0,run_005
U000144,9565886,MODEL_A,BATCH_01,687492.0,49106.57142857143,9686.339609623807,34038.0,66733.0,14,1.875,4.0,0.0,4.0,14.0,14.859542105263158,64.73834782608695,40.98897894736842,1.6563141304347826,0.08152803408272519,0.2116735660178784,0.13212232897991988,0.04918383476875695,15.0352,65.2124,41.2632,1.78487,168,12,1,0,0,0,0,run_005
U000145,9631602,MODEL_B,BATCH_01,724290.0,51735.0,8922.883105985245,35389.0,63214.0,14,1.85,4.0,0.0,6.0,14.0,14.829707692307693,64.75471276595745,40.98529230769231,1.6690044680851062,0.11649070978231296,0.24137740124851575,0.13572308569990196,0.04145614853482351,15.0055,65.3642,41.239,1.76872,172,12,1,0,0,0,0,run_005
U000146,9713100,MODEL_A,BATCH_01,749860.0,53561.42857142857,12556.705586530774,34187.0,71241.0,14,1.8,4.0,0.0,6.0,14.0,14.828818918918918,64.766025,40.97765675675676,1.6715579545454546,0.1172614856678059,0.2143698229424384,0.1221463296863905,0.05503886996793012,15.1549,65.2049,41.249,1.78797,162,12,1,0,0,0,0,run_005
U000147,9777134,MODEL_A,BATCH_02,717110.0,51222.142857142855,11958.658008432107,34710.0,70337.0,14,1.9,4.0,0.0,5.0,14.0,14.855677777777778,64.78862325581396,41.00428333333333,1.6793737209302326,0.09071432430945336,0.19402829425138066,0.14327753387843373,0.05155879371779901,15.017,65.2275,41.3765,1.79435,158,12,1,0,0,0,0,run_005
U000148,9848583,MODEL_A,BATCH_01,666213.0,47586.642857142855,9324.611079595454,34213.0,71449.0,14,1.85,4.0,0.0,4.0,14.0,14.875800000000002,64.83358205128205,40.9072,1.6785807692307695,0.08659523466488588,0.2235815992237976,0.1657090381763566,0.05179660700046997,15.0114,65.3567,41.266,1.77159,140,12,1,0,0,0,0,run_005
U000149,9897364,MODEL_A,BATCH_01,693024.0,49501.71428571428,10002.755854329282,35131.0,73187.0,14,1.853658536585366,4.0,0.0,4.0,14.0,14.824447222222224,64.84302045454545,40.98981944444444,1.6886024999999998,0.10796885658403277,0.2146526253552054,0.10784993229865941,0.051842583068227296,15.0766,65.2806,41.2184,1.78716,160,12,2,0,0,0,0,run_005
U000150,9949622,MODEL_B,BATCH_01,698928.0,49923.42857142857,9633.478896450217,34442.0,67226.0,14,1.925,4.0,0.0,4.0,14.0,14.834854285714288,64.82868571428571,40.92388285714286,1.6841104761904764,0.08706949335024805,0.1817081411809277,0.1472698892703934,0.05089636567371091,14.9829,65.1993,41.2422,1.79109,154,12,1,0,0,0,0,run_005
U000151,10010678,MODEL_A,BATCH_01,671224.0,47944.57142857143,8947.34076277833,34572.0,65098.0,14,1.875,4.0,0.0,2.0,14.0,14.878280555555556,64.86944418604652,40.942280555555556,1.6927960465116278,0.10982655369638701,0.18966257544628098,0.1380766015544463,0.04578589011909443,15.0704,65.2471,41.1991,1.77389,158,12,1,0,0,0,0,run_005
U000152,10062358,MODEL_A,BATCH_01,719675.0,51405.357142857145,10560.740195555516,35167.0,73559.0,14,1.9024390243902438,4.0,0.0,4.0,14.0,14.875005405405403,64.86798444444445,40.94623783783784,1.6880673333333334,0.11495453677661228,0.21730631706037065,0.14515676841752076,0.05034785841793796,15.0663,65.2695,41.2979,1.8077,164,12,2,0,0,0,0,run_005
U000153,10128057,MODEL_A,BATCH_01,713060.0,50932.857142857145,7608.7033248585985,39890.0,65804.0,14,1.85,4.0,0.0,2.0,14.0,14.8689,64.93507272727273,40.944472222222224,1.6947234090909091,0.09498605912749197,0.2145200964875847,0.1181149600083644,0.04439267491132113,15.1353,65.454,41.1626,1.78422,160,12,1,0,0,0,0,run_005
U000154,10183849,MODEL_A,BATCH_02,728433.0,52030.92857142857,10660.594755123517,37669.0,73301.0,14,1.853658536585366,4.0,0.0,5.0,14.0,14.839268571428573,64.96278666666667,40.910177142857144,1.7031851111111111,0.08077192935313911,0.21683049160786444,0.18221311711954194,0.05523342057380504,15.0231,65.4581,41.2796,1.80889,160,12,2,0,0,0,0,run_005
U000155,10232699,MODEL_B,BATCH_01,722324.0,51594.57142857143,9547.760161937988,35268.0,70212.0,14,1.9,4.0,0.0,4.0,14.0,14.901834210526317,64.9713511111111,40.96317894736842,1.707373111111111,0.10838248157115643,0.2298071509907038,0.1594039661039616,0.050938199044716824,15.1945,65.4575,41.3212,1.83202,166,12,1,0,0,0,0,run_005
U000156,10313434,MODEL_A,BATCH_01,720020.0,51430.0,10425.011499716958,33867.0,70700.0,14,1.925,4.0,0.0,5.0,14.0,14.865955263157895,65.04009333333333,40.9459052631579,1.7065839999999999,0.09943901213162079,0.24350147880827724,0.14523069057559423,0.0478908811020143,15.1258,65.6973,41.2877,1.79455,166,12,1,0,0,0,0,run_005
U000157,10380162,MODEL_A,BATCH_01,692460.0,49461.42857142857,9027.261052494832,35850.0,66728.0,14,1.9,4.0,0.0,4.0,14.0,14.900148484848485,65.03020487804878,40.88638484848485,1.7040187804878046,0.0889924298789372,0.21966722326193774,0.14839145679841945,0.05520386192084396,15.0817,65.4429,41.2034,1.80906,148,12,1,0,0,0,0,run_005
U000158,10429765,MODEL_A,BATCH_01,703808.0,50272.0,9905.628990241239,31409.0,67419.0,14,1.9024390243902438,4.0,0.0,4.0,14.0,14.887068421052632,65.06986304347825,40.89373157894737,1.7205695652173911,0.07894118270693205,0.17986971254981585,0.13953237366339902,0.05016334970015555,15.0615,65.5688,41.2114,1.89163,168,12,2,0,0,0,0,run_005
U000159,10492666,MODEL_A,BATCH_01,714826.0,51059.0,8549.50287353688,42187.0,70936.0,14,1.9,4.0,0.0,3.0,14.0,14.885770270270271,65.14506170212766,40.88351351351351,1.7082174468085107,0.10599158474160106,0.21091159651584995,0.12863993280592345,0.04925667120864841,15.0928,65.6155,41.1512,1.82561,168,12,1,0,0,0,0,run_005
U000160,10566631,MODEL_B,BATCH_01,712700.0,50907.142857142855,9987.41583468642,37739.0,73965.0,14,1.875,4.0,0.0,3.0,14.0,14.87309393939394,65.14977619047619,40.86911818181818,1.7202938095238096,0.09456821261460534,0.1965116030950506,0.15233403151985064,0.050666378660774475,15.0384,65.5378,41.1542,1.82143,150,12,1,0,0,0,0,run_005
U000161,10621502,MODEL_A,BATCH_02,695491.0,49677.92857142857,10141.838450120948,33496.0,69919.0,14,1.825,4.0,0.0,4.0,14.0,14.86206388888889,65.19048863636364,40.876669444444445,1.7372834090909093,0.08406235832583812,0.19825136055242532,0.16158165175087152,0.05145589323462322,15.005,65.8442,41.3056,1.82937,160,12,1,0,0,0,0,run_005
U000162,10682158,MODEL_A,BATCH_01,737297.0,52664.07142857143,11518.698614154997,35838.0,72901.0,14,1.85,4.0,0.0,5.0,14.0,14.890028947368421,65.20910652173913,40.84181315789474,1.7335545652173914,0.07767625087639987,0.2050412949217494,0.12933066811117377,0.05796616061525403,15.0274,65.5892,41.1429,1.87181,168,12,1,0,0,0,0,run_005
U000163,10736810,MODEL_A,BATCH_01,695070.0,49647.857142857145,9896.599391532603,38253.0,65405.0,14,1.8048780487804879,4.0,0.0,4.0,14.0,14.886110810810811,65.20567045454546,40.887572972972976,1.727586590909091,0.11213900051023952,0.18781188705915278,0.15252617197759397,0.04708580134295071,15.1191,65.7428,41.1892,1.82977,162,12,2,0,0,0,0,run_005
U000164,10798447,MODEL_A,BATCH_01,741738.0,52981.28571428572,9840.832465010039,38505.0,75015.0,14,1.8,4.0,0.0,5.0,14.0,14.886112820512821,65.23125,40.88758974358974,1.7478119565217392,0.11126027138742654,0.1794732288919114,0.14275107114516,0.04279590019925664,15.1844,65.626,41.18,1.87557,170,12,1,0,0,0,0,run_005
U000165,10861353,MODEL_B,BATCH_01,740407.0,52886.21428571428,8550.633347469482,34582.0,68223.0,14,1.9,4.0,0.0,5.0,14.0,14.902007894736842,65.28462608695652,40.86159736842105,1.743765,0.08236422203313605,0.19569456749944003,0.11804711722350433,0.05663650517898227,15.0321,65.6393,41.1387,1.87027,168,12,1,0,0,0,0,run_005
U000166,10919438,MODEL_A,BATCH_01,683572.0,48826.57142857143,9786.476766155709,35105.0,63927.0,14,1.85,4.0,0.0,2.0,14.0,14.88996,65.33512666666667,40.83051142857143,1.7487175555555556,0.10137506422715012,0.20446783854680034,0.14884177894551068,0.051706311868771934,15.0716,65.8663,41.1619,1.87502,160,12,1,0,0,0,0,run_005
U000167,10993315,MODEL_A,BATCH_01,735913.0,52565.21428571428,11709.440466028787,37588.0,73877.0,14,1.9,4.0,0.0,3.0,14.0,14.907127027027029,65.31245333333332,40.86067297297298,1.7554893333333335,0.10630796627578622,0.15732568795625568,0.12297823124586146,0.05644083637676794,15.1374,65.5815,41.1419,1.86181,164,12,1,0,0,0,0,run_005
U000168,11071390,MODEL_A,BATCH_02,714774.0,51055.28571428572,11690.40763537862,36879.0,78075.0,14,1.875,4.0,0.0,2.0,14.0,14.871926315789473,65.31950681818182,40.85172894736842,1.7433420454545454,0.09669670243465073,0.1879435818335696,0.1319661932709637,0.041697281523097984,15.1449,65.668,41.1188,1.81015,164,12,1,0,0,0,0,run_005
U000169,11118232,MODEL_A,BATCH_01,672153.0,48010.92857142857,7746.277919742494,37482.0,63761.0,14,1.9,4.0,0.0,2.0,14.0,14.911114705882353,65.33796904761905,40.81536176470588,1.7616992857142857,0.08973895182223439,0.20652922250928676,0.14577699243729839,0.05004961598706794,15.0774,65.9552,41.2973,1.90142,152,12,1,0,0,0,0,run_005
U000170,11177518,MODEL_B,BATCH_01,685983.0,48998.78571428572,7898.356763652428,36036.0,62295.0,14,1.85,4.0,0.0,2.0,14.0,14.896441176470589,65.3875756097561,40.163917647058824,1.8427324390243902,0.08574167021171918,0.20400103159112556,0.8122856366061936,0.10627101791599851,15.1058,65.8571,41.0403,2.02731,150,12,1,0,0,0,1,run_005
U000171,11237594,MODEL_A,BATCH_01,744233.0,53159.5,12300.202786008167,33628.0,79114.0,14,1.9,4.0,0.0,4.0,14.0,14.90926052631579,65.38507333333334,40.781694736842105,1.7828904444444444,0.10264769856814679,0.2413983094766442,0.13063532270836292,0.05680470186827348,15.0795,65.9604,40.974,1.90754,166,12,1,0,0,0,0,run_005
U000172,11336923,MODEL_A,BATCH_01,745105.0,53221.78571428572,15599.59299852981,32300.0,99329.0,14,1.925,4.0,0.0,2.0,14.0,14.904691891891893,65.47043043478261,40.80058648648649,1.7533641304347827,0.10432430572865445,0.19053070311873052,0.15014285079765088,0.049609380859138456,15.1143,65.885,41.1019,1.85595,166,12,1,0,0,0,0,run_005
U000173,11396737,MODEL_A,BATCH_01,671775.0,47983.92857142857,8208.335167698424,38262.0,60843.0,14,1.9,4.0,0.0,3.0,14.0,14.916615151515153,65.4499525,40.76117272727273,1.77102675,0.10600809851496032,0.17333861923029734,0.13921493111536,0.05529763348149583,15.248,65.8346,41.0134,1.90141,146,12,1,0,0,0,0,run_005
U000174,11444178,MODEL_A,BATCH_01,673905.0,48136.07142857143,7640.278151041016,36446.0,61630.0,14,1.9268292682926829,4.0,0.0,4.0,14.0,14.888154054054056,65.51268409090909,40.783816216216216,1.7805902272727272,0.09792841374810153,0.23477331069658217,0.14614743794750076,0.04655372028141436,15.1165,65.9133,41.0712,1.89911,162,12,2,0,0,0,0,run_005
U000175,11499804,MODEL_B,BATCH_02,718155.0,51296.78571428572,10583.449911417,32870.0,67965.0,14,1.925,4.0,0.0,4.0,14.0,14.89138108108108,65.54907272727273,40.744443243243246,1.7676515909090909,0.10281985010967787,0.18862957222548452,0.1369076747717658,0.05081273379788573,15.0814,65.8795,40.9343,1.87891,162,12,1,0,0,0,0,run_005
U000176,11566728,MODEL_A,BATCH_01,684380.0,48884.28571428572,10399.857302486796,33290.0,66924.0,14,1.975,4.0,0.0,4.0,14.0,14.916625,65.57208947368422,40.775425,1.7772447368421054,0.10681154945404647,0.16950888964885646,0.1438045739323718,0.04420239499056418,15.1253,65.979,41.089,1.85622,140,12,1,0,0,0,0,run_005
U000177,11631686,MODEL_A,BATCH_01,706642.0,50474.42857142857,9955.649294703027,32076.0,64958.0,14,1.95,4.0,0.0,3.0,14.0,14.92197027027027,65.63212727272727,40.791935135135134,1.774975,0.09733190599656887,0.1725854468030372,0.15452634837574483,0.05206396314284516,15.1304,66.0465,41.0591,1.87389,162,12,1,0,0,0,0,run_005
U000178,11684671,MODEL_A,BATCH_01,697219.0,49801.357142857145,7565.142792969739,38271.0,61918.0,14,1.875,4.0,0.0,2.0,14.0,14.932761764705884,65.66973095238096,40.77951176470589,1.777505,0.10175811787944576,0.16161180451949375,0.15729804515286408,0.05589823035944047,15.1287,65.9586,41.1384,1.89336,152,12,1,0,0,0,0,run_005
U000179,11749692,MODEL_A,BATCH_01,733893.0,52420.92857142857,13479.410398337652,34574.0,75052.0,14,1.825,4.0,0.0,5.0,14.0,14.924047368421052,65.59469130434782,40.76379210526316,1.8009580434782608,0.0820319573088118,0.18576225047216208,0.14619007875084483,0.04777427111460101,15.1123,66.0864,41.0232,1.90394,168,12,1,0,0,0,0,run_005
U000180,11815356,MODEL_B,BATCH_01,703084.0,50220.28571428572,11404.105538921372,38155.0,74866.0,14,1.85,4.0,0.0,5.0,14.0,14.931252777777777,65.59727380952381,40.78187777777778,1.7953350000000001,0.12062390307092333,0.19189872336478822,0.173940811133495,0.051618648702793854,15.1766,66.0805,41.1546,1.90524,156,12,1,0,0,0,0,run_005
U000181,11871756,MODEL_A,BATCH_01,655693.0,46835.21428571428,7167.843589237995,33520.0,58983.0,14,1.9,4.0,0.0,5.0,14.0,14.928514705882353,65.66986097560977,40.77140882352941,1.7938858536585365,0.11011109027444148,0.2097503371606951,0.14903523351502238,0.05076048034522577,15.1376,66.0505,41.0583,1.93224,150,12,1,0,0,0,0,run_005
U000182,11919329,MODEL_A,BATCH_02,728855.0,52061.07142857143,10224.770123158201,40653.0,79956.0,14,1.925,4.0,0.0,6.0,14.0,14.960713888888888,65.73015116279069,40.73289722222222,1.802772558139535,0.09357662453161114,0.1580938199028454,0.1782741844721407,0.05694788850523674,15.1716,66.0356,41.075,1.95051,158,12,1,0,0,0,0,run_005
U000183,11974894,MODEL_A,BATCH_01,704055.0,50289.642857142855,9786.831306223865,38300.0,68446.0,14,1.829268292682927,4.0,0.0,2.0,14.0,14.933521052631578,65.72760652173913,40.69512105263158,1.7977517391304347,0.07599303011387978,0.21014706110211154,0.1648912010795501,0.052694054579424096,15.1395,66.1709,41.0698,1.91154,168,12,2,0,0,0,0,run_005
U000184,12048487,MODEL_A,BATCH_01,745751.0,53267.92857142857,11002.278900050911,39157.0,74339.0,14,1.875,4.0,0.0,4.0,14.0,14.946138888888889,65.72951627906977,40.726038888888894,1.8255237209302324,0.09481231769818475,0.19690899267262565,0.13020772476048212,0.05613545098468168,15.1017,66.1316,40.9236,1.95033,158,12,1,0,0,0,0,run_005
U000185,12102807,MODEL_B,BATCH_01,707994.0,50571.0,8624.07823391088,33612.0,61866.0,14,1.9,4.0,0.0,5.0,14.0,14.926165714285714,65.82002142857144,40.70902,1.799979523809524,0.07488833625847902,0.22084651389675178,0.12207328030615787,0.05784886136081954,15.0876,66.37,41.0338,1.90373,154,12,1,0,0,0,0,run_005
U000186,12158803,MODEL_A,BATCH_01,722704.0,51621.71428571428,10249.480860613767,32876.0,78272.0,14,1.875,4.0,0.0,3.0,14.0,14.94612162162162,65.837975,40.69774864864865,1.8201629545454545,0.09938048694882845,0.22341027450816228,0.15620421573060034,0.05147369712502512,15.2556,66.2674,41.0103,1.93001,162,12,1,0,0,0,0,run_005
U000187,12208102,MODEL_A,BATCH_01,721974.0,51569.57142857143,8206.537157040728,34993.0,64838.0,14,1.8048780487804879,4.0,0.0,5.0,14.0,14.931257500000001,65.85309791666667,40.7399025,1.8271256249999999,0.08767883669304778,0.23817176216637767,0.17499839777654774,0.0510387495222263,15.177,66.3131,41.0919,1.98785,176,12,2,0,0,0,0,run_005
U000188,12256649,MODEL_A,BATCH_01,684178.0,48869.857142857145,11771.339952856439,35543.0,76281.0,14,1.829268292682927,4.0,0.0,5.0,14.0,14.953308571428572,65.86490238095237,40.670657142857145,1.8227630952380953,0.09058343690773041,0.2005212579060909,0.15775391164296293,0.05434407367730512,15.154,66.4714,40.9791,1.92891,154,12,2,0,0,0,0,run_005
U000189,12307110,MODEL_A,BATCH_02,721798.0,51557.0,11862.739591484955,34577.0,73801.0,14,1.825,4.0,0.0,5.0,14.0,14.953478378378378,65.86688,39.7226918918919,1.9700284444444445,0.09014219980778251,0.18450465084062123,0.702410315500367,0.09765235818396242,15.2562,66.2565,40.9062,2.14744,164,12,1,1,1,0,1,run_005
U000190,12356816,MODEL_B,BATCH_01,704794.0,50342.42857142857,11820.124460585695,34661.0,72529.0,14,1.825,4.0,0.0,5.0,14.0,14.98869696969697,65.88599756097561,40.59818181818182,1.8247804878048781,0.09555431532919034,0.20069243693747274,0.17091102848877435,0.05100012210530578,15.1269,66.3851,40.9507,1.93242,148,12,1,0,0,0,0,run_005
U000191,12409972,MODEL_A,BATCH_01,668510.0,47750.71428571428,8959.902200947812,33516.0,62371.0,14,1.8,4.0,0.0,6.0,14.0,14.953211111111111,65.95291999999999,39.16753888888889,2.022564888888889,0.10952116241107474,0.20342125749291853,0.14414198610651408,0.061431128125961375,15.173,66.453,39.4083,2.16837,162,12,1,1,1,0,1,run_005
U000192,12479886,MODEL_A,BATCH_01,699107.0,49936.21428571428,13345.327227037307,31189.0,85298.0,14,1.8,4.0,0.0,6.0,14.0,14.974925714285714,65.93693720930233,40.63999428571428,1.8403162790697676,0.10194382058085648,0.18373303488026413,0.15416088224139482,0.05070998375558491,15.1613,66.4053,41.0396,1.95091,156,12,1,0,0,0,0,run_005
U000193,12549584,MODEL_A,BATCH_01,705314.0,50379.57142857143,9997.678820716226,35892.0,64170.0,14,1.8,4.0,0.0,6.0,14.0,14.949985714285715,65.97542727272727,40.64360285714286,1.8411536363636365,0.10683425630071888,0.1857141731872442,0.15494917475192524,0.049921069564557004,15.1381,66.4094,40.9396,1.94742,158,12,1,0,0,0,0,run_005
U000194,12606792,MODEL_A,BATCH_01,687986.0,49141.857142857145,8313.60163418167,35244.0,64638.0,14,1.85,4.0,0.0,4.0,14.0,14.952983333333334,66.00985227272727,40.64886388888888,1.8427702272727273,0.09622982757069488,0.1851188298296657,0.12830182306415952,0.04834051930755284,15.1007,66.4652,40.9259,1.99401,160,12,1,0,0,0,0,run_005
U000195,12669027,MODEL_B,BATCH_01,707225.0,50516.07142857143,9049.667656152527,33994.0,65624.0,14,1.85,4.0,0.0,4.0,14.0,14.963771428571429,66.0323619047619,40.64886571428571,1.8411554761904763,0.09827303672879514,0.20303898454499825,0.13957481220363704,0.06040547084746791,15.2269,66.4994,40.8856,2.02955,154,12,1,0,0,0,0,run_005
U000196,12724792,MODEL_A,BATCH_02,697286.0,49806.142857142855,12259.668560315618,34073.0,79250.0,14,1.825,4.0,0.0,4.0,14.0,14.96419142857143,66.07879756097562,40.64396285714286,1.8482826829268293,0.11885965122393585,0.20549546526359805,0.1384707106123125,0.050767783486399626,15.1839,66.4647,40.8849,1.97434,152,12,1,0,0,0,0,run_005
U000197,12789333,MODEL_A,BATCH_01,717079.0,51219.92857142857,6962.6025468408525,41822.0,66417.0,14,1.875,4.0,0.0,5.0,14.0,15.016408333333333,66.08901555555556,40.625363888888884,1.864443111111111,0.11679645634301405,0.2095870810075183,0.1451909523996929,0.054668630893203944,15.2691,66.6166,40.9182,1.99235,162,12,1,0,0,0,0,run_005
U000198,12845393,MODEL_A,BATCH_01,728457.0,52032.642857142855,9693.96030531892,35480.0,66709.0,14,1.85,4.0,0.0,3.0,14.0,14.973380487804878,66.201178,40.62093170731708,1.8711852,0.07503528243270662,0.222370673527105,0.19060473294100358,0.05109149464900584,15.1023,66.6914,40.9695,1.98378,182,12,1,0,0,0,0,run_005
U000199,12911164,MODEL_A,BATCH_01,699409.0,49957.78571428572,9622.153790390907,35501.0,65771.0,14,1.9,4.0,0.0,4.0,14.0,14.993033333333333,66.17811904761905,40.623451515151515,1.8629695238095239,0.11429074401134467,0.24456817119169103,0.1210584056385915,0.05157368287820218,15.1721,66.6661,40.9199,1.96575,150,12,1,0,0,0,0,run_005
U000200,12962743,MODEL_B,BATCH_01,666838.0,47631.28571428572,7680.802266075433,33108.0,59469.0,14,1.9,4.0,0.0,4.0,14.0,14.958512121212122,66.1535375,40.590169696969696,1.87174975,0.10560026857676481,0.21406087522310546,0.13687660383728875,0.043849148662174,15.1545,66.5924,40.9245,1.97744,146,12,1,0,0,0,0,run_005
U000201,13036114,MODEL_A,BATCH_01,686216.0,49015.42857142857,10838.670410328763,34799.0,73371.0,14,1.9,4.0,0.0,3.0,14.0,14.9826,66.23735500000001,40.61407352941177,1.8802245,0.11104781661859703,0.18405970874858404,0.16752981156475868,0.05087168206026834,15.1954,66.6119,40.8999,2.01231,148,12,1,0,0,0,0,run_005
U000202,13095601,MODEL_A,BATCH_01,728479.0,52034.21428571428,9073.305675090329,38870.0,68050.0,14,1.9,4.0,0.0,4.0,14.0,14.99813947368421,66.18882173913043,40.61039736842105,1.8792180434782608,0.10438716276950379,0.1730860234591675,0.18579396389526368,0.05131992455262341,15.2415,66.5897,40.9695,1.96585,168,12,1,0,0,0,0,run_005
U000203,13156542,MODEL_A,BATCH_02,712441.0,50888.642857142855,9981.196372002883,33372.0,71333.0,14,1.925,4.0,0.0,4.0,14.0,14.994551282051283,66.20644468085106,40.59849487179487,1.8757136170212767,0.11301786275162307,0.19078433283651633,0.15159003048165903,0.05012055008657203,15.2581,66.6608,40.9494,2.01472,172,12,1,0,0,0,0,run_005
U000204,13206876,MODEL_A,BATCH_01,687645.0,49117.5,8593.372112810592,31787.0,64357.0,14,1.8780487804878048,4.0,0.0,4.0,14.0,14.97131212121212,66.28551707317074,40.57032424242424,1.8799634146341464,0.10929149600259343,0.2359194109250429,0.1672636205782344,0.05174178855672449,15.2408,66.9042,40.901,2.0266,148,12,2,0,0,0,0,run_005
U000205,13265126,MODEL_B,BATCH_01,703067.0,50219.07142857143,10836.601769816147,34735.0,74520.0,14,1.925,4.0,0.0,5.0,14.0,14.97655,66.32987111111112,40.57281944444444,1.8775388888888889,0.11315404039247988,0.2129144585190566,0.14973320620250757,0.05354087950606368,15.2886,66.9672,40.8536,2.0062,162,12,1,0,0,0,0,run_005
U000206,13317637,MODEL_A,BATCH_01,647535.0,46252.5,6915.559199259416,35788.0,54523.0,14,1.9024390243902438,4.0,0.0,3.0,14.0,14.98305,66.22921219512195,40.56319411764706,1.8879360975609754,0.12795087421397797,0.20353492230465656,0.14878012644488262,0.04502282009592749,15.2787,66.747,40.8471,1.99507,150,12,2,0,0,0,0,run_005
U000207,13384211,MODEL_A,BATCH_01,699678.0,49977.0,8122.997703576413,39893.0,69496.0,14,1.85,4.0,0.0,3.0,14.0,14.99521052631579,66.33951777777777,40.58591578947368,1.8861722222222224,0.0958722539392458,0.17236723519183267,0.15307473272231545,0.05329555272632076,15.178,66.6919,40.7906,1.97262,166,12,1,0,0,0,0,run_005
U000208,13435737,MODEL_A,BATCH_01,714118.0,51008.42857142857,11183.481381135205,39126.0,78104.0,14,1.95,4.0,0.0,7.0,14.0,15.017524324324325,66.33766666666666,40.583483783783784,1.895176888888889,0.09426074476155481,0.19267093119428372,0.16397336760976133,0.05319661689611397,15.1712,66.9161,40.9475,2.01958,164,12,1,0,0,0,0,run_005
U000209,13522988,MODEL_A,BATCH_01,714757.0,51054.07142857143,9367.995380872258,36656.0,67511.0,14,1.875,4.0,0.0,3.0,14.0,14.97191388888889,66.45402045454546,40.53590277777778,1.8961522727272728,0.11141340045787707,0.18953341557201353,0.14194003056846868,0.047069032473277,15.1867,66.913,40.9071,2.00677,160,12,1,0,0,0,0,run_005
U000210,13601441,MODEL_B,BATCH_02,723182.0,51655.857142857145,11486.067204407947,35846.0,78453.0,14,1.85,4.0,0.0,5.0,14.0,14.975831428571428,66.46242888888888,39.03334571428571,2.0757355555555557,0.11156987989973068,0.20187492372328517,0.16764716510095415,0.0445750445141038,15.1706,66.8486,39.4495,2.14704,160,12,1,0,0,0,0,run_005
U000211,13648259,MODEL_A,BATCH_01,698254.0,49875.28571428572,10041.666536744027,36999.0,72489.0,14,1.85,4.0,0.0,5.0,14.0,14.98913783783784,66.46311111111112,40.54945135135135,1.9024011111111112,0.0964332162441714,0.2002253698644938,0.13305014848549454,0.04883324474084425,15.1591,66.8672,40.8116,2.006,164,12,1,0,0,0,0,run_005
U000212,13699515,MODEL_A,BATCH_01,713681.0,50977.21428571428,8576.004979714502,38748.0,66593.0,14,1.925,4.0,0.0,6.0,14.0,15.037783783783784,66.49474666666666,40.50780810810811,1.919291111111111,0.10616261246448915,0.218648089611845,0.1688423449032624,0.03675717939904718,15.1951,66.9678,40.9223,1.99541,164,12,1,0,0,0,0,run_005
U000213,13756229,MODEL_A,BATCH_01,710208.0,50729.142857142855,8385.66252469189,37944.0,67012.0,14,1.9,4.0,0.0,3.0,14.0,15.034955555555557,66.49370222222223,40.500211111111106,1.9060144444444445,0.11137347836239823,0.17743772465660554,0.1400638462126233,0.057507691879021924,15.2207,67.0153,40.7294,2.03529,162,12,1,0,0,0,1,run_005
U000214,13836024,MODEL_A,BATCH_01,735107.0,52507.642857142855,13429.98617106306,32369.0,79795.0,14,1.925,4.0,0.0,4.0,14.0,15.025067567567568,66.55151395348837,40.517086486486484,1.910546046511628,0.10754525934604403,0.22625531783426098,0.17143235491678116,0.051496211378884306,15.1991,67.0508,40.9044,1.99525,160,12,1,0,0,0,0,run_005
U000215,13910112,MODEL_B,BATCH_01,714635.0,51045.357142857145,9348.183596557412,39500.0,74088.0,14,1.875,4.0,0.0,4.0,14.0,15.015580555555553,66.55903636363637,40.51325555555556,1.925694090909091,0.08732099672045694,0.22314829055398774,0.15711725820353797,0.04585974879586072,15.1849,67.1383,40.7933,2.0385,160,12,1,0,0,0,0,run_005
U000216,13960351,MODEL_A,BATCH_01,705524.0,50394.57142857143,9541.688866106588,34347.0,64640.0,14,1.975,4.0,0.0,5.0,14.0,15.005360606060606,66.5869325,40.523672727272725,1.92051525,0.11149788377866722,0.18083581927276307,0.12410837822425409,0.04789636408166688,15.2231,66.8816,40.7725,2.04318,146,12,1,0,0,0,0,run_005
U000217,14017536,MODEL_A,BATCH_02,673488.0,48106.28571428572,8269.355992305118,34160.0,63263.0,14,1.875,4.0,0.0,1.0,14.0,14.978594444444447,66.5799488372093,40.46811666666667,1.9190867441860464,0.10253685036385529,0.17423806835161257,0.1732858390059612,0.05925433786495258,15.1898,66.9222,40.7678,2.02248,158,12,1,0,0,0,0,run_005
U000218,14089611,MODEL_A,BATCH_01,724832.0,51773.71428571428,10672.51495433712,35913.0,72075.0,14,1.875,4.0,0.0,4.0,14.0,15.011524999999999,66.63119777777777,40.50037777777778,1.9350595555555556,0.0863069418661426,0.20368355078058326,0.16538095953820633,0.04872548180439787,15.2127,66.9829,40.8134,2.04526,162,12,1,0,0,0,0,run_005
U000219,14159553,MODEL_A,BATCH_01,733061.0,52361.5,11101.685220306383,33146.0,69942.0,14,1.9,4.0,0.0,5.0,14.0,15.025946153846153,66.68913478260869,40.48050256410256,1.9585413043478261,0.08686382520678369,0.21652178768212366,0.11831994423502401,0.04678894003257585,15.2438,67.329,40.7188,2.05987,170,12,1,0,0,0,0,run_005
U000220,14224452,MODEL_B,BATCH_01,728809.0,52057.78571428572,10541.41581629754,36686.0,75706.0,14,1.925,4.0,0.0,5.0,14.0,15.00546216216216,66.71586444444445,40.47727567567568,1.931337111111111,0.10643485840683965,0.20754752922858113,0.16082829595808326,0.05074552249044522,15.1848,67.1092,40.8356,2.06971,164,12,1,0,0,0,0,run_005
U000221,14276891,MODEL_A,BATCH_01,704317.0,50308.357142857145,10101.040529852075,35556.0,70557.0,14,1.925,4.0,0.0,3.0,14.0,15.03374375,66.69407435897436,40.417328125,1.94377,0.08693783443617424,0.19777939693393537,0.129853188154122,0.05387530520123587,15.2808,67.0967,40.6656,2.05533,142,12,1,0,0,0,0,run_005
U000222,14339993,MODEL_A,BATCH_01,691913.0,49422.357142857145,9892.169425336406,34299.0,65712.0,14,1.9,4.0,0.0,2.0,14.0,15.051056756756756,66.8045652173913,40.441108108108104,1.9554128260869563,0.09573984292092011,0.18578684227707062,0.16092427200805196,0.051498979824331124,15.2576,67.341,40.7576,2.07048,166,12,1,0,0,0,0,run_005
U000223,14408633,MODEL_A,BATCH_01,698753.0,49910.92857142857,12298.689945645467,34105.0,74081.0,14,1.9,4.0,0.0,5.0,14.0,15.020645714285715,66.7555976744186,40.49122571428571,1.9508788372093022,0.1032988706243631,0.209257090098207,0.13757457943807408,0.05429161678728706,15.3104,67.312,40.7866,2.04721,156,12,1,0,0,0,0,run_005
U000224,14467362,MODEL_A,BATCH_02,725828.0,51844.857142857145,13515.813159504587,32343.0,80804.0,14,1.975,4.0,0.0,5.0,14.0,15.032797297297297,66.78354090909092,40.40821621621622,1.9422400000000002,0.12387570043862163,0.21551823137490725,0.17841881676038027,0.04690060216799927,15.3272,67.1357,40.9153,2.051,162,12,1,0,0,0,0,run_005
U000225,14539560,MODEL_B,BATCH_01,702706.0,50193.28571428572,11349.84236710985,36275.0,72198.0,14,1.925,4.0,0.0,3.0,14.0,15.052640540540542,66.80728444444445,40.41665945945946,1.9602244444444443,0.10143330446778923,0.24609892408205017,0.12650796738075645,0.05674206654821108,15.3078,67.5829,40.6633,2.10957,164,12,1,0,0,0,0,run_005
U000226,14593273,MODEL_A,BATCH_01,674229.0,48159.21428571428,9037.980987762967,29067.0,60723.0,14,1.875,4.0,0.0,4.0,14.0,15.035045454545454,66.86306829268293,40.416000000000004,1.954289268292683,0.0900980649449151,0.2181213520486078,0.14309149826247666,0.048441952705802656,15.2433,67.2205,40.6881,2.05028,148,12,1,0,0,0,0,run_005
U000227,14650059,MODEL_A,BATCH_01,723325.0,51666.07142857143,8723.162054282537,33376.0,63959.0,14,2.0,4.0,0.0,5.0,14.0,15.03492972972973,66.87597333333333,40.461443243243245,1.9721539999999997,0.09182068232540376,0.22875345243296422,0.15225342641745745,0.043537813523001324,15.2508,67.3029,40.8249,2.04312,164,12,1,0,0,0,0,run_005
U000228,14716573,MODEL_A,BATCH_01,692232.0,49445.142857142855,8475.031416843452,38630.0,66514.0,14,2.0,4.0,0.0,2.0,14.0,15.06060606060606,66.8787380952381,40.4063393939394,1.9652314285714287,0.095661342569092,0.1825499369733268,0.1615094829634511,0.05428159004139065,15.3445,67.2292,40.6902,2.0567,150,12,1,0,0,0,0,run_005
U000229,14770166,MODEL_A,BATCH_01,717151.0,51225.07142857143,9101.560140684975,35813.0,66496.0,14,1.975609756097561,4.0,0.0,3.0,14.0,15.017433333333333,66.91935744680852,40.397166666666664,1.9625159574468083,0.10216674537073735,0.16038611663959942,0.16832204148335173,0.054607323233187344,15.2467,67.3507,40.7778,2.09211,172,12,2,0,0,0,0,run_005
U000230,14830259,MODEL_B,BATCH_01,746366.0,53311.857142857145,8092.920028852785,38847.0,68447.0,14,2.0,4.0,0.0,4.0,14.0,15.037400000000002,66.89319583333334,40.40117179487179,1.9790414583333333,0.08213113711748163,0.1788540602722965,0.14247682719937102,0.0481597977477544,15.2626,67.2577,40.7025,2.09615,174,12,1,0,0,0,0,run_005
U000231,14895712,MODEL_A,BATCH_02,696643.0,49760.21428571428,9380.412596949613,33496.0,65453.0,14,1.925,4.0,0.0,3.0,14.0,15.05995,66.970855,40.37817647058824,1.9891445,0.08921901635182866,0.2250685479057671,0.1284882026392643,0.04629004644352376,15.2326,67.4792,40.6234,2.09198,148,12,1,0,0,0,0,run_005
U000232,14970908,MODEL_A,BATCH_01,747238.0,53374.142857142855,13030.845287282744,37313.0,76153.0,14,1.9,4.0,0.0,5.0,14.0,15.060247222222223,67.02049772727273,40.353725,1.9731904545454546,0.10138653471065551,0.18845801517337218,0.1435293426943976,0.06148416702808479,15.3007,67.4056,40.7224,2.12328,160,12,1,0,0,0,0,run_005
U000233,15032360,MODEL_A,BATCH_01,714116.0,51008.28571428572,12011.725267924166,36483.0,73533.0,14,1.9,4.0,0.0,5.0,14.0,15.07008181818182,67.04614634146341,39.7404393939394,2.0630800000000002,0.11092317007321313,0.16679547970128417,0.7840353025133032,0.10022779232827589,15.3007,67.51,40.6136,2.26269,148,12,1,0,0,0,1,run_005
U000234,15091652,MODEL_A,BATCH_01,708431.0,50602.21428571428,12037.94245247131,38641.0,80019.0,14,1.9,4.0,0.0,5.0,14.0,15.043570588235294,67.02904523809524,40.387350000000005,2.000150476190476,0.09569272962285989,0.18313595136970653,0.14564537723213372,0.0519805810810519,15.2252,67.4627,40.6022,2.1417,152,12,1,0,0,0,0,run_005
U000235,15152137,MODEL_B,BATCH_01,694814.0,49629.57142857143,8664.876400328341,33030.0,62701.0,14,1.875,4.0,0.0,4.0,14.0,15.090882857142855,67.08288809523809,40.38608,1.9898666666666667,0.08849909433140571,0.21682908994197203,0.13269543588941735,0.04532872952471983,15.2679,67.4485,40.7186,2.10771,154,12,1,0,0,0,0,run_005
U000236,15218778,MODEL_A,BATCH_01,735481.0,52534.357142857145,9783.397212445354,35145.0,69772.0,14,1.875,4.0,0.0,5.0,14.0,15.069862857142857,67.11931627906976,40.331219999999995,1.991317441860465,0.08122516302996065,0.1652636060679637,0.1571567048596807,0.053506289220588366,15.2544,67.4988,40.6495,2.11561,156,12,1,0,0,0,0,run_005
U000237,15272326,MODEL_A,BATCH_01,712929.0,50923.5,7119.136699499023,40220.0,67462.0,14,1.925,4.0,0.0,5.0,14.0,15.096602777777779,67.12690909090908,40.37032222222222,1.9886934090909092,0.0797663856381733,0.21052095716057526,0.15592510493569145,0.048387092356458876,15.2482,67.4567,40.6906,2.09431,160,12,1,0,0,0,0,run_005
U000238,15331407,MODEL_A,BATCH_02,689939.0,49281.357142857145,9760.821541772479,34055.0,66724.0,14,1.85,4.0,0.0,2.0,14.0,15.068397297297299,67.13227727272728,40.30741081081081,2.001359318181818,0.11261649397275135,0.18873616981660063,0.14785919500168526,0.04721523346990178,15.2944,67.5344,40.6492,2.11176,162,12,1,0,0,0,0,run_005
U000239,15379902,MODEL_A,BATCH_01,712215.0,50872.5,10327.692211867903,37351.0,74293.0,14,1.9,4.0,0.0,5.0,14.0,15.065673529411765,67.198065,40.38240294117647,2.00878725,0.12021097441159027,0.24528361559004044,0.13019067481685706,0.04231425043267921,15.3377,67.5952,40.5926,2.08835,148,12,1,0,0,0,0,run_005
U000240,15433867,MODEL_B,BATCH_01,696488.0,49749.142857142855,9764.340655649024,36765.0,70212.0,14,1.9024390243902438,4.0,0.0,3.0,14.0,15.086997368421052,67.18154222222222,39.36908947368421,2.123853111111111,0.11588556677810287,0.21291895437305097,0.7326847169695779,0.10432818811594267,15.3211,67.5968,40.6461,2.29675,166,12,2,0,0,0,1,run_005
U000241,15513516,MODEL_A,BATCH_01,728334.0,52023.857142857145,12522.957974838073,35597.0,82887.0,14,1.9,4.0,0.0,4.0,14.0,15.058377777777777,67.26888181818182,40.29880555555556,2.0203302272727273,0.09333227618448937,0.23542409458867275,0.1400578511992085,0.04204860860948494,15.3118,67.9371,40.646,2.10988,160,12,1,0,0,0,0,run_005
U000242,15570358,MODEL_A,BATCH_01,721113.0,51508.07142857143,10651.808755499522,36871.0,71329.0,14,1.9,4.0,0.0,4.0,14.0,15.084205555555554,67.29652093023256,39.79965277777777,2.0859190697674417,0.09045815115903655,0.21791103859596372,0.748026116612864,0.10047480996353876,15.301,67.8289,40.6093,2.27573,158,12,1,0,0,0,1,run_005
U000243,15646833,MODEL_A,BATCH_01,706387.0,50456.21428571428,12790.366556235094,37296.0,78665.0,14,1.85,4.0,0.0,4.0,14.0,15.072928947368421,67.36019999999999,40.28177631578947,2.023428043478261,0.10717253305817277,0.20699993558775165,0.11313478551784166,0.06333441520548119,15.2513,67.909,40.4942,2.15456,168,12,1,0,0,0,0,run_005
U000244,15697355,MODEL_A,BATCH_01,697828.0,49844.857142857145,10501.84983600613,33358.0,70104.0,14,1.875,4.0,0.0,5.0,14.0,15.088417142857143,67.32916279069768,40.30482,2.0257502325581394,0.10100614275354555,0.22309581971202352,0.1378328117684616,0.05109389999414115,15.2936,67.804,40.5821,2.12134,156,12,1,0,0,0,0,run_005
U000245,15770280,MODEL_B,BATCH_02,710771.0,50769.357142857145,10183.80921332517,41707.0,72925.0,14,1.85,4.0,0.0,4.0,14.0,15.066017142857143,67.37375476190476,38.79952285714286,2.1975880952380953,0.09263222817939207,0.20283879241525546,0.13177408270957258,0.047850815230616676,15.3177,67.7617,39.1691,2.28848,154,12,1,0,0,0,1,run_005
U000246,15842768,MODEL_A,BATCH_01,720806.0,51486.142857142855,10457.127204095652,34181.0,72488.0,14,1.95,4.0,0.0,6.0,14.0,15.085280555555556,67.35797209302326,40.343272222222225,2.0381072093023254,0.09591728525720042,0.20609892599888885,0.17071871369697397,0.04995869924369351,15.333,67.8377,40.7036,2.15745,158,12,1,0,0,0,0,run_005
U000247,15912033,MODEL_A,BATCH_01,746515.0,53322.5,10513.625304264058,37699.0,69265.0,14,1.9,4.0,0.0,3.0,14.0,15.106435897435896,67.43572127659574,40.275999999999996,2.0315987234042554,0.10433976001298896,0.1913376323086088,0.15688524133062487,0.04864149135196801,15.3175,67.935,40.6419,2.14229,172,12,1,0,0,0,0,run_005
U000248,15957204,MODEL_A,BATCH_01,694319.0,49594.21428571428,12996.533799313696,32901.0,72459.0,14,1.9268292682926829,4.0,0.0,4.0,14.0,15.079917647058824,67.4335238095238,40.28572058823529,2.0303909523809525,0.07371076756418937,0.20105412062248143,0.15716308992892308,0.055498432841399624,15.2451,67.8062,40.5742,2.13971,152,12,2,0,0,0,0,run_005
U000249,16029232,MODEL_A,BATCH_01,743619.0,53115.642857142855,11044.011155422602,38643.0,72901.0,14,1.925,4.0,0.0,5.0,14.0,15.117991666666667,67.44249069767442,40.3185,2.0457058139534885,0.08182975838374978,0.1804427779155571,0.1388765124644393,0.060172542117787775,15.2762,67.8632,40.553,2.15437,158,12,1,0,0,0,0,run_005
U000250,16080296,MODEL_B,BATCH_01,698629.0,49902.07142857143,10312.410868346084,36860.0,70187.0,14,1.9,4.0,0.0,2.0,14.0,15.076676315789472,67.46362391304348,40.23069210526316,2.0511028260869564,0.10427138042266886,0.17304371468862018,0.165910179837844,0.04953038280413988,15.3226,67.7861,40.4326,2.17956,168,12,1,0,0,0,0,run_005
U000251,16139459,MODEL_A,BATCH_01,701252.0,50089.42857142857,9462.126632928901,35261.0,61989.0,14,1.875,4.0,0.0,3.0,14.0,15.105968571428571,67.45751904761904,40.22564857142857,2.053067857142857,0.11230273102181429,0.18935610823498644,0.12377876224616957,0.055476003185544125,15.3199,67.8153,40.5195,2.20356,154,12,1,0,0,0,0,run_005
U000252,16201708,MODEL_A,BATCH_02,716961.0,51211.5,9954.90144254423,36435.0,66201.0,14,1.9,4.0,0.0,4.0,14.0,15.111734210526317,67.51162666666667,40.24647105263158,2.0491984444444444,0.09851833490027155,0.16452958617607963,0.12168314393448823,0.04641791601387027,15.2919,67.7627,40.4794,2.15633,166,12,1,0,0,0,0,run_005
U000253,16257145,MODEL_A,BATCH_01,701214.0,50086.71428571428,9803.149975928625,35659.0,66657.0,14,1.925,4.0,0.0,5.0,14.0,15.141089473684211,67.51381304347827,40.24591315789474,2.0550734782608693,0.09046462288823252,0.22625959781601224,0.1275957090082809,0.05436126321880289,15.361,67.9136,40.4919,2.1873,168,12,1,0,0,0,0,run_005
U000254,16318153,MODEL_A,BATCH_01,713908.0,50993.42857142857,9582.7631049335,34010.0,62636.0,14,1.975,4.0,0.0,5.0,14.0,15.075238235294117,67.61471627906977,40.25990588235294,2.076057441860465,0.09422144777615048,0.20647479833560795,0.1168280812579327,0.04577237231245109,15.2914,68.0297,40.5431,2.19956,154,12,1,0,0,0,0,run_005
U000255,16377890,MODEL_B,BATCH_01,686502.0,49035.857142857145,7948.764576065532,39164.0,62331.0,14,1.95,4.0,0.0,2.0,14.0,15.09330625,67.591135,40.194978125,2.06496875,0.10287978872168886,0.173295197308686,0.13319466891970175,0.06152951683531388,15.285,68.0454,40.4092,2.20463,144,12,1,0,0,0,0,run_005
U000256,16436489,MODEL_A,BATCH_01,680659.0,48618.5,7706.391760190918,32952.0,58599.0,14,1.875,4.0,0.0,4.0,14.0,15.121708108108107,67.65893777777778,40.173251351351354,2.072146,0.10255167905440118,0.20882021224106673,0.16367445266887562,0.0442553907553543,15.3457,68.1743,40.4903,2.15553,164,12,1,0,0,0,0,run_005
U000257,16491648,MODEL_A,BATCH_01,701678.0,50119.857142857145,10519.811915963743,29128.0,68733.0,14,1.9,4.0,0.0,6.0,14.0,15.128019444444444,67.64769285714286,40.21685277777778,2.068614523809524,0.0988827756760343,0.1912477902220292,0.1680905784495148,0.05645635867759771,15.3496,68.0532,40.5339,2.20731,156,12,1,0,0,0,0,run_005
U000258,16538344,MODEL_A,BATCH_01,740368.0,52883.42857142857,12762.877573495874,35155.0,78667.0,14,2.025,4.0,0.0,5.0,14.0,15.105394444444446,67.66668666666666,40.25320833333333,2.0741853333333333,0.10047791212697854,0.23210763236050697,0.16977543213652274,0.03809349769138604,15.3061,68.1899,40.636,2.19283,162,12,1,0,0,0,0,run_005
U000259,16609523,MODEL_A,BATCH_02,704278.0,50305.57142857143,10329.432546140893,30589.0,71179.0,14,1.975,4.0,0.0,2.0,14.0,15.12783611111111,67.70486976744186,39.764725,2.125332093023256,0.11267116795037518,0.19754512870165766,0.7125520052699946,0.08116926064765133,15.4012,68.1489,40.5896,2.30982,158,12,1,0,0,0,0,run_005
U000260,16668524,MODEL_B,BATCH_01,709177.0,50655.5,10070.312635510532,35772.0,70031.0,14,1.925,4.0,0.0,3.0,14.0,15.107957142857144,67.71608095238096,40.207505714285716,2.0923045238095237,0.09776338267263772,0.20046463618315752,0.1526177326503303,0.04914255888402786,15.3334,68.1995,40.5056,2.18557,154,12,1,0,0,0,0,run_005
U000261,16741421,MODEL_A,BATCH_01,722866.0,51633.28571428572,10999.379558925979,34938.0,72897.0,14,1.9,4.0,0.0,4.0,14.0,15.114145714285714,67.72722558139534,40.16981142857143,2.0868802325581397,0.09143076565119101,0.20568369624605443,0.1629099079271743,0.055107964271374696,15.2903,68.1506,40.5244,2.21168,156,12,1,0,0,0,0,run_005
U000262,16814722,MODEL_A,BATCH_01,748513.0,53465.21428571428,11907.157544800662,40152.0,80850.0,14,1.975,4.0,0.0,5.0,14.0,15.113686486486488,67.82116888888889,40.18965405405405,2.088357777777778,0.10328474438862428,0.17479807288076146,0.15137616793676353,0.049218209485407956,15.3538,68.1753,40.6165,2.21538,164,12,1,0,0,0,0,run_005
U000263,16865236,MODEL_A,BATCH_01,681545.0,48681.78571428572,7317.166277676409,35482.0,63288.0,14,1.975,4.0,0.0,2.0,14.0,15.120177777777778,67.81645681818182,38.675647222222224,2.2774872727272726,0.11467068902136629,0.17837058027017583,0.136093046922445,0.04778421405986747,15.358,68.1471,38.9328,2.38145,160,12,1,0,0,0,1,run_005
U000264,16908187,MODEL_A,BATCH_01,695300.0,49664.28571428572,10035.317283923363,37035.0,72235.0,14,2.0,4.0,0.0,3.0,14.0,15.144097297297296,67.79059772727273,40.22552972972973,2.0994627272727273,0.10148464986961912,0.21121016920619512,0.14837438919628163,0.03866332444973252,15.3209,68.3175,40.5218,2.16775,162,12,2,0,0,0,0,run_005
U000265,16972139,MODEL_B,BATCH_01,733718.0,52408.42857142857,9271.898060718295,37478.0,64885.0,14,2.0,4.0,0.0,2.0,14.0,15.118212500000002,67.87162916666666,40.138985000000005,2.0968091666666666,0.09333635119892049,0.16295655857396296,0.15820959572505908,0.0496747224486923,15.3667,68.2068,40.4621,2.18745,176,12,1,0,0,0,0,run_005
U000266,17038556,MODEL_A,BATCH_02,709484.0,50677.42857142857,11456.80512395806,34484.0,66417.0,14,1.925,4.0,0.0,1.0,14.0,15.132694594594597,67.88823181818181,40.170945945945945,2.09912,0.10310541516640444,0.202778788593861,0.142601524447583,0.04772900804858943,15.3399,68.3561,40.466,2.1831,162,12,1,0,0,0,0,run_005
U000267,17091546,MODEL_A,BATCH_01,707856.0,50561.142857142855,8572.406626066999,37253.0,67678.0,14,1.95,4.0,0.0,4.0,14.0,15.108932352941178,67.95476190476191,40.12750294117647,2.102773095238095,0.11062692619953118,0.1879127119006165,0.1334940958524043,0.04940228332276663,15.3849,68.2911,40.3798,2.23901,152,12,1,0,0,0,0,run_005
U000268,17153895,MODEL_A,BATCH_01,688433.0,49173.78571428572,14413.719320246844,33381.0,91033.0,14,1.95,4.0,0.0,4.0,14.0,15.125826470588235,67.91832926829268,40.13395882352941,2.121448292682927,0.10418825708513678,0.18787132730130013,0.13476403197339293,0.0487962141924165,15.3514,68.3156,40.4785,2.24969,150,12,1,0,0,0,0,run_005
U000269,17213751,MODEL_A,BATCH_01,695151.0,49653.642857142855,10297.543393429349,34081.0,71017.0,14,1.95,4.0,0.0,4.0,14.0,15.130051428571427,67.91377073170732,40.15380285714286,2.111870487804878,0.09633868067893614,0.18535181850187066,0.1452566865641522,0.04880639291892083,15.3034,68.392,40.5197,2.20806,152,12,1,0,0,0,0,run_005
U000270,17261513,MODEL_B,BATCH_01,693201.0,49514.357142857145,9176.31628459618,35652.0,61617.0,14,1.95,4.0,0.0,4.0,14.0,15.12486111111111,67.96584318181819,40.07,2.1111795454545454,0.09554225774950548,0.20140237798846441,0.1654778310573003,0.04578392111152913,15.3427,68.3955,40.4016,2.20649,160,12,1,0,0,0,0,run_005
U000271,17330268,MODEL_A,BATCH_01,725442.0,51817.28571428572,10581.797516552597,34219.0,68755.0,14,1.925,4.0,0.0,4.0,14.0,15.131118918918919,67.98910869565216,40.12215675675676,2.1276604347826087,0.09722787619767231,0.20513865969261547,0.15219211459449838,0.04855851425315064,15.3632,68.4245,40.3747,2.26505,166,12,1,0,0,0,0,run_005
U000272,17409006,MODEL_A,BATCH_01,752768.0,53769.142857142855,13828.682505002991,37653.0,78738.0,14,1.95,4.0,0.0,5.0,14.0,15.1479,68.0564659090909,40.11164054054054,2.1146849999999997,0.11184540173332504,0.203528611717193,0.12566153495149643,0.04817133474066992,15.3988,68.4803,40.3679,2.20585,162,12,1,0,0,0,0,run_005
U000273,17467876,MODEL_A,BATCH_02,728259.0,52018.5,8842.897817327323,37700.0,69117.0,14,1.975,4.0,0.0,5.0,14.0,15.179931578947368,68.07670444444445,40.06632105263158,2.1182104444444443,0.0880865946952605,0.20732722045943294,0.11167242674966374,0.05357443326623239,15.345,68.4674,40.346,2.24838,166,12,1,0,0,0,0,run_005
U000274,17518544,MODEL_A,BATCH_01,693781.0,49555.78571428572,8770.22288269163,36884.0,67402.0,14,1.975,4.0,0.0,4.0,14.0,15.14576756756757,68.14567555555556,40.031372972972974,2.127539111111111,0.09860378360459153,0.22341240316707672,0.15646513571302015,0.04598332241259881,15.4147,68.6618,40.4001,2.21787,164,12,1,0,0,0,0,run_005
U000275,17598394,MODEL_B,BATCH_01,766388.0,54742.0,15068.437671044525,32881.0,79850.0,14,2.0,4.0,0.0,4.0,14.0,15.130615789473683,68.10478260869566,40.08874210526316,2.1267628260869564,0.09084928275108677,0.21385379980449698,0.14798177322312003,0.04822345241629694,15.3904,68.6515,40.4278,2.2636,168,12,1,0,0,0,0,run_005
U000276,17654162,MODEL_A,BATCH_01,672763.0,48054.5,9273.244646251429,34811.0,70286.0,14,2.025,4.0,0.0,2.0,14.0,15.171435294117646,68.17592926829268,40.04477352941177,2.1300636585365855,0.10431566279546094,0.21834803324498372,0.1776465495043521,0.05545023308139006,15.4352,68.6543,40.3202,2.23147,150,12,1,0,0,0,0,run_005
U000277,17716979,MODEL_A,BATCH_01,672663.0,48047.357142857145,9616.072159968138,34578.0,65929.0,14,2.025,4.0,0.0,3.0,14.0,15.16858888888889,68.16794318181817,40.064480555555555,2.1482252272727274,0.10609505381705799,0.2017232508969445,0.12994391717626178,0.04297499248419845,15.4279,68.6339,40.3467,2.22737,160,12,1,0,0,0,0,run_005
U000278,17802095,MODEL_A,BATCH_01,689970.0,49283.57142857143,12763.538614194887,33817.0,85116.0,14,2.0,4.0,0.0,3.0,14.0,15.174815151515151,68.176355,40.101254545454545,2.14842325,0.10251207282928959,0.1565602332683056,0.1397979012067709,0.04670360598758493,15.3194,68.5977,40.4248,2.23568,146,12,1,0,0,0,0,run_005
U000279,17868714,MODEL_A,BATCH_01,747192.0,53370.857142857145,10672.84988151743,37413.0,70212.0,14,1.925,4.0,0.0,4.0,14.0,15.176082051282052,68.25888936170213,40.08478717948718,2.146333829787234,0.09258607054432853,0.16968627603807804,0.12038408528208262,0.045404900116387294,15.374,68.6682,40.3149,2.26201,172,12,1,0,0,0,0,run_005
U000280,17928342,MODEL_B,BATCH_02,725729.0,51837.78571428572,14322.697888201907,34786.0,88615.0,14,2.0,4.0,0.0,6.0,14.0,15.179562857142859,68.30041219512195,40.023531428571424,2.1567221951219513,0.104732174071363,0.22769848615561913,0.1524576291599575,0.05256669080854317,15.3473,68.7576,40.3801,2.28441,152,12,1,0,0,0,0,run_005
U000281,18004068,MODEL_A,BATCH_01,740871.0,52919.357142857145,11373.998238946602,34772.0,75726.0,14,2.05,4.0,0.0,5.0,14.0,15.186768421052633,68.26615777777778,40.003415789473685,2.164540888888889,0.10810524177921361,0.2015809542871367,0.11511686782339293,0.03827045399772413,15.4064,68.7312,40.2466,2.26234,166,12,1,0,0,0,0,run_005
U000282,18053476,MODEL_A,BATCH_01,682157.0,48725.5,7640.8777058257265,37983.0,61840.0,14,2.05,4.0,0.0,4.0,14.0,15.200276470588236,68.26971463414634,40.04236176470588,2.1533582926829267,0.08661004581254224,0.1910831985824179,0.1600642863554765,0.048057801286702596,15.4503,68.7685,40.4101,2.2686,150,12,1,0,0,0,0,run_005
U000283,18122941,MODEL_A,BATCH_01,732059.0,52289.92857142857,10993.953047466142,35714.0,69465.0,14,2.0,4.0,0.0,3.0,14.0,15.184147368421053,68.31695652173913,40.03757631578947,2.1549291304347826,0.10765597794587257,0.2117846082458679,0.15346521471200042,0.05122849098027322,15.3821,68.8111,40.4008,2.24447,168,12,1,0,0,0,0,run_005
U000284,18182655,MODEL_A,BATCH_01,688374.0,49169.57142857143,11267.571608649487,35660.0,69786.0,14,2.05,4.0,0.0,5.0,14.0,15.192459999999999,68.39694146341463,39.96495142857143,2.164329512195122,0.0903766016048795,0.21500151043145044,0.15932825969091044,0.04951526794591851,15.3557,68.8105,40.3321,2.28012,152,12,1,0,0,0,0,run_005
U000285,18239226,MODEL_B,BATCH_01,682387.0,48741.92857142857,8784.655472113649,34837.0,63220.0,14,2.025,4.0,0.0,4.0,14.0,15.154951351351352,68.38764888888889,40.03962162162162,2.182109777777778,0.08746845025373311,0.17692959516842616,0.14093245650770972,0.043955460074990085,15.3898,68.7595,40.331,2.30803,164,12,1,0,0,0,0,run_005
U000286,18295498,MODEL_A,BATCH_01,703171.0,50226.5,10412.704449927427,33572.0,63701.0,14,2.048780487804878,4.0,0.0,6.0,14.0,15.189811111111112,68.4074488372093,40.01586944444445,2.171485581395349,0.09085731601261304,0.16956529206304183,0.13269440039739863,0.05073873641379154,15.3736,68.7653,40.2643,2.29324,158,12,2,0,0,0,0,run_005
U000287,18340130,MODEL_A,BATCH_02,680657.0,48618.357142857145,9809.707198697413,36503.0,70577.0,14,2.024390243902439,4.0,0.0,5.0,14.0,15.163202777777778,68.46854186046512,39.99478611111111,2.180589069767442,0.11523673146084028,0.19852326387911723,0.14796424307973496,0.050254048726443734,15.3522,68.9571,40.3048,2.26976,158,12,2,0,0,0,0,run_005
U000288,18386585,MODEL_A,BATCH_01,684657.0,48904.07142857143,6816.725284906976,40274.0,63253.0,14,2.0,4.0,0.0,5.0,14.0,15.188400000000001,68.45227674418605,40.034219444444446,2.181346511627907,0.1125479326458606,0.2310627773254223,0.18435113362345704,0.05575798426207758,15.3658,69.0465,40.4998,2.28358,158,12,1,0,0,0,0,run_005
U000289,18446991,MODEL_A,BATCH_01,701159.0,50082.78571428572,9386.596771490158,35206.0,68151.0,14,1.95,4.0,0.0,5.0,14.0,15.190064705882355,68.48905121951219,40.0025,2.198431463414634,0.10135135370776127,0.17301531308232126,0.16550344865032796,0.04802065417926833,15.4746,68.8312,40.2561,2.30837,150,12,1,0,0,0,0,run_005
U000290,18505157,MODEL_B,BATCH_01,674070.0,48147.857142857145,9429.57953102195,30205.0,62268.0,14,1.975,4.0,0.0,5.0,14.0,15.174657575757577,68.4799625,39.989851515151514,2.180046,0.0930956766930633,0.1784173322721992,0.148698430391037,0.049615090487699035,15.3767,68.9168,40.3358,2.28416,146,12,1,0,0,0,0,run_005
U000291,18567105,MODEL_A,BATCH_01,680314.0,48593.857142857145,7888.316061474355,37830.0,61948.0,14,1.95,4.0,0.0,4.0,14.0,15.193502777777777,68.51248181818181,39.97859444444444,2.1947336363636363,0.08335874103145512,0.13905220915553848,0.1302509620352611,0.05161893343333373,15.4158,68.8463,40.2332,2.28549,160,12,1,0,0,0,0,run_005
U000292,18642733,MODEL_A,BATCH_01,737237.0,52659.78571428572,10853.276450905516,36921.0,75628.0,14,1.925,4.0,0.0,5.0,14.0,15.204582857142857,68.5754,39.95948,2.193529285714286,0.11378591219973601,0.2147452977991114,0.12561709044459038,0.043131927192971486,15.436,69.066,40.3101,2.28445,154,12,1,0,0,0,1,run_005
U000293,18714057,MODEL_A,BATCH_01,759774.0,54269.57142857143,11965.646349923121,40053.0,76688.0,14,1.925,4.0,0.0,5.0,14.0,15.218944444444443,68.56860444444445,39.93247222222222,2.2053784444444444,0.09150580760474615,0.223000121234737,0.1542891323107568,0.05052614404064644,15.4285,69.0682,40.3349,2.34043,162,12,1,0,0,0,0,run_005
U000294,18766698,MODEL_A,BATCH_02,742932.0,53066.57142857143,10592.828980126025,35405.0,73139.0,14,1.925,4.0,0.0,5.0,14.0,15.174263157894735,68.58892978723405,39.931468421052635,2.187940638297872,0.09923049177478827,0.18218373539165988,0.1304532475127725,0.04097998405394981,15.3571,68.9513,40.2052,2.24392,170,12,1,0,0,0,1,run_005
U000295,18829441,MODEL_B,BATCH_01,729632.0,52116.57142857143,12911.767135889204,35187.0,77504.0,14,1.925,4.0,0.0,5.0,14.0,15.199274285714287,68.64013863636363,39.41202857142857,2.26386,0.1135181828992146,0.18944892447344538,0.7749785555178953,0.10198048518289883,15.4188,68.9624,40.3064,2.45491,158,12,1,0,0,0,1,run_005
U000296,18911018,MODEL_A,BATCH_01,732899.0,52349.92857142857,13948.621053788715,34902.0,81577.0,14,2.0,4.0,0.0,5.0,14.0,15.19848947368421,68.679,39.93718684210526,2.212101914893617,0.09347948984315849,0.19503309975488767,0.15127749010140346,0.04663240544468861,15.4479,69.2873,40.2608,2.30765,170,12,1,0,0,0,0,run_005
U000297,18981184,MODEL_A,BATCH_01,701056.0,50075.42857142857,10285.60708140103,33962.0,70166.0,14,2.05,4.0,0.0,2.0,14.0,15.21202894736842,68.68008043478261,39.000855263157895,2.3250286956521737,0.11390880398761555,0.1698538647969876,0.7626187495293543,0.10689486019467276,15.3785,69.0441,40.1972,2.51365,168,12,1,0,0,0,1,run_005
U000298,19044802,MODEL_A,BATCH_01,678885.0,48491.78571428572,8789.424923680217,37646.0,63618.0,14,2.025,4.0,0.0,3.0,14.0,15.222225,68.69315384615385,39.921275,2.214583076923077,0.12028183033890617,0.18404417496916264,0.16423105478209388,0.05403008232037553,15.5234,69.0702,40.3892,2.3235,142,12,1,0,0,0,0,run_005
U000299,19088335,MODEL_A,BATCH_01,705756.0,50411.142857142855,10286.348360492493,35745.0,66857.0,14,1.975609756097561,4.0,0.0,4.0,14.0,15.203386486486487,68.71332826086956,39.8869,2.227316304347826,0.10929228437279259,0.21132226118528866,0.1442383386389815,0.04783009607436616,15.4239,69.2101,40.1806,2.3345,166,12,2,0,0,0,0,run_005
U000300,19145149,MODEL_B,BATCH_01,706505.0,50464.642857142855,9941.106064503803,35771.0,63522.0,14,1.975609756097561,4.0,0.0,5.0,14.0,15.200825714285715,68.80393023255814,39.95464571428571,2.234813720930233,0.1299496697659094,0.22035336181740206,0.14772307626266118,0.05227636231848582,15.5005,69.1924,40.1935,2.35312,156,12,2,0,0,0,0,run_005
U000301,19227691,MODEL_A,BATCH_02,711477.0,50819.78571428572,12916.510425263243,32243.0,83666.0,14,1.975,4.0,0.0,4.0,14.0,15.231044117647059,68.79471428571429,39.89945,2.2202835714285714,0.12002522762894338,0.19868034698667614,0.15892385302592144,0.05081417143515294,15.3881,69.1699,40.2146,2.37136,152,12,1,0,0,0,0,run_005
U000302,19288299,MODEL_A,BATCH_01,684689.0,48906.357142857145,7562.982384942136,34689.0,62270.0,14,1.951219512195122,4.0,0.0,5.0,14.0,15.22145,68.79377555555556,39.85713888888889,2.2353446666666668,0.08022685870170232,0.19590860015875183,0.1538990806206225,0.0499305056872232,15.3757,69.2311,40.2645,2.35711,162,12,2,1,0,1,0,run_005
U000303,19334183,MODEL_A,BATCH_01,743799.0,53128.5,10683.447525890766,40793.0,72544.0,14,2.024390243902439,4.0,0.0,6.0,14.0,15.19375,68.87507826086957,39.22738684210526,2.3313771739130433,0.10567022580472649,0.1570941075534622,0.759232145949982,0.1112632362096112,15.4253,69.1224,40.3245,2.51783,168,12,2,2,1,1,0,run_005
U000304,19377508,MODEL_A,BATCH_01,687847.0,49131.92857142857,10499.397319438322,33833.0,64212.0,14,2.0,4.0,0.0,3.0,14.0,15.23383611111111,68.86107674418605,39.87588888888889,2.243129534883721,0.09452410471946208,0.18737009320391515,0.15980395092161725,0.041307004822397485,15.401,69.3678,40.1597,2.33006,158,12,2,0,0,0,0,run_005
U000305,19425344,MODEL_B,BATCH_01,656998.0,46928.42857142857,8411.989856190945,35686.0,61963.0,14,1.951219512195122,4.0,0.0,3.0,14.0,15.258533333333334,68.9198025,39.88259393939394,2.2268635,0.12742396425581265,0.17406566913977392,0.14745519857611467,0.05658745043214317,15.4805,69.3641,40.1602,2.3932,146,12,2,0,0,0,0,run_005
U000306,19499879,MODEL_A,BATCH_01,750694.0,53621.0,13255.491042176853,34813.0,85522.0,14,1.975,4.0,0.0,4.0,14.0,15.207077142857143,68.94051666666667,39.85060571428571,2.2309457142857143,0.11371297480347382,0.1729185045842156,0.11653656064251508,0.050674154192604785,15.4296,69.3296,40.0646,2.38975,154,12,1,0,0,0,0,run_005
U000307,19542994,MODEL_A,BATCH_01,690640.0,49331.42857142857,8569.79639569904,36648.0,64759.0,14,1.95,4.0,0.0,3.0,14.0,15.240289743589743,68.92768510638298,39.84279230769231,2.260907659574468,0.10798345096129984,0.23838954691367145,0.146641902506925,0.04262527802856003,15.4565,69.518,40.1755,2.35475,172,12,1,0,0,0,0,run_005
U000308,19591598,MODEL_A,BATCH_02,719134.0,51366.71428571428,9731.387460793447,37407.0,68365.0,14,1.925,4.0,0.0,4.0,14.0,15.239389189189188,68.98831333333334,39.34285945945946,2.3031515555555555,0.1025872224656328,0.20733872659359873,0.7199473755689285,0.0989952373499846,15.451,69.3857,40.0504,2.50406,164,12,1,0,0,0,1,run_005
U000309,19642507,MODEL_A,BATCH_01,718546.0,51324.71428571428,10763.104030605036,39966.0,75579.0,14,1.951219512195122,4.0,0.0,5.0,14.0,15.221035294117648,68.99257750000001,39.876638235294116,2.25226125,0.11336534899580694,0.24862393853791104,0.1501831407531758,0.04265810430035549,15.4599,69.5187,40.087,2.33337,148,12,2,0,0,0,0,run_005
U000310,19703685,MODEL_B,BATCH_01,707038.0,50502.71428571428,9496.712147074672,33658.0,62238.0,14,1.9,4.0,0.0,3.0,14.0,15.256448648648648,69.05350444444444,39.82295405405405,2.245407333333333,0.09755441963227388,0.17691318229772487,0.15216765533558865,0.038550706183839586,15.3877,69.3816,40.1568,2.31174,164,12,1,0,0,0,0,run_005
U000311,19764557,MODEL_A,BATCH_01,686245.0,49017.5,8679.763704245552,34436.0,61943.0,14,1.9,4.0,0.0,4.0,14.0,15.214434375,69.08721,39.853571875,2.2606825,0.11120448937727855,0.2083489415281419,0.16336593049954917,0.05227465516937363,15.399,69.7114,40.2014,2.39653,144,12,1,0,0,0,0,run_005
U000312,19807751,MODEL_A,BATCH_01,689814.0,49272.42857142857,7516.401243171605,37306.0,60970.0,14,1.9268292682926829,4.0,0.0,4.0,14.0,15.278423684210527,69.11553111111111,39.820473684210526,2.2612044444444446,0.07894921198179418,0.20353635013992913,0.1574416591805329,0.0459509327017593,15.4101,69.5556,40.1488,2.34868,166,12,2,0,0,0,0,run_005
U000313,19858772,MODEL_A,BATCH_01,686457.0,49032.642857142855,7087.32152516724,36169.0,57978.0,14,1.85,4.0,0.0,3.0,14.0,15.236461111111112,69.11906976744186,39.82653611111111,2.2676502325581396,0.09258948807282216,0.14810904048623838,0.15040944528239886,0.04785976695306572,15.3878,69.4375,40.1325,2.41964,158,12,1,0,0,0,0,run_005
U000314,19909840,MODEL_A,BATCH_01,712990.0,50927.857142857145,8498.593583711301,39657.0,68165.0,14,1.875,4.0,0.0,5.0,14.0,15.270545454545454,69.13832142857143,39.76971212121212,2.2846257142857143,0.1115565610209375,0.16649821288972277,0.17821294628473192,0.04485948936471212,15.479,69.476,40.0927,2.38688,150,12,1,0,0,0,0,run_005
U000315,19966635,MODEL_B,BATCH_02,724984.0,51784.57142857143,9503.930569176959,38203.0,68149.0,14,1.825,4.0,0.0,4.0,14.0,15.261207894736842,69.17243404255319,38.31212631578947,2.4659472340425532,0.08629663292914493,0.21404841211500444,0.15761845427043225,0.05732858421651558,15.4397,69.5569,38.6491,2.58552,170,12,1,0,0,0,1,run_005
U000316,20030162,MODEL_A,BATCH_01,736048.0,52574.857142857145,16056.504135550338,36758.0,96098.0,14,1.875,4.0,0.0,6.0,14.0,15.251232432432433,69.20300869565217,39.77624054054054,2.276516086956522,0.10372611653895225,0.17201425629042957,0.13921833463915492,0.057915489253384876,15.4471,69.5569,40.0709,2.40588,166,12,1,0,0,0,0,run_005
U000317,20084571,MODEL_A,BATCH_01,698045.0,49860.357142857145,9796.812068667603,34047.0,63273.0,14,1.875,4.0,0.0,5.0,14.0,15.248357894736841,69.23843111111111,39.81797105263158,2.280648222222222,0.11560892519454234,0.20044149885850943,0.13374992782598663,0.04255403299383514,15.4452,69.661,40.0885,2.39015,166,12,1,0,0,0,0,run_005
U000318,20138237,MODEL_A,BATCH_01,669308.0,47807.71428571428,9083.91739816602,36300.0,62980.0,14,1.853658536585366,4.0,0.0,5.0,14.0,15.289499999999999,69.28517894736842,39.76107096774194,2.2747105263157894,0.11122422997410858,0.17124457325454776,0.12622362217786023,0.044418571837012394,15.5403,69.7464,39.9911,2.37048,138,12,2,0,0,0,0,run_005
U000319,20186904,MODEL_A,BATCH_01,691646.0,49403.28571428572,7490.942227153369,34828.0,64582.0,14,1.9024390243902438,4.0,0.0,5.0,14.0,15.260842857142856,69.23978571428572,39.78959142857143,2.3173892857142855,0.10326038841262437,0.20282959394818317,0.19047843072491963,0.051322763427341093,15.4549,69.6755,40.2576,2.4189,154,12,2,0,0,0,0,run_005
U000320,20250222,MODEL_B,BATCH_01,673708.0,48122.0,9276.55602539583,33905.0,64040.0,14,1.825,4.0,0.0,3.0,14.0,15.276630555555556,69.26637209302326,39.799033333333334,2.3099697674418604,0.10407967777331383,0.1942356464336916,0.15329318314915252,0.042522247537717384,15.4954,69.7643,40.0294,2.38917,158,12,1,0,0,0,0,run_005
U000321,20308135,MODEL_A,BATCH_01,699372.0,49955.142857142855,7935.628295198839,35943.0,61679.0,14,1.7804878048780488,4.0,0.0,5.0,14.0,15.280526470588237,69.33124285714287,39.74608235294118,2.300497380952381,0.13044056886317107,0.2287344163881287,0.12012149019395807,0.043466610401577815,15.6462,69.7671,39.9348,2.38243,152,12,2,0,0,0,1,run_005
U000322,20365793,MODEL_A,BATCH_02,685897.0,48992.642857142855,12353.70538998876,32952.0,77040.0,14,1.8,4.0,0.0,5.0,14.0,15.254551515151515,69.3567025,39.76142424242424,2.3158695000000002,0.10442346515873482,0.17161617054808553,0.16301045984518736,0.040646131424080016,15.508,69.6823,40.1657,2.44906,146,12,1,0,0,0,0,run_005
U000323,20415913,MODEL_A,BATCH_01,679189.0,48513.5,10586.457857165375,32924.0,72181.0,14,1.8,4.0,0.0,4.0,14.0,15.259708333333334,69.36434186046512,39.76307777777778,2.3095416279069765,0.10815569828459594,0.17294802031185372,0.1559472348696577,0.03961254869297721,15.4924,69.8529,40.0577,2.40488,158,12,1,0,0,0,0,run_005
U000324,20483140,MODEL_A,BATCH_01,713238.0,50945.57142857143,11301.071172608004,32769.0,67227.0,14,1.775,4.0,0.0,5.0,14.0,15.26406,69.40748571428571,39.77041142857143,2.3187530952380953,0.07835121231090313,0.20524933269423326,0.16932106079945344,0.04899245036354941,15.4,69.8177,40.048,2.4321,154,12,1,0,0,0,0,run_005
U000325,20536452,MODEL_B,BATCH_01,680003.0,48571.642857142855,8448.061166801645,35027.0,60275.0,14,1.8048780487804879,4.0,0.0,5.0,14.0,15.302358333333334,69.38193720930232,39.46635555555556,2.3379716279069767,0.11753275136257635,0.2294122116806702,0.60884280281505,0.08748562526632132,15.5724,69.8755,40.0559,2.55345,158,12,2,1,0,1,0,run_005
U000326,20594027,MODEL_A,BATCH_01,710192.0,50728.0,12497.467971245524,32783.0,75860.0,14,1.75,4.0,0.0,2.0,14.0,15.255320512820512,69.47411739130435,39.712087179487185,2.323178043478261,0.09049258818002492,0.20244274944272944,0.15603316142053889,0.04568840784753304,15.496,69.967,40.151,2.39617,170,12,1,0,0,0,0,run_005
U000327,20670874,MODEL_A,BATCH_01,734568.0,52469.142857142855,11559.75437493337,38775.0,76847.0,14,1.8,4.0,0.0,3.0,14.0,15.265178947368423,69.43706956521739,39.737986842105265,2.312395,0.10380374194654733,0.19251523561014092,0.15318372147487874,0.0493556982976074,15.4522,69.8096,40.0222,2.39994,168,12,1,0,0,0,0,run_005
U000328,20735541,MODEL_A,BATCH_01,692209.0,49443.5,8848.265190680904,36386.0,64667.0,14,1.9,4.0,0.0,3.0,14.0,15.300460000000001,69.45274047619048,39.69889428571428,2.339905714285714,0.12073988132003657,0.19169064898185598,0.1711752162909953,0.045658645330099216,15.5639,69.7941,40.1113,2.4113,154,12,1,0,0,0,0,run_005
U000329,20801008,MODEL_A,BATCH_02,678763.0,48483.07142857143,8357.049087808682,38082.0,65467.0,14,1.875,4.0,0.0,2.0,14.0,15.27459375,69.53845641025642,39.71993125,2.3219776923076925,0.09419904094265588,0.2304394483714174,0.14734036618681354,0.054019725269743885,15.5378,69.9455,39.976,2.40567,142,12,1,0,0,0,0,run_005
U000330,20862658,MODEL_B,BATCH_01,723229.0,51659.21428571428,9532.419510270214,40053.0,66433.0,14,1.9,4.0,0.0,4.0,14.0,15.273822857142857,69.55598604651163,39.67271142857143,2.3378397674418605,0.09970069645669265,0.2186359548497117,0.17208287294110503,0.04661127492296933,15.4318,70.0396,39.9543,2.44068,156,12,1,0,0,0,0,run_005
U000331,20919531,MODEL_A,BATCH_01,693067.0,49504.78571428572,8739.785265612136,35526.0,64285.0,14,1.875,4.0,0.0,3.0,14.0,15.302794594594594,69.53765555555556,39.70161081081081,2.354662888888889,0.09981168364571454,0.20737148764690258,0.1453045609588203,0.053103983784056806,15.5315,70.0173,40.0536,2.47137,164,12,1,0,0,0,0,run_005
U000332,20973645,MODEL_A,BATCH_01,719148.0,51367.71428571428,12088.34112452396,32628.0,77017.0,14,1.9,4.0,0.0,5.0,14.0,15.294617647058825,69.61464634146341,39.70494705882353,2.3514021951219513,0.09849893237565753,0.20619648650930147,0.14149501808403833,0.05440660141527837,15.4576,70.0336,39.9556,2.47679,150,12,1,0,0,0,0,run_005
U000333,21027115,MODEL_A,BATCH_01,698633.0,49902.357142857145,9045.913787299367,35093.0,66629.0,14,1.8780487804878048,4.0,0.0,4.0,14.0,15.286497142857144,69.71985952380953,39.69179714285714,2.3560804761904763,0.08610097179787074,0.2125323207093659,0.15801846408441067,0.05272436452345209,15.4088,70.1124,39.9682,2.45155,154,12,2,0,0,0,0,run_005
U000334,21100920,MODEL_A,BATCH_01,718307.0,51307.642857142855,12275.581481493706,36719.0,74632.0,14,1.85,4.0,0.0,4.0,14.0,15.317275675675676,69.66516279069766,39.655591891891895,2.3449641860465116,0.0829164318435716,0.20597047410138736,0.1371053556340664,0.048099098458661234,15.5198,70.0276,39.9067,2.44703,160,12,1,0,0,0,0,run_005
U000335,21156733,MODEL_B,BATCH_01,722621.0,51615.78571428572,9290.373704320727,37588.0,76457.0,14,1.85,4.0,0.0,5.0,14.0,15.261378947368422,69.67825,39.61405,2.347782391304348,0.09432864675623213,0.22273909076665258,0.11147061605303482,0.04463731877575002,15.5029,70.3911,39.8095,2.43099,168,12,1,0,0,0,0,run_005
U000336,21210257,MODEL_A,BATCH_02,713469.0,50962.07142857143,9295.520571049972,35103.0,64166.0,14,1.875,4.0,0.0,5.0,14.0,15.286811111111112,69.71273953488372,39.67563888888889,2.3599846511627907,0.10467114700753502,0.19862063161852084,0.17233770382226393,0.05235193307700503,15.5012,70.0699,39.9462,2.48639,158,12,1,0,0,0,0,run_005
U000337,21259364,MODEL_A,BATCH_01,690548.0,49324.857142857145,8256.28965704928,35947.0,62204.0,14,1.829268292682927,4.0,0.0,4.0,14.0,15.309550000000002,69.73894878048782,39.64634411764706,2.3482443902439023,0.11593163672587155,0.23046256216786384,0.14656230693064956,0.046625342950416045,15.5095,70.1623,39.9271,2.46924,150,12,2,0,0,0,0,run_005
U000338,21315812,MODEL_A,BATCH_01,714529.0,51037.78571428572,10889.716060284876,34062.0,70778.0,14,1.8,4.0,0.0,6.0,14.0,15.33053783783784,69.78048222222222,39.653686486486485,2.3660004444444445,0.11371296552517003,0.22305184302481676,0.14689132256755505,0.05434579083623823,15.5929,70.2247,39.9218,2.51093,164,12,1,0,0,0,0,run_005
U000339,21383070,MODEL_A,BATCH_01,717755.0,51268.21428571428,8951.482629053233,35407.0,67258.0,14,1.775,4.0,0.0,6.0,14.0,15.333742857142859,69.77122272727273,39.61232,2.3758929545454546,0.0995864575181203,0.21278757598768497,0.16651052395640206,0.05063122474298475,15.5452,70.3456,39.8895,2.49229,158,12,1,0,0,0,0,run_005
U000340,21427940,MODEL_B,BATCH_01,732943.0,52353.07142857143,9370.807833695233,34376.0,62735.0,14,1.829268292682927,4.0,0.0,6.0,14.0,15.309276315789475,69.88587173913044,39.661881578947366,2.3716928260869565,0.09449606722607529,0.1905964715343698,0.1313928087531197,0.054418662757184634,15.4683,70.2793,39.9441,2.4786,168,12,2,0,0,0,0,run_005
U000341,21497495,MODEL_A,BATCH_01,717471.0,51247.92857142857,11335.860277247366,32760.0,71542.0,14,1.825,4.0,0.0,3.0,14.0,15.327741666666668,69.82664444444444,39.61665555555555,2.364453777777778,0.1330085354403996,0.21111356331643547,0.14263524998990537,0.051358416247923186,15.6056,70.1962,39.9627,2.47704,162,12,1,0,0,0,0,run_005
U000342,21559426,MODEL_A,BATCH_01,703926.0,50280.42857142857,9395.390078398807,38086.0,67050.0,14,1.875,4.0,0.0,5.0,14.0,15.335155882352941,69.86355813953487,39.64353235294118,2.3816495348837208,0.10972091922630124,0.1895124348634789,0.16065253625890036,0.039788969454544874,15.5598,70.2029,39.9824,2.47377,154,12,1,0,0,0,0,run_005
U000343,21662489,MODEL_A,BATCH_02,761548.0,54396.28571428572,16330.026795533959,37863.0,103063.0,14,1.775,4.0,0.0,3.0,14.0,15.304281081081083,69.91523695652174,39.61355945945946,2.3904015217391303,0.07844788021297933,0.18748757393929477,0.14612616782056004,0.04744001391078083,15.4687,70.3674,39.8862,2.4847,166,12,1,0,0,0,0,run_005
U000344,21732413,MODEL_A,BATCH_01,715580.0,51112.857142857145,11228.461527997248,35366.0,72132.0,14,1.825,4.0,0.0,6.0,14.0,15.3359,69.96153720930234,39.58480588235294,2.3944041860465117,0.10383712479093629,0.2054685006831423,0.1696897810197518,0.04543500953651945,15.5816,70.3041,39.8553,2.50169,154,12,1,0,0,0,0,run_005
U000345,21790241,MODEL_B,BATCH_01,702349.0,50167.78571428572,12470.888656131381,29369.0,73559.0,14,1.825,4.0,0.0,6.0,14.0,15.32105128205128,69.96423617021277,39.577910256410256,2.3925708510638297,0.10299998689778868,0.1976114219827783,0.14675851054829422,0.05192925780955516,15.5756,70.4171,39.8973,2.48232,172,12,1,0,0,0,0,run_005
U000346,21867524,MODEL_A,BATCH_01,714148.0,51010.57142857143,11585.922118703342,32002.0,77283.0,14,1.825,4.0,0.0,6.0,14.0,15.342992105263157,69.96213777777777,39.61113947368421,2.3814666666666664,0.11727215374545145,0.19451392949523352,0.1424665926501273,0.04741296821066422,15.6179,70.3749,39.9689,2.47866,166,12,1,0,0,0,0,run_005
U000347,21926315,MODEL_A,BATCH_01,675158.0,48225.57142857143,7633.709761660754,36525.0,59121.0,14,1.85,4.0,0.0,6.0,14.0,15.315278787878787,70.00933170731707,39.57898787878788,2.379478048780488,0.09093926461372373,0.21045855938762065,0.1823131539370778,0.04494775713089105,15.5056,70.4565,39.9494,2.49665,148,12,1,0,0,0,0,run_005
U000348,21986941,MODEL_A,BATCH_01,708005.0,50571.78571428572,11966.385098899535,30964.0,71841.0,14,1.875,4.0,0.0,6.0,14.0,15.324782857142857,69.97762093023256,39.14507714285715,2.4368788372093024,0.11809635768083188,0.19776162004043982,0.7124098316879911,0.10075901359205677,15.5911,70.4222,39.952,2.64878,156,12,1,0,0,0,1,run_005
U000349,22035117,MODEL_A,BATCH_01,700471.0,50033.642857142855,9947.534991197512,34974.0,74471.0,14,1.8780487804878048,4.0,0.0,5.0,14.0,15.331255882352941,70.09003658536585,39.562532352941176,2.418870487804878,0.09180002043697066,0.17323437268062386,0.15087758377308746,0.05260246614709328,15.5076,70.4012,39.8889,2.5266,150,12,2,0,0,0,0,run_005
U000350,22083176,MODEL_B,BATCH_02,689834.0,49273.857142857145,7760.168573279467,38874.0,68159.0,14,1.853658536585366,4.0,0.0,4.0,14.0,15.317367567567569,70.08427999999999,39.5622945945946,2.4075,0.09193376557202587,0.17573702279775252,0.15384327332629077,0.05613092491504287,15.5009,70.48,39.8837,2.56061,164,12,2,0,0,0,0,run_005
U000351,22141535,MODEL_A,BATCH_01,711600.0,50828.57142857143,9962.02561819545,36396.0,68256.0,14,1.9024390243902438,4.0,0.0,5.0,14.0,15.330597142857144,70.10191162790697,39.562311428571434,2.4014337209302328,0.10325305432233294,0.16512828665025278,0.15237244766270058,0.04519048040415555,15.4933,70.503,39.8919,2.50776,156,12,2,0,0,0,0,run_005
U000352,22192733,MODEL_A,BATCH_01,680776.0,48626.857142857145,6326.869864768382,36411.0,56296.0,14,1.8780487804878048,4.0,0.0,2.0,14.0,15.348140540540541,70.13641111111112,39.527654054054054,2.4081528888888886,0.1239185921380544,0.183417287802013,0.17676435757275405,0.04857419248485306,15.5456,70.5365,39.811,2.51756,164,12,2,0,0,0,0,run_005
U000353,22249328,MODEL_A,BATCH_01,725053.0,51789.5,10422.65668000394,37640.0,65819.0,14,1.775,4.0,0.0,2.0,14.0,15.364935135135136,70.18452093023257,39.48568918918919,2.4089302325581397,0.10704550749880007,0.2142255226425966,0.14202507365443057,0.05428699210537835,15.528,70.67,39.8093,2.49888,160,12,1,0,0,0,0,run_005
U000354,22299651,MODEL_A,BATCH_01,682240.0,48731.42857142857,8845.051634534555,35449.0,61307.0,14,1.8,4.0,0.0,5.0,14.0,15.34382285714286,70.24783414634146,39.56843714285714,2.41437756097561,0.11358832294405824,0.21680812093848956,0.16980421786092678,0.046097619340942565,15.5478,70.6129,39.958,2.5144,152,12,1,0,0,0,0,run_005
U000355,22355814,MODEL_B,BATCH_01,712066.0,50861.857142857145,8681.426839985575,37779.0,68345.0,14,1.825,4.0,0.0,6.0,14.0,15.35088918918919,70.23731304347827,38.989562162162166,2.508496304347826,0.11159191722965872,0.2057000822218784,0.7275221448906614,0.1086430570539997,15.5412,70.688,39.7477,2.71546,166,12,1,0,0,0,1,run_005
U000356,22403759,MODEL_A,BATCH_01,702684.0,50191.71428571428,10220.136454219048,36768.0,69019.0,14,1.875,4.0,0.0,5.0,14.0,15.35881111111111,70.29404545454545,39.48615,2.426518181818182,0.12065467554205578,0.16501174370405716,0.11505908171767423,0.050288980404316355,15.6318,70.6238,39.6747,2.52161,160,12,1,0,0,0,0,run_005
U000357,22464986,MODEL_A,BATCH_02,680954.0,48639.57142857143,8803.347175620504,32360.0,61227.0,14,1.775,4.0,0.0,2.0,14.0,15.365474285714287,70.20590232558139,39.53500285714286,2.425767441860465,0.0964704536994348,0.18291002926025562,0.12406922281702248,0.0494270077075192,15.5955,70.6602,39.7202,2.51029,156,12,1,0,0,0,0,run_005
U000358,22529040,MODEL_A,BATCH_01,743555.0,53111.07142857143,13237.410991721012,36723.0,81146.0,14,1.825,4.0,0.0,6.0,14.0,15.368039473684211,70.25336222222222,39.510697368421056,2.4345424444444443,0.12039010585967876,0.17704446705032093,0.1382528578207,0.041851943104426644,15.7235,70.6583,39.8279,2.53025,166,12,1,0,0,0,0,run_005
U000359,22580609,MODEL_A,BATCH_01,669334.0,47809.57142857143,11278.858853313443,33298.0,78993.0,14,1.8,4.0,0.0,5.0,14.0,15.329215625,70.360835,39.472234375,2.43070825,0.0835882192246323,0.24728584472225837,0.14566878827331636,0.043079104393203366,15.4875,70.8696,39.7084,2.50387,144,12,1,0,0,0,0,run_005
U000360,22643750,MODEL_B,BATCH_01,728378.0,52027.0,8735.516628639132,37425.0,66098.0,14,1.775,4.0,0.0,5.0,14.0,15.370875675675675,70.32409333333334,39.47888648648649,2.452713777777778,0.09054308797904344,0.2053272259766642,0.13512314581349302,0.04463798460386571,15.5966,70.7978,39.8275,2.55612,164,12,1,0,0,0,0,run_005
U000361,22707730,MODEL_A,BATCH_01,704587.0,50327.642857142855,11446.179393526525,36235.0,79431.0,14,1.75,4.0,0.0,5.0,14.0,15.377436363636363,70.35445999999999,39.478375757575755,2.46426975,0.07633286406498577,0.2039973916374223,0.15381180471257505,0.054361787129709946,15.5224,70.7986,39.7648,2.59534,146,12,1,0,0,0,0,run_005
U000362,22767856,MODEL_A,BATCH_01,715427.0,51101.92857142857,8728.692980529882,41339.0,69084.0,14,1.825,4.0,0.0,5.0,14.0,15.34237027027027,70.40514666666667,39.482616216216215,2.4572824444444445,0.0812607013973643,0.18790057767582335,0.1497619954637532,0.05221857219922091,15.5186,70.8221,39.7599,2.58771,164,12,1,0,0,0,0,run_005
U000363,22820791,MODEL_A,BATCH_01,692102.0,49435.857142857145,7125.7953062975885,38094.0,60638.0,14,1.775,4.0,0.0,3.0,14.0,15.381825000000001,70.40987209302325,39.480872222222224,2.4601032558139537,0.08763844353772064,0.2248536183361253,0.14789909998975126,0.04802446235394387,15.5266,70.9945,39.7918,2.54918,158,12,1,0,0,0,0,run_005
U000364,22870027,MODEL_A,BATCH_02,710108.0,50722.0,10963.578984704136,34804.0,67064.0,14,1.75,4.0,0.0,4.0,14.0,15.397633333333333,70.42273043478261,38.82550769230769,2.539568260869565,0.08423628213584787,0.14515283113488603,0.7955470608278948,0.093729176515328,15.5892,70.7407,39.8561,2.75786,170,12,1,1,1,0,1,run_005
U000365,22928784,MODEL_B,BATCH_01,721238.0,51517.0,9701.01051040957,38700.0,67095.0,14,1.8,4.0,0.0,5.0,14.0,15.356811764705883,70.48874047619047,39.438861764705884,2.4582914285714286,0.10516925107914882,0.17616979484123416,0.12784005161447312,0.05184303883799824,15.5492,70.7964,39.6536,2.54357,152,12,1,0,0,0,0,run_005
U000366,23002043,MODEL_A,BATCH_01,730954.0,52211.0,11476.788213272375,36949.0,73259.0,14,1.775,4.0,0.0,4.0,14.0,15.391233333333332,70.49421627906976,39.486125,2.4505348837209304,0.1057241423976292,0.19000275553168622,0.14363734368192851,0.05437372239865644,15.5974,70.8403,39.7931,2.55879,158,12,1,0,0,0,0,run_005
U000367,23066352,MODEL_A,BATCH_01,733556.0,52396.857142857145,9293.43404988492,35966.0,65827.0,14,1.925,4.0,0.0,5.0,14.0,15.387602631578947,70.51115957446808,39.41333684210526,2.4720840425531914,0.07493701314326269,0.2000784168656555,0.13966379402955867,0.05381770593803618,15.5292,71.0108,39.6518,2.59049,170,12,1,0,0,0,0,run_005
U000368,23132125,MODEL_A,BATCH_01,701533.0,50109.5,9644.73482308831,30674.0,65773.0,14,1.9,4.0,0.0,1.0,14.0,15.378364864864865,70.50757906976743,39.47893243243243,2.473539302325581,0.10798270750504549,0.2030316003531755,0.1379835337480006,0.04199602613827191,15.5844,71.0878,39.7907,2.55919,160,12,1,0,0,0,0,run_005
U000369,23184823,MODEL_A,BATCH_01,693262.0,49518.71428571428,9316.049678076843,33285.0,71870.0,14,1.825,4.0,0.0,2.0,14.0,15.39665,70.56044090909091,39.43131470588236,2.4752679545454543,0.11210152933295674,0.19238245014744773,0.14015541618601168,0.04733411039986619,15.6113,70.9637,39.8488,2.57924,156,12,1,0,0,0,0,run_005
U000370,23243329,MODEL_B,BATCH_01,731554.0,52253.857142857145,8032.886930584822,38740.0,63071.0,14,1.85,4.0,0.0,4.0,14.0,15.370991891891894,70.58202222222222,39.432294594594595,2.4908531111111114,0.1050022231996872,0.19492907788229058,0.19921100893545263,0.05268542181589889,15.6796,71.0784,39.9382,2.58614,164,12,1,0,0,0,0,run_005
U000371,23295646,MODEL_A,BATCH_02,698522.0,49894.42857142857,8326.016765945957,38258.0,64072.0,14,1.825,4.0,0.0,2.0,14.0,15.43012,70.64808139534884,39.44646,2.4771332558139534,0.10995983705292522,0.19129736420135926,0.14427398403935432,0.045450857224926124,15.6756,71.0334,39.7908,2.58477,156,12,1,0,0,0,0,run_005
U000372,23370341,MODEL_A,BATCH_01,718617.0,51329.78571428572,9835.432782926864,32084.0,74695.0,14,1.85,4.0,0.0,2.0,14.0,15.408854054054055,70.587625,39.42221081081081,2.4783513636363637,0.10450038169678999,0.19961556671948957,0.14894495773753277,0.04059673165850999,15.6054,70.9669,39.6999,2.5524,162,12,1,0,0,0,0,run_005
U000373,23415640,MODEL_A,BATCH_01,680868.0,48633.42857142857,9331.989916528939,35102.0,66674.0,14,1.7804878048780488,4.0,0.0,3.0,14.0,15.397045714285715,70.65647073170732,39.409054285714284,2.5042290243902436,0.10966824126818649,0.1678429880035252,0.16973860412732625,0.046339147370494334,15.602,70.9847,39.6823,2.6465,152,12,2,0,0,0,0,run_005
U000374,23467701,MODEL_A,BATCH_01,698326.0,49880.42857142857,9404.413748663123,35882.0,69832.0,14,1.7804878048780488,4.0,0.0,4.0,14.0,15.380068571428572,70.67016904761905,39.411111428571424,2.490391428571429,0.11418112744909366,0.16165534021053216,0.14594851987526913,0.04496733462498375,15.6458,71.0878,39.7992,2.56551,154,12,2,0,0,0,0,run_005
U000375,23520109,MODEL_B,BATCH_01,692837.0,49488.357142857145,9286.817850357262,35389.0,64793.0,14,1.8,4.0,0.0,5.0,14.0,15.40422,70.71708181818181,39.37280285714286,2.490946818181818,0.10910679280087952,0.16382821728265218,0.1464858123740668,0.045086721180962894,15.6617,71.0486,39.7125,2.57064,158,12,1,0,0,0,0,run_005
U000376,23585170,MODEL_A,BATCH_01,735721.0,52551.5,7100.027852058047,42106.0,64075.0,14,1.825,4.0,0.0,6.0,14.0,15.386140000000001,70.74094318181818,39.390925714285714,2.511875909090909,0.08167957192951145,0.21487556420394938,0.13677805625270756,0.05199941459054113,15.5461,71.0919,39.6374,2.63591,158,12,1,0,0,0,0,run_005
U000377,23653388,MODEL_A,BATCH_01,695079.0,49648.5,9815.131855770142,36415.0,68218.0,14,1.8,4.0,0.0,3.0,14.0,15.414691428571427,70.75233555555555,39.41450285714286,2.501225333333333,0.11734706535699654,0.23207971314297307,0.1707258974216305,0.06636586847304729,15.6789,71.1571,39.7409,2.63217,160,12,1,0,0,0,0,run_005
U000378,23717941,MODEL_A,BATCH_02,733593.0,52399.5,7765.618423538463,37868.0,64553.0,14,1.75,4.0,0.0,5.0,14.0,15.411527027027027,70.77253478260869,39.15194864864865,2.5243515217391304,0.09447920302799342,0.22584728391586456,0.5518577023823055,0.09286330455668923,15.6232,71.2386,39.5746,2.76557,166,12,1,0,0,0,1,run_005
U000379,23764171,MODEL_A,BATCH_01,697115.0,49793.92857142857,9510.719518718668,36302.0,69167.0,14,1.7804878048780488,4.0,0.0,5.0,14.0,15.429623529411765,70.80057142857143,39.342176470588235,2.5065788095238095,0.076348483578533,0.2156035208157656,0.1644478199618225,0.04574418988575813,15.6291,71.2489,39.6917,2.60369,152,12,2,0,0,0,0,run_005
U000380,23812897,MODEL_B,BATCH_01,690912.0,49350.857142857145,10807.755746949237,32624.0,69238.0,14,1.8,4.0,0.0,3.0,14.0,15.415265853658536,70.791225,39.334153658536586,2.5232308333333333,0.09827508486324507,0.20766165863751673,0.11568132324960917,0.047969509679224843,15.6008,71.2485,39.5649,2.62534,178,12,1,0,0,0,0,run_005
U000381,23882761,MODEL_A,BATCH_01,692687.0,49477.642857142855,8745.640695245242,36087.0,69864.0,14,1.75,4.0,0.0,2.0,14.0,15.433077777777775,70.90759523809524,39.354686111111114,2.5062142857142855,0.08820792355439355,0.21295961709525185,0.13643128705433158,0.05269439652455569,15.5945,71.3541,39.6292,2.61612,156,12,1,0,0,0,0,run_005
U000382,23931178,MODEL_A,BATCH_01,701521.0,50108.642857142855,9006.37687425409,38785.0,68968.0,14,1.6829268292682926,4.0,0.0,4.0,14.0,15.414041176470588,70.92120476190476,39.299417647058824,2.507752380952381,0.0916578456945281,0.21846477748406284,0.1829565248417637,0.06326369169496612,15.6486,71.4552,39.7448,2.6324,152,12,2,0,0,0,0,run_005
U000383,23992794,MODEL_A,BATCH_01,720151.0,51439.357142857145,12306.3629858525,34952.0,71898.0,14,1.8,4.0,0.0,6.0,14.0,15.41115142857143,70.99340476190476,39.34802,2.5326904761904765,0.11016784886875948,0.167921718045655,0.14981220754468577,0.0547462381802591,15.7147,71.284,39.7073,2.62902,154,12,1,0,0,0,0,run_005
U000384,24062132,MODEL_A,BATCH_01,697157.0,49796.92857142857,10811.040983566365,30276.0,69338.0,14,1.775,4.0,0.0,3.0,14.0,15.403937142857142,70.97845476190476,38.442031428571426,2.643322619047619,0.09223506442369793,0.20170742057087926,0.791078478583075,0.10898780874000932,15.6228,71.5091,39.5767,2.86706,154,12,1,0,0,0,0,run_005
U000385,24120008,MODEL_B,BATCH_02,701277.0,50091.21428571428,9567.159800215375,32334.0,66837.0,14,1.75,4.0,0.0,4.0,14.0,15.395055263157895,70.93764130434782,39.365528947368425,2.5262604347826088,0.11143601896560147,0.18001903180384538,0.12406289579231734,0.05498886165827976,15.657,71.5526,39.6463,2.6356,168,12,1,0,0,0,0,run_005
U000386,24196833,MODEL_A,BATCH_01,742726.0,53051.857142857145,12472.988555934922,31999.0,76825.0,14,1.775,4.0,0.0,5.0,14.0,15.415357894736841,71.05895111111111,39.31666315789474,2.5322204444444445,0.11156726641801598,0.2543240976519231,0.13587987823322956,0.052079034560051765,15.7144,71.7527,39.623,2.6606,166,12,1,0,0,0,0,run_005
U000387,24247639,MODEL_A,BATCH_01,725902.0,51850.142857142855,8076.3273341780305,36214.0,66785.0,14,1.85,4.0,0.0,4.0,14.0,15.431852777777777,71.02867272727272,39.26929722222222,2.5306302272727272,0.10109113705990043,0.1841742240931017,0.15292822310036472,0.051796252827052,15.6659,71.3901,39.4868,2.62019,160,12,1,0,0,0,0,run_005
U000388,24302319,MODEL_A,BATCH_01,700140.0,50010.0,9733.269543169961,33488.0,69029.0,14,1.8,4.0,0.0,3.0,14.0,15.442840540540539,71.06657272727273,39.312375675675675,2.5427954545454545,0.12251735582144047,0.23013893413836425,0.1470684844353613,0.049512703019060675,15.7722,71.6412,39.7365,2.65144,162,12,1,0,0,0,0,run_005
U000389,24350946,MODEL_A,BATCH_01,709259.0,50661.357142857145,10444.123828974121,36192.0,71783.0,14,1.8048780487804879,4.0,0.0,5.0,14.0,15.430357142857142,71.12703720930232,39.26779142857143,2.54030488372093,0.09291263222452976,0.2297136520014383,0.12569526728754493,0.05473360656384847,15.5859,71.6506,39.5376,2.67936,156,12,2,0,0,0,0,run_005
U000390,24410460,MODEL_B,BATCH_01,710779.0,50769.92857142857,7911.999119781838,39014.0,65287.0,14,1.775,4.0,0.0,4.0,14.0,15.45014210526316,71.08928723404256,39.05895526315789,2.5733972340425533,0.10794593148969515,0.18766102837994433,0.6129127558820293,0.0873749183915058,15.6666,71.5113,39.5874,2.79029,170,12,1,0,0,0,1,run_005
U000391,24479990,MODEL_A,BATCH_01,700164.0,50011.71428571428,9617.011381509743,35600.0,67795.0,14,1.8,4.0,0.0,5.0,14.0,15.444713888888888,71.1541511111111,39.26640833333333,2.565738222222222,0.11347522612643011,0.22217337171904455,0.17224005901233158,0.044568584241740684,15.6479,71.6952,39.6007,2.6499,162,12,1,0,0,0,0,run_005
U000392,24568215,MODEL_A,BATCH_02,761296.0,54378.28571428572,13269.272575439794,34191.0,81604.0,14,1.775,4.0,0.0,5.0,14.0,15.417682500000002,71.25871458333333,39.273649999999996,2.564165625,0.08785477494575496,0.17511037976645172,0.16068717658216747,0.04135826562818208,15.6329,71.7177,39.5444,2.64558,176,12,1,0,0,0,0,run_005
U000393,24629746,MODEL_A,BATCH_01,708099.0,50578.5,9766.00937120488,35199.0,67744.0,14,1.825,4.0,0.0,4.0,14.0,15.457262162162161,71.17512444444445,39.2764972972973,2.5603113333333334,0.11273404383609963,0.20051481599707982,0.1626618706370955,0.04484157960886506,15.7238,71.5628,39.6798,2.65882,164,12,1,0,0,0,0,run_005
U000394,24702661,MODEL_A,BATCH_01,727366.0,51954.71428571428,13412.683741252424,33547.0,72915.0,14,1.825,4.0,0.0,4.0,14.0,15.409537837837838,71.16437674418604,39.20615405405405,2.5639886046511626,0.10354686097326832,0.23067732032637478,0.12701315459999046,0.045858922462648624,15.6445,71.6075,39.4751,2.66144,160,12,1,0,0,0,0,run_005
U000395,24750091,MODEL_B,BATCH_01,694477.0,49605.5,7429.311426318779,37794.0,61983.0,14,1.9,4.0,0.0,5.0,14.0,15.457192105263157,71.23043260869565,39.25508421052631,2.5581719565217393,0.09717808501024766,0.17087529833100437,0.11922286767389467,0.05200905910916175,15.6112,71.616,39.5308,2.6845,168,12,1,0,0,0,0,run_005
U000396,24826759,MODEL_A,BATCH_01,698425.0,49887.5,11983.27499700504,33851.0,76668.0,14,1.8,4.0,0.0,2.0,14.0,15.421057575757576,71.29156923076923,39.246145454545456,2.577506923076923,0.0851901000348011,0.17178641444024212,0.1642211239664939,0.04390952972658353,15.5604,71.6203,39.5818,2.75527,144,12,1,1,1,0,0,run_005
U000397,24897380,MODEL_A,BATCH_01,740941.0,52924.357142857145,11864.738524183864,35877.0,70621.0,14,1.825,4.0,0.0,6.0,14.0,15.466700000000001,71.22683333333333,39.21823783783784,2.579177777777778,0.10112387892525128,0.18160400601308307,0.15757870229639942,0.047244628982316725,15.6358,71.576,39.5278,2.66865,164,12,1,0,0,0,1,run_005
U000398,24950607,MODEL_A,BATCH_01,705770.0,50412.142857142855,8377.236765436193,36779.0,64292.0,14,1.9,4.0,0.0,5.0,14.0,15.477922222222222,71.34618139534884,39.213975,2.5751302325581396,0.09888318681616523,0.19424523681824982,0.15433978539943038,0.042954591943030355,15.638,71.7282,39.4821,2.65466,158,12,1,0,0,0,0,run_005
U000399,25021312,MODEL_A,BATCH_02,716075.0,51148.21428571428,9084.12686781451,35559.0,70705.0,14,1.8,4.0,0.0,2.0,14.0,15.450783783783782,71.31544418604652,39.2243054054054,2.57250511627907,0.09452157459047636,0.14912798163278887,0.16028396839835748,0.04888216016835051,15.6153,71.738,39.5532,2.70585,160,12,1,0,0,0,0,run_005
U000400,25070886,MODEL_B,BATCH_01,682982.0,48784.42857142857,11484.492123757993,32584.0,72189.0,14,1.7804878048780488,4.0,0.0,5.0,14.0,15.426875675675676,71.3767488372093,39.139610810810815,2.5921151162790697,0.099022619204473,0.25617736635840893,0.146657160267263,0.05301481007686586,15.7141,71.8671,39.3929,2.71838,160,12,2,0,0,0,0,run_005
U000401,25111946,MODEL_A,BATCH_01,683347.0,48810.5,8470.607395803805,34830.0,62834.0,14,1.829268292682927,4.0,0.0,5.0,14.0,15.454561764705883,71.41671904761904,39.21705588235294,2.5833164285714285,0.10909840155123197,0.15955423611576453,0.1405749841773805,0.05417918769801483,15.7016,71.9948,39.503,2.69717,152,12,2,0,0,0,0,run_005
U000402,25177199,MODEL_A,BATCH_01,719796.0,51414.0,9983.663517505445,37919.0,72320.0,14,1.8,4.0,0.0,4.0,14.0,15.462632432432432,71.36274222222222,39.16851081081081,2.5876766666666664,0.08369441456889475,0.21157120173606328,0.14033609218147913,0.05409818556863233,15.6342,71.7496,39.5934,2.7007,164,12,1,0,0,0,0,run_005
U000403,25253870,MODEL_A,BATCH_01,740815.0,52915.357142857145,13236.508252133233,33537.0,76671.0,14,1.775,4.0,0.0,5.0,14.0,15.46527027027027,71.432625,39.19728648648649,2.6015886363636365,0.11955528443375539,0.19132453996553378,0.1531782769668556,0.05098869165969075,15.7229,71.772,39.6252,2.69865,162,12,1,0,0,0,0,run_005
U000404,25304474,MODEL_A,BATCH_01,703967.0,50283.357142857145,9281.623006342594,40223.0,66476.0,14,1.8048780487804879,4.0,0.0,6.0,14.0,15.494430555555555,71.42855454545455,39.20227222222222,2.607025227272727,0.10719121984151117,0.19799779004468301,0.15558490674338885,0.04689224647014595,15.7449,71.7417,39.5024,2.71678,160,12,2,0,0,0,0,run_005
U000405,25375455,MODEL_B,BATCH_01,732759.0,52339.92857142857,12062.265748793032,33255.0,71857.0,14,1.85,4.0,0.0,5.0,14.0,15.46027105263158,71.4922652173913,39.17522368421053,2.6121006521739134,0.10529706473641728,0.17996696019904584,0.13812179590846096,0.04823123484963627,15.7232,71.9877,39.5231,2.71996,168,12,1,0,0,0,0,run_005
U000406,25424583,MODEL_A,BATCH_02,714330.0,51023.57142857143,10736.55154288224,33416.0,70836.0,14,1.825,4.0,0.0,4.0,14.0,15.463491891891891,71.52957727272727,39.191964864864865,2.610711818181818,0.09032299257657478,0.19319936306847343,0.1393805466583721,0.04728143882204146,15.6558,71.927,39.5002,2.7229,162,12,1,0,0,0,0,run_005
U000407,25486611,MODEL_A,BATCH_01,684568.0,48897.71428571428,7599.147507132941,39099.0,62028.0,14,1.875,4.0,0.0,5.0,14.0,15.472342424242425,71.53212790697674,39.14821818181818,2.6075374418604653,0.08839019328488536,0.21065359437167025,0.17433501056612571,0.04723841067711859,15.681,71.95,39.4903,2.70746,152,12,1,0,0,0,0,run_005
U000408,25547810,MODEL_A,BATCH_01,701940.0,50138.57142857143,8674.95879586123,34239.0,65358.0,14,1.8,4.0,0.0,4.0,14.0,15.473594594594596,71.58948863636364,39.13191891891892,2.620142954545454,0.09048510603637758,0.20043818883207484,0.14054096839996058,0.04050044108743698,15.6818,72.0318,39.3349,2.72222,162,12,1,0,0,0,0,run_005
U000409,25619243,MODEL_A,BATCH_01,723855.0,51703.92857142857,10770.552871062453,30969.0,71433.0,14,1.85,4.0,0.0,6.0,14.0,15.476824324324326,71.65110652173912,39.145313513513514,2.6125765217391304,0.10391516947706689,0.19700578153069612,0.14258312616809807,0.050867406863002,15.6836,72.0969,39.4486,2.73565,166,12,1,0,0,0,0,run_005
U000410,25677411,MODEL_B,BATCH_01,701868.0,50133.42857142857,8600.076830732705,35294.0,62482.0,14,1.825,4.0,0.0,3.0,14.0,15.465837837837837,71.60983953488372,39.17245945945946,2.6236232558139534,0.10122823868025327,0.22277577253451744,0.17664937566241906,0.0585304825637658,15.6526,72.1644,39.5536,2.78167,160,12,1,0,0,0,0,run_005
U000411,25736307,MODEL_A,BATCH_01,754728.0,53909.142857142855,12641.306863168507,34507.0,80475.0,14,1.825,4.0,0.0,5.0,14.0,15.47502564102564,71.63544791666666,39.11294871794872,2.6177339583333334,0.08997955825732577,0.21086341549820278,0.14955177570571965,0.04700767229092514,15.6321,72.0674,39.3718,2.71942,174,12,1,0,0,0,0,run_005
U000412,25794506,MODEL_A,BATCH_01,719348.0,51382.0,8816.44041200651,38298.0,66896.0,14,1.875,4.0,0.0,4.0,14.0,15.476888888888888,71.64719777777778,39.10375833333333,2.64417,0.09986853866895733,0.17553484565864388,0.16164391442744963,0.04061009083063882,15.6788,71.9816,39.4762,2.77253,162,12,1,0,0,0,0,run_005
U000413,25854259,MODEL_A,BATCH_02,679218.0,48515.57142857143,11428.47749274582,31306.0,68046.0,14,1.8,4.0,0.0,3.0,14.0,15.487016666666667,71.78764761904762,39.09264722222222,2.6474178571428575,0.10414910876787603,0.16854755895099638,0.17846262911899471,0.043932451894271876,15.658,72.1345,39.5831,2.72738,156,12,1,0,0,0,0,run_005
U000414,25900896,MODEL_A,BATCH_01,649094.0,46363.857142857145,8706.840050806588,35165.0,62846.0,14,1.7560975609756098,4.0,0.0,4.0,14.0,15.520848484848484,71.76408048780488,39.12685454545455,2.6408307317073167,0.07419391451296775,0.19779369835704083,0.15167853360583985,0.05326954948139908,15.698,72.1476,39.4064,2.73399,148,12,2,0,0,0,1,run_005
U000415,25949514,MODEL_B,BATCH_01,713332.0,50952.28571428572,13040.660456543492,33779.0,83560.0,14,1.7317073170731707,4.0,0.0,5.0,14.0,15.502883333333333,71.79354545454545,39.10801388888889,2.641629090909091,0.0963204932948923,0.24805552215558435,0.1615850260968818,0.04794597094007897,15.6667,72.23,39.4656,2.74858,160,12,2,0,0,0,0,run_005
U000416,26020270,MODEL_A,BATCH_01,695937.0,49709.78571428572,9519.627523244733,35467.0,70356.0,14,1.75,4.0,0.0,4.0,14.0,15.516322222222222,71.80017555555555,39.09451111111111,2.6563557777777778,0.09854096497283621,0.17439107326449882,0.13607644863464122,0.04381767329664271,15.7022,72.1076,39.3357,2.74991,162,12,1,0,0,0,0,run_005
U000417,26086596,MODEL_A,BATCH_01,740103.0,52864.5,9808.159372136586,36851.0,66001.0,14,1.775,4.0,0.0,6.0,14.0,15.507486111111112,71.85693409090909,39.101197222222225,2.641453409090909,0.11189944504593072,0.20292179034501892,0.1626899443483325,0.044608181069624206,15.7785,72.2345,39.3999,2.74876,160,12,1,0,0,0,0,run_005
U000418,26142845,MODEL_A,BATCH_01,685779.0,48984.21428571428,7933.159950278531,37755.0,63262.0,14,1.7560975609756098,4.0,0.0,4.0,14.0,15.482016216216216,71.84666444444444,39.13568378378378,2.649955333333333,0.09532283891396967,0.19008403662538018,0.15810538593945214,0.04689151001853309,15.7518,72.2018,39.4403,2.76674,164,12,2,0,0,0,0,run_005
U000419,26202907,MODEL_A,BATCH_01,705372.0,50383.71428571428,8648.001640473154,36506.0,61907.0,14,1.825,4.0,0.0,4.0,14.0,15.47037027027027,71.8296511111111,38.57376216216216,2.719355111111111,0.09172433599549162,0.18893070954744048,0.7388864385574326,0.09332465360776927,15.6984,72.2473,39.3211,2.91847,164,12,1,0,0,0,1,run_005
U000420,26279826,MODEL_B,BATCH_02,709024.0,50644.57142857143,9221.815278618793,34873.0,70977.0,14,1.8,4.0,0.0,4.0,14.0,15.503605405405407,71.8853804347826,39.07351081081081,2.6478728260869566,0.08522880950693827,0.16923656240050353,0.11537562274728616,0.050454791762881625,15.7146,72.2838,39.3165,2.80792,166,12,1,0,0,0,0,run_005
U000421,26347783,MODEL_A,BATCH_01,715061.0,51075.78571428572,10408.201449438222,31928.0,67957.0,14,1.9,4.0,0.0,4.0,14.0,15.499013513513512,71.93339318181819,39.0733972972973,2.6699979545454546,0.12071680395353734,0.2584527813450429,0.10405822752053079,0.04624339427770709,15.7242,72.6057,39.2726,2.76337,162,12,1,0,0,0,0,run_005
U000422,26398811,MODEL_A,BATCH_01,672057.0,48004.07142857143,7327.191375693961,36040.0,59427.0,14,1.875,4.0,0.0,2.0,14.0,15.521427777777777,71.91111162790698,39.057119444444446,2.664266976744186,0.09580646447354482,0.18768854927309347,0.1423336198000909,0.05483217271321497,15.7149,72.2603,39.3869,2.76364,158,12,1,0,0,0,1,run_005
U000423,26462990,MODEL_A,BATCH_01,698488.0,49892.0,7964.7036643894335,35880.0,60689.0,14,1.825,4.0,0.0,4.0,14.0,15.506922857142857,71.96948863636364,39.03736571428571,2.674430909090909,0.09751168583277382,0.14017437847015107,0.11871361719517719,0.05536133340485601,15.7413,72.2811,39.293,2.82625,158,12,1,0,0,0,0,run_005
U000424,26520244,MODEL_A,BATCH_01,717542.0,51253.0,12293.644493114194,33101.0,72414.0,14,1.825,4.0,0.0,5.0,14.0,15.537162162162161,72.02384090909091,39.016286486486486,2.6673254545454546,0.09400618877780559,0.20166368309198346,0.17173400485466828,0.046351997797167144,15.7229,72.3264,39.4328,2.76222,162,12,1,0,0,0,0,run_005
U000425,26599926,MODEL_B,BATCH_01,715727.0,51123.357142857145,12077.017204382259,36239.0,79682.0,14,1.825,4.0,0.0,5.0,14.0,15.532797142857143,71.9961380952381,39.0271,2.674012142857143,0.07251620705548707,0.15993276781408255,0.139921654549125,0.05100426507922424,15.6539,72.2976,39.3271,2.76512,154,12,1,0,0,0,0,run_005
U000426,26659240,MODEL_A,BATCH_01,688434.0,49173.857142857145,9546.028935612987,33886.0,65095.0,14,1.775,4.0,0.0,5.0,14.0,15.511723529411764,72.04842926829268,38.55823529411765,2.730182195121951,0.10010597130139687,0.20173731093169534,0.6767775812437613,0.0904418656240626,15.6651,72.4056,39.1862,2.97446,150,12,1,0,0,0,1,run_005
U000427,26724471,MODEL_A,BATCH_02,731334.0,52238.142857142855,9444.014546116112,38267.0,69340.0,14,1.775,4.0,0.0,6.0,14.0,15.494110810810811,72.08133913043478,39.03134864864865,2.690025652173913,0.10590790229614014,0.16273456571738945,0.15671483944062628,0.04783473157780623,15.6729,72.4489,39.3217,2.79239,166,12,1,0,0,0,0,run_005
U000428,26772140,MODEL_A,BATCH_01,718039.0,51288.5,11047.42633968515,32841.0,68423.0,14,1.825,4.0,0.0,6.0,14.0,15.49438918918919,72.13057555555555,37.5284054054054,2.873167111111111,0.11890655711239952,0.24354543365155767,0.12962210662354412,0.0526913660178618,15.716,72.6899,37.8257,2.97844,164,12,1,0,0,0,1,run_005
U000429,26855086,MODEL_A,BATCH_01,731424.0,52244.57142857143,12314.704454520937,34640.0,82946.0,14,1.85,4.0,0.0,4.0,14.0,15.532000000000002,72.12812000000001,38.99259722222222,2.6866762222222222,0.08499463176325542,0.1819722114150187,0.15256698479424083,0.052371652520010865,15.7077,72.4834,39.4785,2.83542,162,12,1,0,0,0,0,run_005
U000430,26923518,MODEL_B,BATCH_01,722446.0,51603.28571428572,11707.931594426926,35793.0,68432.0,14,1.85,4.0,0.0,4.0,14.0,15.555322857142857,72.168775,38.96029428571429,2.684469090909091,0.11124952633267113,0.18360078168375005,0.16514658897094936,0.05022418104802735,15.8396,72.4813,39.3989,2.81205,158,12,1,0,0,0,0,run_005
U000431,26980525,MODEL_A,BATCH_01,699540.0,49967.142857142855,7542.314058870617,35276.0,59774.0,14,1.825,4.0,0.0,4.0,14.0,15.509729729729731,72.122625,38.97377027027027,2.6910027272727275,0.08628120004079967,0.21883712019312052,0.1470384282062662,0.04532051701113358,15.69,72.5016,39.2327,2.77621,162,12,1,0,0,0,0,run_005
U000432,27042926,MODEL_A,BATCH_01,723213.0,51658.07142857143,11200.432027823306,34402.0,76812.0,14,1.825,4.0,0.0,5.0,14.0,15.578388571428572,72.1857,38.969794285714286,2.700738095238095,0.1187320333688395,0.18624115759006485,0.15188031461116586,0.05197526270129622,15.8064,72.6451,39.2967,2.8207,154,12,1,0,0,0,0,run_005
