unit_id,prediction_time,vehicle_model,supplier_batch,total_cycle_time,mean_cycle_time,std_cycle_time,min_cycle_time,max_cycle_time,upstream_cycle_count,mean_queue_length,max_queue_length,total_blocked_events,total_starved_events,upstream_station_count,current_mean,temperature_mean,torque_mean,vibration_mean,current_std,temperature_std,torque_std,vibration_std,current_max,temperature_max,torque_max,vibration_max,sensor_reading_count,sensor_station_count,manual_check_count,manual_fail_count,s07_manual_fail,s14_manual_fail,target,run_id
U000001,697301,MODEL_A,BATCH_01,697301.0,49807.21428571428,10012.439664111467,33833.0,66171.0,14,0.525,1.0,0.0,0.0,14.0,14.520879411764707,61.01095116279069,42.00369117647059,1.165172558139535,0.1035385911933815,0.18006872678969796,0.1654358913966689,0.04924322114783313,14.7173,61.4384,42.2997,1.28255,154,12,1,0,0,0,0,run_001
U000002,776116,MODEL_A,BATCH_01,666132.0,47580.857142857145,11958.846521795827,29958.0,67978.0,14,0.5,1.0,0.0,5.0,14.0,14.508877142857143,60.99423333333333,42.02773428571429,1.1520588095238096,0.08773000052203683,0.1943081167312436,0.13440203504861806,0.04598271707152489,14.7143,61.2909,42.3391,1.24363,154,12,1,0,0,0,1,run_001
U000003,830439,MODEL_A,BATCH_01,686138.0,49009.857142857145,9628.59597446899,36985.0,69777.0,14,0.43902439024390244,1.0,0.0,5.0,14.0,14.500852777777778,61.08321860465116,42.04125555555556,1.1582111627906977,0.10860786997559102,0.1878729082268806,0.13670574331010352,0.04890225134603683,14.7537,61.5007,42.3564,1.28454,158,12,2,0,0,0,0,run_001
U000004,886081,MODEL_A,BATCH_01,683559.0,48825.642857142855,7833.36714718756,39267.0,62917.0,14,0.475,1.0,0.0,8.0,14.0,14.488030555555557,61.04526976744185,42.006024999999994,1.1584906976744187,0.10255950417599242,0.19451125629673657,0.10265975529457837,0.0580467669578898,14.7428,61.3456,42.1837,1.26535,158,12,1,0,0,0,0,run_001
U000005,990351,MODEL_B,BATCH_01,722661.0,51618.642857142855,10601.873670449757,37802.0,76701.0,14,0.475,1.0,0.0,7.0,14.0,14.523994285714286,61.081725581395354,41.95334571428571,1.1617174418604652,0.10867484405828451,0.1953487444266243,0.16444016852706797,0.0453957358021037,14.8218,61.4812,42.4964,1.25652,156,12,1,0,0,0,0,run_001
U000006,1060664,MODEL_A,BATCH_01,715738.0,51124.142857142855,11888.344562619322,30494.0,70313.0,14,0.55,1.0,0.0,6.0,14.0,14.500105263157895,61.08365333333333,41.97639473684211,1.1740242222222224,0.12232088935071757,0.1992898569694635,0.1524455027965801,0.06258675515158174,14.7804,61.4691,42.274,1.37063,166,12,1,0,0,0,0,run_001
U000007,1127060,MODEL_A,BATCH_02,729822.0,52130.142857142855,8743.57511686014,40842.0,66396.0,14,0.525,2.0,0.0,3.0,14.0,14.49592894736842,61.14188723404256,41.99116578947369,1.176748085106383,0.09613096052695526,0.19262451265860658,0.13346381081779585,0.057018580367482245,14.7027,61.7332,42.2249,1.29782,170,12,1,1,1,0,0,run_001
U000008,1174405,MODEL_A,BATCH_01,718994.0,51356.71428571428,13354.351312924598,28348.0,84965.0,14,0.675,2.0,0.0,6.0,14.0,14.50018888888889,61.19037272727273,41.91226944444444,1.182979090909091,0.08357806198066815,0.22478337619949795,0.12974980279521342,0.042072133008661694,14.7275,61.6891,42.2231,1.26665,160,12,1,0,0,0,0,run_001
U000009,1238724,MODEL_A,BATCH_01,682049.0,48717.78571428572,8192.833821546274,39033.0,63431.0,14,0.675,2.0,0.0,3.0,14.0,14.479480555555556,61.17369777777778,41.94155555555555,1.1807737777777778,0.09478339462598596,0.21376133089466387,0.17115438718878523,0.050402775504786015,14.6106,61.5795,42.3426,1.27535,162,12,1,0,0,0,0,run_001
U000010,1308871,MODEL_B,BATCH_01,735480.0,52534.28571428572,8765.220199336532,40464.0,68959.0,14,0.725,2.0,0.0,5.0,14.0,14.509316216216217,61.202665116279064,41.93145135135135,1.1848995348837208,0.11477785431362958,0.22124141832560232,0.1525581867529405,0.05265386491279351,14.7658,61.6258,42.2766,1.29051,160,12,1,0,0,0,0,run_001
U000011,1362966,MODEL_A,BATCH_01,682797.0,48771.21428571428,8389.357508897085,30914.0,61056.0,14,0.775,2.0,0.0,3.0,14.0,14.521675,61.27591363636363,41.97062777777778,1.185815681818182,0.09180763857109063,0.1895266730825121,0.1411737118610783,0.054218460873804906,14.7218,61.6596,42.2444,1.34106,160,12,1,0,0,0,0,run_001
U000012,1434454,MODEL_A,BATCH_01,694964.0,49640.28571428572,8181.074900492753,35966.0,61672.0,14,0.8,2.0,0.0,4.0,14.0,14.543536111111113,61.29620909090909,40.398736111111106,1.3714693181818183,0.10752082629566043,0.18779137709379054,0.13435567328715398,0.05240334830407114,14.734,61.7657,40.6584,1.50331,160,12,1,1,1,0,0,run_001
U000013,1488960,MODEL_A,BATCH_01,665189.0,47513.5,7270.943338966514,36663.0,61573.0,14,0.8292682926829268,2.0,0.0,4.0,14.0,14.550748571428572,61.32746976744186,41.87961714285714,1.192130930232558,0.08807327621471367,0.17739435022796451,0.1503874456699301,0.04914073040593057,14.7384,61.8292,42.1994,1.29453,156,12,2,0,0,0,0,run_001
U000014,1538020,MODEL_A,BATCH_02,671933.0,47995.21428571428,10222.112864378281,32710.0,64505.0,14,0.775,3.0,0.0,4.0,14.0,14.517074285714285,61.36952619047619,41.915,1.199877857142857,0.08882610024105307,0.17131756144162305,0.13613764228551334,0.04295639215534149,14.7262,61.8133,42.1521,1.27376,154,12,1,0,0,0,0,run_001
U000015,1600713,MODEL_B,BATCH_01,748433.0,53459.5,11857.640949388517,30573.0,75463.0,14,0.9,3.0,0.0,8.0,14.0,14.547332432432432,61.37613636363637,41.86694594594594,1.1993097727272728,0.10397331135668628,0.17469909025323124,0.1333126642200264,0.04164749159026386,14.7813,61.7695,42.1711,1.30218,162,12,1,0,0,0,0,run_001
U000016,1667999,MODEL_A,BATCH_01,702155.0,50153.92857142857,8957.147395016116,37173.0,64876.0,14,0.875,2.0,0.0,4.0,14.0,14.54711142857143,61.37960238095238,41.91156285714286,1.2049304761904762,0.09383451883166291,0.23601300655363364,0.13423556792995986,0.047017456278383045,14.7152,61.7477,42.1653,1.30466,154,12,1,0,0,0,0,run_001
U000017,1715801,MODEL_A,BATCH_01,689476.0,49248.28571428572,11157.231766048362,28986.0,77383.0,14,0.8292682926829268,3.0,0.0,3.0,14.0,14.543322857142858,61.42018181818182,41.88957714285714,1.2024122727272728,0.0989584139802123,0.20492345737534268,0.15029519401676655,0.05058234800400542,14.7393,61.8396,42.2864,1.32458,158,12,2,0,0,0,0,run_001
U000018,1809950,MODEL_A,BATCH_01,752187.0,53727.642857142855,13151.957050083947,35257.0,72201.0,14,0.9,3.0,0.0,5.0,14.0,14.536635135135135,61.40874,41.86510540540541,1.2138286666666667,0.08588674136525609,0.21818101783944238,0.1636618158580978,0.04879987498121095,14.6712,61.9257,42.2192,1.30165,164,12,1,0,0,0,0,run_001
U000019,1881142,MODEL_A,BATCH_01,750163.0,53583.07142857143,11060.272756855682,35849.0,71192.0,14,1.025,3.0,0.0,4.0,14.0,14.545855,61.48688571428571,40.38182,1.395998163265306,0.0995015499170611,0.2222224148610274,0.16205862218851816,0.049452997030575645,14.796,61.9659,40.8798,1.50683,178,12,1,0,0,0,0,run_001
U000020,1947624,MODEL_B,BATCH_01,712742.0,50910.142857142855,9205.676090636378,37948.0,66482.0,14,1.05,3.0,0.0,1.0,14.0,14.525238235294117,61.47534047619048,41.867000000000004,1.2127454761904761,0.1172913776952075,0.18777739683131117,0.15939331570335466,0.041256373946714324,14.8723,61.7743,42.2626,1.31164,152,12,1,0,0,0,0,run_001
U000021,2002865,MODEL_A,BATCH_02,669364.0,47811.71428571428,8642.133527786289,36054.0,61520.0,14,1.1,3.0,0.0,2.0,14.0,14.539134285714287,61.56334888888889,41.88374857142857,1.2148631111111112,0.07844324266198927,0.21670969754512798,0.16488346931630568,0.05639814168530337,14.6841,61.995,42.3144,1.33561,160,12,1,0,0,0,0,run_001
U000022,2073533,MODEL_A,BATCH_01,691751.0,49410.78571428572,9230.27642038435,35660.0,70668.0,14,1.025,3.0,0.0,2.0,14.0,14.555745714285715,61.52608536585366,41.86218,1.2291609756097561,0.1101961442232926,0.1642505777173639,0.12359975918499333,0.04759724686391421,14.7646,61.8942,42.1254,1.35141,152,12,1,0,0,0,0,run_001
U000023,2153106,MODEL_A,BATCH_01,753675.0,53833.92857142857,12954.85941178525,40250.0,79573.0,14,1.15,3.0,0.0,6.0,14.0,14.543527027027027,61.539211111111115,41.838699999999996,1.232774888888889,0.08818607741162585,0.1949519850236108,0.1675247427828032,0.04586364581423653,14.7828,62.1125,42.1728,1.31833,164,12,1,0,0,0,0,run_001
U000024,2209725,MODEL_A,BATCH_01,656548.0,46896.28571428572,7573.567083853314,36062.0,59075.0,14,1.225,3.0,0.0,2.0,14.0,14.544717647058823,61.658495121951226,41.794464705882355,1.2234260975609754,0.10586241634449808,0.204410691930754,0.10919699985431663,0.05214930214672334,14.7249,62.0242,42.0432,1.33294,150,12,1,0,0,0,0,run_001
U000025,2259733,MODEL_B,BATCH_01,707568.0,50540.57142857143,7652.593574572115,37975.0,61250.0,14,1.2,4.0,0.0,3.0,14.0,14.573724324324324,61.65534090909091,41.80854864864865,1.2488240909090909,0.09593762269020095,0.2485079001300792,0.1719566299029136,0.04622588609930547,14.7397,62.1253,42.1572,1.34302,162,12,1,0,0,0,0,run_001
U000026,2310049,MODEL_A,BATCH_01,677510.0,48393.57142857143,10217.856065311773,30369.0,67722.0,14,1.25,3.0,0.0,5.0,14.0,14.558202941176472,61.70915121951219,41.85812941176471,1.2258985365853659,0.08664163211372349,0.18136569703495653,0.11682794531148853,0.04582927484485087,14.7653,62.1121,42.1037,1.31144,150,12,1,0,0,0,0,run_001
U000027,2374735,MODEL_A,BATCH_01,701384.0,50098.857142857145,8758.413720594552,35893.0,64686.0,14,1.25,4.0,0.0,5.0,14.0,14.540026470588236,61.71579302325582,41.82789117647059,1.2295532558139535,0.09143925723081622,0.2241412430922255,0.15991075611035627,0.041022024962261774,14.7407,62.1428,42.2486,1.30802,154,12,1,0,0,0,0,run_001
U000028,2464458,MODEL_A,BATCH_02,725150.0,51796.42857142857,13436.345924476556,37162.0,89723.0,14,1.275,4.0,0.0,5.0,14.0,14.57326,61.69396046511628,41.798025714285714,1.2304995348837209,0.08804640888558177,0.20333667734120034,0.16125941165941204,0.03727641364273433,14.803,62.1533,42.2061,1.30652,156,12,1,0,0,0,0,run_001
U000029,2528055,MODEL_A,BATCH_01,740645.0,52903.21428571428,10373.42883879898,40883.0,70983.0,14,1.425,4.0,0.0,5.0,14.0,14.583613513513514,61.783500000000004,41.79680810810811,1.256133409090909,0.09548423128152339,0.19131116744899623,0.1203463021136611,0.033779465548746994,14.7536,62.1798,42.0505,1.3322,162,12,1,0,0,0,0,run_001
U000030,2597675,MODEL_B,BATCH_01,720341.0,51452.92857142857,9323.18040373881,36790.0,69620.0,14,1.45,4.0,0.0,3.0,14.0,14.556162162162162,61.775644444444445,41.86610810810811,1.248250222222222,0.09719542556494493,0.18377586095759688,0.12786720407077415,0.04328343266344884,14.8353,62.1102,42.257,1.32557,164,12,1,0,0,0,0,run_001
U000031,2664612,MODEL_A,BATCH_01,729081.0,52077.21428571428,11826.16096872699,31344.0,68284.0,14,1.425,4.0,0.0,4.0,14.0,14.571169444444443,61.79691904761905,41.78487222222222,1.2715607142857142,0.10579320750392375,0.22047377946870805,0.14186522902511714,0.05137765526425824,14.7548,62.22,42.1412,1.3918,156,12,1,0,0,0,0,run_001
U000032,2736037,MODEL_A,BATCH_01,731401.0,52242.92857142857,10526.360094574919,31584.0,71425.0,14,1.575,4.0,0.0,5.0,14.0,14.55232,61.82901162790698,41.795565714285715,1.2701046511627907,0.09748514758669614,0.1833117176122477,0.14268044291323234,0.044954082305691076,14.745,62.2377,42.1286,1.3546,156,12,1,0,0,0,0,run_001
U000033,2786793,MODEL_A,BATCH_01,697426.0,49816.142857142855,9823.061545764036,35496.0,65310.0,14,1.5365853658536586,4.0,0.0,2.0,14.0,14.555052777777778,61.77790465116279,41.79051944444444,1.2629216279069768,0.08825434181504217,0.2121801166052417,0.20179898600827645,0.053020110871353616,14.7998,62.4104,42.3982,1.35891,158,12,2,0,0,0,0,run_001
U000034,2834931,MODEL_A,BATCH_01,714751.0,51053.642857142855,9365.354456367713,33489.0,67409.0,14,1.625,4.0,0.0,6.0,14.0,14.569544444444444,61.81624186046511,41.75351944444444,1.27458,0.0998290923656009,0.20311728049221042,0.15038588615281667,0.05205931104679226,14.7958,62.1837,42.1771,1.39234,158,12,1,0,0,0,0,run_001
U000035,2889573,MODEL_B,BATCH_02,690520.0,49322.857142857145,8698.614724878216,31623.0,59898.0,14,1.575,4.0,0.0,3.0,14.0,14.593572222222223,61.858163636363635,41.734519444444445,1.269195909090909,0.10026673458077742,0.21596711215056705,0.16558751302031816,0.04848624467217632,14.7744,62.2344,42.0678,1.35072,160,12,1,0,0,0,0,run_001
U000036,2963161,MODEL_A,BATCH_01,754978.0,53927.0,15333.734469111914,33644.0,88247.0,14,1.6,4.0,0.0,6.0,14.0,14.583791666666665,61.84957272727272,41.73578888888889,1.2851911363636364,0.12268512396724016,0.22135578891326071,0.14932888683856232,0.05371263851169433,14.9382,62.2867,42.0171,1.40832,160,12,1,0,0,0,0,run_001
U000037,3029302,MODEL_A,BATCH_01,706676.0,50476.857142857145,11881.830640210177,35680.0,71691.0,14,1.65,4.0,0.0,4.0,14.0,14.59065588235294,61.90555952380952,41.75695294117647,1.29039,0.10968155887973496,0.1879219026416304,0.13133475672654435,0.04111869950254372,14.8164,62.2266,41.9705,1.364,152,12,1,0,0,0,0,run_001
U000038,3088576,MODEL_A,BATCH_01,714410.0,51029.28571428572,11415.682751430975,35097.0,77678.0,14,1.75,4.0,0.0,6.0,14.0,14.58270857142857,61.95726428571429,41.72534571428571,1.280572619047619,0.10349535190309889,0.18857451890747218,0.14140841838418297,0.056892849053823046,14.8253,62.3348,42.0276,1.4137,154,12,1,0,0,0,0,run_001
U000039,3148453,MODEL_A,BATCH_01,682494.0,48749.57142857143,11230.863565086278,29639.0,72220.0,14,1.7,4.0,0.0,3.0,14.0,14.566916666666666,62.01605909090909,41.73697222222222,1.2930293181818182,0.10612053928030556,0.17644350478424875,0.1383622256689432,0.04514991160710022,14.779,62.3587,42.0969,1.39352,160,12,1,0,0,0,0,run_001
U000040,3209390,MODEL_B,BATCH_01,715502.0,51107.28571428572,8689.97009314648,39800.0,62589.0,14,1.75,4.0,0.0,5.0,14.0,14.584261111111111,62.05347209302326,41.705749999999995,1.287773488372093,0.08632871489761078,0.24791649643107125,0.14693205912938165,0.04207663121834239,14.7747,62.5211,42.0081,1.37738,158,12,1,0,0,0,0,run_001
U000041,3263067,MODEL_A,BATCH_01,697425.0,49816.07142857143,9783.359549328063,36885.0,70105.0,14,1.7317073170731707,4.0,0.0,3.0,14.0,14.591167567567567,62.01525434782609,40.21857567567567,1.4724826086956522,0.08945640792541872,0.21822235419306915,0.14706673165117648,0.047737370706107854,14.7984,62.5542,40.6176,1.58742,166,12,2,1,0,1,1,run_001
U000042,3333020,MODEL_A,BATCH_02,683071.0,48790.78571428572,11719.445682471318,30526.0,78843.0,14,1.775,4.0,0.0,4.0,14.0,14.578030303030303,62.136620512820514,41.72188181818182,1.2915664102564104,0.10249131208561177,0.2025634249984401,0.14877169265048634,0.06058254918474458,14.8049,62.5422,42.0981,1.43557,144,12,1,0,0,0,0,run_001
U000043,3388537,MODEL_A,BATCH_01,694340.0,49595.71428571428,7015.599096393599,36413.0,63310.0,14,1.775,4.0,0.0,4.0,14.0,14.596975675675678,62.12636888888889,41.70222432432433,1.3180582222222224,0.11053835283487565,0.21289790961677396,0.13631293328507402,0.049097525594422285,14.8137,62.6092,41.9894,1.40811,164,12,1,0,0,0,0,run_001
U000044,3438368,MODEL_A,BATCH_01,692247.0,49446.21428571428,10645.898597607882,35758.0,71809.0,14,1.8,4.0,0.0,4.0,14.0,14.59076111111111,62.07666904761905,41.711475,1.3019559523809523,0.07582587676579529,0.21293680671206122,0.17045661764801076,0.04572778159988146,14.7308,62.7136,42.1295,1.40884,156,12,1,0,0,0,0,run_001
U000045,3525192,MODEL_B,BATCH_01,696721.0,49765.78571428572,14159.297424870138,34079.0,86824.0,14,1.75,4.0,0.0,3.0,14.0,14.610335294117647,62.16862380952381,41.711029411764706,1.3043969047619046,0.09884332837911886,0.18818838227732787,0.1545125012681132,0.04018718200499891,14.8281,62.5475,41.9546,1.39236,152,12,1,0,0,0,0,run_001
U000046,3580002,MODEL_A,BATCH_01,703878.0,50277.0,10799.320519935858,36916.0,63452.0,14,1.75,4.0,0.0,4.0,14.0,14.607151428571427,62.24479534883721,41.69925142857143,1.298286976744186,0.09718565123886706,0.19690978591064331,0.1470667782924165,0.0517181030999915,14.8581,62.6637,41.9777,1.40552,156,12,1,0,0,0,0,run_001
U000047,3646289,MODEL_A,BATCH_01,711436.0,50816.857142857145,8268.225880368243,38108.0,66287.0,14,1.8,4.0,0.0,5.0,14.0,14.631533333333332,62.23314090909091,41.66507777777778,1.3223254545454546,0.11510469271803926,0.18719040464150896,0.12103684235120012,0.04610489236283482,14.9266,62.7389,41.8993,1.42194,160,12,1,0,0,0,0,run_001
U000048,3707042,MODEL_A,BATCH_01,726079.0,51862.78571428572,8912.702363037146,35821.0,68187.0,14,1.725,4.0,0.0,3.0,14.0,14.633654054054054,62.25013181818181,41.64221621621621,1.3195552272727271,0.10738906057103893,0.20703811442467457,0.1543745274639895,0.05233964687338719,14.8337,62.5858,41.9937,1.44436,162,12,1,0,0,0,0,run_001
U000049,3761839,MODEL_A,BATCH_02,707396.0,50528.28571428572,9700.83215644269,35219.0,67776.0,14,1.85,4.0,0.0,5.0,14.0,14.629189189189189,62.22518888888889,41.67226216216216,1.3203253333333334,0.09200894818737256,0.19818578889312832,0.13578614794216973,0.04510326850683881,14.8598,62.7755,41.9451,1.44003,164,12,1,0,0,0,0,run_001
U000050,3811706,MODEL_B,BATCH_01,643967.0,45997.642857142855,10147.791215577161,32937.0,66562.0,14,1.85,4.0,0.0,1.0,14.0,14.64400909090909,62.27104146341464,41.66239393939394,1.3323480487804877,0.09544687777645107,0.18531419397284646,0.13687869615875672,0.05424722394830505,14.8099,62.7003,42.0136,1.46914,148,12,1,0,0,0,0,run_001
U000051,3864242,MODEL_A,BATCH_01,684730.0,48909.28571428572,8077.803294580406,36173.0,61584.0,14,1.775,4.0,0.0,3.0,14.0,14.633730555555555,62.24203333333334,41.66489722222222,1.3304508888888888,0.0851940937572035,0.20730615260790242,0.14864578891947205,0.05982949689903736,14.8221,62.8149,41.9054,1.45185,162,12,1,0,0,0,0,run_001
U000052,3944044,MODEL_A,BATCH_01,747668.0,53404.857142857145,13619.797811992674,34105.0,79802.0,14,1.8,4.0,0.0,4.0,14.0,14.605685,62.30075744680851,41.6506275,1.3310740425531915,0.08066667583174347,0.22361756147949377,0.15109514066326293,0.04542721740464174,14.7646,62.7954,41.9328,1.45374,174,12,1,0,0,0,0,run_001
U000053,3992464,MODEL_A,BATCH_01,727129.0,51937.78571428572,11053.341904521083,37786.0,81807.0,14,1.725,4.0,0.0,4.0,14.0,14.619688235294118,62.36318095238095,41.628432352941175,1.3244119047619047,0.09852925658327105,0.21853309314397032,0.1361275910415693,0.05586435375687819,14.8104,62.7856,41.926,1.44215,152,12,1,0,0,0,0,run_001
U000054,4039139,MODEL_A,BATCH_01,713522.0,50965.857142857145,12614.751358000514,35638.0,73312.0,14,1.7804878048780488,4.0,0.0,5.0,14.0,14.633594594594594,62.37009090909091,41.652924324324324,1.3478129545454545,0.10313978633643511,0.2249074629534972,0.13517289834670007,0.05123269670823397,14.7774,62.9252,41.9543,1.47367,162,12,2,0,0,0,0,run_001
U000055,4103602,MODEL_B,BATCH_01,734579.0,52469.92857142857,9925.969276167873,40134.0,70713.0,14,1.875,4.0,0.0,5.0,14.0,14.652146153846155,62.408674999999995,41.6132,1.3399710416666668,0.09625726998150037,0.2387473600165957,0.14455898632155528,0.04419307143344565,14.8464,62.9266,41.9387,1.44163,174,12,1,0,0,0,0,run_001
U000056,4162783,MODEL_A,BATCH_02,696679.0,49762.78571428572,8523.603311516083,35514.0,61333.0,14,1.875,4.0,0.0,2.0,14.0,14.636975,62.456268888888886,41.61087777777778,1.3390177777777779,0.08822381724098911,0.19737914348488908,0.1494073016213652,0.04078077994756004,14.8262,62.8915,41.9436,1.42783,162,12,1,0,0,0,0,run_001
U000057,4216781,MODEL_A,BATCH_01,680628.0,48616.28571428572,7830.1330908088785,35960.0,61346.0,14,1.825,4.0,0.0,3.0,14.0,14.639094285714284,62.45227499999999,41.61667142857143,1.335263409090909,0.10792458680474316,0.20980417572384719,0.12963831943351528,0.04600263015449306,14.8544,62.9565,41.8551,1.45913,158,12,1,0,0,0,0,run_001
U000058,4269203,MODEL_A,BATCH_01,726060.0,51861.42857142857,8527.056798705617,39531.0,68171.0,14,1.775,4.0,0.0,4.0,14.0,14.621513157894736,62.46616222222222,41.609231578947366,1.3495888888888887,0.08213161543901978,0.2244076437777008,0.1941810566445693,0.053276609238193745,14.78,62.8563,42.022,1.45039,166,12,1,0,0,0,0,run_001
U000059,4341956,MODEL_A,BATCH_01,726020.0,51858.57142857143,13293.03823993415,33513.0,80064.0,14,1.8,4.0,0.0,5.0,14.0,14.643534210526315,62.51116444444444,41.608363157894736,1.3611553333333333,0.1003476531898541,0.2143610740566191,0.1672921969086271,0.03986245309014032,14.8985,62.9652,41.8796,1.43416,166,12,1,0,0,0,0,run_001
U000060,4395209,MODEL_B,BATCH_01,697813.0,49843.78571428572,7254.716844164974,40088.0,64329.0,14,1.825,4.0,0.0,5.0,14.0,14.671711111111112,62.53067954545455,41.581202777777776,1.3544679545454545,0.10512652724293109,0.16932781826090482,0.15620890679949068,0.048092349368811654,14.8543,62.8541,41.8808,1.4798,160,12,1,0,0,0,0,run_001
U000061,4444936,MODEL_A,BATCH_01,697628.0,49830.57142857143,7604.335835199909,37584.0,64510.0,14,1.825,4.0,0.0,5.0,14.0,14.646849999999999,62.549854347826084,40.06477631578947,1.5524478260869565,0.09264870807576392,0.18953742721164515,0.1510428334347767,0.05900270953902764,14.9271,62.9012,40.3447,1.70035,168,12,1,0,0,0,1,run_001
U000062,4508940,MODEL_A,BATCH_01,715598.0,51114.142857142855,9445.002552079655,35588.0,68488.0,14,1.8,4.0,0.0,6.0,14.0,14.648320512820513,62.615959574468086,41.591641025641024,1.3742889361702126,0.09992322626446025,0.18684072577602198,0.14816734443464682,0.0447535996237001,14.9179,63.0553,41.8589,1.48583,172,12,1,0,0,0,0,run_001
U000063,4576472,MODEL_A,BATCH_02,701117.0,50079.78571428572,10891.446334543534,34086.0,71199.0,14,1.85,4.0,0.0,5.0,14.0,14.616582857142857,62.59122093023256,41.56582571428571,1.3750725581395349,0.08727398199218994,0.18116864224375934,0.13591637641634977,0.060601094446074276,14.7638,62.9845,41.8409,1.5643,156,12,1,0,0,0,0,run_001
U000064,4631823,MODEL_A,BATCH_01,690674.0,49333.857142857145,8861.160671128837,32569.0,63352.0,14,1.85,4.0,0.0,3.0,14.0,14.631511111111113,62.620731111111105,41.59299166666667,1.3802602222222222,0.09916259023234086,0.19910404637482407,0.13587738669214044,0.0648711534326065,14.8212,63.0045,41.8636,1.51057,162,12,1,0,0,0,0,run_001
U000065,4685113,MODEL_B,BATCH_01,689023.0,49215.92857142857,7207.93164041995,36802.0,60719.0,14,1.875,4.0,0.0,4.0,14.0,14.669380555555556,62.666599999999995,41.524455555555555,1.3841188372093023,0.1072173781741546,0.1849977927796257,0.1792975602486304,0.057000105230032405,14.9488,63.0141,41.9358,1.4896,158,12,1,0,0,0,0,run_001
U000066,4742131,MODEL_A,BATCH_01,690538.0,49324.142857142855,8085.375904463782,34887.0,60322.0,14,1.825,4.0,0.0,3.0,14.0,14.668520588235294,62.67630714285714,41.529105882352944,1.3861452380952382,0.08396774192802829,0.20224454455286064,0.1492032576238249,0.05429918663713229,14.8465,63.1591,41.852,1.51522,152,12,1,0,0,0,0,run_001
U000067,4794978,MODEL_A,BATCH_01,720082.0,51434.42857142857,8933.282123301911,38424.0,68048.0,14,1.8,4.0,0.0,4.0,14.0,14.646671794871795,62.75736595744681,41.55245128205128,1.3912006382978723,0.09777808372646707,0.2521737869325656,0.14519567354688745,0.04796336402624567,14.8247,63.4712,41.8824,1.48894,172,12,1,0,0,0,0,run_001
U000068,4847441,MODEL_A,BATCH_01,705746.0,50410.42857142857,9534.730028966458,33811.0,67266.0,14,1.9,4.0,0.0,5.0,14.0,14.67506857142857,62.77012272727273,41.52778857142857,1.3930161363636364,0.09895520308951616,0.205526228579831,0.14536377243362417,0.05105402465587183,14.8935,63.1672,41.7906,1.5456,158,12,1,0,0,0,0,run_001
U000069,4902069,MODEL_A,BATCH_01,666872.0,47633.71428571428,7884.888735652926,37243.0,58081.0,14,1.825,4.0,0.0,1.0,14.0,14.634560606060605,62.780048717948716,41.50964242424242,1.387845641025641,0.10105391487775799,0.17700102567617682,0.13899917947218068,0.05947189919329318,14.8562,63.1685,41.8664,1.48944,144,12,1,0,0,0,0,run_001
U000070,4963077,MODEL_B,BATCH_02,705954.0,50425.28571428572,12111.306760649299,33509.0,74964.0,14,1.775,4.0,0.0,4.0,14.0,14.677885714285715,62.7958023255814,41.52298857142857,1.4105130232558138,0.09350789253526462,0.18415290811141616,0.1681953604512057,0.054941093456229204,14.8801,63.1934,41.9159,1.53718,156,12,1,0,0,0,1,run_001
U000071,5039746,MODEL_A,BATCH_01,715154.0,51082.42857142857,10560.481987210518,36746.0,76669.0,14,1.75,4.0,0.0,5.0,14.0,14.681448648648649,62.784193333333334,41.53221621621621,1.4069,0.08257407321652231,0.2343892570451579,0.13715873916644747,0.04887897847095042,14.8558,63.2296,41.8188,1.51619,164,12,1,0,0,0,0,run_001
U000072,5107168,MODEL_A,BATCH_01,721079.0,51505.642857142855,12658.315051362897,34570.0,70255.0,14,1.75,4.0,0.0,6.0,14.0,14.673063888888887,62.85098863636363,41.47812777777778,1.4119136363636364,0.11246828163093747,0.18398087389967463,0.15405432921280218,0.058826961311689525,14.9156,63.2523,41.8024,1.54904,160,12,1,0,0,0,0,run_001
U000073,5167173,MODEL_A,BATCH_01,713997.0,50999.78571428572,9887.239485460901,35610.0,64973.0,14,1.75,4.0,0.0,5.0,14.0,14.657391428571428,62.84812727272727,41.517654285714286,1.4106802272727272,0.11008579908264193,0.1891002654722916,0.18765431977732994,0.04627384531689864,14.8712,63.1939,41.8933,1.53692,158,12,1,0,0,0,0,run_001
U000074,5220670,MODEL_A,BATCH_01,716396.0,51171.142857142855,8719.06151316354,35813.0,68110.0,14,1.725,4.0,0.0,5.0,14.0,14.670613157894737,62.90129130434783,41.51759736842105,1.410770652173913,0.0957121138681494,0.1927491447752611,0.16187749369773374,0.03984879752275668,14.9218,63.4168,41.8626,1.50091,168,12,1,0,0,0,0,run_001
U000075,5290603,MODEL_B,BATCH_01,728232.0,52016.57142857143,12325.021570986184,30506.0,72315.0,14,1.775,4.0,0.0,5.0,14.0,14.66877894736842,62.93331555555556,41.4556,1.4207142222222222,0.10659362882916674,0.18828327661405703,0.19299983195623627,0.05629370930013121,14.8908,63.2985,41.8509,1.57583,166,12,1,0,0,0,0,run_001
U000076,5345838,MODEL_A,BATCH_01,681024.0,48644.57142857143,6976.336383852153,37575.0,63343.0,14,1.7560975609756098,4.0,0.0,2.0,14.0,14.675583783783782,62.993638636363634,41.45702162162162,1.4284145454545454,0.10082892693819312,0.2145974990815379,0.14803591556543744,0.0477967056106427,14.9055,63.4352,41.7915,1.53207,162,12,2,0,0,0,0,run_001
U000077,5409725,MODEL_A,BATCH_02,705995.0,50428.21428571428,11682.103387914953,35531.0,71905.0,14,1.775,4.0,0.0,4.0,14.0,14.681856250000001,62.9648025,41.455425,1.422555,0.09753663310975559,0.17078742445673223,0.14760937333643212,0.05352388165755839,14.9381,63.3099,41.7737,1.5257,144,12,1,0,0,0,0,run_001
U000078,5458015,MODEL_A,BATCH_01,704293.0,50306.642857142855,6922.970834138309,39904.0,65440.0,14,1.7560975609756098,4.0,0.0,4.0,14.0,14.685875000000001,62.99267954545455,41.49555,1.435005,0.09392905947727656,0.22094309861974837,0.15685838289908013,0.04987721568197289,14.8434,63.372,41.8486,1.58995,160,12,2,0,0,0,0,run_001
U000079,5516198,MODEL_A,BATCH_01,731303.0,52235.92857142857,15101.982006775372,31805.0,75297.0,14,1.8,4.0,0.0,5.0,14.0,14.696913157894738,63.01079333333334,41.43627631578948,1.4152957777777777,0.09143944140146668,0.19384807828437606,0.16270036866718549,0.04847285564148665,14.8634,63.374,41.6902,1.52878,166,12,1,0,0,0,0,run_001
U000080,5583466,MODEL_B,BATCH_01,710703.0,50764.5,12776.549448411035,34237.0,76955.0,14,1.825,4.0,0.0,4.0,14.0,14.682267647058822,63.027234146341456,41.44424411764706,1.430390731707317,0.07428276328710894,0.2069120907653254,0.1860673423076714,0.047973996049435155,14.8346,63.5078,41.8334,1.54437,150,12,1,0,0,0,0,run_001
U000081,5642055,MODEL_A,BATCH_01,704436.0,50316.857142857145,8559.262817440645,37094.0,64413.0,14,1.775,4.0,0.0,5.0,14.0,14.687517647058824,63.076840909090905,41.436605882352936,1.4322868181818182,0.10518979231093208,0.22965102273017357,0.15168852245024145,0.0516299019531037,14.9173,63.4982,41.7267,1.53315,156,12,1,0,0,0,0,run_001
U000082,5718797,MODEL_A,BATCH_01,728740.0,52052.857142857145,10704.946296399214,36528.0,68418.0,14,1.775,4.0,0.0,7.0,14.0,14.700408333333334,63.10483333333334,41.45868611111111,1.4284928888888888,0.08483148463698063,0.21366424063767164,0.17040007738559262,0.05169999101557079,14.9025,63.5449,41.8046,1.52686,162,12,1,0,0,0,0,run_001
U000083,5764977,MODEL_A,BATCH_01,679653.0,48546.642857142855,8896.883712048522,35975.0,62443.0,14,1.6585365853658536,4.0,0.0,5.0,14.0,14.716216216216216,63.101165909090916,41.397021621621626,1.4409063636363635,0.0982228433306221,0.18208215490916257,0.13910339107444017,0.040213947892167916,14.8921,63.5558,41.6536,1.52277,162,12,2,0,0,0,0,run_001
U000084,5834917,MODEL_A,BATCH_02,721927.0,51566.21428571428,12435.01745492927,37777.0,81113.0,14,1.775,4.0,0.0,7.0,14.0,14.680431578947369,63.151256521739136,41.381626315789475,1.4498415217391305,0.09528358840357062,0.15432618363881673,0.15555805327083297,0.053416458136561956,15.0034,63.5373,41.6843,1.55954,168,12,1,0,0,0,1,run_001
U000085,5913793,MODEL_B,BATCH_01,725892.0,51849.42857142857,13531.824322481634,34296.0,78876.0,14,1.75,4.0,0.0,4.0,14.0,14.690426470588235,63.15656097560975,41.401835294117646,1.4536221951219512,0.10431882746140944,0.20329261407888008,0.1370530883256843,0.0406661510664702,14.8879,63.5438,41.6188,1.54697,150,12,1,0,0,0,0,run_001
U000086,5981692,MODEL_A,BATCH_01,718027.0,51287.642857142855,9162.332005865881,39732.0,67899.0,14,1.875,4.0,0.0,5.0,14.0,14.72402777777778,63.19751162790698,41.39619722222223,1.4673216279069767,0.10828593791072935,0.2080708020628942,0.13230376408879488,0.045801542598799844,14.9486,63.6189,41.7167,1.57257,158,12,1,0,0,0,0,run_001
U000087,6048857,MODEL_A,BATCH_01,682320.0,48737.142857142855,11817.107005440123,32406.0,67416.0,14,1.825,4.0,0.0,3.0,14.0,14.718645454545454,63.259821951219514,41.373245454545454,1.469399024390244,0.11696968114352543,0.21580382701911927,0.1738801708269765,0.052361216315364466,15.0254,63.7243,41.7896,1.60967,148,12,1,0,0,0,0,run_001
U000088,6122713,MODEL_A,BATCH_01,722093.0,51578.07142857143,8212.837675664434,41158.0,73856.0,14,1.825,4.0,0.0,4.0,14.0,14.707238888888888,63.32027954545454,41.402797222222226,1.4665997727272726,0.11320730990476303,0.20764419879402288,0.18624016827144904,0.04723419885853476,14.8963,63.8837,41.7884,1.577,160,12,1,0,0,0,0,run_001
U000089,6190939,MODEL_A,BATCH_01,720986.0,51499.0,10741.742238002747,37562.0,72275.0,14,1.825,4.0,0.0,5.0,14.0,14.707479411764707,63.29232380952381,41.36433823529412,1.4718883333333335,0.08618721264715493,0.22294766181120843,0.14552225907984132,0.049420720149359436,14.8785,63.7222,41.7375,1.57745,152,12,1,0,0,0,0,run_001
U000090,6246027,MODEL_B,BATCH_01,679106.0,48507.57142857143,8146.175003448747,36154.0,63215.0,14,1.825,4.0,0.0,4.0,14.0,14.708374999999998,63.32266590909091,40.376894444444446,1.595014090909091,0.10266735571042725,0.19566812902912817,0.7294077742327083,0.10186464878085708,14.9549,63.8238,41.5671,1.75731,160,12,1,0,0,0,1,run_001
U000091,6294203,MODEL_A,BATCH_02,696742.0,49767.28571428572,10825.817506374226,33084.0,70089.0,14,1.829268292682927,4.0,0.0,5.0,14.0,14.717634210526315,63.32943043478261,41.389478947368424,1.4801182608695653,0.08607786630881807,0.2238419808402199,0.1495911764956342,0.051507974368779845,14.9019,63.9405,41.6756,1.54922,168,12,2,0,0,0,0,run_001
U000092,6341490,MODEL_A,BATCH_01,714935.0,51066.78571428572,9486.209700876898,37254.0,67677.0,14,1.775,4.0,0.0,4.0,14.0,14.732442105263159,63.36338,41.338202631578945,1.4724957777777778,0.09768944071843444,0.1807625547004075,0.13912731188306138,0.050738520084882645,14.9267,64.0105,41.6882,1.6006,166,12,1,0,0,0,0,run_001
U000093,6404609,MODEL_A,BATCH_01,712639.0,50902.78571428572,9691.894584799049,37235.0,65604.0,14,1.875,4.0,0.0,6.0,14.0,14.73951388888889,63.405130232558136,41.355180555555556,1.479103488372093,0.08437683213766255,0.2029778929258328,0.15421747690369036,0.049669978950771645,14.9383,63.9089,41.6889,1.62448,158,12,1,0,0,0,0,run_001
U000094,6457320,MODEL_A,BATCH_01,677888.0,48420.57142857143,7457.1859583614,34631.0,63563.0,14,1.85,4.0,0.0,3.0,14.0,14.737613888888887,63.40085348837209,41.326299999999996,1.4924802325581394,0.08327023873347664,0.17559970081984178,0.1528220720782368,0.05019242555683042,14.8915,63.8823,41.6408,1.60071,158,12,1,0,0,0,0,run_001
U000095,6508419,MODEL_B,BATCH_01,654591.0,46756.5,7550.986311021281,34475.0,58542.0,14,1.775,4.0,0.0,4.0,14.0,14.710736363636363,63.45172195121951,41.30886363636363,1.5006360975609756,0.09857885428104586,0.17369208317047055,0.1819984989948079,0.05369603867502934,14.9013,63.8704,41.6472,1.6133,148,12,1,0,0,0,0,run_001
U000096,6552856,MODEL_A,BATCH_01,690267.0,49304.78571428572,9206.046008162006,35151.0,60152.0,14,1.775,4.0,0.0,6.0,14.0,14.70380857142857,63.42342790697674,41.29034571428571,1.5070102325581396,0.0871186964853749,0.16376417034373647,0.16338147951570134,0.05514445400117303,14.8877,63.7858,41.5893,1.63598,156,12,1,0,0,0,0,run_001
U000097,6608258,MODEL_A,BATCH_01,676664.0,48333.142857142855,7711.578805298541,34623.0,65159.0,14,1.8,4.0,0.0,6.0,14.0,14.70975,63.51730697674419,41.355805882352946,1.500396976744186,0.11537525140325253,0.2151147129139967,0.16754083706834413,0.05299797047034572,15.021,64.0147,41.7823,1.60471,154,12,1,0,0,0,0,run_001
U000098,6658040,MODEL_A,BATCH_02,714913.0,51065.21428571428,10268.176043399419,33665.0,68859.0,14,1.925,4.0,0.0,7.0,14.0,14.732592105263157,63.523273333333336,41.31049736842105,1.5111906666666666,0.09674909701814512,0.19222302789870221,0.14990592813556533,0.05038550947896174,14.9469,64.0607,41.5802,1.63826,166,12,1,0,0,0,0,run_001
U000099,6732505,MODEL_A,BATCH_01,684530.0,48895.0,10568.518868645839,35586.0,71349.0,14,1.8,4.0,0.0,2.0,14.0,14.744967567567567,63.559020454545454,41.294464864864864,1.505739090909091,0.09721138780471632,0.20443139018460946,0.1388927928220092,0.04736117415942075,15.0037,63.9234,41.5592,1.59229,162,12,1,0,0,0,0,run_001
U000100,6808213,MODEL_B,BATCH_01,703610.0,50257.857142857145,9103.89787066839,33147.0,68463.0,14,1.8,4.0,0.0,6.0,14.0,14.71500263157895,63.55409130434782,41.308368421052634,1.5085445652173914,0.09649039858926207,0.18095833753299384,0.17509195592565638,0.0506535490346606,14.9663,64.0097,41.6406,1.6104,168,12,1,0,0,0,0,run_001
U000101,6864157,MODEL_A,BATCH_01,687807.0,49129.07142857143,9760.896959605914,35199.0,64950.0,14,1.8,4.0,0.0,7.0,14.0,14.744072972972974,63.61715454545454,41.30164324324325,1.4917445454545453,0.11154164555758413,0.1921373000535867,0.15308268923933002,0.04993238281192832,14.9336,64.0468,41.587,1.58637,162,12,1,0,0,0,0,run_001
U000102,6925147,MODEL_A,BATCH_01,671918.0,47994.142857142855,8471.505686323217,35659.0,65630.0,14,1.825,4.0,0.0,6.0,14.0,14.733258333333332,63.59365909090909,41.32154444444444,1.5154004545454547,0.09910480851819753,0.22586074668294542,0.1289627242809658,0.04802048041537557,14.96,64.0386,41.5427,1.62557,160,12,1,0,0,0,0,run_001
U000103,6990173,MODEL_A,BATCH_01,712238.0,50874.142857142855,7790.3115160103525,38082.0,64987.0,14,1.85,4.0,0.0,6.0,14.0,14.733433333333332,63.63126818181818,41.31765,1.5120556818181818,0.08463144636768109,0.19852405954914487,0.1389417791738668,0.05236105673413217,14.937,64.0412,41.675,1.61319,160,12,1,0,0,0,0,run_001
U000104,7048092,MODEL_A,BATCH_01,685656.0,48975.42857142857,9534.83200379846,35687.0,64742.0,14,1.775,4.0,0.0,5.0,14.0,14.744897297297296,63.63927391304348,41.25366756756757,1.5075595652173914,0.07883117856987,0.24596395348802277,0.17680382734365016,0.05297728414483248,14.9125,64.0875,41.6078,1.61844,166,12,1,0,0,0,0,run_001
U000105,7146794,MODEL_B,BATCH_02,736174.0,52583.857142857145,12846.189832350725,37870.0,83724.0,14,1.825,4.0,0.0,7.0,14.0,14.729425,63.74725348837209,41.27925833333333,1.5200839534883719,0.10230345721012009,0.2433605500260272,0.1536202448990927,0.047233597916028214,15.0167,64.2774,41.7274,1.61028,158,12,1,0,0,0,0,run_001
U000106,7214248,MODEL_A,BATCH_01,737754.0,52696.71428571428,13576.029590810027,35038.0,87059.0,14,1.775,4.0,0.0,5.0,14.0,14.771923529411765,63.752958536585375,41.28418235294117,1.52111,0.10484303725042025,0.19317511482539657,0.15705445778279425,0.044280366868398924,14.9879,64.2852,41.5792,1.61579,150,12,1,0,0,0,0,run_001
U000107,7277710,MODEL_A,BATCH_01,723603.0,51685.92857142857,12208.190147880774,35754.0,81855.0,14,1.75,4.0,0.0,5.0,14.0,14.737272222222222,63.7579511627907,41.25245555555556,1.5314823255813954,0.08633961385502549,0.19057358830157994,0.1664164851800481,0.04208727439371045,14.9159,64.2357,41.6975,1.62528,158,12,1,0,0,0,0,run_001
U000108,7335744,MODEL_A,BATCH_01,713081.0,50934.357142857145,10963.295402998434,36035.0,76650.0,14,1.775,4.0,0.0,5.0,14.0,14.733158823529411,63.80569761904762,41.24590882352941,1.5302835714285716,0.1049742367170704,0.22284116347868585,0.15035627662251483,0.049726929585066804,14.8946,64.2684,41.5876,1.64688,152,12,1,0,0,0,0,run_001
U000109,7390090,MODEL_A,BATCH_01,708048.0,50574.857142857145,9504.709236495857,36015.0,66116.0,14,1.8,4.0,0.0,4.0,14.0,14.737291891891893,63.79074545454546,41.17140540540541,1.541885909090909,0.08493496655408518,0.19435874102138215,0.17418584415302887,0.04236071926164186,14.9529,64.238,41.5736,1.67715,162,12,1,0,0,0,0,run_001
U000110,7442002,MODEL_B,BATCH_01,687280.0,49091.42857142857,8714.142808051798,32296.0,64764.0,14,1.7804878048780488,4.0,0.0,3.0,14.0,14.763755263157895,63.83196739130435,41.20639210526316,1.53776,0.09482017032931457,0.19384626790245366,0.15996173762358387,0.04583153814666146,14.9157,64.2782,41.6354,1.60818,168,12,2,0,0,0,0,run_001
U000111,7498646,MODEL_A,BATCH_01,707023.0,50501.642857142855,9919.186773483638,35391.0,68096.0,14,1.7804878048780488,4.0,0.0,4.0,14.0,14.777685714285715,63.90111627906977,41.22146,1.540656976744186,0.09619179414328545,0.1839027252319267,0.16688795854070176,0.04687541073013118,15.0746,64.2674,41.5671,1.66787,156,12,2,0,0,0,0,run_001
U000112,7554916,MODEL_A,BATCH_02,719521.0,51394.357142857145,12121.199531952547,31064.0,66047.0,14,1.825,4.0,0.0,4.0,14.0,14.774863888888888,63.883154545454545,41.26065555555555,1.5360547727272726,0.10137688987923874,0.18111538716307446,0.15986676138843048,0.042179566335208044,14.974,64.2659,41.5403,1.61202,160,12,1,0,0,0,0,run_001
U000113,7614126,MODEL_A,BATCH_01,708497.0,50606.92857142857,10525.234786084244,34450.0,72910.0,14,1.825,4.0,0.0,5.0,14.0,14.769035897435897,63.85498958333333,41.239348717948715,1.5543562499999999,0.08238670206691728,0.2137395982185595,0.1723667843686139,0.0523491544212227,14.9147,64.2906,41.5354,1.66917,174,12,1,0,0,0,0,run_001
U000114,7723660,MODEL_A,BATCH_01,756345.0,54024.642857142855,16530.87251458333,37566.0,102844.0,14,1.875,4.0,0.0,6.0,14.0,14.783115384615385,63.931102083333336,41.17054615384615,1.5406060416666667,0.10198604532628743,0.1820618944200644,0.15258037544736794,0.0515489399663834,14.9992,64.237,41.3893,1.63536,174,12,1,0,0,0,0,run_001
U000115,7780798,MODEL_B,BATCH_01,690308.0,49307.71428571428,8846.129926771295,34269.0,64952.0,14,1.829268292682927,4.0,0.0,3.0,14.0,14.763851428571428,63.977953488372094,41.145134285714285,1.5582023255813955,0.11899971421475505,0.204326535289121,0.14023655213467645,0.05200208246000527,14.9867,64.3756,41.4169,1.70272,156,12,2,0,0,0,0,run_001
U000116,7832872,MODEL_A,BATCH_01,722069.0,51576.357142857145,8480.154340097126,39998.0,66417.0,14,1.825,4.0,0.0,4.0,14.0,14.776557500000001,64.01343260869565,41.181095,1.556309347826087,0.0889565030196622,0.18214983094431736,0.15492463006249232,0.06432407914104166,14.9608,64.3885,41.4511,1.69204,172,12,1,0,0,0,0,run_001
U000117,7902365,MODEL_A,BATCH_01,741549.0,52967.78571428572,10163.539345497342,33744.0,69493.0,14,1.825,4.0,0.0,4.0,14.0,14.778100000000002,63.980825,41.190352777777775,1.5578874999999999,0.08658105368464199,0.20335113190940862,0.1520151242214514,0.052150634642395756,14.9346,64.4884,41.5461,1.68467,160,12,1,0,0,0,0,run_001
U000118,7983335,MODEL_A,BATCH_01,764159.0,54582.78571428572,13100.099296033373,34871.0,80970.0,14,1.85,4.0,0.0,5.0,14.0,14.7448,64.08310416666667,41.1905076923077,1.5717589583333333,0.0790014889932962,0.1908788074438997,0.13806359020129486,0.05145096642144201,14.8573,64.5341,41.5473,1.69038,174,12,1,0,0,0,0,run_001
U000119,8043960,MODEL_A,BATCH_02,722234.0,51588.142857142855,11169.109783802707,33507.0,76285.0,14,1.875,4.0,0.0,4.0,14.0,14.771381578947368,64.05322391304348,41.15093684210526,1.5734189130434781,0.10667585115226912,0.18176838031441525,0.15118824032106493,0.05312076092277381,14.9478,64.4451,41.5588,1.68448,168,12,1,0,0,0,0,run_001
U000120,8098012,MODEL_B,BATCH_01,693837.0,49559.78571428572,10172.546403686976,38971.0,67225.0,14,1.853658536585366,4.0,0.0,4.0,14.0,14.771661764705883,64.08583658536585,41.13259411764706,1.5835129268292683,0.10688433004380357,0.20312894273847207,0.18186680764208982,0.03620041914425179,15.02,64.4805,41.4717,1.67506,150,12,2,0,0,0,0,run_001
U000121,8141516,MODEL_A,BATCH_01,701177.0,50084.07142857143,8069.932622579138,35328.0,64102.0,14,1.829268292682927,4.0,0.0,5.0,14.0,14.795686486486485,64.16736363636363,41.10302162162162,1.592149318181818,0.12219022547323996,0.23505468348520484,0.18670896118340316,0.0531885931728821,15.0202,64.5733,41.4229,1.68692,162,12,2,0,0,0,0,run_001
U000122,8187775,MODEL_A,BATCH_01,712474.0,50891.0,9022.295657041888,34762.0,63597.0,14,1.8,4.0,0.0,5.0,14.0,14.792805128205128,64.15052391304349,41.1188641025641,1.5849245652173913,0.09436914345360638,0.21219490640528912,0.15559957970309188,0.052876515085475716,14.9915,64.6232,41.4908,1.68344,170,12,1,0,0,0,0,run_001
U000123,8262697,MODEL_A,BATCH_01,735368.0,52526.28571428572,9204.56030311206,38733.0,74922.0,14,1.875,4.0,0.0,6.0,14.0,14.803221052631578,64.16362444444445,41.18345789473684,1.5847248888888887,0.10369404100237689,0.24175516649133366,0.15210307783651122,0.05213938450408336,15.0418,64.7017,41.5231,1.70961,166,12,1,1,1,0,0,run_001
U000124,8308557,MODEL_A,BATCH_01,674767.0,48197.642857142855,8162.233250273367,33302.0,56703.0,14,1.85,4.0,0.0,3.0,14.0,14.803705714285712,64.202,41.1203,1.579815909090909,0.11333386115382126,0.18419065198611656,0.1939897056092232,0.04434517274367032,15.0877,64.5208,41.4772,1.67042,158,12,1,0,0,0,0,run_001
U000125,8370822,MODEL_B,BATCH_01,686957.0,49068.357142857145,9859.232390210498,33597.0,63069.0,14,1.75,4.0,0.0,3.0,14.0,14.820016216216215,64.24463333333333,41.12028378378378,1.6059466666666666,0.1077253516884323,0.1810790915549724,0.15747170030325017,0.04860396343703477,15.0115,64.5589,41.4693,1.70926,158,12,1,0,0,0,0,run_001
U000126,8429587,MODEL_A,BATCH_02,713230.0,50945.0,9862.850009388378,34209.0,71771.0,14,1.75,4.0,0.0,6.0,14.0,14.805724324324324,64.24556590909091,41.129735135135135,1.5991911363636364,0.12204134409973394,0.19622501433976647,0.15109950771339858,0.04696246884560045,15.0343,64.5937,41.4169,1.72027,162,12,1,0,0,0,0,run_001
U000127,8479144,MODEL_A,BATCH_01,687978.0,49141.28571428572,8900.475825038115,33635.0,64135.0,14,1.8,4.0,0.0,5.0,14.0,14.821647222222222,64.30578372093024,41.13073333333333,1.6037423255813954,0.09944303031272642,0.18708952648172994,0.14527053579934462,0.056031610459216515,15.0321,64.7968,41.3979,1.73581,158,12,1,0,0,0,0,run_001
U000128,8535570,MODEL_A,BATCH_01,679084.0,48506.0,8845.719216747639,34033.0,59719.0,14,1.775,4.0,0.0,4.0,14.0,14.80239411764706,64.35256744186047,41.122126470588235,1.6205567441860467,0.09184612936591764,0.23984857496914205,0.1347958620640475,0.04093186439047969,14.9692,64.9161,41.419,1.72111,154,12,1,0,0,0,0,run_001
U000129,8594238,MODEL_A,BATCH_01,711435.0,50816.78571428572,12479.872011045944,30617.0,75525.0,14,1.7,4.0,0.0,4.0,14.0,14.8015825,64.27817916666667,41.1295725,1.6168279166666666,0.09402823604150458,0.19026809524294278,0.13114212291955074,0.04677766992997851,15.0064,64.7463,41.4464,1.715,176,12,1,0,0,0,0,run_001
U000130,8659735,MODEL_B,BATCH_01,745402.0,53243.0,9360.560708057546,38879.0,66672.0,14,1.775,4.0,0.0,6.0,14.0,14.859623076923077,64.32585217391305,41.104689743589745,1.616407608695652,0.08766935929219759,0.19346697305182672,0.16216692795886783,0.04301667135140268,15.0277,64.6858,41.6296,1.69778,170,12,1,0,0,0,0,run_001
U000131,8724607,MODEL_A,BATCH_01,698477.0,49891.21428571428,9777.291643068973,32783.0,67479.0,14,1.775,4.0,0.0,4.0,14.0,14.797454285714284,64.38908604651164,41.07160857142857,1.6229046511627905,0.08267954559928467,0.1929278826294981,0.1671186499456721,0.04806585806146541,14.9702,64.7461,41.4418,1.72845,156,12,1,0,0,0,0,run_001
U000132,8781883,MODEL_A,BATCH_01,722177.0,51584.07142857143,9161.32042434836,40271.0,68426.0,14,1.75,4.0,0.0,4.0,14.0,14.814964102564103,64.41355957446808,41.086697435897435,1.6283193617021277,0.0842950909701946,0.18055592492605294,0.16454097471959106,0.06229928523577188,15.0759,64.9144,41.3775,1.76322,172,12,1,0,0,0,0,run_001
U000133,8837832,MODEL_A,BATCH_02,716515.0,51179.642857142855,9321.62213192155,33844.0,68329.0,14,1.775,4.0,0.0,5.0,14.0,14.837352631578947,64.44351739130435,41.0246,1.6317297826086956,0.08273957756473194,0.16937356123780828,0.17320564250218212,0.04346970600259088,15.0062,64.7993,41.4257,1.7365,168,12,1,0,0,0,0,run_001
U000134,8893565,MODEL_A,BATCH_01,700270.0,50019.28571428572,10307.869036126433,35380.0,67494.0,14,1.7317073170731707,4.0,0.0,3.0,14.0,14.823347222222221,64.41897045454544,41.05411388888889,1.6258711363636364,0.08921533976400244,0.1772607100835464,0.13658506120526095,0.06200977695665041,15.0269,64.866,41.2993,1.76785,160,12,2,0,0,0,0,run_001
U000135,8961445,MODEL_B,BATCH_01,722295.0,51592.5,13277.926389022785,34954.0,81413.0,14,1.775,4.0,0.0,5.0,14.0,14.818191176470588,64.45564761904762,41.05581176470588,1.6141252380952382,0.08659967236150173,0.21137087765589282,0.11565513984492479,0.0452469393244959,15.0142,64.7832,41.2471,1.69957,152,12,1,0,0,0,0,run_001
U000136,9027077,MODEL_A,BATCH_01,703680.0,50262.857142857145,8282.221059011265,36025.0,65632.0,14,1.775,4.0,0.0,4.0,14.0,14.812988571428573,64.50222142857143,41.11083714285714,1.626212142857143,0.09564806744896995,0.18028926693932482,0.13984758317900328,0.045444102654006356,15.0617,64.7753,41.4182,1.76988,154,12,1,0,0,0,0,run_001
U000137,9075288,MODEL_A,BATCH_01,682875.0,48776.78571428572,8723.71915375698,34898.0,64955.0,14,1.75,4.0,0.0,3.0,14.0,14.827036363636363,64.5690025,40.98588787878788,1.62312375,0.0940289909355819,0.19671146185303667,0.1473492932575002,0.04798472607881573,15.0092,65.0989,41.3735,1.74808,146,12,1,0,0,0,0,run_001
U000138,9130021,MODEL_A,BATCH_01,696937.0,49781.21428571428,8865.77550235972,34566.0,70239.0,14,1.8,4.0,0.0,3.0,14.0,14.796189189189187,64.58385777777778,41.019437837837835,1.6422315555555556,0.10098045130888726,0.19469182932018778,0.16440968873746678,0.04411713674235253,14.9848,65.0348,41.406,1.75732,164,12,1,0,0,0,0,run_001
U000139,9174498,MODEL_A,BATCH_01,678692.0,48478.0,7923.4537147149895,34828.0,59022.0,14,1.775,4.0,0.0,4.0,14.0,14.817481578947369,64.63171304347826,40.575805263157896,1.7184723913043478,0.08761642402884093,0.19089217038678094,0.76652454376084,0.11158194487928355,15.024,64.9857,41.3592,1.9183,168,12,1,0,0,0,1,run_001
U000140,9224566,MODEL_B,BATCH_02,710687.0,50763.357142857145,10365.052633412268,33432.0,66500.0,14,1.7560975609756098,4.0,0.0,4.0,14.0,14.837616216216217,64.60513333333333,41.0250027027027,1.6572853333333333,0.09114716888854184,0.23914947018739033,0.144366896571984,0.04651064763724927,15.0283,65.245,41.3786,1.78647,164,12,2,0,0,0,0,run_001
U000141,9298138,MODEL_A,BATCH_01,726647.0,51903.357142857145,11192.980531133326,32092.0,80118.0,14,1.75,4.0,0.0,3.0,14.0,14.81302894736842,64.63178666666667,41.009331578947375,1.6457602222222223,0.08711275361337889,0.21726404923711903,0.14331620701105155,0.046166917094824574,14.9755,64.9779,41.3744,1.78241,166,12,1,0,0,0,0,run_001
U000142,9350180,MODEL_A,BATCH_01,694418.0,49601.28571428572,7657.363097332894,32520.0,59365.0,14,1.725,4.0,0.0,5.0,14.0,14.84232857142857,64.6059,41.011422857142854,1.6558034883720931,0.0920981016966936,0.20769930646191254,0.16138729829332935,0.05552872216394478,15.0378,64.9389,41.283,1.76632,156,12,1,0,0,0,0,run_001
U000143,9418334,MODEL_A,BATCH_01,728712.0,52050.857142857145,9442.838954280833,37460.0,68154.0,14,1.75,4.0,0.0,5.0,14.0,14.820624324324324,64.73121136363636,41.035578378378375,1.6622663636363635,0.1031872445966432,0.1826303423883565,0.16227054934949275,0.0518954228877837,15.0592,65.1942,41.357,1.76844,162,12,1,0,0,0,0,run_001
U000144,9472643,MODEL_A,BATCH_01,697661.0,49832.92857142857,7929.150613782284,37806.0,62596.0,14,1.725,4.0,0.0,5.0,14.0,14.844794285714286,64.75362093023256,40.96709714285714,1.6752500000000001,0.09334758871726564,0.2260933009665947,0.16418553437339922,0.04719488022071485,15.0316,65.2576,41.3288,1.77818,156,12,1,0,0,0,0,run_001
U000145,9539880,MODEL_B,BATCH_01,695868.0,49704.857142857145,8028.5234283497275,37517.0,67237.0,14,1.725,4.0,0.0,5.0,14.0,14.849957142857145,64.7542619047619,40.94277142857143,1.6658207142857144,0.09504129531485785,0.15473654550027058,0.1312908011011485,0.04461707446285212,14.9922,65.1067,41.1953,1.75939,154,12,1,0,0,0,0,run_001
U000146,9624727,MODEL_A,BATCH_01,741373.0,52955.21428571428,13086.15183007519,37547.0,84847.0,14,1.75,4.0,0.0,5.0,14.0,14.845283783783783,64.78938444444445,40.94933513513513,1.6814495555555555,0.08544436953530166,0.1822160467880674,0.14884416574281875,0.05532757831791714,15.0628,65.2229,41.1998,1.79025,164,12,1,0,0,0,0,run_001
U000147,9689938,MODEL_A,BATCH_02,687682.0,49120.142857142855,9963.884968742346,36791.0,65211.0,14,1.775,4.0,0.0,4.0,14.0,14.842364705882353,64.7674975,40.96476764705882,1.6734447500000003,0.12086594096880451,0.1850749238267755,0.1524712843716234,0.05365917858195127,15.2163,65.1661,41.2973,1.79789,148,12,1,0,0,0,0,run_001
U000148,9748151,MODEL_A,BATCH_01,711861.0,50847.21428571428,10510.095748510437,35501.0,65606.0,14,1.75,4.0,0.0,3.0,14.0,14.85183142857143,64.78011428571429,40.98337428571429,1.665142619047619,0.09717817405469718,0.19176317911453103,0.17568442520754166,0.03978614896004449,15.0748,65.2532,41.3116,1.74269,154,12,1,0,0,0,0,run_001
U000149,9810592,MODEL_A,BATCH_01,714289.0,51020.642857142855,10901.335532910587,38005.0,66249.0,14,1.775,4.0,0.0,4.0,14.0,14.847718918918918,64.85485111111112,40.96366486486487,1.6852715555555555,0.07128975630730104,0.17869388836044198,0.14924919544956292,0.05509865069934916,15.0039,65.2277,41.193,1.78765,164,12,1,0,0,0,0,run_001
U000150,9858461,MODEL_B,BATCH_01,689684.0,49263.142857142855,10363.185030579256,32711.0,65445.0,14,1.75,4.0,0.0,4.0,14.0,14.840891666666668,64.88386444444444,40.96093055555556,1.69899,0.09853440697108166,0.17987575403285913,0.18349480929901463,0.047914642191752205,15.1116,65.4116,41.4456,1.80976,162,12,1,0,0,0,0,run_001
U000151,9936035,MODEL_A,BATCH_01,735303.0,52521.642857142855,16662.698639162878,30423.0,86197.0,14,1.725,4.0,0.0,5.0,14.0,14.861559999999999,64.84821428571429,40.95482571428571,1.6910295238095239,0.11496573197875813,0.22379144534689718,0.15209018675629027,0.04225016859267164,15.1702,65.221,41.3874,1.78913,154,12,1,0,0,0,0,run_001
U000152,9991863,MODEL_A,BATCH_01,707317.0,50522.642857142855,9408.932920835985,39114.0,69890.0,14,1.8,4.0,0.0,6.0,14.0,14.868094444444445,64.89840217391304,40.91950833333333,1.6728480434782609,0.10997069725144129,0.18960638115039072,0.13890504541900997,0.05829560355519734,15.0641,65.3552,41.1537,1.81309,164,12,1,0,0,0,0,run_001
U000153,10046709,MODEL_A,BATCH_01,697379.0,49812.78571428572,9170.830305321922,38105.0,67453.0,14,1.8,4.0,0.0,3.0,14.0,14.852468421052633,64.92823636363636,40.943876315789474,1.696649772727273,0.09831091909679084,0.2086513438684172,0.12605432212582168,0.0616940736850317,15.0709,65.4278,41.2058,1.82022,164,12,1,0,0,0,0,run_001
U000154,10115467,MODEL_A,BATCH_02,709001.0,50642.92857142857,11429.62148551726,33002.0,70341.0,14,1.85,4.0,0.0,3.0,14.0,14.877905128205128,64.97513191489362,40.91451794871795,1.6956329787234041,0.10468847759629751,0.2163770582816033,0.15581819174888437,0.054556062067616526,15.1659,65.6141,41.3676,1.83394,172,12,1,0,0,0,0,run_001
U000155,10190524,MODEL_B,BATCH_01,720133.0,51438.07142857143,10499.426940144333,38963.0,75057.0,14,1.825,4.0,0.0,1.0,14.0,14.86231111111111,64.97189534883721,40.85009722222222,1.7157095348837208,0.08005103292910017,0.17226522042573353,0.14691140087259916,0.048125987037669564,15.0185,65.387,41.1653,1.81834,158,12,1,0,0,0,0,run_001
U000156,10246480,MODEL_A,BATCH_01,682873.0,48776.642857142855,6967.199245333509,39126.0,61962.0,14,1.825,4.0,0.0,2.0,14.0,14.853597058823528,65.04857674418605,40.94175588235294,1.6954418604651162,0.12037108150969869,0.16366566215947734,0.13666516523456723,0.0416084665866738,15.0855,65.4014,41.1806,1.79303,154,12,1,0,0,0,1,run_001
U000157,10296073,MODEL_A,BATCH_01,662094.0,47292.42857142857,8176.707224364038,32682.0,60287.0,14,1.775,4.0,0.0,2.0,14.0,14.8768,65.06088372093024,40.89733783783784,1.7055297674418604,0.10147780545518308,0.1890593015182997,0.1546799012860474,0.048202484202351646,15.0499,65.394,41.2295,1.79571,160,12,1,0,0,0,0,run_001
U000158,10344767,MODEL_A,BATCH_01,686113.0,49008.07142857143,9094.069593077473,30523.0,66496.0,14,1.775,4.0,0.0,4.0,14.0,14.869565714285715,65.05100697674419,40.87914857142857,1.7176113953488374,0.13340222227370524,0.24376759364622505,0.1402362615089865,0.04954652597409713,15.2229,65.4426,41.165,1.86973,156,12,1,0,0,0,0,run_001
U000159,10406412,MODEL_A,BATCH_01,699860.0,49990.0,9389.85744956104,34668.0,64091.0,14,1.775,4.0,0.0,5.0,14.0,14.916842105263159,65.13905777777778,40.921694736842106,1.7231522222222222,0.09424493858824548,0.17599370144836454,0.15010900894398368,0.052022074243400364,15.0966,65.6096,41.2105,1.82828,166,12,1,0,0,0,0,run_001
U000160,10471952,MODEL_B,BATCH_01,734443.0,52460.21428571428,9652.009015094865,36882.0,65540.0,14,1.8,4.0,0.0,5.0,14.0,14.857663888888888,65.15138888888889,40.86342777777778,1.7265555555555554,0.09496210718801128,0.18410087677217202,0.16105223928209644,0.045049460573682795,15.0429,65.5076,41.3028,1.82823,162,12,1,0,0,0,0,run_001
U000161,10536761,MODEL_A,BATCH_02,703405.0,50243.21428571428,7814.865431968756,37144.0,64809.0,14,1.8,4.0,0.0,3.0,14.0,14.881714285714287,65.13917500000001,40.89320571428572,1.7146838636363635,0.10206583268499152,0.2222300422671235,0.1372797764611016,0.045492741522541666,15.1167,65.61,41.1212,1.8064,158,12,1,0,0,0,0,run_001
U000162,10595788,MODEL_A,BATCH_01,718483.0,51320.21428571428,9257.019624866572,33864.0,67439.0,14,1.8,4.0,0.0,4.0,14.0,14.862929411764707,65.16391463414634,40.86535882352941,1.7322456097560976,0.0972558435711417,0.14439380797142337,0.11463558630311455,0.04076137534779592,15.0271,65.4752,41.1254,1.822,150,12,1,0,0,0,0,run_001
U000163,10657710,MODEL_A,BATCH_01,713764.0,50983.142857142855,8519.51230869596,36108.0,62466.0,14,1.8,4.0,0.0,3.0,14.0,14.901702857142858,65.17093636363637,40.84371142857143,1.7377063636363637,0.10552162166426111,0.1934807821607597,0.14185798153212845,0.05339646378374581,15.0628,65.6533,41.1558,1.88138,158,12,1,0,0,0,0,run_001
U000164,10715201,MODEL_A,BATCH_01,670909.0,47922.07142857143,7173.885294962189,37344.0,60452.0,14,1.75,4.0,0.0,3.0,14.0,14.873631428571429,65.23867906976744,40.85643142857143,1.736328604651163,0.09987889364103868,0.19686085557128372,0.1563285863953537,0.0523969095136161,15.0748,65.6238,41.2212,1.84367,156,12,1,0,0,0,0,run_001
U000165,10793084,MODEL_B,BATCH_01,723434.0,51673.857142857145,10404.474650228753,40460.0,77883.0,14,1.775,4.0,0.0,5.0,14.0,14.898105555555556,65.30151590909091,40.86396111111111,1.7383336363636366,0.10341411880518991,0.2268158980351213,0.18590648844094773,0.04757346896390927,15.0825,65.8954,41.1657,1.82582,160,12,1,0,0,0,0,run_001
U000166,10843687,MODEL_A,BATCH_01,710203.0,50728.78571428572,10586.247298907501,32769.0,70015.0,14,1.775,4.0,0.0,6.0,14.0,14.892344444444445,65.27050930232558,40.872708333333335,1.7476093023255814,0.1106108117795892,0.1542243261244747,0.12815431183872528,0.05856894307018698,15.0942,65.5373,41.1783,1.85892,158,12,1,0,0,0,0,run_001
U000167,10894189,MODEL_A,BATCH_01,734980.0,52498.57142857143,11927.09031970939,35565.0,78302.0,14,1.85,4.0,0.0,6.0,14.0,14.872383333333334,65.31362272727273,40.849272222222226,1.7385654545454547,0.11271148883004661,0.21990381392426134,0.14553578963090946,0.04065700714540046,15.1135,65.7186,41.1161,1.81574,160,12,1,0,0,0,0,run_001
U000168,10966403,MODEL_A,BATCH_02,690054.0,49289.57142857143,9253.371541180051,31646.0,72214.0,14,1.8,4.0,0.0,3.0,14.0,14.914358333333334,65.3664558139535,39.31786388888889,1.9424032558139537,0.08874344845033418,0.2087815140766884,0.1520012014102481,0.04394364284273827,15.1139,65.7793,39.6035,2.02719,158,12,1,1,1,0,1,run_001
U000169,11027519,MODEL_A,BATCH_01,724298.0,51735.57142857143,8236.876449744264,35298.0,62995.0,14,1.8,4.0,0.0,4.0,14.0,14.907070270270271,65.33738666666667,40.85194054054054,1.7555795555555556,0.11031737262418222,0.21581204954142783,0.14233733105131155,0.059715564818698365,15.1392,65.7218,41.1551,1.89559,164,12,1,0,0,0,0,run_001
U000170,11118137,MODEL_B,BATCH_01,744088.0,53149.142857142855,15182.881042386281,33359.0,90618.0,14,1.775,4.0,0.0,4.0,14.0,14.909078378378378,65.37533111111111,40.86749189189189,1.766297111111111,0.09217779961434173,0.1694284842723568,0.1235917121870288,0.051046666555855005,15.1072,65.689,41.0875,1.88479,164,12,1,0,0,0,0,run_001
U000171,11183308,MODEL_A,BATCH_01,731541.0,52252.92857142857,12275.028506714732,38870.0,78842.0,14,1.75,4.0,0.0,5.0,14.0,14.919283783783785,65.38534318181819,40.8879,1.7647775,0.0992877454492565,0.22927283269698018,0.15240111183613028,0.05634695716697347,15.0974,65.8584,41.3186,1.87988,162,12,1,0,0,0,0,run_001
U000172,11270660,MODEL_A,BATCH_01,743158.0,53082.71428571428,14011.903398010025,38395.0,87352.0,14,1.775,4.0,0.0,6.0,14.0,14.878535135135136,65.43405869565217,40.12015135135135,1.8373441304347826,0.11131963293002582,0.19515665567957935,0.7128016171034861,0.10730324641616999,15.1477,65.9287,40.9688,2.02289,166,12,1,0,0,0,1,run_001
U000173,11313577,MODEL_A,BATCH_01,688967.0,49211.92857142857,7672.893962758527,38151.0,67342.0,14,1.8,4.0,0.0,5.0,14.0,14.915083783783786,65.51613181818182,40.782667567567565,1.773310909090909,0.09654967205627445,0.1950813316050614,0.1435308891533154,0.0533357784631537,15.1304,65.8728,41.0478,1.88843,162,12,1,0,0,0,0,run_001
U000174,11377761,MODEL_A,BATCH_01,743593.0,53113.78571428572,10306.265250423547,37035.0,67538.0,14,1.825,4.0,0.0,5.0,14.0,14.939375,65.47958181818181,40.775241666666666,1.7748997727272728,0.10838150178222966,0.214453354035516,0.12326123565130338,0.04887518010380838,15.223,66.0447,41.0399,1.88487,160,12,1,0,0,0,0,run_001
U000175,11442141,MODEL_B,BATCH_02,716659.0,51189.92857142857,9381.35207136014,36842.0,64380.0,14,1.8,4.0,0.0,4.0,14.0,14.912320588235294,65.56146097560975,40.75525588235294,1.7778663414634148,0.09044848451554421,0.20657773824646214,0.1535165161209874,0.04783283076277721,15.1209,66.0086,41.0359,1.87739,150,12,1,0,0,0,0,run_001
U000176,11482131,MODEL_A,BATCH_01,687013.0,49072.357142857145,11208.0212389791,32965.0,68668.0,14,1.829268292682927,4.0,0.0,5.0,14.0,14.920057142857143,65.54015476190476,40.76898,1.7911899999999998,0.09788850285705995,0.19077980181782594,0.14527989780379905,0.058162481620823964,15.0774,65.913,41.0706,1.92232,154,12,2,0,0,0,0,run_001
U000177,11532786,MODEL_A,BATCH_01,716041.0,51145.78571428572,11006.416025200038,35647.0,69487.0,14,1.8,4.0,0.0,5.0,14.0,14.944277142857144,65.58330465116279,40.79195428571428,1.7722946511627906,0.08894638532388431,0.20261938744436106,0.15527159382430358,0.06416453379320408,15.1815,66.0902,41.144,1.90938,156,12,1,0,0,0,0,run_001
U000178,11605829,MODEL_A,BATCH_01,711769.0,50840.642857142855,12402.103745904395,34209.0,73043.0,14,1.775,4.0,0.0,3.0,14.0,14.936654054054054,65.59853636363636,40.781913513513516,1.7887661363636362,0.0967208256173828,0.18882894448373652,0.15800994898733187,0.05752344821051227,15.1187,66.0733,41.1224,1.91359,162,12,1,0,0,0,0,run_001
U000179,11654573,MODEL_A,BATCH_01,661756.0,47268.28571428572,7317.077363459889,37382.0,64122.0,14,1.75,4.0,0.0,4.0,14.0,14.924726470588235,65.65650465116279,40.73454705882353,1.7911011627906974,0.10472730623869905,0.18394204438392203,0.16796570579859535,0.05124745639259529,15.1832,66.1165,41.0605,1.88194,154,12,1,0,0,0,0,run_001
U000180,11713604,MODEL_B,BATCH_01,710926.0,50780.42857142857,8097.27926494483,35718.0,62715.0,14,1.85,4.0,0.0,4.0,14.0,14.91788611111111,65.68016,40.76374444444444,1.7987106666666668,0.09031114202032746,0.21560082792048274,0.16790263580751533,0.05329903983443536,15.0891,66.1641,41.1784,1.94319,162,12,1,0,0,0,0,run_001
U000181,11770135,MODEL_A,BATCH_01,707309.0,50522.07142857143,10409.050835796595,36509.0,67651.0,14,1.775,4.0,0.0,3.0,14.0,14.922297560975611,65.63744285714286,40.73911951219512,1.8034867346938777,0.0887076222424115,0.22275519915369119,0.13823357989199295,0.05208040571989604,15.1193,66.1179,40.9968,1.94863,180,12,1,0,0,0,0,run_001
U000182,11833560,MODEL_A,BATCH_02,704695.0,50335.357142857145,9610.638693313082,27776.0,63425.0,14,1.75,4.0,0.0,6.0,14.0,14.9628,65.67407272727273,40.76846285714286,1.800463181818182,0.1122868385771325,0.18538328286143238,0.15602150320447786,0.042070621068418426,15.248,66.0018,41.1065,1.88136,158,12,1,0,0,0,0,run_001
U000183,11897764,MODEL_A,BATCH_01,773810.0,55272.142857142855,9980.967363762069,39464.0,71810.0,14,1.775,4.0,0.0,6.0,14.0,14.920150000000001,65.67757708333333,40.7568225,1.8012652083333334,0.10914675136408511,0.21128792318759945,0.1415850681818216,0.04907210413474232,15.1398,66.0672,41.0492,1.89434,176,12,1,0,0,0,0,run_001
U000184,11968712,MODEL_A,BATCH_01,761617.0,54401.21428571428,7126.736993976884,44336.0,70948.0,14,1.85,4.0,0.0,5.0,14.0,14.936399999999999,65.73281111111112,40.64423513513513,1.7915742222222222,0.08268463514395472,0.195231756477713,0.14389273438575373,0.04545813036035011,15.1219,66.2633,40.9165,1.88047,164,12,1,0,0,0,0,run_001
U000185,12030425,MODEL_B,BATCH_01,716268.0,51162.0,10972.375887445007,38726.0,70962.0,14,1.775,4.0,0.0,3.0,14.0,14.95499705882353,65.73734634146342,40.70231764705882,1.8225282926829267,0.08450658746169246,0.2043825409588124,0.18051820603320654,0.05565579915437563,15.1082,66.1017,41.1568,1.92439,150,12,1,0,0,0,0,run_001
U000186,12095803,MODEL_A,BATCH_01,761812.0,54415.142857142855,11769.91984716936,35230.0,72326.0,14,1.8,4.0,0.0,5.0,14.0,14.952833333333333,65.80778723404255,40.68784358974359,1.819603829787234,0.10268987377262967,0.20400747601073257,0.15246219340660475,0.05320537528226747,15.1993,66.3665,41.0118,1.93158,172,12,1,0,0,0,0,run_001
U000187,12147960,MODEL_A,BATCH_01,717293.0,51235.21428571428,9359.99243243096,33245.0,65055.0,14,1.85,4.0,0.0,4.0,14.0,14.957429729729729,65.83821818181819,40.658432432432434,1.8170768181818182,0.11016674953316331,0.2307815026975069,0.14737744824854354,0.04583640422667654,15.2936,66.2845,40.9932,1.90172,162,12,1,0,0,0,0,run_001
U000188,12217895,MODEL_A,BATCH_01,713920.0,50994.28571428572,10209.355328314332,38209.0,69935.0,14,1.875,4.0,0.0,2.0,14.0,14.953426470588235,65.87234878048781,40.70355882352941,1.8273946341463416,0.07867250610898824,0.19525623565196,0.17049779011746033,0.0598575436807075,15.1512,66.4951,41.0306,1.92654,150,12,1,0,0,0,0,run_001
U000189,12260365,MODEL_A,BATCH_02,658782.0,47055.857142857145,10619.491946830187,31397.0,68873.0,14,1.829268292682927,4.0,0.0,2.0,14.0,14.944851428571429,65.89343095238095,40.71172571428571,1.8164569047619048,0.09279398551576074,0.22538617644118752,0.13784295911707342,0.05042078063114575,15.1418,66.4361,41.054,1.92099,154,12,2,0,0,0,0,run_001
U000190,12320821,MODEL_B,BATCH_01,711397.0,50814.07142857143,8731.940276622689,34586.0,66149.0,14,1.829268292682927,4.0,0.0,5.0,14.0,14.93714,65.96582142857143,39.96744857142857,1.9101338095238096,0.09489680835146194,0.19960894395098233,0.7901419754670437,0.100841021655615,15.1535,66.537,40.9769,2.12542,154,12,2,0,0,0,1,run_001
U000191,12376061,MODEL_A,BATCH_01,700727.0,50051.92857142857,10264.288790711262,35234.0,67670.0,14,1.8,4.0,0.0,4.0,14.0,14.953539473684211,65.97485,40.63939736842105,1.8445510869565218,0.0836711211101157,0.17733232549838793,0.13911499324026735,0.05111056969304715,15.1001,66.2843,40.8773,1.97371,168,12,1,0,0,0,0,run_001
U000192,12435601,MODEL_A,BATCH_01,720421.0,51458.642857142855,9704.499151718976,34042.0,62900.0,14,1.775,4.0,0.0,5.0,14.0,14.962038235294116,65.96082380952382,40.678041176470586,1.8404269047619046,0.08954173570550829,0.2040093300228028,0.13958833440371804,0.0421169354436127,15.1457,66.3434,40.9953,1.9423,152,12,1,0,0,0,0,run_001
U000193,12516836,MODEL_A,BATCH_01,741485.0,52963.21428571428,12828.2375381486,35795.0,81235.0,14,1.85,4.0,0.0,5.0,14.0,14.956355555555556,66.0436119047619,40.65303888888889,1.8435685714285714,0.11273341612455046,0.21508497266098328,0.1399766516811753,0.04458723549000449,15.1994,66.4053,40.8991,1.91123,156,12,1,0,0,0,0,run_001
U000194,12569107,MODEL_A,BATCH_01,672638.0,48045.57142857143,7757.145764879143,34325.0,61332.0,14,1.875,4.0,0.0,4.0,14.0,14.986525714285715,65.97836279069767,40.20069142857143,1.9206646511627905,0.09696407868185944,0.17669006362130793,0.7242513759135075,0.11195387992487145,15.2111,66.3797,40.9365,2.15351,156,12,1,0,0,0,0,run_001
U000195,12630632,MODEL_B,BATCH_01,710959.0,50782.78571428572,9509.00858035782,32981.0,67830.0,14,1.875,4.0,0.0,5.0,14.0,14.9759,66.0320159090909,40.64343783783784,1.8484456818181818,0.09462068719072181,0.17607192365381166,0.13663825385819883,0.0458289895254048,15.1864,66.3767,40.8763,1.93884,162,12,1,0,0,0,0,run_001
U000196,12693488,MODEL_A,BATCH_02,682216.0,48729.71428571428,8043.309187226279,37195.0,62856.0,14,1.875,4.0,0.0,4.0,14.0,14.980533333333334,66.09589285714286,40.69130606060606,1.8424080952380952,0.09790386760320886,0.19002025744751005,0.12125287609834759,0.052263184553737484,15.2061,66.4141,41.1065,1.95017,150,12,1,0,0,0,0,run_001
U000197,12751539,MODEL_A,BATCH_01,709286.0,50663.28571428572,10225.04154912432,33271.0,68048.0,14,1.825,4.0,0.0,4.0,14.0,14.965000000000002,66.08019069767441,40.63912432432433,1.8468602325581396,0.09901647169368684,0.20636219985853585,0.14907565269092524,0.05891955918628836,15.1912,66.4677,40.8905,1.97057,160,12,1,0,0,0,0,run_001
U000198,12813157,MODEL_A,BATCH_01,729692.0,52120.857142857145,8900.486061551253,37588.0,69867.0,14,1.825,4.0,0.0,5.0,14.0,14.978094736842104,66.08402608695653,40.62871052631579,1.8515339130434783,0.0979566201489716,0.2067119460449299,0.15956870381610827,0.049032622450240496,15.1937,66.4725,40.9291,1.97202,168,12,1,0,0,0,0,run_001
U000199,12872763,MODEL_A,BATCH_01,738257.0,52732.642857142855,11197.959069588343,35160.0,68282.0,14,1.825,4.0,0.0,5.0,14.0,14.99,66.19069999999999,40.66084736842105,1.8690078260869567,0.08336265934441506,0.21628707980110273,0.19724307097320656,0.05040085351627569,15.1656,66.6794,41.0818,1.98835,168,12,1,0,0,0,0,run_001
U000200,12953410,MODEL_B,BATCH_01,744760.0,53197.142857142855,12063.60036101701,37599.0,80647.0,14,1.875,4.0,0.0,5.0,14.0,14.9762,66.20725869565217,40.57353684210526,1.8668595652173914,0.08886846338147097,0.1954546785501687,0.13577534589136678,0.04994804024435005,15.1825,66.65,40.8615,1.98164,168,12,1,0,0,0,0,run_001
U000201,13025402,MODEL_A,BATCH_01,730039.0,52145.642857142855,11821.363468198275,34469.0,71992.0,14,1.925,4.0,0.0,4.0,14.0,14.966016216216218,66.21323111111111,40.59922972972973,1.8728495555555553,0.1255865361536142,0.20384803254811237,0.1838238028125869,0.05304440883720817,15.2526,66.6384,41.0895,1.96817,164,12,1,0,0,0,0,run_001
U000202,13074021,MODEL_A,BATCH_01,661729.0,47266.357142857145,6304.114182965607,37452.0,60124.0,14,1.9,4.0,0.0,2.0,14.0,14.986545454545453,66.25905952380953,40.641163636363636,1.8706747619047621,0.1118978554612115,0.23386153090833975,0.18448747894197084,0.055814889185771745,15.181,66.8441,40.998,1.96716,150,12,1,0,0,0,0,run_001
U000203,13127973,MODEL_A,BATCH_02,693263.0,49518.78571428572,10504.005200790876,32486.0,71104.0,14,1.85,4.0,0.0,4.0,14.0,14.9663,66.26648095238095,40.55605,1.8656695238095238,0.09809557182728056,0.1946686656461072,0.12170229013556944,0.049309321631591255,15.2048,66.6755,40.9277,2.00809,152,12,1,0,0,0,0,run_001
U000204,13187025,MODEL_A,BATCH_01,705121.0,50365.78571428572,8506.4534612852,36250.0,61125.0,14,1.875,4.0,0.0,5.0,14.0,14.99087142857143,66.30986744186046,40.569474285714286,1.8786806976744186,0.13921370700648505,0.1897888121055715,0.14848481273667533,0.046731948712353574,15.2688,66.8846,40.8339,1.98618,156,12,1,0,0,0,0,run_001
U000205,13258946,MODEL_B,BATCH_01,718199.0,51299.92857142857,9620.97995539944,37157.0,71921.0,14,1.9,4.0,0.0,5.0,14.0,14.984267567567569,66.29222272727272,40.57261891891892,1.8803647727272728,0.09560162729337357,0.2015568981513398,0.16976042896753976,0.04835323232930072,15.1698,66.8168,40.9226,1.95814,162,12,1,0,0,0,0,run_001
U000206,13323572,MODEL_A,BATCH_01,713332.0,50952.28571428572,9924.874697357229,37044.0,64626.0,14,1.85,4.0,0.0,4.0,14.0,14.966485714285714,66.36851860465117,40.56035142857143,1.883976976744186,0.13746723918352174,0.2165748317345848,0.13374682485825243,0.04991889343319507,15.2649,66.9185,40.7814,1.98785,156,12,1,0,0,0,0,run_001
U000207,13395623,MODEL_A,BATCH_01,707906.0,50564.71428571428,12069.47279728471,33333.0,72051.0,14,1.875,4.0,0.0,5.0,14.0,14.983317142857144,66.36392619047619,40.54598,1.8911390476190477,0.0858266497955385,0.18810016540173038,0.14911349171609004,0.0436962744859204,15.2027,66.754,40.9161,1.96738,154,12,1,0,0,0,0,run_001
U000208,13448154,MODEL_A,BATCH_01,695148.0,49653.42857142857,9550.318872761713,33828.0,65567.0,14,1.9,4.0,0.0,5.0,14.0,15.005132432432431,66.39272045454545,39.58744054054054,2.026935909090909,0.0823965885689923,0.20120992113357436,0.7170225633593211,0.09536184443252431,15.1774,66.96,40.7124,2.15187,162,12,1,0,0,0,1,run_001
U000209,13514992,MODEL_A,BATCH_01,719535.0,51395.357142857145,8288.274652108918,37017.0,66838.0,14,1.925,4.0,0.0,4.0,14.0,14.9916175,66.4918695652174,40.55462,1.8927917391304347,0.0885216673099494,0.23058554341267212,0.15541799585600663,0.045533712311958616,15.2317,67.1119,40.8491,1.99739,172,12,1,0,0,0,0,run_001
U000210,13569184,MODEL_B,BATCH_02,688547.0,49181.92857142857,8344.136489999206,38611.0,62361.0,14,1.853658536585366,4.0,0.0,3.0,14.0,14.995035294117647,66.4762756097561,40.53057058823529,1.9012256097560976,0.11509823704611219,0.19172288697556092,0.13746975100751385,0.049048333919144566,15.3043,67.0444,40.8555,2.01275,150,12,2,0,0,0,0,run_001
U000211,13616056,MODEL_A,BATCH_01,674656.0,48189.71428571428,9685.784416258799,32715.0,63935.0,14,1.9,4.0,0.0,5.0,14.0,15.005858823529412,66.46145853658537,40.48751176470588,1.9013819512195123,0.11465091977230084,0.20316139270984868,0.15344372922741348,0.04587085987963994,15.175,66.8832,40.8101,2.03157,150,12,1,0,0,0,0,run_001
U000212,13671251,MODEL_A,BATCH_01,707577.0,50541.21428571428,9215.17237351675,37509.0,71813.0,14,1.925,4.0,0.0,4.0,14.0,15.000897297297296,66.45494090909091,40.53622972972973,1.8975081818181818,0.10802158088519569,0.18931766133189315,0.12408407961464536,0.05021487759121848,15.2402,66.9174,40.74,2.01858,162,12,1,0,0,0,0,run_001
U000213,13734820,MODEL_A,BATCH_01,682606.0,48757.57142857143,9552.501224723901,29954.0,63569.0,14,1.85,4.0,0.0,2.0,14.0,15.016483333333333,66.47324523809523,39.06997222222222,2.0938885714285713,0.09598240463751627,0.19535184418262438,0.15961603680817535,0.05058613786652301,15.1957,66.9099,39.4747,2.23325,156,12,1,0,0,0,1,run_001
U000214,13786267,MODEL_A,BATCH_01,700579.0,50041.357142857145,8928.66056461001,35649.0,62811.0,14,1.9024390243902438,4.0,0.0,6.0,14.0,15.017297368421051,66.53289333333333,40.53488157894736,1.9175626666666665,0.09281542418079314,0.19206112118991503,0.15734936658597348,0.04453775484197236,15.2418,67.0243,40.8634,2.02116,166,12,2,1,0,1,1,run_001
U000215,13836833,MODEL_B,BATCH_01,703744.0,50267.42857142857,8770.097760303172,38382.0,70031.0,14,1.8048780487804879,4.0,0.0,2.0,14.0,15.035751428571428,66.54739761904762,40.49194857142857,1.9152140476190478,0.09540439431064746,0.20943859975506865,0.15360657609128495,0.05269043783567139,15.3159,67.0199,40.8487,2.026,154,12,2,0,0,0,0,run_001
U000216,13898272,MODEL_A,BATCH_01,709367.0,50669.07142857143,9863.136156449396,35475.0,66935.0,14,1.775,4.0,0.0,5.0,14.0,15.016042105263159,66.58812888888889,40.49133421052631,1.9183388888888888,0.11561641291784074,0.19584695511618672,0.14408688309172982,0.05262099966321013,15.2243,66.9648,40.7877,2.08822,166,12,1,0,0,0,0,run_001
U000217,13948152,MODEL_A,BATCH_02,698006.0,49857.57142857143,10543.077165130213,35456.0,72949.0,14,1.829268292682927,4.0,0.0,6.0,14.0,15.042389473684212,66.63062272727274,40.46801315789474,1.9446452272727273,0.10810834852747093,0.20558781506698498,0.15802532840271347,0.04890030715120337,15.2508,67.0753,40.7841,2.04244,164,12,2,0,0,0,0,run_001
U000218,13996381,MODEL_A,BATCH_01,693922.0,49565.857142857145,8770.430397799037,35197.0,66107.0,14,1.7804878048780488,4.0,0.0,4.0,14.0,15.003686842105262,66.59388666666668,39.97804210526316,1.9751931111111112,0.1053425177143912,0.2040162466792555,0.7343177173888188,0.10153795387176484,15.2259,67.0521,40.7254,2.17985,166,12,2,0,0,0,1,run_001
U000219,14064344,MODEL_A,BATCH_01,778087.0,55577.642857142855,14665.672229378386,38473.0,82784.0,14,1.8,4.0,0.0,5.0,14.0,15.02818918918919,66.69324444444445,40.48992702702703,1.9242653333333333,0.09858850165033282,0.18314486635095042,0.15706411756676714,0.04820783242661636,15.2346,67.0514,40.9072,2.03589,164,12,1,0,0,0,0,run_001
U000220,14114800,MODEL_B,BATCH_01,701298.0,50092.71428571428,5167.375043014088,41486.0,58700.0,14,1.853658536585366,4.0,0.0,4.0,14.0,15.011761111111111,66.68349069767442,40.468788888888895,1.9423179069767442,0.09709733637005064,0.18544854351640977,0.19223047146259192,0.047039858810837436,15.1908,67.1643,40.8879,2.04947,158,12,2,0,0,0,0,run_001
U000221,14169503,MODEL_A,BATCH_01,701473.0,50105.21428571428,10015.230049806618,35529.0,70842.0,14,1.775,4.0,0.0,3.0,14.0,15.026854054054054,66.74509347826087,40.46329459459459,1.9598478260869567,0.10328533991540859,0.25003818233059727,0.14472214171751208,0.04526343051333765,15.2597,67.3767,40.8356,2.05431,166,12,1,0,0,0,0,run_001
U000222,14250282,MODEL_A,BATCH_01,742779.0,53055.642857142855,14463.873082786125,32750.0,80779.0,14,1.85,4.0,0.0,5.0,14.0,15.007083333333334,66.78606976744186,40.44823888888889,1.9485762790697676,0.12031444397316307,0.2260521784844483,0.18266495524050588,0.048595459322630194,15.2953,67.3293,40.8627,2.04368,158,12,1,0,0,0,0,run_001
U000223,14303762,MODEL_A,BATCH_01,685429.0,48959.21428571428,9082.94103656004,35218.0,65520.0,14,1.85,4.0,0.0,4.0,14.0,15.035013513513512,66.77526363636365,40.41842972972973,1.9528579545454543,0.11957019361530395,0.1998224177787239,0.11618171558397498,0.047704230058625334,15.3086,67.2663,40.6353,2.05254,162,12,1,0,0,0,0,run_001
U000224,14374164,MODEL_A,BATCH_02,678071.0,48433.642857142855,9214.23396880436,36608.0,70402.0,14,1.825,4.0,0.0,4.0,14.0,15.043797058823529,66.81606976744186,40.4504,1.9363902325581395,0.08537674612543025,0.20452938610018012,0.1951328281096253,0.04668430900299891,15.2203,67.3815,40.8435,2.057,154,12,1,0,0,0,0,run_001
U000225,14443420,MODEL_B,BATCH_01,717637.0,51259.78571428572,11791.872038879945,33930.0,69256.0,14,1.9,4.0,0.0,6.0,14.0,15.025769444444443,66.85403953488373,40.438322222222226,1.9596239534883722,0.09986841290831357,0.23272226768396773,0.12167585536078016,0.052220554115147304,15.2788,67.2805,40.7096,2.06327,158,12,1,0,0,0,0,run_001
U000226,14497460,MODEL_A,BATCH_01,672589.0,48042.07142857143,7836.895455416059,30728.0,57564.0,14,1.85,4.0,0.0,4.0,14.0,15.052438235294117,66.80901463414635,40.44640588235294,1.9790131707317071,0.1137180778110229,0.20876297631641347,0.14755782213573265,0.04501273083467744,15.2809,67.3105,40.7198,2.09227,150,12,1,0,0,0,0,run_001
U000227,14549677,MODEL_A,BATCH_01,688980.0,49212.857142857145,7527.491459332896,37760.0,61571.0,14,1.825,4.0,0.0,5.0,14.0,15.04499705882353,66.81931904761905,40.40405882352941,1.9618783333333332,0.08365003753117012,0.21878455182243436,0.15286724903941054,0.04753492394771918,15.1786,67.4454,40.7957,2.05578,152,12,1,0,0,0,0,run_001
U000228,14620424,MODEL_A,BATCH_01,708178.0,50584.142857142855,11160.346857424367,35179.0,70747.0,14,1.775,4.0,0.0,4.0,14.0,15.032934285714285,66.90431136363635,40.41600857142858,1.9715156818181818,0.09925526195225165,0.23540787287610054,0.14540386225841287,0.0427735148654271,15.2098,67.4757,40.7264,2.05107,158,12,1,0,0,0,0,run_001
U000229,14676173,MODEL_A,BATCH_01,695722.0,49694.42857142857,7289.840788746674,37486.0,57333.0,14,1.825,4.0,0.0,5.0,14.0,15.057185714285714,66.90965227272727,40.40629142857143,1.984508409090909,0.1135324652787428,0.19203162468310933,0.1621215781468965,0.04639481882375682,15.2961,67.2859,40.8639,2.07213,158,12,1,0,0,0,0,run_001
U000230,14732005,MODEL_B,BATCH_01,693984.0,49570.28571428572,7547.614777872864,38509.0,65037.0,14,1.75,4.0,0.0,3.0,14.0,15.05620294117647,66.9796125,40.347991176470586,1.9638684999999998,0.09476636497450587,0.2196460266411171,0.1597359134352659,0.04857092210999692,15.2208,67.4715,40.6399,2.07704,148,12,1,0,0,0,0,run_001
U000231,14774308,MODEL_A,BATCH_02,705663.0,50404.5,12163.816833606896,34359.0,75813.0,14,1.75,4.0,0.0,6.0,14.0,15.03184857142857,67.0136534883721,40.385571428571424,1.9793781395348837,0.09874559817867194,0.2108629619860738,0.18297997892959866,0.05089503106328208,15.2762,67.447,40.7736,2.09772,156,12,1,0,0,0,0,run_001
U000232,14842965,MODEL_A,BATCH_01,746420.0,53315.71428571428,12364.609604889216,31721.0,74956.0,14,1.8,4.0,0.0,6.0,14.0,15.050337837837837,66.93077555555556,40.40013783783784,1.9917288888888887,0.08869799055519005,0.1831416765978471,0.1337692984028668,0.050030508020889396,15.2328,67.2849,40.6655,2.07273,164,12,1,0,0,0,0,run_001
U000233,14888146,MODEL_A,BATCH_01,659636.0,47116.857142857145,8689.615923681487,29777.0,60297.0,14,1.8,4.0,0.0,4.0,14.0,15.06008,67.05992619047619,40.37956,1.989114761904762,0.10049167305275221,0.14980206625219136,0.17887514738761626,0.047408763841364984,15.2324,67.328,40.7045,2.10143,154,12,1,0,0,0,0,run_001
U000234,14942769,MODEL_A,BATCH_01,684667.0,48904.78571428572,9202.508388632805,31586.0,62214.0,14,1.85,4.0,0.0,4.0,14.0,15.040642857142858,67.01362619047619,40.3768,1.9971628571428572,0.08209420086172932,0.1834744058173004,0.12476047168120924,0.05687913678488567,15.1746,67.5342,40.6417,2.12412,154,12,1,0,0,0,0,run_001
U000235,15001628,MODEL_B,BATCH_01,682042.0,48717.28571428572,12531.888570477204,32426.0,80206.0,14,1.7,4.0,0.0,2.0,14.0,15.043108333333334,67.04808333333332,40.370894444444446,1.9966814285714285,0.11872214470290346,0.18219439754267014,0.12318885836550593,0.0540139330070031,15.3208,67.5132,40.7322,2.12108,156,12,1,0,0,0,0,run_001
U000236,15060716,MODEL_A,BATCH_01,737318.0,52665.57142857143,10682.843130022053,32656.0,73006.0,14,1.725,4.0,0.0,6.0,14.0,15.081100000000001,67.13052499999999,40.14902,2.0289595833333336,0.10437224063602642,0.17647057918856773,0.5427331531122597,0.08487390880339715,15.2865,67.4982,40.7674,2.25755,176,12,1,0,0,0,1,run_001
U000237,15130988,MODEL_A,BATCH_01,763838.0,54559.857142857145,12291.325758481016,31647.0,73479.0,14,1.825,4.0,0.0,5.0,14.0,15.05981794871795,67.14631914893617,40.35037692307692,2.000794680851064,0.08491226701966138,0.2126750140046275,0.16725052507436808,0.045528795372248826,15.2575,67.5535,40.7324,2.13094,172,12,1,0,0,0,0,run_001
U000238,15175552,MODEL_A,BATCH_02,653696.0,46692.57142857143,7377.177745893445,33020.0,62896.0,14,1.853658536585366,4.0,0.0,2.0,14.0,15.086784848484848,67.13688780487804,40.341351515151516,2.0021890243902436,0.09439195252116346,0.184360482743894,0.14856798974125407,0.041317669937018305,15.3178,67.6295,40.7834,2.10546,148,12,2,0,0,0,0,run_001
U000239,15236797,MODEL_A,BATCH_01,707023.0,50501.642857142855,7896.496327312053,37963.0,62126.0,14,1.8,4.0,0.0,3.0,14.0,15.080359459459459,67.1213,40.3373,2.008762093023256,0.10093924591736526,0.19260081837337936,0.1448814592079399,0.05606103967395247,15.2665,67.5617,40.6478,2.13943,160,12,1,0,0,0,0,run_001
U000240,15290635,MODEL_B,BATCH_01,709037.0,50645.5,9299.370960943044,37704.0,68565.0,14,1.7317073170731707,4.0,0.0,4.0,14.0,15.084194285714288,67.24194523809524,40.316562857142856,2.006177619047619,0.11421295111186187,0.17826282624448925,0.15755644196084576,0.044993038258754815,15.3022,67.651,40.6149,2.10166,154,12,2,0,0,0,0,run_001
U000241,15348579,MODEL_A,BATCH_01,717279.0,51234.21428571428,10194.984786487095,36700.0,69069.0,14,1.825,4.0,0.0,5.0,14.0,15.0779,67.1894,40.29728857142857,2.004189069767442,0.09103610789778115,0.211329180145459,0.12610697786223557,0.04829475022312534,15.2393,67.5974,40.5954,2.0979,156,12,1,0,0,0,0,run_001
U000242,15413440,MODEL_A,BATCH_01,700380.0,50027.142857142855,10566.52947796916,33980.0,65318.0,14,1.775,4.0,0.0,1.0,14.0,15.092334210526316,67.28086086956522,40.29089736842106,2.0220180434782606,0.09426514152175552,0.23077946709961586,0.1369794430953984,0.04540444949412705,15.315,67.8027,40.5628,2.10466,168,12,1,0,0,0,1,run_001
U000243,15469828,MODEL_A,BATCH_01,681257.0,48661.21428571428,8176.856262351981,31559.0,58875.0,14,1.85,4.0,0.0,4.0,14.0,15.068153125,67.23102926829269,40.330103125,2.0141643902439026,0.071563736466287,0.184218126474977,0.15567457679687824,0.043406177846522086,15.2052,67.7464,40.6357,2.08634,146,12,1,0,0,0,0,run_001
U000244,15541730,MODEL_A,BATCH_01,720267.0,51447.642857142855,9827.246414607022,38632.0,71902.0,14,1.8,4.0,0.0,2.0,14.0,15.04251081081081,67.29840869565217,40.3254972972973,2.0181152173913044,0.08129948333778635,0.19582612903183516,0.1452399173905163,0.048367224519600814,15.2462,67.6925,40.6028,2.10156,166,12,1,0,0,0,0,run_001
U000245,15606633,MODEL_B,BATCH_02,700358.0,50025.57142857143,11185.915867831198,35511.0,69060.0,14,1.8,4.0,0.0,4.0,14.0,15.11351875,67.33315128205129,40.31825,2.0310853846153845,0.10252502585914962,0.1411693307079252,0.14538199959572637,0.04904920965327916,15.2857,67.6198,40.6151,2.1506,142,12,1,0,0,0,0,run_001
U000246,15668220,MODEL_A,BATCH_01,698199.0,49871.357142857145,10765.393126603862,32924.0,65562.0,14,1.775,4.0,0.0,4.0,14.0,15.089545945945947,67.33411333333333,40.31785945945946,2.044556,0.08858940742610302,0.1937322573694274,0.16499295516856283,0.05738994116805424,15.2541,67.7865,40.6323,2.1768,164,12,1,0,0,0,0,run_001
U000247,15719469,MODEL_A,BATCH_01,708457.0,50604.07142857143,8334.899892936612,35057.0,63332.0,14,1.825,4.0,0.0,5.0,14.0,15.090288888888889,67.37828636363636,40.26016111111111,2.0591338636363634,0.07287780684240376,0.1973012448137974,0.1395872635978293,0.044335772800769425,15.2485,67.8643,40.5556,2.19774,160,12,1,0,0,0,0,run_001
U000248,15766819,MODEL_A,BATCH_01,672820.0,48058.57142857143,9726.354845029486,34127.0,66624.0,14,1.7804878048780488,4.0,0.0,3.0,14.0,15.083751428571427,67.44969523809525,40.300191428571424,2.047837619047619,0.10712049666951083,0.1692293536095675,0.15024007723214977,0.046190796613110825,15.3026,67.858,40.7843,2.17131,154,12,2,0,0,0,0,run_001
U000249,15833549,MODEL_A,BATCH_01,676596.0,48328.28571428572,8876.416467060526,34008.0,67243.0,14,1.75,4.0,0.0,6.0,14.0,15.08999411764706,67.41067804878048,40.258170588235295,2.0398121951219514,0.08335079916788565,0.19771583208255536,0.13276068359546261,0.049453382367245356,15.2653,67.8743,40.4636,2.15188,150,12,1,0,0,0,0,run_001
U000250,15896731,MODEL_B,BATCH_01,720330.0,51452.142857142855,10764.28242531141,32241.0,72180.0,14,1.75,4.0,0.0,6.0,14.0,15.105005555555557,67.48114545454546,40.27274722222222,2.0392713636363635,0.10133234131719963,0.19647087890557285,0.15459094685396876,0.06032032823267178,15.2911,67.855,40.6013,2.19737,160,12,1,0,0,0,0,run_001
U000251,15961963,MODEL_A,BATCH_01,700458.0,50032.71428571428,8320.686689751694,36054.0,65232.0,14,1.75,4.0,0.0,6.0,14.0,15.107545945945946,67.54508444444444,40.29660540540541,2.0568224444444447,0.0869727338965582,0.144372831672901,0.15172514979752294,0.05177955498402276,15.3164,67.8297,40.5669,2.18344,164,12,1,0,0,0,0,run_001
U000252,16007173,MODEL_A,BATCH_02,694787.0,49627.642857142855,9720.825745291892,36157.0,70666.0,14,1.775,4.0,0.0,6.0,14.0,15.081978378378377,67.55690227272727,40.21385135135135,2.0637638636363635,0.11060828313149657,0.1873665621165265,0.12977871256193838,0.046221748490968724,15.2857,67.9136,40.5023,2.1652,162,12,1,0,0,0,0,run_001
U000253,16073955,MODEL_A,BATCH_01,728260.0,52018.57142857143,9584.441805617827,39511.0,67594.0,14,1.75,4.0,0.0,5.0,14.0,15.12065142857143,67.63160714285715,38.69148,2.227262142857143,0.07828240494753448,0.2379800938517468,0.11549500574891135,0.05515755294169315,15.2503,68.0706,38.8806,2.35754,154,12,1,1,1,0,1,run_001
U000254,16132208,MODEL_A,BATCH_01,707054.0,50503.857142857145,9810.925415906673,34610.0,63879.0,14,1.8,4.0,0.0,6.0,14.0,15.116181578947367,67.54696222222222,40.21319210526316,2.061645111111111,0.09100910811342841,0.15637651283897105,0.1481826783136434,0.04203557306411167,15.2877,67.8203,40.4998,2.14402,166,12,1,0,0,0,0,run_001
U000255,16204421,MODEL_B,BATCH_01,723779.0,51698.5,11114.112572276328,40113.0,72213.0,14,1.775,4.0,0.0,5.0,14.0,15.088445454545454,67.62704146341464,40.20599696969697,2.0582807317073173,0.07800437123532349,0.2188000456759652,0.13308799129910356,0.05886280342415932,15.2153,68.1433,40.4976,2.21607,148,12,1,0,0,0,0,run_001
U000256,16260268,MODEL_A,BATCH_01,706486.0,50463.28571428572,8016.576311508658,36025.0,65224.0,14,1.775,4.0,0.0,4.0,14.0,15.132644444444445,67.64483260869565,40.186191666666666,2.0638836956521738,0.10723710563698009,0.19629375385358416,0.15857819409634177,0.05821422702622501,15.3563,68.1618,40.5182,2.19727,164,12,1,0,0,0,0,run_001
U000257,16350861,MODEL_A,BATCH_01,756887.0,54063.357142857145,14417.44601092794,36263.0,90593.0,14,1.75,4.0,0.0,6.0,14.0,15.141749999999998,67.63731818181817,40.184325,2.070531818181818,0.12269345424384188,0.21134020327944966,0.14235815070247523,0.05800903888159308,15.4207,67.9517,40.5226,2.17674,160,12,1,0,0,0,1,run_001
U000258,16410314,MODEL_A,BATCH_01,712353.0,50882.357142857145,11451.202614755179,34116.0,74196.0,14,1.8,4.0,0.0,7.0,14.0,15.121913513513514,67.70550444444444,40.169181081081085,2.0705655555555555,0.11625409708947951,0.21922549822205312,0.11337797610411668,0.05544151539954498,15.356,68.2597,40.4096,2.20199,164,12,1,0,0,0,0,run_001
U000259,16477331,MODEL_A,BATCH_02,728000.0,52000.0,10347.716046771646,35628.0,67017.0,14,1.775,4.0,0.0,5.0,14.0,15.103225714285713,67.71306818181819,40.19403142857143,2.0857875,0.11041180761360707,0.2015070761902781,0.14287448578761727,0.05219389686877992,15.3397,68.2511,40.6116,2.22446,158,12,1,0,0,0,0,run_001
U000260,16533775,MODEL_B,BATCH_01,703880.0,50277.142857142855,7710.138877898602,36259.0,60814.0,14,1.8,4.0,0.0,6.0,14.0,15.12898611111111,67.72652325581394,40.19029722222222,2.0965472093023254,0.10216616200450186,0.18177673752004841,0.1541636375249383,0.0532736758600871,15.3077,68.1758,40.4485,2.2335,158,12,1,0,0,0,0,run_001
U000261,16584684,MODEL_A,BATCH_01,685534.0,48966.71428571428,10239.758286123837,33269.0,67122.0,14,1.8048780487804879,4.0,0.0,4.0,14.0,15.13256111111111,67.73276666666666,40.156025,2.0866646666666666,0.09108363904449197,0.19705921698819542,0.16390632756024445,0.04327532866321281,15.3011,68.3036,40.4798,2.1826,162,12,2,0,0,0,0,run_001
U000262,16645659,MODEL_A,BATCH_01,701630.0,50116.42857142857,11214.635799253143,33525.0,65049.0,14,1.8,4.0,0.0,4.0,14.0,15.142547058823528,67.83050731707317,40.14563823529412,2.0961136585365856,0.0961210387063957,0.2009704672212375,0.14027453604791648,0.054174715631745494,15.3069,68.2297,40.4141,2.22832,150,12,1,0,0,0,0,run_001
U000263,16708390,MODEL_A,BATCH_01,721313.0,51522.357142857145,9644.1281506269,35825.0,63123.0,14,1.8,4.0,0.0,4.0,14.0,15.112652631578948,67.777,40.20902368421053,2.0838582222222226,0.0957096615666983,0.2106545437871739,0.14293082703108317,0.04454938242041517,15.3108,68.181,40.4924,2.18098,166,12,1,0,0,0,0,run_001
U000264,16774756,MODEL_A,BATCH_01,710405.0,50743.21428571428,9873.061813132443,34876.0,66366.0,14,1.875,4.0,0.0,4.0,14.0,15.158268571428572,67.86132093023255,40.14818,2.1069513953488372,0.09210918320261036,0.1846482403022898,0.1646278580528174,0.042709698384580976,15.3361,68.3162,40.4392,2.2252,156,12,1,0,0,0,0,run_001
U000265,16847504,MODEL_B,BATCH_01,696706.0,49764.71428571428,9941.226200707151,37972.0,72748.0,14,1.75,4.0,0.0,2.0,14.0,15.15299705882353,67.87339069767442,40.13954705882353,2.0989911627906976,0.1099874661875622,0.17341047754080477,0.14796344805655154,0.046332824948014335,15.4175,68.2916,40.4428,2.20605,154,12,1,0,0,0,0,run_001
U000266,16920044,MODEL_A,BATCH_02,727305.0,51950.357142857145,12447.482727332976,32735.0,72540.0,14,1.725,4.0,0.0,5.0,14.0,15.152933333333332,67.87879347826087,39.21311111111111,2.217574347826087,0.09160628799378374,0.20381472131126394,0.7481472661669026,0.08915741982339587,15.291,68.3707,40.6025,2.3412,164,12,1,0,0,0,1,run_001
U000267,16975454,MODEL_A,BATCH_01,718071.0,51290.78571428572,8761.664753814868,35358.0,67690.0,14,1.8,4.0,0.0,6.0,14.0,15.150508333333335,67.91643953488372,40.101441666666666,2.1116332558139534,0.1122967405073337,0.1792154398369992,0.13991749890560495,0.06223244211062304,15.3919,68.3921,40.4666,2.25445,158,12,1,0,0,0,0,run_001
U000268,17055163,MODEL_A,BATCH_01,728808.0,52057.71428571428,13431.9693122191,33815.0,79709.0,14,1.8,4.0,0.0,5.0,14.0,15.165614285714287,67.94775714285714,40.157694285714285,2.117292619047619,0.10626883817181126,0.17758225870359864,0.15208101158275453,0.05071654134642873,15.4265,68.3405,40.4541,2.23141,154,12,1,0,0,0,0,run_001
U000269,17111181,MODEL_A,BATCH_01,704308.0,50307.71428571428,8392.701164414519,36439.0,60896.0,14,1.825,4.0,0.0,5.0,14.0,15.13994411764706,67.95625476190476,40.175135294117645,2.1177866666666665,0.07422719501301972,0.17512545357247844,0.15036973801439213,0.05214137375358051,15.2751,68.295,40.4429,2.25867,152,12,1,0,0,0,0,run_001
U000270,17171309,MODEL_B,BATCH_01,700287.0,50020.5,10445.469873807275,34792.0,68451.0,14,1.8,4.0,0.0,4.0,14.0,15.138030555555556,68.00823488372093,40.079550000000005,2.1172381395348836,0.1083378573048075,0.22787175997092815,0.14671784096401883,0.05059681611740168,15.3637,68.72,40.5591,2.20028,158,12,1,0,0,0,0,run_001
U000271,17227562,MODEL_A,BATCH_01,713722.0,50980.142857142855,9728.795085938229,37078.0,71067.0,14,1.775,4.0,0.0,5.0,14.0,15.133743243243241,68.00329772727274,40.14527567567568,2.1353361363636365,0.12719263068393669,0.2209299431090232,0.1423119585929393,0.04558053206501443,15.3871,68.3696,40.4445,2.21572,162,12,1,0,0,0,0,run_001
U000272,17283629,MODEL_A,BATCH_01,685429.0,48959.21428571428,9370.871876179945,36438.0,65307.0,14,1.8,4.0,0.0,6.0,14.0,15.149289189189188,68.10045227272727,40.11351351351352,2.1268688636363637,0.10367854643556211,0.20889081323787392,0.1543642466559062,0.046808252016265074,15.3674,68.6072,40.3698,2.23214,162,12,1,0,0,0,0,run_001
U000273,17336928,MODEL_A,BATCH_02,701672.0,50119.42857142857,10666.882939657286,34529.0,65937.0,14,1.825,4.0,0.0,5.0,14.0,15.17250857142857,68.0635534883721,40.09012285714285,2.125646976744186,0.09954596151417444,0.18313909019263705,0.17217745306670587,0.05635410901209479,15.3643,68.5333,40.5244,2.25184,156,12,1,0,0,0,0,run_001
U000274,17402167,MODEL_A,BATCH_01,707890.0,50563.57142857143,8497.5890219999,37916.0,65239.0,14,1.8,4.0,0.0,4.0,14.0,15.153282857142859,68.11589761904762,40.106497142857144,2.1266990476190477,0.1251620866427734,0.1959064242626134,0.13796529505153127,0.051570360167942725,15.4329,68.4656,40.3318,2.2223,154,12,1,0,0,0,0,run_001
U000275,17457898,MODEL_B,BATCH_01,724862.0,51775.857142857145,8769.557342193619,37517.0,67865.0,14,1.8,4.0,0.0,5.0,14.0,15.185094871794872,68.17043043478262,40.1008282051282,2.1386265217391305,0.09013712054045894,0.18864734396877408,0.1555015602370822,0.04728464736594461,15.4403,68.6256,40.4961,2.24955,170,12,1,0,0,0,0,run_001
U000276,17521505,MODEL_A,BATCH_01,689814.0,49272.42857142857,9620.517527373748,32701.0,63607.0,14,1.8,4.0,0.0,4.0,14.0,15.178047058823529,68.17585238095238,39.58668823529412,2.184895,0.09753316214683135,0.21237194045295332,0.6977288940228574,0.1070200140673492,15.3589,68.8311,40.3897,2.44276,152,12,1,0,0,0,1,run_001
U000277,17602382,MODEL_A,BATCH_01,717918.0,51279.857142857145,11200.493422215777,34632.0,80877.0,14,1.8,4.0,0.0,5.0,14.0,15.163091176470589,68.16710476190477,40.06662941176471,2.1519500000000003,0.103646688226842,0.22849748459135405,0.15246400972114563,0.03930961720594655,15.3894,68.6747,40.299,2.27582,152,12,1,0,0,0,0,run_001
U000278,17680232,MODEL_A,BATCH_01,751488.0,53677.71428571428,12988.258646998016,36975.0,77850.0,14,1.85,4.0,0.0,5.0,14.0,15.177048648648649,68.12976,40.01783783783784,2.14285,0.08510634726825778,0.17840522235527875,0.14346573410351912,0.04140641567548338,15.3709,68.5589,40.3393,2.24021,164,12,1,0,0,0,0,run_001
U000279,17735318,MODEL_A,BATCH_01,674624.0,48187.42857142857,10986.677734800072,34675.0,72677.0,14,1.8,4.0,0.0,3.0,14.0,15.134738235294117,68.23921428571428,40.03368823529412,2.1569640476190477,0.09484542772547244,0.17228533418810624,0.1477115037573103,0.04581099138850499,15.3391,68.5942,40.3561,2.28301,152,12,1,0,0,0,0,run_001
U000280,17778668,MODEL_B,BATCH_02,705586.0,50399.0,11120.600793122645,31768.0,70320.0,14,1.8048780487804879,4.0,0.0,5.0,14.0,15.168221052631578,68.29119090909091,40.102094736842105,2.1508513636363635,0.09896852668670836,0.17998675509174691,0.14024574753367802,0.05484727936653929,15.4116,68.5606,40.4982,2.2398,164,12,2,0,0,0,0,run_001
U000281,17854281,MODEL_A,BATCH_01,744915.0,53208.21428571428,11698.440692795652,36996.0,76095.0,14,1.825,4.0,0.0,5.0,14.0,15.179144736842105,68.29600217391305,40.0068,2.1634547826086954,0.10643311742622207,0.20973968573674398,0.1558436170427675,0.045878841104182264,15.4154,68.7013,40.2932,2.251,168,12,1,0,0,0,0,run_001
U000282,17909416,MODEL_A,BATCH_01,691327.0,49380.5,7895.580981692324,37254.0,62437.0,14,1.8,4.0,0.0,4.0,14.0,15.176519444444445,68.31503333333333,40.039875,2.1624904761904764,0.11607339997837454,0.22453922430620601,0.1563059479263125,0.06314342106789873,15.5396,68.807,40.4434,2.30487,156,12,1,0,0,0,0,run_001
U000283,17963371,MODEL_A,BATCH_01,672107.0,48007.642857142855,8842.86048922339,30408.0,61389.0,14,1.825,4.0,0.0,4.0,14.0,15.16112894736842,68.32895227272728,40.004752631578945,2.1740104545454546,0.1012663117535111,0.18238351043456796,0.1430307427487747,0.0508100870297881,15.446,68.6925,40.3785,2.27582,164,12,1,0,0,0,0,run_001
U000284,18011823,MODEL_A,BATCH_01,676482.0,48320.142857142855,9357.952010144945,35545.0,68261.0,14,1.825,4.0,0.0,3.0,14.0,15.180828125,68.34721282051282,39.99283125,2.1827546153846153,0.09250179504579123,0.1970223660553432,0.11495537265222969,0.04601662456148192,15.3837,68.8655,40.2724,2.289,142,12,1,0,0,0,0,run_001
U000285,18075762,MODEL_B,BATCH_01,686218.0,49015.57142857143,10810.482723970967,32542.0,67845.0,14,1.825,4.0,0.0,4.0,14.0,15.208014705882352,68.35632682926828,39.99571176470588,2.1757095121951218,0.101655383772385,0.2110368925382349,0.16723676514144087,0.04048430152239375,15.4225,68.8345,40.3247,2.26607,150,12,1,0,0,0,0,run_001
U000286,18142910,MODEL_A,BATCH_01,739747.0,52839.07142857143,10183.803411181032,33501.0,71674.0,14,1.9,4.0,0.0,4.0,14.0,15.200689743589745,68.40372340425532,40.009128205128206,2.182602765957447,0.08261691172250467,0.18507239031720782,0.13188780109726989,0.051594363767934505,15.4134,68.7449,40.3207,2.29284,172,12,1,0,0,0,0,run_001
U000287,18192871,MODEL_A,BATCH_02,643745.0,45981.78571428572,8109.4282941673355,35934.0,67577.0,14,1.8,4.0,0.0,1.0,14.0,15.177591176470587,68.42328095238095,40.024764705882355,2.188879761904762,0.12588718221907602,0.1909231542999716,0.14248345120782485,0.044407787467366656,15.3975,68.7117,40.3547,2.30154,152,12,1,0,0,0,0,run_001
U000288,18246746,MODEL_A,BATCH_01,669078.0,47791.28571428572,9625.574639617998,29140.0,67556.0,14,1.8048780487804879,4.0,0.0,4.0,14.0,15.167952941176472,68.49800243902439,39.36754117647059,2.2726187804878046,0.09160887953287687,0.1764514756070413,0.7568657349076909,0.10890917356208159,15.3674,68.883,40.2984,2.47871,150,12,2,1,0,1,1,run_001
U000289,18308417,MODEL_A,BATCH_01,708176.0,50584.0,9635.120038372443,34306.0,66779.0,14,1.8,4.0,0.0,5.0,14.0,15.207434210526317,68.51668,40.006518421052625,2.191641333333333,0.08151831588689472,0.17964432865576857,0.17538095501286255,0.039484365352285,15.3467,68.8724,40.3327,2.26387,166,12,1,0,0,0,0,run_001
U000290,18388383,MODEL_B,BATCH_01,713235.0,50945.357142857145,12614.529666570656,31526.0,79966.0,14,1.825,4.0,0.0,5.0,14.0,15.209697142857141,68.55079761904761,39.99549428571429,2.1921950000000003,0.1065837518952452,0.20950228415786656,0.18618937061790702,0.048433452269898064,15.47,68.9941,40.3327,2.33044,154,12,1,0,0,0,0,run_001
U000291,18458163,MODEL_A,BATCH_01,707349.0,50524.92857142857,11357.170662451275,30461.0,69780.0,14,1.8,4.0,0.0,4.0,14.0,15.178362857142858,68.5445119047619,39.964862857142855,2.1822947619047617,0.09948168937552476,0.16525987546947368,0.1633553526116943,0.041206831735153354,15.3697,68.8798,40.2428,2.26232,154,12,1,0,0,0,0,run_001
U000292,18528612,MODEL_A,BATCH_01,733588.0,52399.142857142855,10803.96904174318,38356.0,70449.0,14,1.825,4.0,0.0,4.0,14.0,15.193936111111112,68.5883,39.96824166666667,2.2029515909090907,0.11957677307374608,0.2190863056019781,0.1356371764777537,0.056821342204917066,15.4368,69.1393,40.3,2.34285,160,12,1,0,0,0,0,run_001
U000293,18613222,MODEL_A,BATCH_01,710884.0,50777.42857142857,14455.878009756687,28742.0,84610.0,14,1.875,4.0,0.0,5.0,14.0,15.190923529411764,68.63562439024389,39.94491764705882,2.1897141463414633,0.08223830140189362,0.2252959073979012,0.14194164928010333,0.05925216232238315,15.3769,69.0521,40.2203,2.29591,150,12,1,0,0,0,0,run_001
U000294,18667526,MODEL_A,BATCH_02,659985.0,47141.78571428572,6171.092113526291,33642.0,55308.0,14,1.825,4.0,0.0,2.0,14.0,15.196006060606061,68.62131,39.95309090909091,2.1994265,0.10574981365052752,0.1891182085905889,0.15844928282347268,0.04714993485325995,15.4153,69.169,40.305,2.29256,146,12,1,1,1,0,0,run_001
U000295,18734369,MODEL_B,BATCH_01,735714.0,52551.0,11615.763851170264,35088.0,70476.0,14,1.925,4.0,0.0,6.0,14.0,15.212258333333333,68.66996818181818,39.95891388888889,2.199105,0.10699693820719472,0.20786068878170252,0.162917900713875,0.046200803149165054,15.4791,69.2747,40.2663,2.29482,160,12,1,0,0,0,0,run_001
U000296,18806604,MODEL_A,BATCH_01,696172.0,49726.57142857143,9871.616956743173,37560.0,72235.0,14,1.875,4.0,0.0,1.0,14.0,15.183068571428572,68.67970930232558,39.91797142857143,2.2075486046511625,0.10013431794470927,0.17017673420237953,0.15117165461707455,0.049049343453758255,15.3909,69.0403,40.2873,2.33683,156,12,1,0,0,0,0,run_001
U000297,18861131,MODEL_A,BATCH_01,720220.0,51444.28571428572,7844.277840258135,36741.0,66096.0,14,1.85,4.0,0.0,4.0,14.0,15.188364864864866,68.71180888888888,39.89624324324325,2.2269068888888888,0.11220485040074421,0.177582712895124,0.16638294607544668,0.04550479674127387,15.4058,69.0742,40.2138,2.31255,164,12,1,0,0,0,0,run_001
U000298,18917674,MODEL_A,BATCH_01,694243.0,49588.78571428572,8042.455549037356,33059.0,65674.0,14,1.8,4.0,0.0,4.0,14.0,15.229094594594594,68.68648863636363,39.883578378378374,2.2208034090909092,0.11518534567755923,0.21029163605204707,0.16005271724434225,0.055479773139791154,15.5532,69.0819,40.2733,2.34833,162,12,1,0,0,0,0,run_001
U000299,18973778,MODEL_A,BATCH_01,705602.0,50400.142857142855,11507.559487686232,32864.0,78495.0,14,1.8,4.0,0.0,5.0,14.0,15.248581081081081,68.74807111111112,39.93753783783784,2.221662,0.09801607531941373,0.20458797576661886,0.16926107275670346,0.04955459320055742,15.4383,69.307,40.2834,2.32269,164,12,1,0,0,0,0,run_001
U000300,19028806,MODEL_B,BATCH_01,701618.0,50115.57142857143,11201.97753636717,33128.0,70118.0,14,1.775,4.0,0.0,4.0,14.0,15.221656756756754,68.79488222222221,39.894645945945946,2.2237182222222223,0.09027018561746411,0.23679782255687226,0.14888834853785718,0.05737992669633478,15.4192,69.4711,40.1244,2.34824,164,12,1,0,0,0,1,run_001
U000301,19084626,MODEL_A,BATCH_02,707597.0,50542.642857142855,12010.039695106008,35973.0,72698.0,14,1.8,4.0,0.0,6.0,14.0,15.21477027027027,68.76408444444445,39.912643243243245,2.229971111111111,0.11235460447683998,0.20011482721354307,0.1169064691217815,0.056228436360577894,15.4295,69.2213,40.1046,2.35657,164,12,1,0,0,0,0,run_001
U000302,19144533,MODEL_A,BATCH_01,721109.0,51507.78571428572,11498.724559228775,37995.0,80608.0,14,1.8,4.0,0.0,5.0,14.0,15.25062,68.84708604651163,39.911028571428574,2.2347088372093022,0.09250313126655581,0.21166677155760016,0.12627807217646853,0.045970240695129186,15.4017,69.2503,40.2276,2.32481,156,12,1,0,0,0,0,run_001
U000303,19208803,MODEL_A,BATCH_01,729703.0,52121.642857142855,10119.710315154152,33995.0,67915.0,14,1.875,4.0,0.0,5.0,14.0,15.226959999999998,68.89096279069767,39.86236,2.2282702325581396,0.10555974388663393,0.21253943390216914,0.17526985613786542,0.046864571372675835,15.436,69.2956,40.3925,2.3077,156,12,1,0,0,0,0,run_001
U000304,19277016,MODEL_A,BATCH_01,704283.0,50305.92857142857,10554.261818477265,31589.0,68213.0,14,1.8,4.0,0.0,3.0,14.0,15.215802777777778,68.90164651162792,39.88979166666667,2.2431218604651164,0.08671118723707748,0.18298107285524534,0.12100574337018564,0.04154319090707852,15.3931,69.3563,40.1085,2.37283,158,12,1,0,0,0,0,run_001
U000305,19337373,MODEL_B,BATCH_01,733664.0,52404.57142857143,10572.857991569268,35488.0,78489.0,14,1.825,4.0,0.0,5.0,14.0,15.210957894736842,68.90212173913044,39.87300526315789,2.238635,0.07998127021145168,0.22578546741251074,0.1611039230608756,0.052152312007980865,15.3968,69.347,40.2526,2.37973,168,12,1,0,0,0,0,run_001
U000306,19408198,MODEL_A,BATCH_01,708696.0,50621.142857142855,10634.016260292996,35920.0,70825.0,14,1.8,4.0,0.0,4.0,14.0,15.242745454545455,68.9215,39.84664848484849,2.2606959523809524,0.08842069925542421,0.18119802938679658,0.1440679594870342,0.04959634654421922,15.4631,69.3131,40.0909,2.37239,150,12,1,0,0,0,0,run_001
U000307,19468410,MODEL_A,BATCH_01,697319.0,49808.5,9503.980613406155,32897.0,60626.0,14,1.825,4.0,0.0,5.0,14.0,15.263925714285714,68.92857441860465,39.841240000000006,2.251773953488372,0.09889877874359591,0.1820564670292006,0.1907190637931033,0.055084305350095404,15.4831,69.3384,40.3265,2.339,156,12,1,0,0,0,0,run_001
U000308,19526561,MODEL_A,BATCH_02,710897.0,50778.357142857145,9884.61495773292,38733.0,74495.0,14,1.8,4.0,0.0,4.0,14.0,15.232005714285712,68.95699069767441,39.83102285714286,2.267618139534884,0.09340505384631802,0.1854952673173084,0.1474139651092919,0.043840599212526705,15.4437,69.3789,40.2711,2.38947,156,12,1,0,0,0,0,run_001
U000309,19583982,MODEL_A,BATCH_01,711569.0,50826.357142857145,10813.662864864295,36546.0,68425.0,14,1.775,4.0,0.0,6.0,14.0,15.246031428571428,69.0552488372093,39.60040285714286,2.295758139534884,0.11587339127997723,0.20025811245928918,0.5888735844992616,0.09834813139474081,15.4801,69.4395,40.2531,2.57159,156,12,1,0,0,0,0,run_001
U000310,19638472,MODEL_B,BATCH_01,719761.0,51411.5,9304.279112735834,40038.0,67626.0,14,1.875,4.0,0.0,6.0,14.0,15.230594736842106,69.06428444444444,39.83980263157895,2.267236666666667,0.11862865053732664,0.185450699103504,0.14276309328288758,0.04311558824833542,15.4258,69.6082,40.1214,2.35927,166,12,1,0,0,0,0,run_001
U000311,19689737,MODEL_A,BATCH_01,677892.0,48420.857142857145,8108.678568784692,34046.0,61149.0,14,1.9024390243902438,4.0,0.0,5.0,14.0,15.19355142857143,69.02757073170731,39.80967428571429,2.266520487804878,0.09374481121775269,0.19739081316502777,0.17547534994116698,0.04734814895807545,15.3982,69.532,40.1503,2.3748,152,12,2,0,0,0,0,run_001
U000312,19744540,MODEL_A,BATCH_01,685240.0,48945.71428571428,7641.418841556057,35822.0,60906.0,14,1.8,4.0,0.0,4.0,14.0,15.26488611111111,69.06807142857143,39.875075,2.2715704761904765,0.08675523253969099,0.19327280641711592,0.14595111975295993,0.05819459412293859,15.4585,69.5541,40.2009,2.41198,156,12,1,0,0,0,0,run_001
U000313,19822187,MODEL_A,BATCH_01,769210.0,54943.57142857143,11172.219390519062,39308.0,77647.0,14,1.925,4.0,0.0,6.0,14.0,15.263354054054053,69.09992391304348,39.81984324324324,2.267259347826087,0.10103207574988438,0.1731596041996226,0.17118107297462798,0.05531578474348378,15.4987,69.374,40.2909,2.39388,166,12,1,0,0,0,0,run_001
U000314,19877866,MODEL_A,BATCH_01,663941.0,47424.357142857145,7399.740479931013,35293.0,62038.0,14,1.85,4.0,0.0,1.0,14.0,15.29450588235294,69.14811428571429,39.77155588235294,2.273388333333333,0.07007429365335095,0.1772265445231704,0.197332081575436,0.04223196881317997,15.4435,69.5082,40.1409,2.37074,152,12,1,0,0,0,0,run_001
U000315,19962467,MODEL_B,BATCH_02,747769.0,53412.07142857143,13685.663343380607,33651.0,84601.0,14,1.8,4.0,0.0,4.0,14.0,15.229577777777779,69.16586590909091,39.79067222222222,2.276559318181818,0.09776449577899261,0.22331731407186012,0.17605681487375532,0.042569581639002055,15.4486,69.5861,40.2533,2.37173,160,12,1,0,0,0,0,run_001
U000316,20016114,MODEL_A,BATCH_01,743236.0,53088.28571428572,11645.967459422773,36710.0,76749.0,14,1.85,4.0,0.0,6.0,14.0,15.225607894736841,69.16940212765958,38.84202368421053,2.4042597872340425,0.0806795877650261,0.20480164580834695,0.7492620165362034,0.10421475576672869,15.3801,69.5754,39.9781,2.54103,170,12,1,0,0,0,0,run_001
U000317,20090476,MODEL_A,BATCH_01,725243.0,51803.07142857143,13437.707808564364,31205.0,74362.0,14,1.75,4.0,0.0,4.0,14.0,15.22917027027027,69.19159545454545,39.767451351351355,2.290481363636364,0.114575811546729,0.23150572945297934,0.15175724881391087,0.04679143578918617,15.4703,69.5936,40.1172,2.39571,162,12,1,0,0,0,0,run_001
U000318,20173495,MODEL_A,BATCH_01,735879.0,52562.78571428572,13979.08312817388,30829.0,83019.0,14,1.8,4.0,0.0,6.0,14.0,15.290347222222222,69.2310090909091,39.788219444444444,2.285,0.09600456979037447,0.21283919994144018,0.1312376858320033,0.053999931912101874,15.4878,69.8104,40.0455,2.40404,160,12,1,0,0,0,0,run_001
U000319,20223352,MODEL_A,BATCH_01,731216.0,52229.71428571428,13031.793556402867,34777.0,82749.0,14,1.825,4.0,0.0,6.0,14.0,15.265481578947368,69.26126739130436,39.20934736842106,2.367382608695652,0.0878143337904533,0.19825227369227316,0.7613054416812176,0.10546875660455177,15.4477,69.7008,40.1704,2.54455,168,12,1,0,0,0,0,run_001
U000320,20286869,MODEL_B,BATCH_01,704182.0,50298.71428571428,11009.704980527033,34333.0,63517.0,14,1.825,4.0,0.0,6.0,14.0,15.272494594594596,69.30439318181818,39.79513783783784,2.2894811363636367,0.0967242815255645,0.23865757740905172,0.12134030509125844,0.047832930235954814,15.4521,69.8348,40.0243,2.4004,162,12,1,0,0,0,0,run_001
U000321,20331534,MODEL_A,BATCH_01,730269.0,52162.07142857143,11546.927733013166,38178.0,76306.0,14,1.8780487804878048,4.0,0.0,6.0,14.0,15.270244444444444,69.34231590909091,39.78765,2.3034511363636363,0.11452209878932153,0.20512288426207337,0.15081600047740265,0.04629818883473001,15.5967,69.8008,40.0324,2.4057,160,12,2,0,0,0,0,run_001
U000322,20395481,MODEL_A,BATCH_02,725409.0,51814.92857142857,12450.040225231809,37033.0,77474.0,14,1.925,4.0,0.0,6.0,14.0,15.284554285714284,69.30076428571428,39.76104,2.3034045238095238,0.11063912812503915,0.18732130453422471,0.13830580184334182,0.04691630753994126,15.4778,69.8176,39.9968,2.4246,154,12,1,0,0,0,0,run_001
U000323,20460290,MODEL_A,BATCH_01,694408.0,49600.57142857143,8759.848766821402,35749.0,64809.0,14,1.9,4.0,0.0,3.0,14.0,15.285083333333334,69.39818181818181,39.73780555555555,2.3163881818181817,0.10026779143872684,0.23645392124267228,0.15927715815869894,0.0460255347870211,15.4662,69.7346,40.1458,2.40969,160,12,1,0,0,0,0,run_001
U000324,20521736,MODEL_A,BATCH_01,695145.0,49653.21428571428,12270.997390210357,32724.0,73035.0,14,1.9,4.0,0.0,4.0,14.0,15.306522222222222,69.35057674418604,39.73865833333333,2.3007483720930235,0.08750383538079441,0.20031987377003202,0.16325115510420526,0.043549476128839366,15.4883,69.8072,40.1647,2.39167,158,12,1,0,0,0,0,run_001
U000325,20571731,MODEL_B,BATCH_01,682174.0,48726.71428571428,7447.534516444109,36702.0,60286.0,14,1.925,4.0,0.0,3.0,14.0,15.260486111111113,69.38862499999999,39.74891944444445,2.317201590909091,0.10617714080798535,0.1903227798327245,0.14422090559662679,0.05711736741308063,15.4388,69.8432,40.1627,2.46653,160,12,1,0,0,0,0,run_001
U000326,20641183,MODEL_A,BATCH_01,682337.0,48738.357142857145,11186.709343661363,33951.0,69452.0,14,1.825,4.0,0.0,2.0,14.0,15.2675,69.46210465116279,39.67771388888889,2.3100851162790694,0.0977622977284334,0.1922528951463052,0.12281168663045021,0.04800664940907832,15.4808,70.0563,40.0049,2.4153,158,12,1,0,0,0,0,run_001
U000327,20701208,MODEL_A,BATCH_01,758548.0,54182.0,11163.753008319793,35238.0,67345.0,14,1.85,4.0,0.0,5.0,14.0,15.297377142857142,69.45800697674419,39.721425714285715,2.3223655813953488,0.11967945198274758,0.22239408008067016,0.1397477377336767,0.05205602551017357,15.4755,69.9491,39.9634,2.40208,156,12,1,0,0,0,0,run_001
U000328,20783348,MODEL_A,BATCH_01,744029.0,53144.92857142857,13712.383894546878,33137.0,82140.0,14,1.85,4.0,0.0,3.0,14.0,15.268445945945945,69.55737777777777,39.71867837837838,2.323854888888889,0.10835032583295773,0.22286706992866012,0.14035078896808537,0.050266947735529574,15.4994,70.0847,39.9331,2.46002,164,12,1,0,0,0,0,run_001
U000329,20831058,MODEL_A,BATCH_02,700431.0,50030.78571428572,7669.512151555479,40460.0,68894.0,14,1.925,4.0,0.0,3.0,14.0,15.291367567567569,69.49808666666667,39.691275675675676,2.3326224444444446,0.09867545584179266,0.2369814536279917,0.1371152828126053,0.04844459962189033,15.4987,70.1063,39.9739,2.41578,164,12,1,0,0,0,0,run_001
U000330,20921925,MODEL_B,BATCH_01,715227.0,51087.642857142855,13178.81222970091,35630.0,90867.0,14,1.85,4.0,0.0,1.0,14.0,15.269834285714287,69.50552682926829,38.18195142857143,2.513550243902439,0.08643336073958655,0.18915863715990694,0.14866464505414773,0.046666813234235625,15.4346,69.859,38.4884,2.62898,152,12,1,0,0,0,1,run_001
U000331,20991496,MODEL_A,BATCH_01,687464.0,49104.57142857143,8940.66303438987,36548.0,69571.0,14,1.825,4.0,0.0,3.0,14.0,15.302234285714286,69.58755813953488,39.67680857142857,2.3395697674418603,0.07867249666238148,0.22752576853806575,0.15604350896168673,0.05124121176629186,15.4417,70.1815,40.0123,2.43767,156,12,1,0,0,0,0,run_001
U000332,21043957,MODEL_A,BATCH_01,700020.0,50001.42857142857,8073.4996387924875,36092.0,62862.0,14,1.829268292682927,4.0,0.0,5.0,14.0,15.27010857142857,69.63723333333334,39.66930857142857,2.340595476190476,0.10013206976267852,0.19808540245729,0.16140540185476776,0.043883349095260434,15.4308,70.2702,39.9325,2.42343,154,12,2,0,0,0,0,run_001
U000333,21106113,MODEL_A,BATCH_01,716785.0,51198.92857142857,13024.607334782679,33261.0,77106.0,14,1.8,4.0,0.0,5.0,14.0,15.308028947368422,69.65072888888889,39.69320789473684,2.3453286666666666,0.08477244551020668,0.18930236830654043,0.17343926327131653,0.0569660538311275,15.5152,70.0801,40.0056,2.43493,166,12,1,0,0,0,0,run_001
U000334,21160477,MODEL_A,BATCH_01,740468.0,52890.57142857143,7050.619631409226,38107.0,63065.0,14,1.85,4.0,0.0,5.0,14.0,15.294986842105265,69.66977826086956,39.66862894736842,2.346613260869565,0.11886589802833514,0.21235516676134983,0.17655997818350286,0.050787550182843796,15.5553,70.1867,40.0907,2.45097,168,12,1,0,0,0,0,run_001
U000335,21221176,MODEL_B,BATCH_01,729057.0,52075.5,9598.577849388377,34885.0,68939.0,14,1.825,4.0,0.0,2.0,14.0,15.305475675675675,69.69637727272728,39.671594594594595,2.3384127272727273,0.10730361235869557,0.1977005603544931,0.1702795413201255,0.04964745696495114,15.546,70.2494,40.0891,2.45716,162,12,1,0,0,0,0,run_001
U000336,21301210,MODEL_A,BATCH_02,732713.0,52336.642857142855,13088.963910380868,36154.0,80034.0,14,1.8,4.0,0.0,5.0,14.0,15.269005555555557,69.67377954545454,39.625347222222224,2.353204318181818,0.09074827647145543,0.21179963939133548,0.13712187381223254,0.05261703855250636,15.4721,70.0042,39.8887,2.45526,160,12,1,0,0,0,0,run_001
U000337,21347052,MODEL_A,BATCH_01,707273.0,50519.5,9192.59219112366,35712.0,64728.0,14,1.85,4.0,0.0,5.0,14.0,15.339240540540542,69.76626976744186,39.67004054054054,2.353385348837209,0.1034172521054061,0.20191559827346914,0.1588435664060359,0.047370476758502214,15.5557,70.252,40.0323,2.45728,160,12,1,0,0,0,0,run_001
U000338,21421603,MODEL_A,BATCH_01,702883.0,50205.92857142857,10626.458933061567,34553.0,74551.0,14,1.875,4.0,0.0,4.0,14.0,15.331394736842105,69.76728913043478,39.62722368421053,2.3765489130434783,0.10001060740327583,0.21404492490882693,0.14625180328610599,0.04204481504449282,15.5904,70.4065,39.9289,2.45682,168,12,1,0,0,0,0,run_001
U000339,21489170,MODEL_A,BATCH_01,690825.0,49344.642857142855,9475.64795111166,34022.0,67567.0,14,1.825,4.0,0.0,3.0,14.0,15.311137837837839,69.77408888888888,39.62984054054054,2.367984888888889,0.12954053495024323,0.2133439777174027,0.12126152742330658,0.036290660182265226,15.6172,70.2878,39.9154,2.44512,164,12,1,0,0,0,0,run_001
U000340,21542320,MODEL_B,BATCH_01,720492.0,51463.71428571428,9050.639173591522,35608.0,65324.0,14,1.9,4.0,0.0,4.0,14.0,15.339329411764705,69.82168333333333,39.59756470588235,2.3789857142857143,0.1009563828093428,0.1873060856337781,0.1557873781839395,0.043931798092312305,15.6158,70.1719,39.9341,2.45891,152,12,1,0,0,0,0,run_001
U000341,21587852,MODEL_A,BATCH_01,713653.0,50975.21428571428,10085.41057612485,36956.0,71319.0,14,1.925,4.0,0.0,3.0,14.0,15.34988947368421,69.81984347826086,38.987155263157895,2.451571956521739,0.09148775664498347,0.15767547072271818,0.741458065260013,0.0966310938367509,15.5755,70.2808,39.8896,2.63254,168,12,1,0,0,0,0,run_001
U000342,21636401,MODEL_A,BATCH_01,727576.0,51969.71428571428,11949.335716513035,34181.0,72320.0,14,1.925,4.0,0.0,2.0,14.0,15.306167567567568,69.84218666666666,39.61695945945946,2.3696657777777776,0.10212630538824105,0.18960332707092092,0.14740618383579776,0.05188792101902682,15.5234,70.208,39.9059,2.46823,164,12,1,0,0,0,0,run_001
U000343,21690060,MODEL_A,BATCH_02,727225.0,51944.642857142855,7693.170043888009,39343.0,64366.0,14,1.925,4.0,0.0,3.0,14.0,15.33099,69.9427170212766,39.6096375,2.383085531914894,0.08708939939613507,0.18736740856118642,0.17141033790967078,0.05055392685940995,15.5111,70.3538,39.9572,2.48523,174,12,1,0,0,0,0,run_001
U000344,21749431,MODEL_A,BATCH_01,698377.0,49884.07142857143,7175.03017913016,40794.0,61609.0,14,1.85,4.0,0.0,3.0,14.0,15.3385,69.93776749999999,39.636994117647056,2.3869025,0.09906826235510864,0.17859967753079065,0.17619983307730694,0.0493924873219213,15.5663,70.3264,40.0291,2.5612,148,12,1,0,0,0,0,run_001
U000345,21799900,MODEL_B,BATCH_01,731894.0,52278.142857142855,13814.016576579817,35932.0,85310.0,14,1.8780487804878048,4.0,0.0,6.0,14.0,15.33101111111111,69.94820930232558,39.59889444444444,2.3845162790697674,0.10095925282092079,0.23311941637787126,0.14521909347985476,0.04926235291169577,15.5267,70.441,39.9657,2.50606,158,12,2,0,0,0,0,run_001
U000346,21858974,MODEL_A,BATCH_01,705857.0,50418.357142857145,10608.162057927508,37223.0,69035.0,14,1.853658536585366,4.0,0.0,4.0,14.0,15.333913513513512,69.95795681818181,39.54298378378378,2.3788361363636366,0.08253556190502984,0.19234192833153144,0.12971907362860483,0.03881106089139874,15.4838,70.3953,39.8371,2.46297,162,12,2,0,0,0,0,run_001
U000347,21909555,MODEL_A,BATCH_01,744752.0,53196.57142857143,10763.54869072382,38817.0,67258.0,14,1.875,4.0,0.0,5.0,14.0,15.350000000000001,69.9781,39.049216216216216,2.4658415555555555,0.09064034850869539,0.199247221949377,0.7547100132992628,0.0986585085939366,15.5374,70.3726,40.0281,2.62828,164,12,1,0,0,0,1,run_001
U000348,21958420,MODEL_A,BATCH_01,702104.0,50150.28571428572,12136.649730519486,37571.0,84034.0,14,1.7804878048780488,4.0,0.0,4.0,14.0,15.35753888888889,70.03875116279069,39.55926666666667,2.4018723255813956,0.07902692589157785,0.1998745444285536,0.14678666930520018,0.05323752569458846,15.4778,70.4895,39.7703,2.54798,158,12,2,0,0,0,0,run_001
U000349,22005983,MODEL_A,BATCH_01,722930.0,51637.857142857145,9729.23896823893,34283.0,67786.0,14,1.853658536585366,4.0,0.0,5.0,14.0,15.34148947368421,70.02781333333334,39.53813947368421,2.395498,0.09051162024688077,0.20559415958277028,0.15524950022024037,0.04639282544453701,15.5907,70.5062,39.8581,2.4858,166,12,2,0,0,0,0,run_001
U000350,22070320,MODEL_B,BATCH_02,696765.0,49768.92857142857,11405.685798450135,28728.0,65676.0,14,1.85,4.0,0.0,4.0,14.0,15.316783333333332,70.01943863636365,39.51490555555555,2.399208181818182,0.10625504223329844,0.1803230230962277,0.1531659826918769,0.05249641548218131,15.5761,70.5547,39.8224,2.51411,160,12,1,0,0,0,0,run_001
U000351,22143025,MODEL_A,BATCH_01,755450.0,53960.71428571428,12476.1911867153,37290.0,79397.0,14,1.85,4.0,0.0,4.0,14.0,15.359521052631578,70.07896666666666,38.07723421052631,2.5976916666666665,0.10114736147817771,0.177386312808039,0.14584492000032204,0.05364047829817277,15.5976,70.6444,38.3947,2.7126,172,12,1,1,1,0,0,run_001
U000352,22202997,MODEL_A,BATCH_01,710975.0,50783.92857142857,10859.27670395073,35968.0,72750.0,14,1.825,4.0,0.0,3.0,14.0,15.345858823529412,70.0940487804878,39.56008529411764,2.4107304878048783,0.08502813123669285,0.19213468338895903,0.15007177299515798,0.049533409429960484,15.5491,70.4935,39.8542,2.51247,150,12,1,0,0,0,0,run_001
U000353,22285668,MODEL_A,BATCH_01,730390.0,52170.71428571428,13064.4916791724,36534.0,82671.0,14,1.85,4.0,0.0,6.0,14.0,15.322264705882352,70.17478372093024,39.511838235294114,2.4112418604651165,0.12910186460253098,0.22054411493722428,0.10331552147963856,0.03956079415976762,15.5529,70.6366,39.695,2.52003,154,12,1,0,0,0,0,run_001
U000354,22336545,MODEL_A,BATCH_01,679740.0,48552.857142857145,7745.155963639396,34314.0,60142.0,14,1.85,4.0,0.0,4.0,14.0,15.363130555555557,70.141975,39.52316388888889,2.4151645454545454,0.10306439545794237,0.20249016298242592,0.16948653575310152,0.04017402397214111,15.6661,70.6412,39.8842,2.49705,160,12,1,0,0,0,0,run_001
U000355,22412810,MODEL_B,BATCH_01,725838.0,51845.57142857143,12386.911906178577,33481.0,76265.0,14,1.85,4.0,0.0,5.0,14.0,15.335724324324323,70.19441363636363,39.478813513513515,2.4374920454545457,0.09318452841720212,0.2071324355484616,0.13506984234947592,0.041918345186334256,15.5019,70.6302,39.7753,2.51896,162,12,1,0,0,0,0,run_001
U000356,22460205,MODEL_A,BATCH_01,701212.0,50086.57142857143,9952.585630140276,31925.0,67924.0,14,1.829268292682927,4.0,0.0,5.0,14.0,15.37648285714286,70.25343095238095,39.541931428571424,2.442377857142857,0.09522413030107797,0.18363748154540535,0.1363109071019557,0.04194475992946045,15.5322,70.6078,39.9029,2.51755,154,12,2,0,0,0,0,run_001
U000357,22505180,MODEL_A,BATCH_02,686870.0,49062.142857142855,9591.204647665829,35279.0,64724.0,14,1.775,4.0,0.0,5.0,14.0,15.369842424242423,70.22409999999999,38.7384606060606,2.5194751219512193,0.11341392669747127,0.1971836745270795,0.7840541044546138,0.1011738676764399,15.5677,70.5413,39.745,2.69185,148,12,1,0,0,0,1,run_001
U000358,22565849,MODEL_A,BATCH_01,736939.0,52638.5,11197.474665504513,32588.0,66860.0,14,1.825,4.0,0.0,5.0,14.0,15.357405263157895,70.32166521739131,39.50961052631579,2.436627608695652,0.1186900686830321,0.22164481718621148,0.13946239983336897,0.04070322942059634,15.5657,70.7447,39.857,2.51666,168,12,1,0,0,0,0,run_001
U000359,22628553,MODEL_A,BATCH_01,700520.0,50037.142857142855,7561.300069912101,38642.0,62704.0,14,1.775,4.0,0.0,4.0,14.0,15.349619444444446,70.31457777777777,39.50607222222222,2.4369744444444446,0.10174376729087489,0.1920404667214349,0.1647716959243238,0.05962438597189287,15.5885,70.7395,39.7856,2.58844,162,12,1,0,0,0,0,run_001
U000360,22700736,MODEL_B,BATCH_01,755874.0,53991.0,11517.922175061318,37084.0,72183.0,14,1.85,4.0,0.0,5.0,14.0,15.375594594594595,70.26045454545455,39.45448648648649,2.4499102272727273,0.09821977325803011,0.2116831259047616,0.1292101865655809,0.051470305798750726,15.5679,70.7418,39.7431,2.55119,162,12,1,0,0,0,0,run_001
U000361,22768508,MODEL_A,BATCH_01,702502.0,50178.71428571428,10900.386954518714,33499.0,68646.0,14,1.85,4.0,0.0,3.0,14.0,15.382510810810812,70.33253409090909,39.464129729729734,2.4580588636363636,0.0990175539537867,0.21691712911571936,0.13818743885845128,0.04917252254152987,15.5722,70.9042,39.786,2.56241,162,12,1,0,0,0,0,run_001
U000362,22837584,MODEL_A,BATCH_01,693071.0,49505.07142857143,12308.555407734682,31797.0,69655.0,14,1.875,4.0,0.0,4.0,14.0,15.36358125,70.3771825,39.04186875,2.5188085,0.10489766883691602,0.1763273163931485,0.7540525332249078,0.11149638995075702,15.5787,70.7721,39.9249,2.71779,144,12,1,0,0,0,1,run_001
U000363,22897782,MODEL_A,BATCH_01,700239.0,50017.07142857143,9087.754605167125,36619.0,63881.0,14,1.825,4.0,0.0,4.0,14.0,15.371847058823528,70.43255365853659,39.50908235294118,2.4559531707317075,0.11195787420788222,0.1933560499409838,0.1597349176653892,0.05455386981869499,15.6596,70.7997,39.9244,2.55402,150,12,1,0,0,0,0,run_001
U000364,22942513,MODEL_A,BATCH_02,683526.0,48823.28571428572,9385.7847049393,30458.0,66074.0,14,1.8,4.0,0.0,5.0,14.0,15.4093,70.43019523809524,39.44602352941177,2.453169761904762,0.09595535893888836,0.15936543211242873,0.1337122986995937,0.048411642798799046,15.6847,70.7979,39.7672,2.54923,152,12,1,0,0,0,0,run_001
U000365,22989135,MODEL_B,BATCH_01,704339.0,50309.92857142857,9999.945203421295,34362.0,68056.0,14,1.775,4.0,0.0,4.0,14.0,15.36072972972973,70.49785333333334,39.46628378378379,2.4558395555555554,0.0946752662316618,0.23629429127871415,0.1379519189861167,0.03993064583838718,15.5535,70.9942,39.7123,2.5448,164,12,1,0,0,0,0,run_001
U000366,23048923,MODEL_A,BATCH_01,709033.0,50645.21428571428,12399.602953808155,33425.0,78371.0,14,1.8,4.0,0.0,5.0,14.0,15.377602857142856,70.49809047619048,39.446105714285714,2.4567923809523813,0.10880877312626809,0.21565844360313988,0.14480241495966673,0.058645847411245206,15.6494,70.9733,39.7506,2.59241,154,12,1,0,0,0,0,run_001
U000367,23111676,MODEL_A,BATCH_01,699155.0,49939.642857142855,9662.3745895505,33178.0,63593.0,14,1.875,4.0,0.0,5.0,14.0,15.373797297297298,70.48119111111112,39.46632162162162,2.4669675555555557,0.11553226217643074,0.19215333108344648,0.18376904608039282,0.04428998020051059,15.6047,70.822,39.9921,2.56666,164,12,1,0,0,0,0,run_001
U000368,23168421,MODEL_A,BATCH_01,712029.0,50859.21428571428,10737.5990811481,35737.0,68296.0,14,1.825,4.0,0.0,3.0,14.0,15.391344117647058,70.52982619047619,39.425426470588235,2.4630064285714286,0.11759421546064253,0.2202772045816447,0.14143319722778971,0.048810847545943246,15.6407,70.9909,39.6452,2.55607,152,12,1,0,0,0,0,run_001
U000369,23221182,MODEL_A,BATCH_01,695789.0,49699.21428571428,9751.005322360525,38740.0,68069.0,14,1.8,4.0,0.0,5.0,14.0,15.393157142857142,70.57915581395349,39.437308571428574,2.469846511627907,0.0976466477413642,0.2310096249307184,0.15033235409942847,0.050659982605025806,15.5577,70.9996,39.6957,2.56418,156,12,1,0,0,0,0,run_001
U000370,23284709,MODEL_B,BATCH_01,678398.0,48457.0,9010.19589132223,34486.0,63527.0,14,1.75,4.0,0.0,5.0,14.0,15.39310303030303,70.57098809523809,39.47042727272728,2.4659061904761908,0.1052505536946494,0.21487532426216638,0.14479770429967037,0.03849727123382433,15.6067,70.9456,39.7184,2.53241,150,12,1,0,0,0,0,run_001
U000371,23358568,MODEL_A,BATCH_02,758009.0,54143.5,13022.609189996627,36028.0,79498.0,14,1.75,4.0,0.0,5.0,14.0,15.399018918918918,70.63645333333332,39.387367567567566,2.4761028888888887,0.09148522296535694,0.20801551690373085,0.15415659075911964,0.05897785106685943,15.7067,71.0412,39.643,2.57283,164,12,1,0,0,0,0,run_001
U000372,23410469,MODEL_A,BATCH_01,708359.0,50597.07142857143,12222.624252176376,32656.0,72557.0,14,1.825,4.0,0.0,3.0,14.0,15.374041025641024,70.61667391304348,39.44321282051282,2.4739043478260867,0.08501905890956286,0.16704890758867907,0.1382675651342376,0.05089372206000251,15.5418,71.0064,39.7735,2.56595,170,12,1,0,0,0,0,run_001
U000373,23465726,MODEL_A,BATCH_01,683225.0,48801.78571428572,7400.30667949305,32689.0,63435.0,14,1.8048780487804879,4.0,0.0,2.0,14.0,15.412272222222223,70.69881136363637,39.37998611111111,2.496534772727273,0.0933559229465721,0.19460503018894765,0.17771308843635258,0.05528949799301154,15.5769,71.1328,39.74,2.59552,160,12,2,1,0,1,0,run_001
U000374,23527608,MODEL_A,BATCH_01,716427.0,51173.357142857145,11490.567058425611,34264.0,77775.0,14,1.85,4.0,0.0,3.0,14.0,15.433942424242424,70.75703658536585,39.38380909090909,2.5022987804878047,0.1161072269238197,0.22490539539559318,0.17475438185428366,0.049707132898363926,15.6837,71.1968,39.6931,2.62193,148,12,1,0,0,0,0,run_001
U000375,23584208,MODEL_B,BATCH_01,697924.0,49851.71428571428,7490.665467290416,40625.0,63416.0,14,1.8,4.0,0.0,2.0,14.0,15.428880000000001,70.73811463414634,39.42252285714286,2.5085243902439025,0.0949498654089436,0.1908450897468602,0.1390516198812398,0.05300008033242881,15.6321,71.127,39.7909,2.64903,152,12,1,0,0,0,0,run_001
U000376,23645709,MODEL_A,BATCH_01,658342.0,47024.42857142857,10026.182529252603,28429.0,61501.0,14,1.775,4.0,0.0,3.0,14.0,15.417345161290323,70.78751578947369,39.34765161290323,2.5019339473684212,0.11132473770823109,0.1939779654891422,0.11772098615219423,0.041958852980707305,15.6994,71.2312,39.5452,2.60496,138,12,1,0,0,0,0,run_001
U000377,23695314,MODEL_A,BATCH_01,678438.0,48459.857142857145,8147.720028960843,34727.0,61894.0,14,1.75,4.0,0.0,5.0,14.0,15.394264705882351,70.79231250000001,38.84377647058824,2.551686,0.10468956673539266,0.17305562791358284,0.7270113216820162,0.09106619555759048,15.6321,71.1988,39.5952,2.71699,148,12,1,0,0,0,1,run_001
U000378,23762500,MODEL_A,BATCH_02,736059.0,52575.642857142855,9987.344881684732,35722.0,67186.0,14,1.825,4.0,0.0,5.0,14.0,15.396397368421052,70.76348913043478,39.392678947368424,2.5081193478260873,0.0839985633301929,0.21550788408188012,0.1417535492818322,0.04928405824750023,15.5352,71.3557,39.7528,2.59288,168,12,1,0,0,0,0,run_001
U000379,23814970,MODEL_A,BATCH_01,699693.0,49978.07142857143,9228.405791687097,32753.0,66154.0,14,1.775,4.0,0.0,2.0,14.0,15.406516666666667,70.82670697674419,39.32523055555556,2.5039272093023257,0.09954690351788954,0.18115093732306048,0.16025206006154247,0.04181945721252713,15.6077,71.2997,39.7694,2.6093,158,12,1,0,0,0,0,run_001
U000380,23872140,MODEL_B,BATCH_01,708542.0,50610.142857142855,10049.598452423113,33028.0,70814.0,14,1.85,4.0,0.0,4.0,14.0,15.431736111111112,70.89832954545454,39.31864722222222,2.5105204545454547,0.0962941776990185,0.25498431559566503,0.14055182366273633,0.046131975136787094,15.6048,71.4561,39.5927,2.59471,160,12,1,0,0,0,0,run_001
U000381,23960847,MODEL_A,BATCH_01,686907.0,49064.78571428572,12677.498856566373,38134.0,88707.0,14,1.7,4.0,0.0,2.0,14.0,15.411488235294117,70.92429512195122,39.324902941176475,2.5142046341463415,0.09919496799525347,0.2172601262901486,0.1304147916069146,0.053012486505424394,15.6181,71.2766,39.5841,2.61755,150,12,1,0,0,0,0,run_001
U000382,24011911,MODEL_A,BATCH_01,718510.0,51322.142857142855,5814.063544638888,41401.0,59547.0,14,1.8,4.0,0.0,4.0,14.0,15.401977142857143,70.87740476190477,39.34984285714286,2.5161499999999997,0.10212575893796619,0.18550131279843354,0.12402664629666069,0.06096592922960554,15.5979,71.2191,39.6168,2.6382,154,12,1,0,0,0,0,run_001
U000383,24062071,MODEL_A,BATCH_01,713752.0,50982.28571428572,8582.284512328257,38038.0,63544.0,14,1.8,4.0,0.0,2.0,14.0,15.406182857142857,70.86884761904761,39.30550285714286,2.540544523809524,0.09981209842297015,0.2082317379784105,0.14348182808842677,0.05223766154714487,15.5784,71.3859,39.5815,2.65868,154,12,1,0,0,0,0,run_001
U000384,24127365,MODEL_A,BATCH_01,698448.0,49889.142857142855,8226.877768885097,38227.0,65294.0,14,1.8,4.0,0.0,3.0,14.0,15.434397142857142,70.9607465116279,39.32358285714285,2.52350488372093,0.10735622803302564,0.22650031257083228,0.14458586597124665,0.04711009417524477,15.643,71.596,39.5847,2.62816,156,12,1,0,0,0,0,run_001
U000385,24178642,MODEL_B,BATCH_02,729667.0,52119.07142857143,9021.33393227312,36232.0,65570.0,14,1.875,4.0,0.0,3.0,14.0,15.418465000000001,70.97444166666666,39.2678925,2.5256933333333333,0.10628718607187262,0.24234521696207909,0.17026175984461356,0.04577715733128623,15.6334,71.5564,39.5887,2.60777,176,12,1,0,0,0,0,run_001
U000386,24242524,MODEL_A,BATCH_01,676523.0,48323.07142857143,6204.573777765581,40629.0,63882.0,14,1.85,4.0,0.0,1.0,14.0,15.404206060606061,70.9788375,39.296742424242424,2.5347839999999997,0.08659177551662307,0.21836225569346626,0.16030273904066425,0.04052393118855031,15.6191,71.5768,39.6635,2.6125,146,12,1,0,0,0,0,run_001
U000387,24294441,MODEL_A,BATCH_01,728452.0,52032.28571428572,12021.0300174868,35620.0,70590.0,14,1.775,4.0,0.0,2.0,14.0,15.423686842105264,70.99574680851063,37.79273947368421,2.718461914893617,0.10719848015020987,0.19990669546507742,0.16931938880926334,0.04804031896494311,15.6588,71.4412,38.3434,2.81329,170,12,1,1,1,0,1,run_001
U000388,24356002,MODEL_A,BATCH_01,711541.0,50824.357142857145,10810.0174667698,33929.0,72189.0,14,1.775,4.0,0.0,4.0,14.0,15.421747222222223,71.09420227272727,39.30126944444444,2.5563127272727275,0.09323953632939533,0.16573219008968554,0.11335138494193223,0.05896677130359443,15.639,71.5312,39.5177,2.6916,160,12,1,0,0,0,0,run_001
U000389,24417961,MODEL_A,BATCH_01,706248.0,50446.28571428572,10249.428047296262,38379.0,72058.0,14,1.775,4.0,0.0,4.0,14.0,15.455152631578947,71.0292744680851,39.31191842105263,2.5588976595744684,0.09103917106698256,0.1753030413041146,0.15839301932349362,0.05226498687552684,15.7284,71.3891,39.6004,2.67357,170,12,1,0,0,0,0,run_001
U000390,24473574,MODEL_B,BATCH_01,709794.0,50699.57142857143,9162.0549988634,35757.0,63356.0,14,1.8,4.0,0.0,4.0,14.0,15.42357027027027,71.14679545454545,39.326032432432434,2.5522265909090907,0.11153341269389686,0.2750955799688435,0.1705776314859698,0.04465116535072276,15.6442,71.7994,39.6281,2.65277,162,12,1,0,0,0,0,run_001
U000391,24541872,MODEL_A,BATCH_01,695297.0,49664.07142857143,10582.749355322669,33429.0,68298.0,14,1.775,4.0,0.0,3.0,14.0,15.457397222222223,71.13864651162791,39.25805833333333,2.5529593023255814,0.09943445935061564,0.21961098110808486,0.13084690809164376,0.05085800009154106,15.7228,71.6016,39.5857,2.63183,158,12,1,0,0,0,0,run_001
U000392,24626031,MODEL_A,BATCH_02,726996.0,51928.28571428572,11659.447040777848,39447.0,84159.0,14,1.725,4.0,0.0,4.0,14.0,15.43649142857143,71.11429512195122,37.81697142857143,2.729899024390244,0.08612957533797064,0.18476935345346324,0.17696043022536465,0.04540952999122978,15.5856,71.4221,38.1164,2.85954,152,12,1,0,0,0,0,run_001
U000393,24681591,MODEL_A,BATCH_01,757814.0,54129.57142857143,14423.727309350572,34434.0,88960.0,14,1.829268292682927,4.0,0.0,5.0,14.0,15.44908,71.21795957446808,39.283767499999996,2.5585117021276598,0.08602927706787106,0.19010375732120904,0.18443761142025858,0.04998920228275168,15.684,71.817,39.8362,2.65893,174,12,2,0,0,0,0,run_001
U000394,24730178,MODEL_A,BATCH_01,716384.0,51170.28571428572,8548.022321238734,38090.0,63422.0,14,1.829268292682927,4.0,0.0,2.0,14.0,15.479808108108108,71.21566222222222,39.30710810810811,2.567508222222222,0.08172362768086923,0.21051876971909236,0.1506703048572158,0.04935487529058805,15.6402,71.6846,39.7116,2.70205,164,12,2,0,0,0,0,run_001
U000395,24791278,MODEL_B,BATCH_01,741315.0,52951.07142857143,10033.672626666712,36025.0,64972.0,14,1.775,4.0,0.0,3.0,14.0,15.464602439024391,71.24993725490197,39.23760243902439,2.574830980392157,0.08494919213213514,0.21578968461053488,0.17004594744921933,0.0465914587131548,15.7227,71.7222,39.5269,2.67413,184,12,1,0,0,0,0,run_001
U000396,24847583,MODEL_A,BATCH_01,727010.0,51929.28571428572,8397.023350143618,39157.0,64823.0,14,1.825,4.0,0.0,4.0,14.0,15.44704054054054,71.25392,39.215672972972975,2.5746615555555556,0.11490230260592765,0.2041438214058454,0.13920624915859467,0.04784964277227514,15.7282,71.7111,39.5391,2.67063,164,12,1,0,0,0,0,run_001
U000397,24912787,MODEL_A,BATCH_01,691664.0,49404.57142857143,11081.996978566951,32875.0,65204.0,14,1.825,4.0,0.0,2.0,14.0,15.447080555555557,71.30272093023255,39.196580555555556,2.5609562790697677,0.08834337171172993,0.17337079525321802,0.18117373953425267,0.06568243477678012,15.6549,71.8114,39.595,2.67466,158,12,1,0,0,0,0,run_001
U000398,24997457,MODEL_A,BATCH_01,748831.0,53487.92857142857,13157.447037057264,35202.0,84670.0,14,1.875,4.0,0.0,4.0,14.0,15.444875,71.34380465116278,39.202555555555556,2.580972093023256,0.116816372079064,0.18125634564063006,0.1418281423704554,0.05613982673214218,15.6719,71.8171,39.4239,2.67399,158,12,1,0,0,0,0,run_001
U000399,25049158,MODEL_A,BATCH_02,727741.0,51981.5,7829.504383076581,34455.0,68296.0,14,1.85,4.0,0.0,2.0,14.0,15.460633333333334,71.3859125,39.21780512820513,2.5999770833333335,0.10787634571541818,0.20046979994874356,0.13582625695451017,0.06088455353697821,15.6684,71.8843,39.4781,2.70836,174,12,1,0,0,0,0,run_001
U000400,25110010,MODEL_B,BATCH_01,693383.0,49527.357142857145,7998.229531081746,33945.0,63168.0,14,1.825,4.0,0.0,3.0,14.0,15.457855555555556,71.38426363636364,39.215313888888886,2.5808686363636366,0.08434695165782971,0.19146975969978206,0.12678553805040182,0.05579727769432179,15.6374,71.7859,39.5258,2.68007,160,12,1,0,0,0,0,run_001
U000401,25173922,MODEL_A,BATCH_01,706659.0,50475.642857142855,8805.503267032174,37268.0,63912.0,14,1.8,4.0,0.0,3.0,14.0,15.483583783783784,71.38226363636363,39.19512702702703,2.5818238636363637,0.09294037668644702,0.2294850444444669,0.14548046384432659,0.04764122492791437,15.6812,71.866,39.5009,2.68522,162,12,1,0,0,0,0,run_001
U000402,25230384,MODEL_A,BATCH_01,703308.0,50236.28571428572,7747.334454046575,33304.0,60653.0,14,1.875,4.0,0.0,5.0,14.0,15.467317142857143,71.43020232558139,39.18757142857143,2.600677906976744,0.11688377959654261,0.1881574979693396,0.12864793629361163,0.05548334647433533,15.6983,71.7864,39.4086,2.7182,156,12,1,0,0,0,0,run_001
U000403,25292545,MODEL_A,BATCH_01,688798.0,49199.857142857145,9403.23618480642,34594.0,63264.0,14,1.825,4.0,0.0,3.0,14.0,15.476266666666666,71.39331904761904,39.17985,2.5975026190476194,0.11631270413354337,0.18898982452682822,0.11766188483471243,0.044275611304508515,15.7216,71.7518,39.3572,2.66602,156,12,1,0,0,0,0,run_001
U000404,25369444,MODEL_A,BATCH_01,754868.0,53919.142857142855,13936.445837924626,35194.0,76899.0,14,1.925,4.0,0.0,6.0,14.0,15.441235897435899,71.48618085106384,39.15346410256411,2.6008240425531914,0.08532711202123269,0.19459322527004566,0.15942254593107874,0.053179362279299126,15.626,71.9759,39.6665,2.71039,172,12,1,0,0,0,0,run_001
U000405,25420580,MODEL_B,BATCH_01,665677.0,47548.357142857145,8419.683875000595,35704.0,63421.0,14,1.875,4.0,0.0,1.0,14.0,15.48738611111111,71.47084772727273,39.120622222222224,2.6071263636363637,0.10151355195321822,0.17826309989847047,0.15143824410556914,0.055762142992540314,15.691,71.9952,39.4594,2.7163,160,12,1,0,0,0,0,run_001
U000406,25474189,MODEL_A,BATCH_02,681101.0,48650.07142857143,9314.855541753519,32011.0,67397.0,14,1.775,4.0,0.0,4.0,14.0,15.459529411764706,71.49932142857143,39.19468529411765,2.6006609523809523,0.1017401101720719,0.16260514427363848,0.14295247596052485,0.047727762019222374,15.6914,71.9019,39.5076,2.68164,152,12,1,0,0,0,0,run_001
U000407,25521135,MODEL_A,BATCH_01,735564.0,52540.28571428572,11053.470784040024,34134.0,72538.0,14,1.825,4.0,0.0,6.0,14.0,15.500355263157894,71.49991111111112,39.161797368421055,2.6064475555555555,0.09993572717574585,0.18560472322338006,0.14528625144091362,0.057260689520328284,15.6905,71.952,39.5091,2.72369,166,12,1,0,0,0,0,run_001
U000408,25571697,MODEL_A,BATCH_01,679624.0,48544.57142857143,11025.331836724468,32516.0,66055.0,14,1.7804878048780488,4.0,0.0,4.0,14.0,15.468414285714285,71.54249523809524,39.13588857142857,2.612487142857143,0.10527236703192465,0.19972018590942986,0.14502843893816308,0.04827323533982588,15.7029,71.9655,39.4099,2.74396,154,12,2,0,0,0,0,run_001
U000409,25617046,MODEL_A,BATCH_01,702116.0,50151.142857142855,8638.625387954184,38336.0,71265.0,14,1.7804878048780488,4.0,0.0,4.0,14.0,15.474664102564102,71.62188541666667,39.220948717948716,2.621576458333333,0.10434811295592696,0.19095655737386436,0.16226861400288864,0.0495610764178942,15.6574,71.9695,39.5682,2.72197,174,12,2,0,0,0,0,run_001
U000410,25672474,MODEL_B,BATCH_01,762233.0,54445.21428571428,13005.131698257077,35684.0,79408.0,14,1.8,4.0,0.0,5.0,14.0,15.454482500000001,71.63727659574468,39.1386975,2.6183431914893616,0.10152246912471895,0.20059619963972197,0.1600481922414116,0.04923180551610489,15.6737,72.1373,39.4216,2.73908,174,12,1,0,0,0,0,run_001
U000411,25725812,MODEL_A,BATCH_01,697671.0,49833.642857142855,10338.599269854565,32304.0,70672.0,14,1.8,4.0,0.0,4.0,14.0,15.468362857142857,71.6417511627907,39.095848571428576,2.6238206976744185,0.09457577754096967,0.17432122288641566,0.15636960245338133,0.05542097988493549,15.7359,72.1039,39.3811,2.74339,156,12,1,0,0,0,0,run_001
U000412,25814356,MODEL_A,BATCH_01,784857.0,56061.21428571428,13784.648284782781,33365.0,88544.0,14,1.8,4.0,0.0,6.0,14.0,15.44540731707317,71.68381875,39.140685365853656,2.6231497916666666,0.11028394350548958,0.18174110140204852,0.13973975912562567,0.0513578621667476,15.7576,72.0899,39.3297,2.72346,178,12,1,0,0,0,0,run_001
U000413,25870530,MODEL_A,BATCH_02,728387.0,52027.642857142855,8988.940012868317,39507.0,66781.0,14,1.825,4.0,0.0,5.0,14.0,15.47763611111111,71.71131777777778,39.119936111111116,2.628552,0.0942033003752383,0.20390504395305262,0.15847220604037007,0.04202543946014349,15.6662,72.1946,39.5259,2.72589,162,12,1,0,0,0,0,run_001
U000414,25925219,MODEL_A,BATCH_01,704553.0,50325.21428571428,9696.851488844371,39018.0,73625.0,14,1.85,4.0,0.0,4.0,14.0,15.488230555555553,71.67981555555555,38.21789444444445,2.7521631111111113,0.11637852482173172,0.1697105329076497,0.764955648740291,0.09710359666642475,15.7302,72.1005,39.3971,2.9277,162,12,1,0,0,0,0,run_001
U000415,25996882,MODEL_B,BATCH_01,703486.0,50249.0,11767.220507050017,30928.0,71663.0,14,1.8,4.0,0.0,3.0,14.0,15.500754285714285,71.7297142857143,39.07102857142858,2.641937142857143,0.10269700248462807,0.16572765430276779,0.13974961553441553,0.04790770864626259,15.7224,72.0443,39.4459,2.75431,154,12,1,0,0,0,0,run_001
U000416,26048831,MODEL_A,BATCH_01,700853.0,50060.92857142857,8729.456335739496,35832.0,64148.0,14,1.8,4.0,0.0,4.0,14.0,15.484554054054053,71.80336818181819,39.10171621621622,2.634601590909091,0.09480894998362259,0.22800398280153295,0.14646439748187867,0.055608701926661494,15.6763,72.2458,39.5509,2.73734,162,12,1,0,0,0,0,run_001
U000417,26112380,MODEL_A,BATCH_01,749934.0,53566.71428571428,12892.60348732244,32344.0,77164.0,14,1.9,4.0,0.0,5.0,14.0,15.480615,71.80279166666666,39.0933925,2.6475052083333335,0.10224167585701656,0.19332317868905266,0.15890098576044456,0.04523769064922325,15.6982,72.3077,39.3802,2.74435,176,12,1,0,0,0,0,run_001
U000418,26194710,MODEL_A,BATCH_01,729125.0,52080.357142857145,11881.673215549185,34636.0,82330.0,14,1.825,4.0,0.0,2.0,14.0,15.485217647058823,71.81804523809524,39.10171176470588,2.6511778571428573,0.12839315914606986,0.19002020586060964,0.13178125301148136,0.0500748511698878,15.8033,72.1843,39.3229,2.75614,152,12,1,0,0,0,0,run_001
U000419,26242406,MODEL_A,BATCH_01,712197.0,50871.21428571428,15144.286138437068,31445.0,89151.0,14,1.8048780487804879,4.0,0.0,5.0,14.0,15.49953142857143,71.90221627906976,39.09076,2.648031162790698,0.09253443165663681,0.20916942088518772,0.16540173055499824,0.03868764354288638,15.6829,72.4719,39.4,2.74833,156,12,2,0,0,0,0,run_001
U000420,26298712,MODEL_B,BATCH_02,723185.0,51656.07142857143,9902.053232803524,38606.0,69147.0,14,1.875,4.0,0.0,4.0,14.0,15.526682500000001,71.90434042553191,39.106722500000004,2.6535021276595745,0.11440592123706922,0.2030088278864114,0.1256862995358919,0.05179607278784966,15.8088,72.2799,39.4024,2.76332,174,12,1,0,0,0,0,run_001
U000421,26377932,MODEL_A,BATCH_01,709802.0,50700.142857142855,13472.772285426081,29271.0,79220.0,14,1.875,4.0,0.0,4.0,14.0,15.534121621621622,71.94445111111112,39.01595945945946,2.652270222222222,0.11011344436820869,0.22330010444794837,0.12769440834242488,0.042890576496734396,15.8103,72.4882,39.2904,2.76018,164,12,1,1,1,0,0,run_001
U000422,26432187,MODEL_A,BATCH_01,683261.0,48804.357142857145,9742.657903081865,33959.0,67346.0,14,1.775,4.0,0.0,3.0,14.0,15.518865789473685,71.92487333333332,38.52384210526316,2.7274957777777775,0.08507427367454723,0.2195043242481464,0.6971893029336983,0.0823392344480742,15.6677,72.3319,39.4112,2.9004,166,12,1,0,0,0,1,run_001
U000423,26491744,MODEL_A,BATCH_01,708546.0,50610.42857142857,8520.283398268697,38070.0,64834.0,14,1.8,4.0,0.0,6.0,14.0,15.542003030303032,71.93553571428572,38.97338484848485,2.655708095238095,0.07121492331688858,0.15791183835728992,0.1756262083965764,0.04645663948652491,15.7165,72.2953,39.3131,2.79899,150,12,1,0,0,0,1,run_001
U000424,26538576,MODEL_A,BATCH_01,687716.0,49122.57142857143,11047.869454990201,34637.0,74399.0,14,1.75,4.0,0.0,6.0,14.0,15.514520588235294,71.95344523809524,38.55204411764706,2.741291904761905,0.09889027215513291,0.21152308552136287,0.7133416688232253,0.09149655353333529,15.7769,72.4262,39.3777,2.88281,152,12,1,0,0,0,0,run_001
U000425,26599371,MODEL_B,BATCH_01,796597.0,56899.78571428572,14872.2742101307,40572.0,93021.0,14,1.75,4.0,0.0,5.0,14.0,15.490881578947368,72.05543260869565,39.01624210526315,2.680113695652174,0.09760031805238135,0.21660192371603706,0.15512924277200507,0.047143258283599776,15.6727,72.5034,39.2891,2.8015,168,12,1,0,0,0,0,run_001
U000426,26656430,MODEL_A,BATCH_01,748002.0,53428.71428571428,9303.408857705135,34515.0,69113.0,14,1.8,4.0,0.0,4.0,14.0,15.498600000000001,72.01986086956522,38.514210526315786,2.737151086956522,0.09644553427236027,0.18050283036040202,0.7487437611668033,0.10398717600910116,15.6573,72.6412,39.3114,2.94723,168,12,1,0,0,0,0,run_001
U000427,26713506,MODEL_A,BATCH_02,686399.0,49028.5,8644.63305934782,35363.0,62823.0,14,1.775,4.0,0.0,3.0,14.0,15.532174285714284,72.08917857142858,39.05157428571429,2.6908214285714287,0.0907953851601861,0.24340344861548155,0.1662337339992325,0.050703489396034654,15.7202,72.7674,39.35,2.79542,154,12,1,0,0,0,0,run_001
U000428,26777253,MODEL_A,BATCH_01,769560.0,54968.57142857143,11570.015994366218,38663.0,73030.0,14,1.825,4.0,0.0,6.0,14.0,15.5275,72.11572,38.9899976744186,2.6673432000000004,0.0919357617345628,0.1815216442932876,0.16462726801904798,0.04887947649273755,15.6846,72.6183,39.3547,2.77131,186,12,1,0,0,0,0,run_001
U000429,26832942,MODEL_A,BATCH_01,696104.0,49721.71428571428,7128.815236862202,38473.0,62299.0,14,1.875,4.0,0.0,5.0,14.0,15.51837142857143,72.13182195121951,38.117374285714284,2.791804634146341,0.10734791313193522,0.1905780975246007,0.7400150425112024,0.1036346281196,15.6755,72.5661,39.2477,2.94282,152,12,1,1,1,0,0,run_001
U000430,26887646,MODEL_B,BATCH_01,677080.0,48362.857142857145,9092.122464039894,38299.0,70461.0,14,1.85,4.0,0.0,5.0,14.0,15.51104,72.16203333333334,39.01552,2.687137142857143,0.12339748591203867,0.19094516090109373,0.13815154892576587,0.04234018383577688,15.8941,72.5702,39.3857,2.78146,154,12,1,0,0,0,0,run_001
