unit_id,prediction_time,vehicle_model,supplier_batch,total_cycle_time,mean_cycle_time,std_cycle_time,min_cycle_time,max_cycle_time,upstream_cycle_count,mean_queue_length,max_queue_length,total_blocked_events,total_starved_events,upstream_station_count,current_mean,temperature_mean,torque_mean,vibration_mean,current_std,temperature_std,torque_std,vibration_std,current_max,temperature_max,torque_max,vibration_max,sensor_reading_count,sensor_station_count,manual_check_count,manual_fail_count,s07_manual_fail,s14_manual_fail,target,run_id
U000001,697301,MODEL_A,BATCH_01,697301.0,49807.21428571428,10012.439664111467,33833.0,66171.0,14,0.525,1.0,0.0,0.0,14.0,14.520879411764708,61.01095116279069,42.00369117647059,1.165172558139535,0.1035385911933815,0.1800687267896979,0.1654358913966689,0.0492432211478331,14.7173,61.4384,42.2997,1.28255,154,12,1,0,0,0,0,run_001
U000002,776116,MODEL_A,BATCH_01,666132.0,47580.857142857145,11958.846521795827,29958.0,67978.0,14,0.5,1.0,0.0,5.0,14.0,14.508877142857145,60.99423333333333,42.02773428571429,1.1520588095238096,0.0877300005220368,0.1943081167312436,0.134402035048618,0.0459827170715248,14.7143,61.2909,42.3391,1.24363,154,12,1,0,0,0,1,run_001
U000003,830439,MODEL_A,BATCH_01,686138.0,49009.857142857145,9628.59597446899,36985.0,69777.0,14,0.4390243902439024,1.0,0.0,5.0,14.0,14.500852777777778,61.08321860465116,42.04125555555556,1.1582111627906977,0.108607869975591,0.1878729082268806,0.1367057433101035,0.0489022513460368,14.7537,61.5007,42.3564,1.28454,158,12,2,0,0,0,0,run_001
U000004,886081,MODEL_A,BATCH_01,683559.0,48825.642857142855,7833.36714718756,39267.0,62917.0,14,0.475,1.0,0.0,8.0,14.0,14.488030555555556,61.04526976744185,42.006024999999994,1.1584906976744187,0.1025595041759924,0.1945112562967365,0.1026597552945783,0.0580467669578898,14.7428,61.3456,42.1837,1.26535,158,12,1,0,0,0,0,run_001
U000005,990351,MODEL_B,BATCH_01,722661.0,51618.642857142855,10601.873670449757,37802.0,76701.0,14,0.475,1.0,0.0,7.0,14.0,14.523994285714286,61.081725581395354,41.95334571428571,1.1617174418604652,0.1086748440582845,0.1953487444266243,0.1644401685270679,0.0453957358021037,14.8218,61.4812,42.4964,1.25652,156,12,1,0,0,0,0,run_001
U000006,1060664,MODEL_A,BATCH_01,715738.0,51124.142857142855,11888.344562619322,30494.0,70313.0,14,0.55,1.0,0.0,6.0,14.0,14.500105263157897,61.08365333333333,41.97639473684211,1.1740242222222224,0.1223208893507175,0.1992898569694635,0.1524455027965801,0.0625867551515817,14.7804,61.4691,42.274,1.37063,166,12,1,0,0,0,0,run_001
U000007,1127060,MODEL_A,BATCH_02,729822.0,52130.142857142855,8743.57511686014,40842.0,66396.0,14,0.525,2.0,0.0,3.0,14.0,14.49592894736842,61.14188723404256,41.99116578947369,1.176748085106383,0.0961309605269552,0.1926245126586065,0.1334638108177958,0.0570185803674822,14.7027,61.7332,42.2249,1.29782,170,12,1,1,1,0,0,run_001
U000008,1174405,MODEL_A,BATCH_01,718994.0,51356.71428571428,13354.351312924598,28348.0,84965.0,14,0.675,2.0,0.0,6.0,14.0,14.50018888888889,61.19037272727273,41.91226944444444,1.182979090909091,0.0835780619806681,0.2247833761994979,0.1297498027952134,0.0420721330086616,14.7275,61.6891,42.2231,1.26665,160,12,1,0,0,0,0,run_001
U000009,1238724,MODEL_A,BATCH_01,682049.0,48717.78571428572,8192.833821546274,39033.0,63431.0,14,0.675,2.0,0.0,3.0,14.0,14.479480555555556,61.17369777777778,41.94155555555555,1.1807737777777778,0.0947833946259859,0.2137613308946638,0.1711543871887852,0.050402775504786,14.6106,61.5795,42.3426,1.27535,162,12,1,0,0,0,0,run_001
U000010,1308871,MODEL_B,BATCH_01,735480.0,52534.28571428572,8765.220199336532,40464.0,68959.0,14,0.725,2.0,0.0,5.0,14.0,14.509316216216217,61.202665116279064,41.93145135135135,1.1848995348837208,0.1147778543136295,0.2212414183256023,0.1525581867529405,0.0526538649127935,14.7658,61.6258,42.2766,1.29051,160,12,1,0,0,0,0,run_001
U000011,1362966,MODEL_A,BATCH_01,682797.0,48771.21428571428,8389.357508897085,30914.0,61056.0,14,0.775,2.0,0.0,3.0,14.0,14.521675,61.27591363636363,41.97062777777778,1.185815681818182,0.0918076385710906,0.1895266730825121,0.1411737118610783,0.0542184608738049,14.7218,61.6596,42.2444,1.34106,160,12,1,0,0,0,0,run_001
U000012,1434454,MODEL_A,BATCH_01,694964.0,49640.28571428572,8181.074900492753,35966.0,61672.0,14,0.8,2.0,0.0,4.0,14.0,14.543536111111113,61.29620909090909,40.398736111111106,1.3714693181818185,0.1075208262956604,0.1877913770937905,0.1343556732871539,0.0524033483040711,14.734,61.7657,40.6584,1.50331,160,12,1,1,1,0,0,run_001
U000013,1488960,MODEL_A,BATCH_01,665189.0,47513.5,7270.943338966514,36663.0,61573.0,14,0.8292682926829268,2.0,0.0,4.0,14.0,14.550748571428572,61.32746976744186,41.87961714285714,1.192130930232558,0.0880732762147136,0.1773943502279645,0.1503874456699301,0.0491407304059305,14.7384,61.8292,42.1994,1.29453,156,12,2,0,0,0,0,run_001
U000014,1538020,MODEL_A,BATCH_02,671933.0,47995.21428571428,10222.11286437828,32710.0,64505.0,14,0.775,3.0,0.0,4.0,14.0,14.517074285714283,61.36952619047619,41.915,1.199877857142857,0.088826100241053,0.171317561441623,0.1361376422855133,0.0429563921553414,14.7262,61.8133,42.1521,1.27376,154,12,1,0,0,0,0,run_001
U000015,1600713,MODEL_B,BATCH_01,748433.0,53459.5,11857.640949388517,30573.0,75463.0,14,0.9,3.0,0.0,8.0,14.0,14.547332432432432,61.37613636363637,41.86694594594594,1.1993097727272728,0.1039733113566862,0.1746990902532312,0.1333126642200264,0.0416474915902638,14.7813,61.7695,42.1711,1.30218,162,12,1,0,0,0,0,run_001
U000016,1667999,MODEL_A,BATCH_01,702155.0,50153.92857142857,8957.147395016116,37173.0,64876.0,14,0.875,2.0,0.0,4.0,14.0,14.54711142857143,61.37960238095238,41.91156285714286,1.2049304761904762,0.0938345188316629,0.2360130065536336,0.1342355679299598,0.047017456278383,14.7152,61.7477,42.1653,1.30466,154,12,1,0,0,0,0,run_001
U000017,1715801,MODEL_A,BATCH_01,689476.0,49248.28571428572,11157.231766048362,28986.0,77383.0,14,0.8292682926829268,3.0,0.0,3.0,14.0,14.543322857142858,61.42018181818182,41.88957714285714,1.2024122727272728,0.0989584139802123,0.2049234573753426,0.1502951940167665,0.0505823480040054,14.7393,61.8396,42.2864,1.32458,158,12,2,0,0,0,0,run_001
U000018,1809950,MODEL_A,BATCH_01,752187.0,53727.642857142855,13151.957050083947,35257.0,72201.0,14,0.9,3.0,0.0,5.0,14.0,14.536635135135135,61.40874,41.86510540540541,1.2138286666666669,0.085886741365256,0.2181810178394423,0.1636618158580978,0.0487998749812109,14.6712,61.9257,42.2192,1.30165,164,12,1,0,0,0,0,run_001
U000019,1881142,MODEL_A,BATCH_01,750163.0,53583.07142857143,11060.272756855682,35849.0,71192.0,14,1.025,3.0,0.0,4.0,14.0,14.545855,61.48688571428571,40.38182,1.395998163265306,0.0995015499170611,0.2222224148610274,0.1620586221885181,0.0494529970305756,14.796,61.9659,40.8798,1.50683,178,12,1,0,0,0,0,run_001
U000020,1947624,MODEL_B,BATCH_01,712742.0,50910.142857142855,9205.676090636378,37948.0,66482.0,14,1.05,3.0,0.0,1.0,14.0,14.525238235294117,61.47534047619048,41.867,1.212745476190476,0.1172913776952075,0.1877773968313111,0.1593933157033546,0.0412563739467143,14.8723,61.7743,42.2626,1.31164,152,12,1,0,0,0,0,run_001
U000021,2002865,MODEL_A,BATCH_02,669364.0,47811.71428571428,8642.133527786289,36054.0,61520.0,14,1.1,3.0,0.0,2.0,14.0,14.539134285714288,61.56334888888889,41.88374857142857,1.2148631111111112,0.0784432426619892,0.2167096975451279,0.1648834693163056,0.0563981416853033,14.6841,61.995,42.3144,1.33561,160,12,1,0,0,0,0,run_001
U000022,2073533,MODEL_A,BATCH_01,691751.0,49410.78571428572,9230.27642038435,35660.0,70668.0,14,1.025,3.0,0.0,2.0,14.0,14.555745714285717,61.52608536585366,41.86218,1.229160975609756,0.1101961442232926,0.1642505777173639,0.1235997591849933,0.0475972468639142,14.7646,61.8942,42.1254,1.35141,152,12,1,0,0,0,0,run_001
U000023,2153106,MODEL_A,BATCH_01,753675.0,53833.92857142857,12954.85941178525,40250.0,79573.0,14,1.15,3.0,0.0,6.0,14.0,14.543527027027029,61.539211111111115,41.8387,1.232774888888889,0.0881860774116258,0.1949519850236108,0.1675247427828032,0.0458636458142365,14.7828,62.1125,42.1728,1.31833,164,12,1,0,0,0,0,run_001
U000024,2209725,MODEL_A,BATCH_01,656548.0,46896.28571428572,7573.567083853314,36062.0,59075.0,14,1.225,3.0,0.0,2.0,14.0,14.544717647058825,61.658495121951226,41.794464705882355,1.2234260975609754,0.105862416344498,0.204410691930754,0.1091969998543166,0.0521493021467233,14.7249,62.0242,42.0432,1.33294,150,12,1,0,0,0,0,run_001
U000025,2259733,MODEL_B,BATCH_01,707568.0,50540.57142857143,7652.593574572115,37975.0,61250.0,14,1.2,4.0,0.0,3.0,14.0,14.573724324324324,61.65534090909091,41.80854864864865,1.2488240909090909,0.0959376226902009,0.2485079001300792,0.1719566299029136,0.0462258860993054,14.7397,62.1253,42.1572,1.34302,162,12,1,0,0,0,0,run_001
U000026,2310049,MODEL_A,BATCH_01,677510.0,48393.57142857143,10217.856065311773,30369.0,67722.0,14,1.25,3.0,0.0,5.0,14.0,14.558202941176472,61.70915121951219,41.85812941176471,1.225898536585366,0.0866416321137234,0.1813656970349565,0.1168279453114885,0.0458292748448508,14.7653,62.1121,42.1037,1.31144,150,12,1,0,0,0,0,run_001
U000027,2374735,MODEL_A,BATCH_01,701384.0,50098.857142857145,8758.413720594552,35893.0,64686.0,14,1.25,4.0,0.0,5.0,14.0,14.540026470588236,61.71579302325582,41.82789117647059,1.2295532558139537,0.0914392572308162,0.2241412430922255,0.1599107561103562,0.0410220249622617,14.7407,62.1428,42.2486,1.30802,154,12,1,0,0,0,0,run_001
U000028,2464458,MODEL_A,BATCH_02,725150.0,51796.42857142857,13436.345924476556,37162.0,89723.0,14,1.275,4.0,0.0,5.0,14.0,14.57326,61.69396046511628,41.798025714285714,1.2304995348837209,0.0880464088855817,0.2033366773412003,0.161259411659412,0.0372764136427343,14.803,62.1533,42.2061,1.30652,156,12,1,0,0,0,0,run_001
U000029,2528055,MODEL_A,BATCH_01,740645.0,52903.21428571428,10373.42883879898,40883.0,70983.0,14,1.425,4.0,0.0,5.0,14.0,14.583613513513514,61.7835,41.79680810810811,1.256133409090909,0.0954842312815233,0.1913111674489962,0.1203463021136611,0.0337794655487469,14.7536,62.1798,42.0505,1.3322,162,12,1,0,0,0,0,run_001
U000030,2597675,MODEL_B,BATCH_01,720341.0,51452.92857142857,9323.18040373881,36790.0,69620.0,14,1.45,4.0,0.0,3.0,14.0,14.556162162162162,61.775644444444445,41.86610810810811,1.248250222222222,0.0971954255649449,0.1837758609575968,0.1278672040707741,0.0432834326634488,14.8353,62.1102,42.257,1.32557,164,12,1,0,0,0,0,run_001
U000031,2664612,MODEL_A,BATCH_01,729081.0,52077.21428571428,11826.16096872699,31344.0,68284.0,14,1.425,4.0,0.0,4.0,14.0,14.571169444444443,61.79691904761905,41.78487222222222,1.2715607142857142,0.1057932075039237,0.220473779468708,0.1418652290251171,0.0513776552642582,14.7548,62.22,42.1412,1.3918,156,12,1,0,0,0,0,run_001
U000032,2736037,MODEL_A,BATCH_01,731401.0,52242.92857142857,10526.36009457492,31584.0,71425.0,14,1.575,4.0,0.0,5.0,14.0,14.55232,61.82901162790698,41.795565714285715,1.2701046511627907,0.0974851475866961,0.1833117176122477,0.1426804429132323,0.044954082305691,14.745,62.2377,42.1286,1.3546,156,12,1,0,0,0,0,run_001
U000033,2786793,MODEL_A,BATCH_01,697426.0,49816.142857142855,9823.061545764036,35496.0,65310.0,14,1.5365853658536586,4.0,0.0,2.0,14.0,14.555052777777778,61.77790465116279,41.79051944444444,1.2629216279069768,0.0882543418150421,0.2121801166052417,0.2017989860082764,0.0530201108713536,14.7998,62.4104,42.3982,1.35891,158,12,2,0,0,0,0,run_001
U000034,2834931,MODEL_A,BATCH_01,714751.0,51053.642857142855,9365.354456367711,33489.0,67409.0,14,1.625,4.0,0.0,6.0,14.0,14.569544444444444,61.81624186046511,41.75351944444444,1.27458,0.0998290923656009,0.2031172804922104,0.1503858861528166,0.0520593110467922,14.7958,62.1837,42.1771,1.39234,158,12,1,0,0,0,0,run_001
U000035,2889573,MODEL_B,BATCH_02,690520.0,49322.857142857145,8698.614724878216,31623.0,59898.0,14,1.575,4.0,0.0,3.0,14.0,14.593572222222225,61.858163636363635,41.734519444444445,1.269195909090909,0.1002667345807774,0.215967112150567,0.1655875130203181,0.0484862446721763,14.7744,62.2344,42.0678,1.35072,160,12,1,0,0,0,0,run_001
U000036,2963161,MODEL_A,BATCH_01,754978.0,53927.0,15333.734469111914,33644.0,88247.0,14,1.6,4.0,0.0,6.0,14.0,14.583791666666665,61.84957272727272,41.73578888888889,1.2851911363636364,0.1226851239672401,0.2213557889132607,0.1493288868385623,0.0537126385116943,14.9382,62.2867,42.0171,1.40832,160,12,1,0,0,0,0,run_001
U000037,3029302,MODEL_A,BATCH_01,706676.0,50476.857142857145,11881.830640210175,35680.0,71691.0,14,1.65,4.0,0.0,4.0,14.0,14.59065588235294,61.90555952380952,41.75695294117647,1.29039,0.1096815588797349,0.1879219026416304,0.1313347567265443,0.0411186995025437,14.8164,62.2266,41.9705,1.364,152,12,1,0,0,0,0,run_001
U000038,3088576,MODEL_A,BATCH_01,714410.0,51029.28571428572,11415.682751430975,35097.0,77678.0,14,1.75,4.0,0.0,6.0,14.0,14.58270857142857,61.95726428571429,41.72534571428571,1.280572619047619,0.1034953519030988,0.1885745189074721,0.1414084183841829,0.056892849053823,14.8253,62.3348,42.0276,1.4137,154,12,1,0,0,0,0,run_001
U000039,3148453,MODEL_A,BATCH_01,682494.0,48749.57142857143,11230.863565086278,29639.0,72220.0,14,1.7,4.0,0.0,3.0,14.0,14.566916666666666,62.01605909090909,41.73697222222222,1.2930293181818182,0.1061205392803055,0.1764435047842487,0.1383622256689432,0.0451499116071002,14.779,62.3587,42.0969,1.39352,160,12,1,0,0,0,0,run_001
U000040,3209390,MODEL_B,BATCH_01,715502.0,51107.28571428572,8689.97009314648,39800.0,62589.0,14,1.75,4.0,0.0,5.0,14.0,14.584261111111111,62.05347209302326,41.705749999999995,1.287773488372093,0.0863287148976107,0.2479164964310712,0.1469320591293816,0.0420766312183423,14.7747,62.5211,42.0081,1.37738,158,12,1,0,0,0,0,run_001
U000041,3263067,MODEL_A,BATCH_01,697425.0,49816.07142857143,9783.359549328065,36885.0,70105.0,14,1.7317073170731707,4.0,0.0,3.0,14.0,14.591167567567568,62.01525434782609,40.21857567567567,1.4724826086956522,0.0894564079254187,0.2182223541930691,0.1470667316511764,0.0477373707061078,14.7984,62.5542,40.6176,1.58742,166,12,2,1,0,1,1,run_001
U000042,3333020,MODEL_A,BATCH_02,683071.0,48790.78571428572,11719.445682471318,30526.0,78843.0,14,1.775,4.0,0.0,4.0,14.0,14.578030303030303,62.136620512820514,41.72188181818182,1.2915664102564104,0.1024913120856117,0.2025634249984401,0.1487716926504863,0.0605825491847445,14.8049,62.5422,42.0981,1.43557,144,12,1,0,0,0,0,run_001
U000043,3388537,MODEL_A,BATCH_01,694340.0,49595.71428571428,7015.599096393599,36413.0,63310.0,14,1.775,4.0,0.0,4.0,14.0,14.596975675675678,62.12636888888889,41.70222432432433,1.3180582222222224,0.1105383528348756,0.2128979096167739,0.136312933285074,0.0490975255944222,14.8137,62.6092,41.9894,1.40811,164,12,1,0,0,0,0,run_001
U000044,3438368,MODEL_A,BATCH_01,692247.0,49446.21428571428,10645.898597607882,35758.0,71809.0,14,1.8,4.0,0.0,4.0,14.0,14.59076111111111,62.07666904761905,41.711475,1.3019559523809523,0.0758258767657952,0.2129368067120612,0.1704566176480107,0.0457277815998814,14.7308,62.7136,42.1295,1.40884,156,12,1,0,0,0,0,run_001
U000045,3525192,MODEL_B,BATCH_01,696721.0,49765.78571428572,14159.297424870138,34079.0,86824.0,14,1.75,4.0,0.0,3.0,14.0,14.610335294117649,62.16862380952381,41.711029411764706,1.3043969047619046,0.0988433283791188,0.1881883822773278,0.1545125012681132,0.0401871820049989,14.8281,62.5475,41.9546,1.39236,152,12,1,0,0,0,0,run_001
U000046,3580002,MODEL_A,BATCH_01,703878.0,50277.0,10799.320519935858,36916.0,63452.0,14,1.75,4.0,0.0,4.0,14.0,14.607151428571427,62.24479534883721,41.69925142857143,1.298286976744186,0.097185651238867,0.1969097859106433,0.1470667782924165,0.0517181030999915,14.8581,62.6637,41.9777,1.40552,156,12,1,0,0,0,0,run_001
U000047,3646289,MODEL_A,BATCH_01,711436.0,50816.857142857145,8268.225880368243,38108.0,66287.0,14,1.8,4.0,0.0,5.0,14.0,14.631533333333332,62.23314090909091,41.66507777777778,1.3223254545454546,0.1151046927180392,0.1871904046415089,0.1210368423512001,0.0461048923628348,14.9266,62.7389,41.8993,1.42194,160,12,1,0,0,0,0,run_001
U000048,3707042,MODEL_A,BATCH_01,726079.0,51862.78571428572,8912.702363037146,35821.0,68187.0,14,1.725,4.0,0.0,3.0,14.0,14.633654054054054,62.25013181818181,41.64221621621621,1.3195552272727271,0.1073890605710389,0.2070381144246745,0.1543745274639895,0.0523396468733871,14.8337,62.5858,41.9937,1.44436,162,12,1,0,0,0,0,run_001
U000049,3761839,MODEL_A,BATCH_02,707396.0,50528.28571428572,9700.83215644269,35219.0,67776.0,14,1.85,4.0,0.0,5.0,14.0,14.629189189189187,62.22518888888889,41.67226216216216,1.3203253333333334,0.0920089481873725,0.1981857888931283,0.1357861479421697,0.0451032685068388,14.8598,62.7755,41.9451,1.44003,164,12,1,0,0,0,0,run_001
U000050,3811706,MODEL_B,BATCH_01,643967.0,45997.642857142855,10147.79121557716,32937.0,66562.0,14,1.85,4.0,0.0,1.0,14.0,14.64400909090909,62.27104146341464,41.66239393939394,1.3323480487804875,0.095446877776451,0.1853141939728464,0.1368786961587567,0.054247223948305,14.8099,62.7003,42.0136,1.46914,148,12,1,0,0,0,0,run_001
U000051,3864242,MODEL_A,BATCH_01,684730.0,48909.28571428572,8077.803294580406,36173.0,61584.0,14,1.775,4.0,0.0,3.0,14.0,14.633730555555555,62.24203333333334,41.66489722222222,1.3304508888888888,0.0851940937572035,0.2073061526079024,0.148645788919472,0.0598294968990373,14.8221,62.8149,41.9054,1.45185,162,12,1,0,0,0,0,run_001
U000052,3944044,MODEL_A,BATCH_01,747668.0,53404.857142857145,13619.797811992674,34105.0,79802.0,14,1.8,4.0,0.0,4.0,14.0,14.605685,62.30075744680851,41.6506275,1.3310740425531915,0.0806666758317434,0.2236175614794937,0.1510951406632629,0.0454272174046417,14.7646,62.7954,41.9328,1.45374,174,12,1,0,0,0,0,run_001
U000053,3992464,MODEL_A,BATCH_01,727129.0,51937.78571428572,11053.341904521085,37786.0,81807.0,14,1.725,4.0,0.0,4.0,14.0,14.619688235294118,62.36318095238095,41.628432352941175,1.3244119047619047,0.098529256583271,0.2185330931439703,0.1361275910415693,0.0558643537568781,14.8104,62.7856,41.926,1.44215,152,12,1,0,0,0,0,run_001
U000054,4039139,MODEL_A,BATCH_01,713522.0,50965.857142857145,12614.751358000514,35638.0,73312.0,14,1.7804878048780488,4.0,0.0,5.0,14.0,14.633594594594594,62.37009090909091,41.65292432432432,1.3478129545454545,0.1031397863364351,0.2249074629534972,0.1351728983467,0.0512326967082339,14.7774,62.9252,41.9543,1.47367,162,12,2,0,0,0,0,run_001
U000055,4103602,MODEL_B,BATCH_01,734579.0,52469.92857142857,9925.969276167873,40134.0,70713.0,14,1.875,4.0,0.0,5.0,14.0,14.652146153846155,62.408674999999995,41.6132,1.3399710416666668,0.0962572699815003,0.2387473600165957,0.1445589863215552,0.0441930714334456,14.8464,62.9266,41.9387,1.44163,174,12,1,0,0,0,0,run_001
U000056,4162783,MODEL_A,BATCH_02,696679.0,49762.78571428572,8523.603311516083,35514.0,61333.0,14,1.875,4.0,0.0,2.0,14.0,14.636975,62.456268888888886,41.61087777777778,1.339017777777778,0.0882238172409891,0.197379143484889,0.1494073016213652,0.04078077994756,14.8262,62.8915,41.9436,1.42783,162,12,1,0,0,0,0,run_001
U000057,4216781,MODEL_A,BATCH_01,680628.0,48616.28571428572,7830.1330908088785,35960.0,61346.0,14,1.825,4.0,0.0,3.0,14.0,14.639094285714284,62.45227499999999,41.61667142857143,1.335263409090909,0.1079245868047431,0.2098041757238471,0.1296383194335152,0.046002630154493,14.8544,62.9565,41.8551,1.45913,158,12,1,0,0,0,0,run_001
U000058,4269203,MODEL_A,BATCH_01,726060.0,51861.42857142857,8527.056798705617,39531.0,68171.0,14,1.775,4.0,0.0,4.0,14.0,14.621513157894736,62.46616222222222,41.609231578947366,1.3495888888888887,0.0821316154390197,0.2244076437777008,0.1941810566445693,0.0532766092381937,14.78,62.8563,42.022,1.45039,166,12,1,0,0,0,0,run_001
U000059,4341956,MODEL_A,BATCH_01,726020.0,51858.57142857143,13293.03823993415,33513.0,80064.0,14,1.8,4.0,0.0,5.0,14.0,14.643534210526315,62.51116444444444,41.608363157894736,1.3611553333333333,0.1003476531898541,0.2143610740566191,0.1672921969086271,0.0398624530901403,14.8985,62.9652,41.8796,1.43416,166,12,1,0,0,0,0,run_001
U000060,4395209,MODEL_B,BATCH_01,697813.0,49843.78571428572,7254.716844164974,40088.0,64329.0,14,1.825,4.0,0.0,5.0,14.0,14.671711111111112,62.53067954545455,41.581202777777776,1.3544679545454543,0.105126527242931,0.1693278182609048,0.1562089067994906,0.0480923493688116,14.8543,62.8541,41.8808,1.4798,160,12,1,0,0,0,0,run_001
U000061,4444936,MODEL_A,BATCH_01,697628.0,49830.57142857143,7604.335835199909,37584.0,64510.0,14,1.825,4.0,0.0,5.0,14.0,14.64685,62.54985434782608,40.06477631578947,1.5524478260869563,0.0926487080757639,0.1895374272116451,0.1510428334347767,0.0590027095390276,14.9271,62.9012,40.3447,1.70035,168,12,1,0,0,0,1,run_001
U000062,4508940,MODEL_A,BATCH_01,715598.0,51114.142857142855,9445.002552079655,35588.0,68488.0,14,1.8,4.0,0.0,6.0,14.0,14.648320512820511,62.615959574468086,41.591641025641024,1.3742889361702126,0.0999232262644602,0.1868407257760219,0.1481673444346468,0.0447535996237001,14.9179,63.0553,41.8589,1.48583,172,12,1,0,0,0,0,run_001
U000063,4576472,MODEL_A,BATCH_02,701117.0,50079.78571428572,10891.446334543534,34086.0,71199.0,14,1.85,4.0,0.0,5.0,14.0,14.616582857142856,62.59122093023256,41.56582571428571,1.3750725581395349,0.0872739819921899,0.1811686422437593,0.1359163764163497,0.0606010944460742,14.7638,62.9845,41.8409,1.5643,156,12,1,0,0,0,0,run_001
U000064,4631823,MODEL_A,BATCH_01,690674.0,49333.857142857145,8861.160671128837,32569.0,63352.0,14,1.85,4.0,0.0,3.0,14.0,14.631511111111111,62.620731111111105,41.59299166666667,1.3802602222222222,0.0991625902323408,0.199104046374824,0.1358773866921404,0.0648711534326065,14.8212,63.0045,41.8636,1.51057,162,12,1,0,0,0,0,run_001
U000065,4685113,MODEL_B,BATCH_01,689023.0,49215.92857142857,7207.93164041995,36802.0,60719.0,14,1.875,4.0,0.0,4.0,14.0,14.669380555555556,62.666599999999995,41.524455555555555,1.3841188372093025,0.1072173781741546,0.1849977927796257,0.1792975602486304,0.0570001052300324,14.9488,63.0141,41.9358,1.4896,158,12,1,0,0,0,0,run_001
U000066,4742131,MODEL_A,BATCH_01,690538.0,49324.142857142855,8085.375904463782,34887.0,60322.0,14,1.825,4.0,0.0,3.0,14.0,14.668520588235294,62.67630714285714,41.529105882352944,1.3861452380952382,0.0839677419280282,0.2022445445528606,0.1492032576238249,0.0542991866371322,14.8465,63.1591,41.852,1.51522,152,12,1,0,0,0,0,run_001
U000067,4794978,MODEL_A,BATCH_01,720082.0,51434.42857142857,8933.282123301911,38424.0,68048.0,14,1.8,4.0,0.0,4.0,14.0,14.646671794871796,62.75736595744681,41.55245128205128,1.3912006382978723,0.097778083726467,0.2521737869325656,0.1451956735468874,0.0479633640262456,14.8247,63.4712,41.8824,1.48894,172,12,1,0,0,0,0,run_001
U000068,4847441,MODEL_A,BATCH_01,705746.0,50410.42857142857,9534.730028966458,33811.0,67266.0,14,1.9,4.0,0.0,5.0,14.0,14.67506857142857,62.77012272727273,41.52778857142857,1.3930161363636364,0.0989552030895161,0.205526228579831,0.1453637724336241,0.0510540246558718,14.8935,63.1672,41.7906,1.5456,158,12,1,0,0,0,0,run_001
U000069,4902069,MODEL_A,BATCH_01,666872.0,47633.71428571428,7884.888735652926,37243.0,58081.0,14,1.825,4.0,0.0,1.0,14.0,14.634560606060605,62.78004871794872,41.50964242424242,1.387845641025641,0.1010539148777579,0.1770010256761768,0.1389991794721806,0.0594718991932931,14.8562,63.1685,41.8664,1.48944,144,12,1,0,0,0,0,run_001
U000070,4963077,MODEL_B,BATCH_02,705954.0,50425.28571428572,12111.3067606493,33509.0,74964.0,14,1.775,4.0,0.0,4.0,14.0,14.677885714285717,62.7958023255814,41.52298857142857,1.4105130232558138,0.0935078925352646,0.1841529081114161,0.1681953604512057,0.0549410934562292,14.8801,63.1934,41.9159,1.53718,156,12,1,0,0,0,1,run_001
U000071,5039746,MODEL_A,BATCH_01,715154.0,51082.42857142857,10560.481987210518,36746.0,76669.0,14,1.75,4.0,0.0,5.0,14.0,14.681448648648647,62.784193333333334,41.53221621621621,1.4069,0.0825740732165223,0.2343892570451579,0.1371587391664474,0.0488789784709504,14.8558,63.2296,41.8188,1.51619,164,12,1,0,0,0,0,run_001
U000072,5107168,MODEL_A,BATCH_01,721079.0,51505.642857142855,12658.315051362895,34570.0,70255.0,14,1.75,4.0,0.0,6.0,14.0,14.673063888888889,62.85098863636363,41.47812777777778,1.4119136363636364,0.1124682816309374,0.1839808738996746,0.1540543292128021,0.0588269613116895,14.9156,63.2523,41.8024,1.54904,160,12,1,0,0,0,0,run_001
U000073,5167173,MODEL_A,BATCH_01,713997.0,50999.78571428572,9887.2394854609,35610.0,64973.0,14,1.75,4.0,0.0,5.0,14.0,14.657391428571428,62.84812727272727,41.517654285714286,1.4106802272727272,0.1100857990826419,0.1891002654722916,0.1876543197773299,0.0462738453168986,14.8712,63.1939,41.8933,1.53692,158,12,1,0,0,0,0,run_001
U000074,5220670,MODEL_A,BATCH_01,716396.0,51171.142857142855,8719.06151316354,35813.0,68110.0,14,1.725,4.0,0.0,5.0,14.0,14.670613157894737,62.90129130434783,41.51759736842105,1.410770652173913,0.0957121138681494,0.1927491447752611,0.1618774936977337,0.0398487975227566,14.9218,63.4168,41.8626,1.50091,168,12,1,0,0,0,0,run_001
U000075,5290603,MODEL_B,BATCH_01,728232.0,52016.57142857143,12325.021570986184,30506.0,72315.0,14,1.775,4.0,0.0,5.0,14.0,14.66877894736842,62.93331555555556,41.4556,1.4207142222222222,0.1065936288291667,0.188283276614057,0.1929998319562362,0.0562937093001312,14.8908,63.2985,41.8509,1.57583,166,12,1,0,0,0,0,run_001
U000076,5345838,MODEL_A,BATCH_01,681024.0,48644.57142857143,6976.336383852153,37575.0,63343.0,14,1.7560975609756098,4.0,0.0,2.0,14.0,14.675583783783782,62.993638636363634,41.45702162162162,1.4284145454545454,0.1008289269381931,0.2145974990815379,0.1480359155654374,0.0477967056106427,14.9055,63.4352,41.7915,1.53207,162,12,2,0,0,0,0,run_001
U000077,5409725,MODEL_A,BATCH_02,705995.0,50428.21428571428,11682.103387914953,35531.0,71905.0,14,1.775,4.0,0.0,4.0,14.0,14.68185625,62.9648025,41.455425,1.422555,0.0975366331097555,0.1707874244567322,0.1476093733364321,0.0535238816575583,14.9381,63.3099,41.7737,1.5257,144,12,1,0,0,0,0,run_001
U000078,5458015,MODEL_A,BATCH_01,704293.0,50306.642857142855,6922.970834138309,39904.0,65440.0,14,1.7560975609756098,4.0,0.0,4.0,14.0,14.685875,62.99267954545455,41.49555,1.435005,0.0939290594772765,0.2209430986197483,0.1568583828990801,0.0498772156819728,14.8434,63.372,41.8486,1.58995,160,12,2,0,0,0,0,run_001
U000079,5516198,MODEL_A,BATCH_01,731303.0,52235.92857142857,15101.982006775372,31805.0,75297.0,14,1.8,4.0,0.0,5.0,14.0,14.696913157894738,63.01079333333334,41.43627631578948,1.4152957777777777,0.0914394414014666,0.193848078284376,0.1627003686671854,0.0484728556414866,14.8634,63.374,41.6902,1.52878,166,12,1,0,0,0,0,run_001
U000080,5583466,MODEL_B,BATCH_01,710703.0,50764.5,12776.549448411037,34237.0,76955.0,14,1.825,4.0,0.0,4.0,14.0,14.682267647058822,63.027234146341456,41.44424411764706,1.430390731707317,0.0742827632871089,0.2069120907653254,0.1860673423076714,0.0479739960494351,14.8346,63.5078,41.8334,1.54437,150,12,1,0,0,0,0,run_001
U000081,5642055,MODEL_A,BATCH_01,704436.0,50316.857142857145,8559.262817440645,37094.0,64413.0,14,1.775,4.0,0.0,5.0,14.0,14.687517647058824,63.076840909090905,41.436605882352936,1.4322868181818182,0.105189792310932,0.2296510227301735,0.1516885224502414,0.0516299019531037,14.9173,63.4982,41.7267,1.53315,156,12,1,0,0,0,0,run_001
U000082,5718797,MODEL_A,BATCH_01,728740.0,52052.857142857145,10704.946296399214,36528.0,68418.0,14,1.775,4.0,0.0,7.0,14.0,14.700408333333334,63.10483333333334,41.45868611111111,1.4284928888888888,0.0848314846369806,0.2136642406376716,0.1704000773855926,0.0516999910155707,14.9025,63.5449,41.8046,1.52686,162,12,1,0,0,0,0,run_001
U000083,5764977,MODEL_A,BATCH_01,679653.0,48546.642857142855,8896.883712048522,35975.0,62443.0,14,1.6585365853658536,4.0,0.0,5.0,14.0,14.716216216216216,63.10116590909091,41.397021621621626,1.4409063636363637,0.0982228433306221,0.1820821549091625,0.1391033910744401,0.0402139478921679,14.8921,63.5558,41.6536,1.52277,162,12,2,0,0,0,0,run_001
U000084,5834917,MODEL_A,BATCH_02,721927.0,51566.21428571428,12435.01745492927,37777.0,81113.0,14,1.775,4.0,0.0,7.0,14.0,14.680431578947369,63.151256521739136,41.381626315789475,1.4498415217391305,0.0952835884035706,0.1543261836388167,0.1555580532708329,0.0534164581365619,15.0034,63.5373,41.6843,1.55954,168,12,1,0,0,0,1,run_001
U000085,5913793,MODEL_B,BATCH_01,725892.0,51849.42857142857,13531.824322481634,34296.0,78876.0,14,1.75,4.0,0.0,4.0,14.0,14.690426470588235,63.15656097560975,41.401835294117646,1.4536221951219512,0.1043188274614094,0.20329261407888,0.1370530883256843,0.0406661510664702,14.8879,63.5438,41.6188,1.54697,150,12,1,0,0,0,0,run_001
U000086,5981692,MODEL_A,BATCH_01,718027.0,51287.642857142855,9162.33200586588,39732.0,67899.0,14,1.875,4.0,0.0,5.0,14.0,14.72402777777778,63.19751162790698,41.39619722222223,1.4673216279069767,0.1082859379107293,0.2080708020628942,0.1323037640887948,0.0458015425987998,14.9486,63.6189,41.7167,1.57257,158,12,1,0,0,0,0,run_001
U000087,6048857,MODEL_A,BATCH_01,682320.0,48737.142857142855,11817.107005440124,32406.0,67416.0,14,1.825,4.0,0.0,3.0,14.0,14.718645454545454,63.259821951219514,41.373245454545454,1.469399024390244,0.1169696811435254,0.2158038270191192,0.1738801708269765,0.0523612163153644,15.0254,63.7243,41.7896,1.60967,148,12,1,0,0,0,0,run_001
U000088,6122713,MODEL_A,BATCH_01,722093.0,51578.07142857143,8212.837675664434,41158.0,73856.0,14,1.825,4.0,0.0,4.0,14.0,14.707238888888888,63.32027954545454,41.402797222222226,1.4665997727272726,0.113207309904763,0.2076441987940228,0.186240168271449,0.0472341988585347,14.8963,63.8837,41.7884,1.577,160,12,1,0,0,0,0,run_001
U000089,6190939,MODEL_A,BATCH_01,720986.0,51499.0,10741.742238002747,37562.0,72275.0,14,1.825,4.0,0.0,5.0,14.0,14.707479411764709,63.29232380952381,41.36433823529412,1.4718883333333337,0.0861872126471549,0.2229476618112084,0.1455222590798413,0.0494207201493594,14.8785,63.7222,41.7375,1.57745,152,12,1,0,0,0,0,run_001
U000090,6246027,MODEL_B,BATCH_01,679106.0,48507.57142857143,8146.175003448747,36154.0,63215.0,14,1.825,4.0,0.0,4.0,14.0,14.708374999999998,63.32266590909091,40.376894444444446,1.595014090909091,0.1026673557104272,0.1956681290291281,0.7294077742327083,0.101864648780857,14.9549,63.8238,41.5671,1.75731,160,12,1,0,0,0,1,run_001
U000091,6294203,MODEL_A,BATCH_02,696742.0,49767.28571428572,10825.817506374226,33084.0,70089.0,14,1.829268292682927,4.0,0.0,5.0,14.0,14.717634210526317,63.32943043478261,41.389478947368424,1.480118260869565,0.086077866308818,0.2238419808402199,0.1495911764956342,0.0515079743687798,14.9019,63.9405,41.6756,1.54922,168,12,2,0,0,0,0,run_001
U000092,6341490,MODEL_A,BATCH_01,714935.0,51066.78571428572,9486.209700876898,37254.0,67677.0,14,1.775,4.0,0.0,4.0,14.0,14.73244210526316,63.36338,41.338202631578945,1.4724957777777778,0.0976894407184344,0.1807625547004075,0.1391273118830613,0.0507385200848826,14.9267,64.0105,41.6882,1.6006,166,12,1,0,0,0,0,run_001
U000093,6404609,MODEL_A,BATCH_01,712639.0,50902.78571428572,9691.894584799047,37235.0,65604.0,14,1.875,4.0,0.0,6.0,14.0,14.73951388888889,63.405130232558136,41.35518055555555,1.479103488372093,0.0843768321376625,0.2029778929258328,0.1542174769036903,0.0496699789507716,14.9383,63.9089,41.6889,1.62448,158,12,1,0,0,0,0,run_001
U000094,6457320,MODEL_A,BATCH_01,677888.0,48420.57142857143,7457.1859583614,34631.0,63563.0,14,1.85,4.0,0.0,3.0,14.0,14.737613888888887,63.40085348837209,41.3263,1.4924802325581394,0.0832702387334766,0.1755997008198417,0.1528220720782368,0.0501924255568304,14.8915,63.8823,41.6408,1.60071,158,12,1,0,0,0,0,run_001
U000095,6508419,MODEL_B,BATCH_01,654591.0,46756.5,7550.986311021281,34475.0,58542.0,14,1.775,4.0,0.0,4.0,14.0,14.710736363636364,63.45172195121951,41.30886363636363,1.5006360975609756,0.0985788542810458,0.1736920831704705,0.1819984989948079,0.0536960386750293,14.9013,63.8704,41.6472,1.6133,148,12,1,0,0,0,0,run_001
U000096,6552856,MODEL_A,BATCH_01,690267.0,49304.78571428572,9206.046008162006,35151.0,60152.0,14,1.775,4.0,0.0,6.0,14.0,14.70380857142857,63.42342790697674,41.29034571428571,1.5070102325581396,0.0871186964853749,0.1637641703437364,0.1633814795157013,0.055144454001173,14.8877,63.7858,41.5893,1.63598,156,12,1,0,0,0,0,run_001
U000097,6608258,MODEL_A,BATCH_01,676664.0,48333.142857142855,7711.578805298541,34623.0,65159.0,14,1.8,4.0,0.0,6.0,14.0,14.70975,63.51730697674419,41.355805882352946,1.500396976744186,0.1153752514032525,0.2151147129139967,0.1675408370683441,0.0529979704703457,15.021,64.0147,41.7823,1.60471,154,12,1,0,0,0,0,run_001
U000098,6658040,MODEL_A,BATCH_02,714913.0,51065.21428571428,10268.17604339942,33665.0,68859.0,14,1.925,4.0,0.0,7.0,14.0,14.732592105263157,63.523273333333336,41.31049736842105,1.5111906666666666,0.0967490970181451,0.1922230278987022,0.1499059281355653,0.0503855094789617,14.9469,64.0607,41.5802,1.63826,166,12,1,0,0,0,0,run_001
U000099,6732505,MODEL_A,BATCH_01,684530.0,48895.0,10568.51886864584,35586.0,71349.0,14,1.8,4.0,0.0,2.0,14.0,14.744967567567569,63.559020454545454,41.294464864864864,1.505739090909091,0.0972113878047163,0.2044313901846094,0.1388927928220092,0.0473611741594207,15.0037,63.9234,41.5592,1.59229,162,12,1,0,0,0,0,run_001
U000100,6808213,MODEL_B,BATCH_01,703610.0,50257.857142857145,9103.89787066839,33147.0,68463.0,14,1.8,4.0,0.0,6.0,14.0,14.71500263157895,63.55409130434782,41.308368421052634,1.5085445652173914,0.096490398589262,0.1809583375329938,0.1750919559256563,0.0506535490346606,14.9663,64.0097,41.6406,1.6104,168,12,1,0,0,0,0,run_001
U000101,6864157,MODEL_A,BATCH_01,687807.0,49129.07142857143,9760.896959605914,35199.0,64950.0,14,1.8,4.0,0.0,7.0,14.0,14.744072972972974,63.61715454545454,41.30164324324325,1.4917445454545453,0.1115416455575841,0.1921373000535867,0.15308268923933,0.0499323828119283,14.9336,64.0468,41.587,1.58637,162,12,1,0,0,0,0,run_001
U000102,6925147,MODEL_A,BATCH_01,671918.0,47994.142857142855,8471.505686323217,35659.0,65630.0,14,1.825,4.0,0.0,6.0,14.0,14.733258333333332,63.59365909090909,41.32154444444444,1.5154004545454547,0.0991048085181975,0.2258607466829454,0.1289627242809658,0.0480204804153755,14.96,64.0386,41.5427,1.62557,160,12,1,0,0,0,0,run_001
U000103,6990173,MODEL_A,BATCH_01,712238.0,50874.142857142855,7790.311516010352,38082.0,64987.0,14,1.85,4.0,0.0,6.0,14.0,14.733433333333332,63.63126818181818,41.31765,1.5120556818181818,0.084631446367681,0.1985240595491448,0.1389417791738668,0.0523610567341321,14.937,64.0412,41.675,1.61319,160,12,1,0,0,0,0,run_001
U000104,7048092,MODEL_A,BATCH_01,685656.0,48975.42857142857,9534.83200379846,35687.0,64742.0,14,1.775,4.0,0.0,5.0,14.0,14.744897297297296,63.63927391304348,41.25366756756757,1.5075595652173914,0.07883117856987,0.2459639534880227,0.1768038273436501,0.0529772841448324,14.9125,64.0875,41.6078,1.61844,166,12,1,0,0,0,0,run_001
U000105,7146794,MODEL_B,BATCH_02,736174.0,52583.857142857145,12846.189832350725,37870.0,83724.0,14,1.825,4.0,0.0,7.0,14.0,14.729425,63.74725348837209,41.27925833333333,1.520083953488372,0.10230345721012,0.2433605500260272,0.1536202448990927,0.0472335979160282,15.0167,64.2774,41.7274,1.61028,158,12,1,0,0,0,0,run_001
U000106,7214248,MODEL_A,BATCH_01,737754.0,52696.71428571428,13576.029590810029,35038.0,87059.0,14,1.775,4.0,0.0,5.0,14.0,14.771923529411763,63.752958536585375,41.28418235294117,1.52111,0.1048430372504202,0.1931751148253965,0.1570544577827942,0.0442803668683989,14.9879,64.2852,41.5792,1.61579,150,12,1,0,0,0,0,run_001
U000107,7277710,MODEL_A,BATCH_01,723603.0,51685.92857142857,12208.190147880774,35754.0,81855.0,14,1.75,4.0,0.0,5.0,14.0,14.737272222222222,63.7579511627907,41.25245555555556,1.5314823255813954,0.0863396138550254,0.1905735883015799,0.1664164851800481,0.0420872743937104,14.9159,64.2357,41.6975,1.62528,158,12,1,0,0,0,0,run_001
U000108,7335744,MODEL_A,BATCH_01,713081.0,50934.357142857145,10963.295402998434,36035.0,76650.0,14,1.775,4.0,0.0,5.0,14.0,14.733158823529411,63.80569761904762,41.24590882352941,1.5302835714285716,0.1049742367170704,0.2228411634786858,0.1503562766225148,0.0497269295850668,14.8946,64.2684,41.5876,1.64688,152,12,1,0,0,0,0,run_001
U000109,7390090,MODEL_A,BATCH_01,708048.0,50574.857142857145,9504.709236495855,36015.0,66116.0,14,1.8,4.0,0.0,4.0,14.0,14.737291891891893,63.79074545454546,41.17140540540541,1.541885909090909,0.0849349665540851,0.1943587410213821,0.1741858441530288,0.0423607192616418,14.9529,64.238,41.5736,1.67715,162,12,1,0,0,0,0,run_001
U000110,7442002,MODEL_B,BATCH_01,687280.0,49091.42857142857,8714.142808051798,32296.0,64764.0,14,1.7804878048780488,4.0,0.0,3.0,14.0,14.763755263157895,63.83196739130435,41.20639210526316,1.53776,0.0948201703293145,0.1938462679024536,0.1599617376235838,0.0458315381466614,14.9157,64.2782,41.6354,1.60818,168,12,2,0,0,0,0,run_001
U000111,7498646,MODEL_A,BATCH_01,707023.0,50501.642857142855,9919.186773483638,35391.0,68096.0,14,1.7804878048780488,4.0,0.0,4.0,14.0,14.777685714285717,63.90111627906977,41.22146,1.540656976744186,0.0961917941432854,0.1839027252319267,0.1668879585407017,0.0468754107301311,15.0746,64.2674,41.5671,1.66787,156,12,2,0,0,0,0,run_001
U000112,7554916,MODEL_A,BATCH_02,719521.0,51394.357142857145,12121.199531952549,31064.0,66047.0,14,1.825,4.0,0.0,4.0,14.0,14.774863888888888,63.883154545454545,41.26065555555555,1.5360547727272726,0.1013768898792387,0.1811153871630744,0.1598667613884304,0.042179566335208,14.974,64.2659,41.5403,1.61202,160,12,1,0,0,0,0,run_001
U000113,7614126,MODEL_A,BATCH_01,708497.0,50606.92857142857,10525.234786084244,34450.0,72910.0,14,1.825,4.0,0.0,5.0,14.0,14.769035897435897,63.85498958333333,41.239348717948715,1.55435625,0.0823867020669172,0.2137395982185595,0.1723667843686139,0.0523491544212227,14.9147,64.2906,41.5354,1.66917,174,12,1,0,0,0,0,run_001
U000114,7723660,MODEL_A,BATCH_01,756345.0,54024.642857142855,16530.87251458333,37566.0,102844.0,14,1.875,4.0,0.0,6.0,14.0,14.783115384615384,63.931102083333336,41.17054615384615,1.5406060416666667,0.1019860453262874,0.1820618944200644,0.1525803754473679,0.0515489399663834,14.9992,64.237,41.3893,1.63536,174,12,1,0,0,0,0,run_001
U000115,7780798,MODEL_B,BATCH_01,690308.0,49307.71428571428,8846.129926771295,34269.0,64952.0,14,1.829268292682927,4.0,0.0,3.0,14.0,14.763851428571428,63.977953488372094,41.145134285714285,1.5582023255813957,0.118999714214755,0.204326535289121,0.1402365521346764,0.0520020824600052,14.9867,64.3756,41.4169,1.70272,156,12,2,0,0,0,0,run_001
U000116,7832872,MODEL_A,BATCH_01,722069.0,51576.357142857145,8480.154340097126,39998.0,66417.0,14,1.825,4.0,0.0,4.0,14.0,14.7765575,64.01343260869565,41.181095,1.556309347826087,0.0889565030196622,0.1821498309443173,0.1549246300624923,0.0643240791410416,14.9608,64.3885,41.4511,1.69204,172,12,1,0,0,0,0,run_001
U000117,7902365,MODEL_A,BATCH_01,741549.0,52967.78571428572,10163.539345497342,33744.0,69493.0,14,1.825,4.0,0.0,4.0,14.0,14.778100000000002,63.980825,41.190352777777775,1.5578875,0.0865810536846419,0.2033511319094086,0.1520151242214514,0.0521506346423957,14.9346,64.4884,41.5461,1.68467,160,12,1,0,0,0,0,run_001
U000118,7983335,MODEL_A,BATCH_01,764159.0,54582.78571428572,13100.099296033372,34871.0,80970.0,14,1.85,4.0,0.0,5.0,14.0,14.7448,64.08310416666667,41.1905076923077,1.5717589583333331,0.0790014889932962,0.1908788074438997,0.1380635902012948,0.051450966421442,14.8573,64.5341,41.5473,1.69038,174,12,1,0,0,0,0,run_001
U000119,8043960,MODEL_A,BATCH_02,722234.0,51588.142857142855,11169.109783802707,33507.0,76285.0,14,1.875,4.0,0.0,4.0,14.0,14.771381578947368,64.05322391304348,41.15093684210526,1.573418913043478,0.1066758511522691,0.1817683803144152,0.1511882403210649,0.0531207609227738,14.9478,64.4451,41.5588,1.68448,168,12,1,0,0,0,0,run_001
U000120,8098012,MODEL_B,BATCH_01,693837.0,49559.78571428572,10172.546403686976,38971.0,67225.0,14,1.853658536585366,4.0,0.0,4.0,14.0,14.771661764705884,64.08583658536585,41.13259411764706,1.5835129268292685,0.1068843300438035,0.203128942738472,0.1818668076420898,0.0362004191442517,15.02,64.4805,41.4717,1.67506,150,12,2,0,0,0,0,run_001
U000121,8141516,MODEL_A,BATCH_01,701177.0,50084.07142857143,8069.932622579138,35328.0,64102.0,14,1.829268292682927,4.0,0.0,5.0,14.0,14.795686486486485,64.16736363636363,41.10302162162162,1.592149318181818,0.1221902254732399,0.2350546834852048,0.1867089611834031,0.0531885931728821,15.0202,64.5733,41.4229,1.68692,162,12,2,0,0,0,0,run_001
U000122,8187775,MODEL_A,BATCH_01,712474.0,50891.0,9022.295657041888,34762.0,63597.0,14,1.8,4.0,0.0,5.0,14.0,14.792805128205128,64.15052391304349,41.1188641025641,1.5849245652173911,0.0943691434536063,0.2121949064052891,0.1555995797030918,0.0528765150854757,14.9915,64.6232,41.4908,1.68344,170,12,1,0,0,0,0,run_001
U000123,8262697,MODEL_A,BATCH_01,735368.0,52526.28571428572,9204.56030311206,38733.0,74922.0,14,1.875,4.0,0.0,6.0,14.0,14.803221052631578,64.16362444444445,41.18345789473684,1.5847248888888887,0.1036940410023768,0.2417551664913336,0.1521030778365112,0.0521393845040833,15.0418,64.7017,41.5231,1.70961,166,12,1,1,1,0,0,run_001
U000124,8308557,MODEL_A,BATCH_01,674767.0,48197.642857142855,8162.233250273367,33302.0,56703.0,14,1.85,4.0,0.0,3.0,14.0,14.803705714285712,64.202,41.1203,1.579815909090909,0.1133338611538212,0.1841906519861165,0.1939897056092232,0.0443451727436703,15.0877,64.5208,41.4772,1.67042,158,12,1,0,0,0,0,run_001
U000125,8370822,MODEL_B,BATCH_01,686957.0,49068.357142857145,9859.232390210498,33597.0,63069.0,14,1.75,4.0,0.0,3.0,14.0,14.820016216216215,64.24463333333333,41.12028378378378,1.6059466666666666,0.1077253516884323,0.1810790915549724,0.1574717003032501,0.0486039634370347,15.0115,64.5589,41.4693,1.70926,158,12,1,0,0,0,0,run_001
U000126,8429587,MODEL_A,BATCH_02,713230.0,50945.0,9862.850009388378,34209.0,71771.0,14,1.75,4.0,0.0,6.0,14.0,14.805724324324324,64.24556590909091,41.129735135135135,1.5991911363636364,0.1220413440997339,0.1962250143397664,0.1510995077133985,0.0469624688456004,15.0343,64.5937,41.4169,1.72027,162,12,1,0,0,0,0,run_001
U000127,8479144,MODEL_A,BATCH_01,687978.0,49141.28571428572,8900.475825038115,33635.0,64135.0,14,1.8,4.0,0.0,5.0,14.0,14.821647222222222,64.30578372093024,41.13073333333333,1.6037423255813954,0.0994430303127264,0.1870895264817299,0.1452705357993446,0.0560316104592165,15.0321,64.7968,41.3979,1.73581,158,12,1,0,0,0,0,run_001
U000128,8535570,MODEL_A,BATCH_01,679084.0,48506.0,8845.719216747639,34033.0,59719.0,14,1.775,4.0,0.0,4.0,14.0,14.80239411764706,64.35256744186047,41.122126470588235,1.620556744186047,0.0918461293659176,0.239848574969142,0.1347958620640475,0.0409318643904796,14.9692,64.9161,41.419,1.72111,154,12,1,0,0,0,0,run_001
U000129,8594238,MODEL_A,BATCH_01,711435.0,50816.78571428572,12479.872011045944,30617.0,75525.0,14,1.7,4.0,0.0,4.0,14.0,14.8015825,64.27817916666667,41.1295725,1.6168279166666666,0.0940282360415045,0.1902680952429427,0.1311421229195507,0.0467776699299785,15.0064,64.7463,41.4464,1.715,176,12,1,0,0,0,0,run_001
U000130,8659735,MODEL_B,BATCH_01,745402.0,53243.0,9360.560708057546,38879.0,66672.0,14,1.775,4.0,0.0,6.0,14.0,14.859623076923077,64.32585217391305,41.104689743589745,1.616407608695652,0.0876693592921975,0.1934669730518267,0.1621669279588678,0.0430166713514026,15.0277,64.6858,41.6296,1.69778,170,12,1,0,0,0,0,run_001
U000131,8724607,MODEL_A,BATCH_01,698477.0,49891.21428571428,9777.291643068971,32783.0,67479.0,14,1.775,4.0,0.0,4.0,14.0,14.797454285714284,64.38908604651164,41.07160857142857,1.6229046511627905,0.0826795455992846,0.1929278826294981,0.1671186499456721,0.0480658580614654,14.9702,64.7461,41.4418,1.72845,156,12,1,0,0,0,0,run_001
U000132,8781883,MODEL_A,BATCH_01,722177.0,51584.07142857143,9161.32042434836,40271.0,68426.0,14,1.75,4.0,0.0,4.0,14.0,14.814964102564105,64.41355957446808,41.086697435897435,1.6283193617021277,0.0842950909701946,0.1805559249260529,0.164540974719591,0.0622992852357718,15.0759,64.9144,41.3775,1.76322,172,12,1,0,0,0,0,run_001
U000133,8837832,MODEL_A,BATCH_02,716515.0,51179.642857142855,9321.62213192155,33844.0,68329.0,14,1.775,4.0,0.0,5.0,14.0,14.837352631578948,64.44351739130435,41.0246,1.6317297826086956,0.0827395775647319,0.1693735612378082,0.1732056425021821,0.0434697060025908,15.0062,64.7993,41.4257,1.7365,168,12,1,0,0,0,0,run_001
U000134,8893565,MODEL_A,BATCH_01,700270.0,50019.28571428572,10307.869036126433,35380.0,67494.0,14,1.7317073170731707,4.0,0.0,3.0,14.0,14.82334722222222,64.41897045454544,41.05411388888889,1.6258711363636364,0.0892153397640024,0.1772607100835464,0.1365850612052609,0.0620097769566504,15.0269,64.866,41.2993,1.76785,160,12,2,0,0,0,0,run_001
U000135,8961445,MODEL_B,BATCH_01,722295.0,51592.5,13277.926389022785,34954.0,81413.0,14,1.775,4.0,0.0,5.0,14.0,14.818191176470588,64.45564761904762,41.05581176470588,1.6141252380952382,0.0865996723615017,0.2113708776558928,0.1156551398449247,0.0452469393244959,15.0142,64.7832,41.2471,1.69957,152,12,1,0,0,0,0,run_001
U000136,9027077,MODEL_A,BATCH_01,703680.0,50262.857142857145,8282.221059011265,36025.0,65632.0,14,1.775,4.0,0.0,4.0,14.0,14.812988571428573,64.50222142857143,41.11083714285714,1.626212142857143,0.0956480674489699,0.1802892669393248,0.1398475831790032,0.0454441026540063,15.0617,64.7753,41.4182,1.76988,154,12,1,0,0,0,0,run_001
U000137,9075288,MODEL_A,BATCH_01,682875.0,48776.78571428572,8723.71915375698,34898.0,64955.0,14,1.75,4.0,0.0,3.0,14.0,14.827036363636363,64.5690025,40.98588787878788,1.62312375,0.0940289909355819,0.1967114618530366,0.1473492932575002,0.0479847260788157,15.0092,65.0989,41.3735,1.74808,146,12,1,0,0,0,0,run_001
U000138,9130021,MODEL_A,BATCH_01,696937.0,49781.21428571428,8865.77550235972,34566.0,70239.0,14,1.8,4.0,0.0,3.0,14.0,14.796189189189189,64.58385777777778,41.019437837837835,1.6422315555555556,0.1009804513088872,0.1946918293201877,0.1644096887374667,0.0441171367423525,14.9848,65.0348,41.406,1.75732,164,12,1,0,0,0,0,run_001
U000139,9174498,MODEL_A,BATCH_01,678692.0,48478.0,7923.453714714989,34828.0,59022.0,14,1.775,4.0,0.0,4.0,14.0,14.817481578947367,64.63171304347826,40.575805263157896,1.7184723913043478,0.0876164240288409,0.1908921703867809,0.76652454376084,0.1115819448792835,15.024,64.9857,41.3592,1.9183,168,12,1,0,0,0,1,run_001
U000140,9224566,MODEL_B,BATCH_02,710687.0,50763.357142857145,10365.052633412268,33432.0,66500.0,14,1.7560975609756098,4.0,0.0,4.0,14.0,14.837616216216215,64.60513333333333,41.0250027027027,1.6572853333333333,0.0911471688885418,0.2391494701873903,0.144366896571984,0.0465106476372492,15.0283,65.245,41.3786,1.78647,164,12,2,0,0,0,0,run_001
U000141,9298138,MODEL_A,BATCH_01,726647.0,51903.357142857145,11192.980531133326,32092.0,80118.0,14,1.75,4.0,0.0,3.0,14.0,14.81302894736842,64.63178666666667,41.009331578947375,1.6457602222222223,0.0871127536133788,0.217264049237119,0.1433162070110515,0.0461669170948245,14.9755,64.9779,41.3744,1.78241,166,12,1,0,0,0,0,run_001
U000142,9350180,MODEL_A,BATCH_01,694418.0,49601.28571428572,7657.363097332894,32520.0,59365.0,14,1.725,4.0,0.0,5.0,14.0,14.84232857142857,64.6059,41.011422857142854,1.6558034883720931,0.0920981016966936,0.2076993064619125,0.1613872982933293,0.0555287221639447,15.0378,64.9389,41.283,1.76632,156,12,1,0,0,0,0,run_001
U000143,9418334,MODEL_A,BATCH_01,728712.0,52050.857142857145,9442.838954280833,37460.0,68154.0,14,1.75,4.0,0.0,5.0,14.0,14.820624324324324,64.73121136363636,41.035578378378375,1.6622663636363637,0.1031872445966432,0.1826303423883565,0.1622705493494927,0.0518954228877837,15.0592,65.1942,41.357,1.76844,162,12,1,0,0,0,0,run_001
U000144,9472643,MODEL_A,BATCH_01,697661.0,49832.92857142857,7929.150613782284,37806.0,62596.0,14,1.725,4.0,0.0,5.0,14.0,14.844794285714286,64.75362093023256,40.96709714285714,1.67525,0.0933475887172656,0.2260933009665947,0.1641855343733992,0.0471948802207148,15.0316,65.2576,41.3288,1.77818,156,12,1,0,0,0,0,run_001
U000145,9539880,MODEL_B,BATCH_01,695868.0,49704.857142857145,8028.523428349728,37517.0,67237.0,14,1.725,4.0,0.0,5.0,14.0,14.849957142857145,64.7542619047619,40.94277142857143,1.6658207142857144,0.0950412953148578,0.1547365455002705,0.1312908011011485,0.0446170744628521,14.9922,65.1067,41.1953,1.75939,154,12,1,0,0,0,0,run_001
U000146,9624727,MODEL_A,BATCH_01,741373.0,52955.21428571428,13086.15183007519,37547.0,84847.0,14,1.75,4.0,0.0,5.0,14.0,14.845283783783785,64.78938444444445,40.94933513513513,1.6814495555555555,0.0854443695353016,0.1822160467880674,0.1488441657428187,0.0553275783179171,15.0628,65.2229,41.1998,1.79025,164,12,1,0,0,0,0,run_001
U000147,9689938,MODEL_A,BATCH_02,687682.0,49120.142857142855,9963.884968742346,36791.0,65211.0,14,1.775,4.0,0.0,4.0,14.0,14.842364705882352,64.7674975,40.96476764705882,1.6734447500000005,0.1208659409688045,0.1850749238267755,0.1524712843716234,0.0536591785819512,15.2163,65.1661,41.2973,1.79789,148,12,1,0,0,0,0,run_001
U000148,9748151,MODEL_A,BATCH_01,711861.0,50847.21428571428,10510.095748510435,35501.0,65606.0,14,1.75,4.0,0.0,3.0,14.0,14.85183142857143,64.78011428571429,40.98337428571429,1.665142619047619,0.0971781740546971,0.191763179114531,0.1756844252075416,0.0397861489600444,15.0748,65.2532,41.3116,1.74269,154,12,1,0,0,0,0,run_001
U000149,9810592,MODEL_A,BATCH_01,714289.0,51020.642857142855,10901.335532910589,38005.0,66249.0,14,1.775,4.0,0.0,4.0,14.0,14.847718918918918,64.85485111111112,40.96366486486487,1.6852715555555555,0.071289756307301,0.1786938883604419,0.1492491954495629,0.0550986506993491,15.0039,65.2277,41.193,1.78765,164,12,1,0,0,0,0,run_001
U000150,9858461,MODEL_B,BATCH_01,689684.0,49263.142857142855,10363.185030579256,32711.0,65445.0,14,1.75,4.0,0.0,4.0,14.0,14.840891666666668,64.88386444444444,40.96093055555556,1.69899,0.0985344069710816,0.1798757540328591,0.1834948092990146,0.0479146421917522,15.1116,65.4116,41.4456,1.80976,162,12,1,0,0,0,0,run_001
U000151,9936035,MODEL_A,BATCH_01,735303.0,52521.642857142855,16662.698639162878,30423.0,86197.0,14,1.725,4.0,0.0,5.0,14.0,14.86156,64.84821428571429,40.95482571428571,1.691029523809524,0.1149657319787581,0.2237914453468971,0.1520901867562902,0.0422501685926716,15.1702,65.221,41.3874,1.78913,154,12,1,0,0,0,0,run_001
U000152,9991863,MODEL_A,BATCH_01,707317.0,50522.642857142855,9408.932920835983,39114.0,69890.0,14,1.8,4.0,0.0,6.0,14.0,14.868094444444443,64.89840217391304,40.91950833333333,1.6728480434782609,0.1099706972514412,0.1896063811503907,0.1389050454190099,0.0582956035551973,15.0641,65.3552,41.1537,1.81309,164,12,1,0,0,0,0,run_001
U000153,10046709,MODEL_A,BATCH_01,697379.0,49812.78571428572,9170.830305321922,38105.0,67453.0,14,1.8,4.0,0.0,3.0,14.0,14.852468421052633,64.92823636363636,40.943876315789474,1.696649772727273,0.0983109190967908,0.2086513438684172,0.1260543221258216,0.0616940736850317,15.0709,65.4278,41.2058,1.82022,164,12,1,0,0,0,0,run_001
U000154,10115467,MODEL_A,BATCH_02,709001.0,50642.92857142857,11429.62148551726,33002.0,70341.0,14,1.85,4.0,0.0,3.0,14.0,14.877905128205128,64.97513191489362,40.91451794871795,1.695632978723404,0.1046884775962975,0.2163770582816033,0.1558181917488843,0.0545560620676165,15.1659,65.6141,41.3676,1.83394,172,12,1,0,0,0,0,run_001
U000155,10190524,MODEL_B,BATCH_01,720133.0,51438.07142857143,10499.426940144333,38963.0,75057.0,14,1.825,4.0,0.0,1.0,14.0,14.86231111111111,64.97189534883721,40.85009722222222,1.7157095348837208,0.0800510329291001,0.1722652204257335,0.1469114008725991,0.0481259870376695,15.0185,65.387,41.1653,1.81834,158,12,1,0,0,0,0,run_001
U000156,10246480,MODEL_A,BATCH_01,682873.0,48776.642857142855,6967.199245333509,39126.0,61962.0,14,1.825,4.0,0.0,2.0,14.0,14.853597058823528,65.04857674418605,40.94175588235294,1.6954418604651162,0.1203710815096986,0.1636656621594773,0.1366651652345672,0.0416084665866738,15.0855,65.4014,41.1806,1.79303,154,12,1,0,0,0,1,run_001
U000157,10296073,MODEL_A,BATCH_01,662094.0,47292.42857142857,8176.707224364038,32682.0,60287.0,14,1.775,4.0,0.0,2.0,14.0,14.8768,65.06088372093024,40.89733783783784,1.7055297674418604,0.101477805455183,0.1890593015182997,0.1546799012860474,0.0482024842023516,15.0499,65.394,41.2295,1.79571,160,12,1,0,0,0,0,run_001
U000158,10344767,MODEL_A,BATCH_01,686113.0,49008.07142857143,9094.069593077473,30523.0,66496.0,14,1.775,4.0,0.0,4.0,14.0,14.869565714285716,65.05100697674419,40.87914857142857,1.7176113953488374,0.1334022222737052,0.243767593646225,0.1402362615089865,0.0495465259740971,15.2229,65.4426,41.165,1.86973,156,12,1,0,0,0,0,run_001
U000159,10406412,MODEL_A,BATCH_01,699860.0,49990.0,9389.85744956104,34668.0,64091.0,14,1.775,4.0,0.0,5.0,14.0,14.91684210526316,65.13905777777778,40.921694736842106,1.7231522222222222,0.0942449385882454,0.1759937014483645,0.1501090089439836,0.0520220742434003,15.0966,65.6096,41.2105,1.82828,166,12,1,0,0,0,0,run_001
U000160,10471952,MODEL_B,BATCH_01,734443.0,52460.21428571428,9652.009015094864,36882.0,65540.0,14,1.8,4.0,0.0,5.0,14.0,14.857663888888888,65.15138888888889,40.86342777777778,1.7265555555555554,0.0949621071880112,0.184100876772172,0.1610522392820964,0.0450494605736827,15.0429,65.5076,41.3028,1.82823,162,12,1,0,0,0,0,run_001
U000161,10536761,MODEL_A,BATCH_02,703405.0,50243.21428571428,7814.865431968756,37144.0,64809.0,14,1.8,4.0,0.0,3.0,14.0,14.881714285714288,65.13917500000001,40.89320571428572,1.7146838636363635,0.1020658326849915,0.2222300422671235,0.1372797764611016,0.0454927415225416,15.1167,65.61,41.1212,1.8064,158,12,1,0,0,0,0,run_001
U000162,10595788,MODEL_A,BATCH_01,718483.0,51320.21428571428,9257.019624866572,33864.0,67439.0,14,1.8,4.0,0.0,4.0,14.0,14.862929411764709,65.16391463414634,40.86535882352941,1.7322456097560976,0.0972558435711417,0.1443938079714233,0.1146355863031145,0.0407613753477959,15.0271,65.4752,41.1254,1.822,150,12,1,0,0,0,0,run_001
U000163,10657710,MODEL_A,BATCH_01,713764.0,50983.142857142855,8519.51230869596,36108.0,62466.0,14,1.8,4.0,0.0,3.0,14.0,14.901702857142858,65.17093636363637,40.84371142857143,1.7377063636363637,0.1055216216642611,0.1934807821607597,0.1418579815321284,0.0533964637837458,15.0628,65.6533,41.1558,1.88138,158,12,1,0,0,0,0,run_001
U000164,10715201,MODEL_A,BATCH_01,670909.0,47922.07142857143,7173.885294962189,37344.0,60452.0,14,1.75,4.0,0.0,3.0,14.0,14.873631428571429,65.23867906976744,40.85643142857143,1.736328604651163,0.0998788936410386,0.1968608555712837,0.1563285863953537,0.0523969095136161,15.0748,65.6238,41.2212,1.84367,156,12,1,0,0,0,0,run_001
U000165,10793084,MODEL_B,BATCH_01,723434.0,51673.857142857145,10404.474650228753,40460.0,77883.0,14,1.775,4.0,0.0,5.0,14.0,14.898105555555556,65.30151590909091,40.86396111111111,1.7383336363636366,0.1034141188051899,0.2268158980351213,0.1859064884409477,0.0475734689639092,15.0825,65.8954,41.1657,1.82582,160,12,1,0,0,0,0,run_001
U000166,10843687,MODEL_A,BATCH_01,710203.0,50728.78571428572,10586.2472989075,32769.0,70015.0,14,1.775,4.0,0.0,6.0,14.0,14.892344444444443,65.27050930232558,40.872708333333335,1.7476093023255814,0.1106108117795892,0.1542243261244747,0.1281543118387252,0.0585689430701869,15.0942,65.5373,41.1783,1.85892,158,12,1,0,0,0,0,run_001
U000167,10894189,MODEL_A,BATCH_01,734980.0,52498.57142857143,11927.09031970939,35565.0,78302.0,14,1.85,4.0,0.0,6.0,14.0,14.872383333333334,65.31362272727273,40.849272222222226,1.7385654545454547,0.1127114888300466,0.2199038139242613,0.1455357896309094,0.0406570071454004,15.1135,65.7186,41.1161,1.81574,160,12,1,0,0,0,0,run_001
U000168,10966403,MODEL_A,BATCH_02,690054.0,49289.57142857143,9253.371541180051,31646.0,72214.0,14,1.8,4.0,0.0,3.0,14.0,14.914358333333334,65.3664558139535,39.31786388888889,1.9424032558139537,0.0887434484503341,0.2087815140766884,0.1520012014102481,0.0439436428427382,15.1139,65.7793,39.6035,2.02719,158,12,1,1,1,0,1,run_001
U000169,11027519,MODEL_A,BATCH_01,724298.0,51735.57142857143,8236.876449744264,35298.0,62995.0,14,1.8,4.0,0.0,4.0,14.0,14.907070270270273,65.33738666666667,40.85194054054054,1.7555795555555556,0.1103173726241822,0.2158120495414278,0.1423373310513115,0.0597155648186983,15.1392,65.7218,41.1551,1.89559,164,12,1,0,0,0,0,run_001
U000170,11118137,MODEL_B,BATCH_01,744088.0,53149.142857142855,15182.88104238628,33359.0,90618.0,14,1.775,4.0,0.0,4.0,14.0,14.909078378378378,65.37533111111111,40.86749189189189,1.766297111111111,0.0921777996143417,0.1694284842723568,0.1235917121870288,0.051046666555855,15.1072,65.689,41.0875,1.88479,164,12,1,0,0,0,0,run_001
U000171,11183308,MODEL_A,BATCH_01,731541.0,52252.92857142857,12275.028506714732,38870.0,78842.0,14,1.75,4.0,0.0,5.0,14.0,14.919283783783785,65.38534318181819,40.8879,1.7647775,0.0992877454492565,0.2292728326969801,0.1524011118361302,0.0563469571669734,15.0974,65.8584,41.3186,1.87988,162,12,1,0,0,0,0,run_001
U000172,11270660,MODEL_A,BATCH_01,743158.0,53082.71428571428,14011.903398010025,38395.0,87352.0,14,1.775,4.0,0.0,6.0,14.0,14.878535135135136,65.43405869565217,40.12015135135135,1.8373441304347824,0.1113196329300258,0.1951566556795793,0.7128016171034861,0.1073032464161699,15.1477,65.9287,40.9688,2.02289,166,12,1,0,0,0,1,run_001
U000173,11313577,MODEL_A,BATCH_01,688967.0,49211.92857142857,7672.893962758527,38151.0,67342.0,14,1.8,4.0,0.0,5.0,14.0,14.915083783783786,65.51613181818182,40.782667567567565,1.773310909090909,0.0965496720562744,0.1950813316050614,0.1435308891533154,0.0533357784631537,15.1304,65.8728,41.0478,1.88843,162,12,1,0,0,0,0,run_001
U000174,11377761,MODEL_A,BATCH_01,743593.0,53113.78571428572,10306.265250423548,37035.0,67538.0,14,1.825,4.0,0.0,5.0,14.0,14.939375,65.47958181818181,40.775241666666666,1.7748997727272728,0.1083815017822296,0.214453354035516,0.1232612356513033,0.0488751801038083,15.223,66.0447,41.0399,1.88487,160,12,1,0,0,0,0,run_001
U000175,11442141,MODEL_B,BATCH_02,716659.0,51189.92857142857,9381.35207136014,36842.0,64380.0,14,1.8,4.0,0.0,4.0,14.0,14.912320588235294,65.56146097560975,40.75525588235294,1.7778663414634148,0.0904484845155442,0.2065777382464621,0.1535165161209874,0.0478328307627772,15.1209,66.0086,41.0359,1.87739,150,12,1,0,0,0,0,run_001
U000176,11482131,MODEL_A,BATCH_01,687013.0,49072.357142857145,11208.0212389791,32965.0,68668.0,14,1.829268292682927,4.0,0.0,5.0,14.0,14.920057142857145,65.54015476190476,40.76898,1.7911899999999998,0.0978885028570599,0.1907798018178259,0.145279897803799,0.0581624816208239,15.0774,65.913,41.0706,1.92232,154,12,2,0,0,0,0,run_001
U000177,11532786,MODEL_A,BATCH_01,716041.0,51145.78571428572,11006.416025200038,35647.0,69487.0,14,1.8,4.0,0.0,5.0,14.0,14.944277142857144,65.58330465116279,40.79195428571428,1.7722946511627906,0.0889463853238843,0.202619387444361,0.1552715938243035,0.064164533793204,15.1815,66.0902,41.144,1.90938,156,12,1,0,0,0,0,run_001
U000178,11605829,MODEL_A,BATCH_01,711769.0,50840.642857142855,12402.103745904396,34209.0,73043.0,14,1.775,4.0,0.0,3.0,14.0,14.936654054054054,65.59853636363636,40.78191351351352,1.7887661363636362,0.0967208256173828,0.1888289444837365,0.1580099489873318,0.0575234482105122,15.1187,66.0733,41.1224,1.91359,162,12,1,0,0,0,0,run_001
U000179,11654573,MODEL_A,BATCH_01,661756.0,47268.28571428572,7317.077363459889,37382.0,64122.0,14,1.75,4.0,0.0,4.0,14.0,14.924726470588237,65.65650465116279,40.73454705882353,1.7911011627906974,0.104727306238699,0.183942044383922,0.1679657057985953,0.0512474563925952,15.1832,66.1165,41.0605,1.88194,154,12,1,0,0,0,0,run_001
U000180,11713604,MODEL_B,BATCH_01,710926.0,50780.42857142857,8097.27926494483,35718.0,62715.0,14,1.85,4.0,0.0,4.0,14.0,14.91788611111111,65.68016,40.76374444444444,1.7987106666666668,0.0903111420203274,0.2156008279204827,0.1679026358075153,0.0532990398344353,15.0891,66.1641,41.1784,1.94319,162,12,1,0,0,0,0,run_001
U000181,11770135,MODEL_A,BATCH_01,707309.0,50522.07142857143,10409.050835796595,36509.0,67651.0,14,1.775,4.0,0.0,3.0,14.0,14.922297560975611,65.63744285714286,40.73911951219512,1.8034867346938777,0.0887076222424115,0.2227551991536911,0.1382335798919929,0.052080405719896,15.1193,66.1179,40.9968,1.94863,180,12,1,0,0,0,0,run_001
U000182,11833560,MODEL_A,BATCH_02,704695.0,50335.357142857145,9610.638693313082,27776.0,63425.0,14,1.75,4.0,0.0,6.0,14.0,14.9628,65.67407272727273,40.76846285714286,1.800463181818182,0.1122868385771325,0.1853832828614323,0.1560215032044778,0.0420706210684184,15.248,66.0018,41.1065,1.88136,158,12,1,0,0,0,0,run_001
U000183,11897764,MODEL_A,BATCH_01,773810.0,55272.142857142855,9980.967363762067,39464.0,71810.0,14,1.775,4.0,0.0,6.0,14.0,14.92015,65.67757708333333,40.7568225,1.8012652083333334,0.1091467513640851,0.2112879231875994,0.1415850681818216,0.0490721041347423,15.1398,66.0672,41.0492,1.89434,176,12,1,0,0,0,0,run_001
U000184,11968712,MODEL_A,BATCH_01,761617.0,54401.21428571428,7126.736993976884,44336.0,70948.0,14,1.85,4.0,0.0,5.0,14.0,14.9364,65.73281111111112,40.64423513513513,1.7915742222222222,0.0826846351439547,0.195231756477713,0.1438927343857537,0.0454581303603501,15.1219,66.2633,40.9165,1.88047,164,12,1,0,0,0,0,run_001
U000185,12030425,MODEL_B,BATCH_01,716268.0,51162.0,10972.375887445009,38726.0,70962.0,14,1.775,4.0,0.0,3.0,14.0,14.95499705882353,65.73734634146342,40.70231764705882,1.8225282926829267,0.0845065874616924,0.2043825409588124,0.1805182060332065,0.0556557991543756,15.1082,66.1017,41.1568,1.92439,150,12,1,0,0,0,0,run_001
U000186,12095803,MODEL_A,BATCH_01,761812.0,54415.142857142855,11769.91984716936,35230.0,72326.0,14,1.8,4.0,0.0,5.0,14.0,14.952833333333333,65.80778723404255,40.68784358974359,1.819603829787234,0.1026898737726296,0.2040074760107325,0.1524621934066047,0.0532053752822674,15.1993,66.3665,41.0118,1.93158,172,12,1,0,0,0,0,run_001
U000187,12147960,MODEL_A,BATCH_01,717293.0,51235.21428571428,9359.99243243096,33245.0,65055.0,14,1.85,4.0,0.0,4.0,14.0,14.957429729729729,65.83821818181819,40.658432432432434,1.8170768181818184,0.1101667495331633,0.2307815026975069,0.1473774482485435,0.0458364042266765,15.2936,66.2845,40.9932,1.90172,162,12,1,0,0,0,0,run_001
U000188,12217895,MODEL_A,BATCH_01,713920.0,50994.28571428572,10209.355328314332,38209.0,69935.0,14,1.875,4.0,0.0,2.0,14.0,14.953426470588235,65.87234878048781,40.70355882352941,1.8273946341463416,0.0786725061089882,0.19525623565196,0.1704977901174603,0.0598575436807075,15.1512,66.4951,41.0306,1.92654,150,12,1,0,0,0,0,run_001
U000189,12260365,MODEL_A,BATCH_02,658782.0,47055.857142857145,10619.491946830189,31397.0,68873.0,14,1.829268292682927,4.0,0.0,2.0,14.0,14.944851428571427,65.89343095238095,40.71172571428571,1.8164569047619048,0.0927939855157607,0.2253861764411875,0.1378429591170734,0.0504207806311457,15.1418,66.4361,41.054,1.92099,154,12,2,0,0,0,0,run_001
U000190,12320821,MODEL_B,BATCH_01,711397.0,50814.07142857143,8731.940276622689,34586.0,66149.0,14,1.829268292682927,4.0,0.0,5.0,14.0,14.93714,65.96582142857143,39.96744857142857,1.9101338095238096,0.0948968083514619,0.1996089439509823,0.7901419754670437,0.100841021655615,15.1535,66.537,40.9769,2.12542,154,12,2,0,0,0,1,run_001
U000191,12376061,MODEL_A,BATCH_01,700727.0,50051.92857142857,10264.288790711262,35234.0,67670.0,14,1.8,4.0,0.0,4.0,14.0,14.953539473684213,65.97485,40.63939736842105,1.8445510869565216,0.0836711211101157,0.1773323254983879,0.1391149932402673,0.0511105696930471,15.1001,66.2843,40.8773,1.97371,168,12,1,0,0,0,0,run_001
U000192,12435601,MODEL_A,BATCH_01,720421.0,51458.642857142855,9704.499151718976,34042.0,62900.0,14,1.775,4.0,0.0,5.0,14.0,14.962038235294116,65.96082380952382,40.678041176470586,1.8404269047619048,0.0895417357055082,0.2040093300228028,0.139588334403718,0.0421169354436127,15.1457,66.3434,40.9953,1.9423,152,12,1,0,0,0,0,run_001
U000193,12516836,MODEL_A,BATCH_01,741485.0,52963.21428571428,12828.2375381486,35795.0,81235.0,14,1.85,4.0,0.0,5.0,14.0,14.956355555555556,66.0436119047619,40.65303888888889,1.8435685714285712,0.1127334161245504,0.2150849726609832,0.1399766516811753,0.0445872354900044,15.1994,66.4053,40.8991,1.91123,156,12,1,0,0,0,0,run_001
U000194,12569107,MODEL_A,BATCH_01,672638.0,48045.57142857143,7757.145764879143,34325.0,61332.0,14,1.875,4.0,0.0,4.0,14.0,14.986525714285715,65.97836279069767,40.20069142857143,1.9206646511627905,0.0969640786818594,0.1766900636213079,0.7242513759135075,0.1119538799248714,15.2111,66.3797,40.9365,2.15351,156,12,1,0,0,0,0,run_001
U000195,12630632,MODEL_B,BATCH_01,710959.0,50782.78571428572,9509.00858035782,32981.0,67830.0,14,1.875,4.0,0.0,5.0,14.0,14.9759,66.0320159090909,40.64343783783784,1.8484456818181816,0.0946206871907218,0.1760719236538116,0.1366382538581988,0.0458289895254048,15.1864,66.3767,40.8763,1.93884,162,12,1,0,0,0,0,run_001
U000196,12693488,MODEL_A,BATCH_02,682216.0,48729.71428571428,8043.309187226279,37195.0,62856.0,14,1.875,4.0,0.0,4.0,14.0,14.980533333333334,66.09589285714286,40.69130606060606,1.8424080952380952,0.0979038676032088,0.19002025744751,0.1212528760983475,0.0522631845537374,15.2061,66.4141,41.1065,1.95017,150,12,1,0,0,0,0,run_001
U000197,12751539,MODEL_A,BATCH_01,709286.0,50663.28571428572,10225.04154912432,33271.0,68048.0,14,1.825,4.0,0.0,4.0,14.0,14.965000000000002,66.08019069767441,40.63912432432433,1.8468602325581396,0.0990164716936868,0.2063621998585358,0.1490756526909252,0.0589195591862883,15.1912,66.4677,40.8905,1.97057,160,12,1,0,0,0,0,run_001
U000198,12813157,MODEL_A,BATCH_01,729692.0,52120.857142857145,8900.486061551253,37588.0,69867.0,14,1.825,4.0,0.0,5.0,14.0,14.978094736842104,66.08402608695653,40.62871052631579,1.8515339130434785,0.0979566201489716,0.2067119460449299,0.1595687038161082,0.0490326224502404,15.1937,66.4725,40.9291,1.97202,168,12,1,0,0,0,0,run_001
U000199,12872763,MODEL_A,BATCH_01,738257.0,52732.642857142855,11197.959069588343,35160.0,68282.0,14,1.825,4.0,0.0,5.0,14.0,14.99,66.19069999999999,40.66084736842105,1.8690078260869567,0.083362659344415,0.2162870798011027,0.1972430709732065,0.0504008535162756,15.1656,66.6794,41.0818,1.98835,168,12,1,0,0,0,0,run_001
U000200,12953410,MODEL_B,BATCH_01,744760.0,53197.142857142855,12063.60036101701,37599.0,80647.0,14,1.875,4.0,0.0,5.0,14.0,14.9762,66.20725869565217,40.57353684210526,1.8668595652173912,0.0888684633814709,0.1954546785501687,0.1357753458913667,0.04994804024435,15.1825,66.65,40.8615,1.98164,168,12,1,0,0,0,0,run_001
U000201,13025402,MODEL_A,BATCH_01,730039.0,52145.642857142855,11821.363468198277,34469.0,71992.0,14,1.925,4.0,0.0,4.0,14.0,14.966016216216218,66.21323111111111,40.59922972972973,1.872849555555555,0.1255865361536142,0.2038480325481123,0.1838238028125869,0.0530444088372081,15.2526,66.6384,41.0895,1.96817,164,12,1,0,0,0,0,run_001
U000202,13074021,MODEL_A,BATCH_01,661729.0,47266.357142857145,6304.114182965607,37452.0,60124.0,14,1.9,4.0,0.0,2.0,14.0,14.986545454545452,66.25905952380953,40.64116363636363,1.870674761904762,0.1118978554612115,0.2338615309083397,0.1844874789419708,0.0558148891857717,15.181,66.8441,40.998,1.96716,150,12,1,0,0,0,0,run_001
U000203,13127973,MODEL_A,BATCH_02,693263.0,49518.78571428572,10504.005200790876,32486.0,71104.0,14,1.85,4.0,0.0,4.0,14.0,14.9663,66.26648095238095,40.55605,1.865669523809524,0.0980955718272805,0.1946686656461072,0.1217022901355694,0.0493093216315912,15.2048,66.6755,40.9277,2.00809,152,12,1,0,0,0,0,run_001
U000204,13187025,MODEL_A,BATCH_01,705121.0,50365.78571428572,8506.4534612852,36250.0,61125.0,14,1.875,4.0,0.0,5.0,14.0,14.99087142857143,66.30986744186046,40.569474285714286,1.8786806976744184,0.139213707006485,0.1897888121055715,0.1484848127366753,0.0467319487123535,15.2688,66.8846,40.8339,1.98618,156,12,1,0,0,0,0,run_001
U000205,13258946,MODEL_B,BATCH_01,718199.0,51299.92857142857,9620.97995539944,37157.0,71921.0,14,1.9,4.0,0.0,5.0,14.0,14.984267567567567,66.29222272727272,40.57261891891892,1.8803647727272728,0.0956016272933735,0.2015568981513398,0.1697604289675397,0.0483532323293007,15.1698,66.8168,40.9226,1.95814,162,12,1,0,0,0,0,run_001
U000206,13323572,MODEL_A,BATCH_01,713332.0,50952.28571428572,9924.874697357229,37044.0,64626.0,14,1.85,4.0,0.0,4.0,14.0,14.966485714285714,66.36851860465117,40.56035142857143,1.883976976744186,0.1374672391835217,0.2165748317345848,0.1337468248582524,0.049918893433195,15.2649,66.9185,40.7814,1.98785,156,12,1,0,0,0,0,run_001
U000207,13395623,MODEL_A,BATCH_01,707906.0,50564.71428571428,12069.47279728471,33333.0,72051.0,14,1.875,4.0,0.0,5.0,14.0,14.983317142857144,66.36392619047619,40.54598,1.8911390476190475,0.0858266497955385,0.1881001654017303,0.14911349171609,0.0436962744859204,15.2027,66.754,40.9161,1.96738,154,12,1,0,0,0,0,run_001
U000208,13448154,MODEL_A,BATCH_01,695148.0,49653.42857142857,9550.318872761713,33828.0,65567.0,14,1.9,4.0,0.0,5.0,14.0,15.005132432432433,66.39272045454545,39.58744054054054,2.026935909090909,0.0823965885689923,0.2012099211335743,0.7170225633593211,0.0953618444325243,15.1774,66.96,40.7124,2.15187,162,12,1,0,0,0,1,run_001
U000209,13514992,MODEL_A,BATCH_01,719535.0,51395.357142857145,8288.274652108918,37017.0,66838.0,14,1.925,4.0,0.0,4.0,14.0,14.9916175,66.4918695652174,40.55462,1.8927917391304347,0.0885216673099494,0.2305855434126721,0.1554179958560066,0.0455337123119586,15.2317,67.1119,40.8491,1.99739,172,12,1,0,0,0,0,run_001
U000210,13569184,MODEL_B,BATCH_02,688547.0,49181.92857142857,8344.136489999206,38611.0,62361.0,14,1.853658536585366,4.0,0.0,3.0,14.0,14.995035294117647,66.4762756097561,40.53057058823529,1.9012256097560976,0.1150982370461121,0.1917228869755609,0.1374697510075138,0.0490483339191445,15.3043,67.0444,40.8555,2.01275,150,12,2,0,0,0,0,run_001
U000211,13616056,MODEL_A,BATCH_01,674656.0,48189.71428571428,9685.7844162588,32715.0,63935.0,14,1.9,4.0,0.0,5.0,14.0,15.005858823529412,66.46145853658537,40.48751176470588,1.9013819512195125,0.1146509197723008,0.2031613927098486,0.1534437292274134,0.0458708598796399,15.175,66.8832,40.8101,2.03157,150,12,1,0,0,0,0,run_001
U000212,13671251,MODEL_A,BATCH_01,707577.0,50541.21428571428,9215.17237351675,37509.0,71813.0,14,1.925,4.0,0.0,4.0,14.0,15.000897297297296,66.45494090909091,40.53622972972973,1.8975081818181816,0.1080215808851956,0.1893176613318931,0.1240840796146453,0.0502148775912184,15.2402,66.9174,40.74,2.01858,162,12,1,0,0,0,0,run_001
U000213,13734820,MODEL_A,BATCH_01,682606.0,48757.57142857143,9552.5012247239,29954.0,63569.0,14,1.85,4.0,0.0,2.0,14.0,15.016483333333332,66.47324523809523,39.06997222222222,2.0938885714285713,0.0959824046375162,0.1953518441826243,0.1596160368081753,0.050586137866523,15.1957,66.9099,39.4747,2.23325,156,12,1,0,0,0,1,run_001
U000214,13786267,MODEL_A,BATCH_01,700579.0,50041.357142857145,8928.66056461001,35649.0,62811.0,14,1.902439024390244,4.0,0.0,6.0,14.0,15.017297368421051,66.53289333333333,40.53488157894736,1.9175626666666663,0.0928154241807931,0.192061121189915,0.1573493665859734,0.0445377548419723,15.2418,67.0243,40.8634,2.02116,166,12,2,1,0,1,1,run_001
U000215,13836833,MODEL_B,BATCH_01,703744.0,50267.42857142857,8770.097760303172,38382.0,70031.0,14,1.804878048780488,4.0,0.0,2.0,14.0,15.035751428571428,66.54739761904762,40.49194857142857,1.915214047619048,0.0954043943106474,0.2094385997550686,0.1536065760912849,0.0526904378356713,15.3159,67.0199,40.8487,2.026,154,12,2,0,0,0,0,run_001
U000216,13898272,MODEL_A,BATCH_01,709367.0,50669.07142857143,9863.136156449396,35475.0,66935.0,14,1.775,4.0,0.0,5.0,14.0,15.01604210526316,66.58812888888889,40.49133421052631,1.9183388888888888,0.1156164129178407,0.1958469551161867,0.1440868830917298,0.0526209996632101,15.2243,66.9648,40.7877,2.08822,166,12,1,0,0,0,0,run_001
U000217,13948152,MODEL_A,BATCH_02,698006.0,49857.57142857143,10543.077165130211,35456.0,72949.0,14,1.829268292682927,4.0,0.0,6.0,14.0,15.042389473684212,66.63062272727274,40.46801315789474,1.9446452272727273,0.1081083485274709,0.2055878150669849,0.1580253284027134,0.0489003071512033,15.2508,67.0753,40.7841,2.04244,164,12,2,0,0,0,0,run_001
U000218,13996381,MODEL_A,BATCH_01,693922.0,49565.857142857145,8770.430397799037,35197.0,66107.0,14,1.7804878048780488,4.0,0.0,4.0,14.0,15.003686842105262,66.59388666666668,39.97804210526316,1.9751931111111112,0.1053425177143912,0.2040162466792555,0.7343177173888188,0.1015379538717648,15.2259,67.0521,40.7254,2.17985,166,12,2,0,0,0,1,run_001
U000219,14064344,MODEL_A,BATCH_01,778087.0,55577.642857142855,14665.672229378386,38473.0,82784.0,14,1.8,4.0,0.0,5.0,14.0,15.02818918918919,66.69324444444445,40.48992702702703,1.9242653333333333,0.0985885016503328,0.1831448663509504,0.1570641175667671,0.0482078324266163,15.2346,67.0514,40.9072,2.03589,164,12,1,0,0,0,0,run_001
U000220,14114800,MODEL_B,BATCH_01,701298.0,50092.71428571428,5167.375043014088,41486.0,58700.0,14,1.853658536585366,4.0,0.0,4.0,14.0,15.011761111111111,66.68349069767442,40.468788888888895,1.942317906976744,0.0970973363700506,0.1854485435164097,0.1922304714625919,0.0470398588108374,15.1908,67.1643,40.8879,2.04947,158,12,2,0,0,0,0,run_001
U000221,14169503,MODEL_A,BATCH_01,701473.0,50105.21428571428,10015.230049806618,35529.0,70842.0,14,1.775,4.0,0.0,3.0,14.0,15.026854054054054,66.74509347826087,40.46329459459459,1.9598478260869567,0.1032853399154085,0.2500381823305972,0.144722141717512,0.0452634305133376,15.2597,67.3767,40.8356,2.05431,166,12,1,0,0,0,0,run_001
U000222,14250282,MODEL_A,BATCH_01,742779.0,53055.642857142855,14463.873082786124,32750.0,80779.0,14,1.85,4.0,0.0,5.0,14.0,15.007083333333334,66.78606976744186,40.44823888888889,1.9485762790697676,0.120314443973163,0.2260521784844483,0.1826649552405058,0.0485954593226301,15.2953,67.3293,40.8627,2.04368,158,12,1,0,0,0,0,run_001
U000223,14303762,MODEL_A,BATCH_01,685429.0,48959.21428571428,9082.94103656004,35218.0,65520.0,14,1.85,4.0,0.0,4.0,14.0,15.035013513513512,66.77526363636365,40.41842972972973,1.9528579545454543,0.1195701936153039,0.1998224177787239,0.1161817155839749,0.0477042300586253,15.3086,67.2663,40.6353,2.05254,162,12,1,0,0,0,0,run_001
U000224,14374164,MODEL_A,BATCH_02,678071.0,48433.642857142855,9214.23396880436,36608.0,70402.0,14,1.825,4.0,0.0,4.0,14.0,15.043797058823529,66.81606976744186,40.4504,1.9363902325581397,0.0853767461254302,0.2045293861001801,0.1951328281096253,0.0466843090029989,15.2203,67.3815,40.8435,2.057,154,12,1,0,0,0,0,run_001
U000225,14443420,MODEL_B,BATCH_01,717637.0,51259.78571428572,11791.872038879945,33930.0,69256.0,14,1.9,4.0,0.0,6.0,14.0,15.025769444444444,66.85403953488373,40.438322222222226,1.959623953488372,0.0998684129083135,0.2327222676839677,0.1216758553607801,0.0522205541151473,15.2788,67.2805,40.7096,2.06327,158,12,1,0,0,0,0,run_001
U000226,14497460,MODEL_A,BATCH_01,672589.0,48042.07142857143,7836.895455416059,30728.0,57564.0,14,1.85,4.0,0.0,4.0,14.0,15.052438235294115,66.80901463414635,40.44640588235294,1.9790131707317071,0.1137180778110229,0.2087629763164134,0.1475578221357326,0.0450127308346774,15.2809,67.3105,40.7198,2.09227,150,12,1,0,0,0,0,run_001
U000227,14549677,MODEL_A,BATCH_01,688980.0,49212.857142857145,7527.491459332896,37760.0,61571.0,14,1.825,4.0,0.0,5.0,14.0,15.04499705882353,66.81931904761905,40.40405882352941,1.9618783333333332,0.0836500375311701,0.2187845518224343,0.1528672490394105,0.0475349239477191,15.1786,67.4454,40.7957,2.05578,152,12,1,0,0,0,0,run_001
U000228,14620424,MODEL_A,BATCH_01,708178.0,50584.142857142855,11160.346857424369,35179.0,70747.0,14,1.775,4.0,0.0,4.0,14.0,15.032934285714283,66.90431136363635,40.41600857142858,1.9715156818181816,0.0992552619522516,0.2354078728761005,0.1454038622584128,0.0427735148654271,15.2098,67.4757,40.7264,2.05107,158,12,1,0,0,0,0,run_001
U000229,14676173,MODEL_A,BATCH_01,695722.0,49694.42857142857,7289.840788746674,37486.0,57333.0,14,1.825,4.0,0.0,5.0,14.0,15.057185714285714,66.90965227272727,40.40629142857143,1.984508409090909,0.1135324652787428,0.1920316246831093,0.1621215781468965,0.0463948188237568,15.2961,67.2859,40.8639,2.07213,158,12,1,0,0,0,0,run_001
U000230,14732005,MODEL_B,BATCH_01,693984.0,49570.28571428572,7547.614777872864,38509.0,65037.0,14,1.75,4.0,0.0,3.0,14.0,15.05620294117647,66.9796125,40.347991176470586,1.9638685,0.0947663649745058,0.2196460266411171,0.1597359134352659,0.0485709221099969,15.2208,67.4715,40.6399,2.07704,148,12,1,0,0,0,0,run_001
U000231,14774308,MODEL_A,BATCH_02,705663.0,50404.5,12163.816833606896,34359.0,75813.0,14,1.75,4.0,0.0,6.0,14.0,15.03184857142857,67.0136534883721,40.385571428571424,1.9793781395348835,0.0987455981786719,0.2108629619860738,0.1829799789295986,0.050895031063282,15.2762,67.447,40.7736,2.09772,156,12,1,0,0,0,0,run_001
U000232,14842965,MODEL_A,BATCH_01,746420.0,53315.71428571428,12364.609604889216,31721.0,74956.0,14,1.8,4.0,0.0,6.0,14.0,15.050337837837835,66.93077555555556,40.40013783783784,1.9917288888888889,0.08869799055519,0.1831416765978471,0.1337692984028668,0.0500305080208893,15.2328,67.2849,40.6655,2.07273,164,12,1,0,0,0,0,run_001
U000233,14888146,MODEL_A,BATCH_01,659636.0,47116.857142857145,8689.615923681487,29777.0,60297.0,14,1.8,4.0,0.0,4.0,14.0,15.06008,67.05992619047619,40.37956,1.989114761904762,0.1004916730527522,0.1498020662521913,0.1788751473876162,0.0474087638413649,15.2324,67.328,40.7045,2.10143,154,12,1,0,0,0,0,run_001
U000234,14942769,MODEL_A,BATCH_01,684667.0,48904.78571428572,9202.508388632805,31586.0,62214.0,14,1.85,4.0,0.0,4.0,14.0,15.040642857142858,67.01362619047619,40.3768,1.9971628571428572,0.0820942008617293,0.1834744058173004,0.1247604716812092,0.0568791367848856,15.1746,67.5342,40.6417,2.12412,154,12,1,0,0,0,0,run_001
U000235,15001628,MODEL_B,BATCH_01,682042.0,48717.28571428572,12531.888570477204,32426.0,80206.0,14,1.7,4.0,0.0,2.0,14.0,15.043108333333334,67.04808333333332,40.370894444444446,1.9966814285714285,0.1187221447029034,0.1821943975426701,0.1231888583655059,0.0540139330070031,15.3208,67.5132,40.7322,2.12108,156,12,1,0,0,0,0,run_001
U000236,15060716,MODEL_A,BATCH_01,737318.0,52665.57142857143,10682.843130022053,32656.0,73006.0,14,1.725,4.0,0.0,6.0,14.0,15.0811,67.13052499999999,40.14902,2.0289595833333336,0.1043722406360264,0.1764705791885677,0.5427331531122597,0.0848739088033971,15.2865,67.4982,40.7674,2.25755,176,12,1,0,0,0,1,run_001
U000237,15130988,MODEL_A,BATCH_01,763838.0,54559.857142857145,12291.325758481016,31647.0,73479.0,14,1.825,4.0,0.0,5.0,14.0,15.05981794871795,67.14631914893617,40.35037692307692,2.000794680851064,0.0849122670196613,0.2126750140046275,0.167250525074368,0.0455287953722488,15.2575,67.5535,40.7324,2.13094,172,12,1,0,0,0,0,run_001
U000238,15175552,MODEL_A,BATCH_02,653696.0,46692.57142857143,7377.177745893445,33020.0,62896.0,14,1.853658536585366,4.0,0.0,2.0,14.0,15.086784848484848,67.13688780487804,40.34135151515152,2.0021890243902436,0.0943919525211634,0.184360482743894,0.148567989741254,0.0413176699370183,15.3178,67.6295,40.7834,2.10546,148,12,2,0,0,0,0,run_001
U000239,15236797,MODEL_A,BATCH_01,707023.0,50501.642857142855,7896.496327312053,37963.0,62126.0,14,1.8,4.0,0.0,3.0,14.0,15.08035945945946,67.1213,40.3373,2.008762093023256,0.1009392459173652,0.1926008183733793,0.1448814592079399,0.0560610396739524,15.2665,67.5617,40.6478,2.13943,160,12,1,0,0,0,0,run_001
U000240,15290635,MODEL_B,BATCH_01,709037.0,50645.5,9299.370960943044,37704.0,68565.0,14,1.7317073170731707,4.0,0.0,4.0,14.0,15.084194285714288,67.24194523809524,40.316562857142856,2.006177619047619,0.1142129511118618,0.1782628262444892,0.1575564419608457,0.0449930382587548,15.3022,67.651,40.6149,2.10166,154,12,2,0,0,0,0,run_001
U000241,15348579,MODEL_A,BATCH_01,717279.0,51234.21428571428,10194.984786487095,36700.0,69069.0,14,1.825,4.0,0.0,5.0,14.0,15.0779,67.1894,40.29728857142857,2.004189069767442,0.0910361078977811,0.211329180145459,0.1261069778622355,0.0482947502231253,15.2393,67.5974,40.5954,2.0979,156,12,1,0,0,0,0,run_001
U000242,15413440,MODEL_A,BATCH_01,700380.0,50027.142857142855,10566.52947796916,33980.0,65318.0,14,1.775,4.0,0.0,1.0,14.0,15.092334210526316,67.28086086956522,40.29089736842106,2.0220180434782606,0.0942651415217555,0.2307794670996158,0.1369794430953984,0.045404449494127,15.315,67.8027,40.5628,2.10466,168,12,1,0,0,0,1,run_001
U000243,15469828,MODEL_A,BATCH_01,681257.0,48661.21428571428,8176.856262351981,31559.0,58875.0,14,1.85,4.0,0.0,4.0,14.0,15.068153125,67.23102926829269,40.330103125,2.0141643902439026,0.071563736466287,0.184218126474977,0.1556745767968782,0.043406177846522,15.2052,67.7464,40.6357,2.08634,146,12,1,0,0,0,0,run_001
U000244,15541730,MODEL_A,BATCH_01,720267.0,51447.642857142855,9827.246414607022,38632.0,71902.0,14,1.8,4.0,0.0,2.0,14.0,15.04251081081081,67.29840869565217,40.3254972972973,2.0181152173913044,0.0812994833377863,0.1958261290318351,0.1452399173905163,0.0483672245196008,15.2462,67.6925,40.6028,2.10156,166,12,1,0,0,0,0,run_001
U000245,15606633,MODEL_B,BATCH_02,700358.0,50025.57142857143,11185.915867831198,35511.0,69060.0,14,1.8,4.0,0.0,4.0,14.0,15.11351875,67.33315128205129,40.31825,2.0310853846153845,0.1025250258591496,0.1411693307079252,0.1453819995957263,0.0490492096532791,15.2857,67.6198,40.6151,2.1506,142,12,1,0,0,0,0,run_001
U000246,15668220,MODEL_A,BATCH_01,698199.0,49871.357142857145,10765.393126603862,32924.0,65562.0,14,1.775,4.0,0.0,4.0,14.0,15.089545945945948,67.33411333333333,40.31785945945946,2.044556,0.088589407426103,0.1937322573694274,0.1649929551685628,0.0573899411680542,15.2541,67.7865,40.6323,2.1768,164,12,1,0,0,0,0,run_001
U000247,15719469,MODEL_A,BATCH_01,708457.0,50604.07142857143,8334.899892936612,35057.0,63332.0,14,1.825,4.0,0.0,5.0,14.0,15.090288888888889,67.37828636363636,40.26016111111111,2.0591338636363634,0.0728778068424037,0.1973012448137974,0.1395872635978293,0.0443357728007694,15.2485,67.8643,40.5556,2.19774,160,12,1,0,0,0,0,run_001
U000248,15766819,MODEL_A,BATCH_01,672820.0,48058.57142857143,9726.354845029486,34127.0,66624.0,14,1.7804878048780488,4.0,0.0,3.0,14.0,15.083751428571428,67.44969523809525,40.300191428571424,2.047837619047619,0.1071204966695108,0.1692293536095675,0.1502400772321497,0.0461907966131108,15.3026,67.858,40.7843,2.17131,154,12,2,0,0,0,0,run_001
U000249,15833549,MODEL_A,BATCH_01,676596.0,48328.28571428572,8876.416467060526,34008.0,67243.0,14,1.75,4.0,0.0,6.0,14.0,15.08999411764706,67.41067804878048,40.258170588235295,2.039812195121951,0.0833507991678856,0.1977158320825553,0.1327606835954626,0.0494533823672453,15.2653,67.8743,40.4636,2.15188,150,12,1,0,0,0,0,run_001
U000250,15896731,MODEL_B,BATCH_01,720330.0,51452.142857142855,10764.28242531141,32241.0,72180.0,14,1.75,4.0,0.0,6.0,14.0,15.105005555555556,67.48114545454546,40.27274722222222,2.0392713636363635,0.1013323413171996,0.1964708789055728,0.1545909468539687,0.0603203282326717,15.2911,67.855,40.6013,2.19737,160,12,1,0,0,0,0,run_001
U000251,15961963,MODEL_A,BATCH_01,700458.0,50032.71428571428,8320.686689751694,36054.0,65232.0,14,1.75,4.0,0.0,6.0,14.0,15.107545945945946,67.54508444444444,40.29660540540541,2.0568224444444447,0.0869727338965582,0.144372831672901,0.1517251497975229,0.0517795549840227,15.3164,67.8297,40.5669,2.18344,164,12,1,0,0,0,0,run_001
U000252,16007173,MODEL_A,BATCH_02,694787.0,49627.642857142855,9720.825745291892,36157.0,70666.0,14,1.775,4.0,0.0,6.0,14.0,15.081978378378375,67.55690227272727,40.21385135135135,2.0637638636363635,0.1106082831314965,0.1873665621165265,0.1297787125619383,0.0462217484909687,15.2857,67.9136,40.5023,2.1652,162,12,1,0,0,0,0,run_001
U000253,16073955,MODEL_A,BATCH_01,728260.0,52018.57142857143,9584.441805617827,39511.0,67594.0,14,1.75,4.0,0.0,5.0,14.0,15.12065142857143,67.63160714285715,38.69148,2.227262142857143,0.0782824049475344,0.2379800938517468,0.1154950057489113,0.0551575529416931,15.2503,68.0706,38.8806,2.35754,154,12,1,1,1,0,1,run_001
U000254,16132208,MODEL_A,BATCH_01,707054.0,50503.857142857145,9810.925415906671,34610.0,63879.0,14,1.8,4.0,0.0,6.0,14.0,15.116181578947367,67.54696222222222,40.21319210526316,2.061645111111111,0.0910091081134284,0.156376512838971,0.1481826783136434,0.0420355730641116,15.2877,67.8203,40.4998,2.14402,166,12,1,0,0,0,0,run_001
U000255,16204421,MODEL_B,BATCH_01,723779.0,51698.5,11114.112572276328,40113.0,72213.0,14,1.775,4.0,0.0,5.0,14.0,15.088445454545454,67.62704146341464,40.20599696969697,2.0582807317073173,0.0780043712353234,0.2188000456759652,0.1330879912991035,0.0588628034241593,15.2153,68.1433,40.4976,2.21607,148,12,1,0,0,0,0,run_001
U000256,16260268,MODEL_A,BATCH_01,706486.0,50463.28571428572,8016.576311508658,36025.0,65224.0,14,1.775,4.0,0.0,4.0,14.0,15.132644444444445,67.64483260869565,40.186191666666666,2.0638836956521738,0.10723710563698,0.1962937538535841,0.1585781940963417,0.058214227026225,15.3563,68.1618,40.5182,2.19727,164,12,1,0,0,0,0,run_001
U000257,16350861,MODEL_A,BATCH_01,756887.0,54063.357142857145,14417.44601092794,36263.0,90593.0,14,1.75,4.0,0.0,6.0,14.0,15.141749999999998,67.63731818181817,40.184325,2.070531818181818,0.1226934542438418,0.2113402032794496,0.1423581507024752,0.058009038881593,15.4207,67.9517,40.5226,2.17674,160,12,1,0,0,0,1,run_001
U000258,16410314,MODEL_A,BATCH_01,712353.0,50882.357142857145,11451.20261475518,34116.0,74196.0,14,1.8,4.0,0.0,7.0,14.0,15.121913513513514,67.70550444444444,40.169181081081085,2.0705655555555555,0.1162540970894795,0.2192254982220531,0.1133779761041166,0.0554415153995449,15.356,68.2597,40.4096,2.20199,164,12,1,0,0,0,0,run_001
U000259,16477331,MODEL_A,BATCH_02,728000.0,52000.0,10347.716046771646,35628.0,67017.0,14,1.775,4.0,0.0,5.0,14.0,15.103225714285712,67.71306818181819,40.19403142857143,2.0857875,0.110411807613607,0.2015070761902781,0.1428744857876172,0.0521938968687799,15.3397,68.2511,40.6116,2.22446,158,12,1,0,0,0,0,run_001
U000260,16533775,MODEL_B,BATCH_01,703880.0,50277.142857142855,7710.138877898602,36259.0,60814.0,14,1.8,4.0,0.0,6.0,14.0,15.12898611111111,67.72652325581394,40.19029722222222,2.0965472093023254,0.1021661620045018,0.1817767375200484,0.1541636375249383,0.0532736758600871,15.3077,68.1758,40.4485,2.2335,158,12,1,0,0,0,0,run_001
U000261,16584684,MODEL_A,BATCH_01,685534.0,48966.71428571428,10239.758286123835,33269.0,67122.0,14,1.804878048780488,4.0,0.0,4.0,14.0,15.13256111111111,67.73276666666666,40.156025,2.0866646666666666,0.0910836390444919,0.1970592169881954,0.1639063275602444,0.0432753286632128,15.3011,68.3036,40.4798,2.1826,162,12,2,0,0,0,0,run_001
U000262,16645659,MODEL_A,BATCH_01,701630.0,50116.42857142857,11214.635799253145,33525.0,65049.0,14,1.8,4.0,0.0,4.0,14.0,15.142547058823528,67.83050731707317,40.14563823529412,2.0961136585365856,0.0961210387063957,0.2009704672212375,0.1402745360479164,0.0541747156317454,15.3069,68.2297,40.4141,2.22832,150,12,1,0,0,0,0,run_001
U000263,16708390,MODEL_A,BATCH_01,721313.0,51522.357142857145,9644.1281506269,35825.0,63123.0,14,1.8,4.0,0.0,4.0,14.0,15.112652631578948,67.777,40.20902368421053,2.0838582222222226,0.0957096615666983,0.2106545437871739,0.1429308270310831,0.0445493824204151,15.3108,68.181,40.4924,2.18098,166,12,1,0,0,0,0,run_001
U000264,16774756,MODEL_A,BATCH_01,710405.0,50743.21428571428,9873.061813132445,34876.0,66366.0,14,1.875,4.0,0.0,4.0,14.0,15.158268571428572,67.86132093023255,40.14818,2.1069513953488372,0.0921091832026103,0.1846482403022898,0.1646278580528174,0.0427096983845809,15.3361,68.3162,40.4392,2.2252,156,12,1,0,0,0,0,run_001
U000265,16847504,MODEL_B,BATCH_01,696706.0,49764.71428571428,9941.226200707151,37972.0,72748.0,14,1.75,4.0,0.0,2.0,14.0,15.15299705882353,67.87339069767442,40.13954705882353,2.0989911627906976,0.1099874661875622,0.1734104775408047,0.1479634480565515,0.0463328249480143,15.4175,68.2916,40.4428,2.20605,154,12,1,0,0,0,0,run_001
U000266,16920044,MODEL_A,BATCH_02,727305.0,51950.357142857145,12447.482727332976,32735.0,72540.0,14,1.725,4.0,0.0,5.0,14.0,15.152933333333332,67.87879347826087,39.21311111111111,2.217574347826087,0.0916062879937837,0.2038147213112639,0.7481472661669026,0.0891574198233958,15.291,68.3707,40.6025,2.3412,164,12,1,0,0,0,1,run_001
U000267,16975454,MODEL_A,BATCH_01,718071.0,51290.78571428572,8761.664753814868,35358.0,67690.0,14,1.8,4.0,0.0,6.0,14.0,15.150508333333336,67.91643953488372,40.101441666666666,2.1116332558139534,0.1122967405073337,0.1792154398369992,0.1399174989056049,0.062232442110623,15.3919,68.3921,40.4666,2.25445,158,12,1,0,0,0,0,run_001
U000268,17055163,MODEL_A,BATCH_01,728808.0,52057.71428571428,13431.9693122191,33815.0,79709.0,14,1.8,4.0,0.0,5.0,14.0,15.165614285714287,67.94775714285714,40.157694285714285,2.117292619047619,0.1062688381718112,0.1775822587035986,0.1520810115827545,0.0507165413464287,15.4265,68.3405,40.4541,2.23141,154,12,1,0,0,0,0,run_001
U000269,17111181,MODEL_A,BATCH_01,704308.0,50307.71428571428,8392.701164414519,36439.0,60896.0,14,1.825,4.0,0.0,5.0,14.0,15.13994411764706,67.95625476190476,40.175135294117645,2.1177866666666665,0.0742271950130197,0.1751254535724784,0.1503697380143921,0.0521413737535805,15.2751,68.295,40.4429,2.25867,152,12,1,0,0,0,0,run_001
U000270,17171309,MODEL_B,BATCH_01,700287.0,50020.5,10445.469873807277,34792.0,68451.0,14,1.8,4.0,0.0,4.0,14.0,15.138030555555556,68.00823488372093,40.079550000000005,2.1172381395348836,0.1083378573048075,0.2278717599709281,0.1467178409640188,0.0505968161174016,15.3637,68.72,40.5591,2.20028,158,12,1,0,0,0,0,run_001
U000271,17227562,MODEL_A,BATCH_01,713722.0,50980.142857142855,9728.795085938227,37078.0,71067.0,14,1.775,4.0,0.0,5.0,14.0,15.13374324324324,68.00329772727274,40.14527567567568,2.1353361363636365,0.1271926306839366,0.2209299431090232,0.1423119585929393,0.0455805320650144,15.3871,68.3696,40.4445,2.21572,162,12,1,0,0,0,0,run_001
U000272,17283629,MODEL_A,BATCH_01,685429.0,48959.21428571428,9370.871876179945,36438.0,65307.0,14,1.8,4.0,0.0,6.0,14.0,15.149289189189188,68.10045227272727,40.11351351351352,2.1268688636363637,0.1036785464355621,0.2088908132378739,0.1543642466559062,0.046808252016265,15.3674,68.6072,40.3698,2.23214,162,12,1,0,0,0,0,run_001
U000273,17336928,MODEL_A,BATCH_02,701672.0,50119.42857142857,10666.882939657286,34529.0,65937.0,14,1.825,4.0,0.0,5.0,14.0,15.17250857142857,68.0635534883721,40.09012285714285,2.125646976744186,0.0995459615141744,0.183139090192637,0.1721774530667058,0.0563541090120947,15.3643,68.5333,40.5244,2.25184,156,12,1,0,0,0,0,run_001
U000274,17402167,MODEL_A,BATCH_01,707890.0,50563.57142857143,8497.5890219999,37916.0,65239.0,14,1.8,4.0,0.0,4.0,14.0,15.15328285714286,68.11589761904762,40.106497142857144,2.1266990476190477,0.1251620866427734,0.1959064242626134,0.1379652950515312,0.0515703601679427,15.4329,68.4656,40.3318,2.2223,154,12,1,0,0,0,0,run_001
U000275,17457898,MODEL_B,BATCH_01,724862.0,51775.857142857145,8769.557342193619,37517.0,67865.0,14,1.8,4.0,0.0,5.0,14.0,15.185094871794872,68.17043043478262,40.1008282051282,2.1386265217391305,0.0901371205404589,0.188647343968774,0.1555015602370822,0.0472846473659446,15.4403,68.6256,40.4961,2.24955,170,12,1,0,0,0,0,run_001
U000276,17521505,MODEL_A,BATCH_01,689814.0,49272.42857142857,9620.517527373748,32701.0,63607.0,14,1.8,4.0,0.0,4.0,14.0,15.178047058823529,68.17585238095238,39.58668823529412,2.184895,0.0975331621468313,0.2123719404529533,0.6977288940228574,0.1070200140673492,15.3589,68.8311,40.3897,2.44276,152,12,1,0,0,0,1,run_001
U000277,17602382,MODEL_A,BATCH_01,717918.0,51279.857142857145,11200.493422215775,34632.0,80877.0,14,1.8,4.0,0.0,5.0,14.0,15.163091176470587,68.16710476190477,40.06662941176471,2.1519500000000003,0.103646688226842,0.228497484591354,0.1524640097211456,0.0393096172059465,15.3894,68.6747,40.299,2.27582,152,12,1,0,0,0,0,run_001
U000278,17680232,MODEL_A,BATCH_01,751488.0,53677.71428571428,12988.258646998016,36975.0,77850.0,14,1.85,4.0,0.0,5.0,14.0,15.177048648648649,68.12976,40.01783783783784,2.14285,0.0851063472682577,0.1784052223552787,0.1434657341035191,0.0414064156754833,15.3709,68.5589,40.3393,2.24021,164,12,1,0,0,0,0,run_001
U000279,17735318,MODEL_A,BATCH_01,674624.0,48187.42857142857,10986.677734800072,34675.0,72677.0,14,1.8,4.0,0.0,3.0,14.0,15.134738235294115,68.23921428571428,40.03368823529412,2.1569640476190477,0.0948454277254724,0.1722853341881062,0.1477115037573103,0.0458109913885049,15.3391,68.5942,40.3561,2.28301,152,12,1,0,0,0,0,run_001
U000280,17778668,MODEL_B,BATCH_02,705586.0,50399.0,11120.600793122643,31768.0,70320.0,14,1.804878048780488,4.0,0.0,5.0,14.0,15.168221052631578,68.29119090909091,40.102094736842105,2.1508513636363635,0.0989685266867083,0.1799867550917469,0.140245747533678,0.0548472793665392,15.4116,68.5606,40.4982,2.2398,164,12,2,0,0,0,0,run_001
U000281,17854281,MODEL_A,BATCH_01,744915.0,53208.21428571428,11698.440692795652,36996.0,76095.0,14,1.825,4.0,0.0,5.0,14.0,15.179144736842105,68.29600217391305,40.0068,2.1634547826086954,0.106433117426222,0.2097396857367439,0.1558436170427675,0.0458788411041822,15.4154,68.7013,40.2932,2.251,168,12,1,0,0,0,0,run_001
U000282,17909416,MODEL_A,BATCH_01,691327.0,49380.5,7895.580981692324,37254.0,62437.0,14,1.8,4.0,0.0,4.0,14.0,15.176519444444445,68.31503333333333,40.039875,2.1624904761904764,0.1160733999783745,0.224539224306206,0.1563059479263125,0.0631434210678987,15.5396,68.807,40.4434,2.30487,156,12,1,0,0,0,0,run_001
U000283,17963371,MODEL_A,BATCH_01,672107.0,48007.642857142855,8842.86048922339,30408.0,61389.0,14,1.825,4.0,0.0,4.0,14.0,15.16112894736842,68.32895227272728,40.004752631578945,2.1740104545454546,0.1012663117535111,0.1823835104345679,0.1430307427487747,0.0508100870297881,15.446,68.6925,40.3785,2.27582,164,12,1,0,0,0,0,run_001
U000284,18011823,MODEL_A,BATCH_01,676482.0,48320.142857142855,9357.952010144943,35545.0,68261.0,14,1.825,4.0,0.0,3.0,14.0,15.180828125,68.34721282051282,39.99283125,2.1827546153846153,0.0925017950457912,0.1970223660553432,0.1149553726522296,0.0460166245614819,15.3837,68.8655,40.2724,2.289,142,12,1,0,0,0,0,run_001
U000285,18075762,MODEL_B,BATCH_01,686218.0,49015.57142857143,10810.482723970968,32542.0,67845.0,14,1.825,4.0,0.0,4.0,14.0,15.208014705882352,68.35632682926828,39.99571176470588,2.1757095121951218,0.101655383772385,0.2110368925382349,0.1672367651414408,0.0404843015223937,15.4225,68.8345,40.3247,2.26607,150,12,1,0,0,0,0,run_001
U000286,18142910,MODEL_A,BATCH_01,739747.0,52839.07142857143,10183.803411181032,33501.0,71674.0,14,1.9,4.0,0.0,4.0,14.0,15.200689743589743,68.40372340425532,40.009128205128206,2.182602765957447,0.0826169117225046,0.1850723903172078,0.1318878010972698,0.0515943637679345,15.4134,68.7449,40.3207,2.29284,172,12,1,0,0,0,0,run_001
U000287,18192871,MODEL_A,BATCH_02,643745.0,45981.78571428572,8109.428294167336,35934.0,67577.0,14,1.8,4.0,0.0,1.0,14.0,15.177591176470589,68.42328095238095,40.024764705882355,2.188879761904762,0.125887182219076,0.1909231542999716,0.1424834512078248,0.0444077874673666,15.3975,68.7117,40.3547,2.30154,152,12,1,0,0,0,0,run_001
U000288,18246746,MODEL_A,BATCH_01,669078.0,47791.28571428572,9625.574639617998,29140.0,67556.0,14,1.804878048780488,4.0,0.0,4.0,14.0,15.167952941176472,68.49800243902439,39.36754117647059,2.2726187804878046,0.0916088795328768,0.1764514756070413,0.7568657349076909,0.1089091735620815,15.3674,68.883,40.2984,2.47871,150,12,2,1,0,1,1,run_001
U000289,18308417,MODEL_A,BATCH_01,708176.0,50584.0,9635.120038372444,34306.0,66779.0,14,1.8,4.0,0.0,5.0,14.0,15.207434210526316,68.51668,40.006518421052625,2.191641333333333,0.0815183158868947,0.1796443286557685,0.1753809550128625,0.039484365352285,15.3467,68.8724,40.3327,2.26387,166,12,1,0,0,0,0,run_001
U000290,18388383,MODEL_B,BATCH_01,713235.0,50945.357142857145,12614.529666570656,31526.0,79966.0,14,1.825,4.0,0.0,5.0,14.0,15.20969714285714,68.55079761904761,39.99549428571429,2.1921950000000003,0.1065837518952452,0.2095022841578665,0.186189370617907,0.048433452269898,15.47,68.9941,40.3327,2.33044,154,12,1,0,0,0,0,run_001
U000291,18458163,MODEL_A,BATCH_01,707349.0,50524.92857142857,11357.170662451275,30461.0,69780.0,14,1.8,4.0,0.0,4.0,14.0,15.178362857142858,68.5445119047619,39.964862857142855,2.1822947619047617,0.0994816893755247,0.1652598754694736,0.1633553526116943,0.0412068317351533,15.3697,68.8798,40.2428,2.26232,154,12,1,0,0,0,0,run_001
U000292,18528612,MODEL_A,BATCH_01,733588.0,52399.142857142855,10803.96904174318,38356.0,70449.0,14,1.825,4.0,0.0,4.0,14.0,15.193936111111112,68.5883,39.96824166666667,2.2029515909090907,0.119576773073746,0.2190863056019781,0.1356371764777537,0.056821342204917,15.4368,69.1393,40.3,2.34285,160,12,1,0,0,0,0,run_001
U000293,18613222,MODEL_A,BATCH_01,710884.0,50777.42857142857,14455.878009756689,28742.0,84610.0,14,1.875,4.0,0.0,5.0,14.0,15.190923529411764,68.63562439024389,39.94491764705882,2.1897141463414633,0.0822383014018936,0.2252959073979012,0.1419416492801033,0.0592521623223831,15.3769,69.0521,40.2203,2.29591,150,12,1,0,0,0,0,run_001
U000294,18667526,MODEL_A,BATCH_02,659985.0,47141.78571428572,6171.092113526291,33642.0,55308.0,14,1.825,4.0,0.0,2.0,14.0,15.19600606060606,68.62131,39.95309090909091,2.1994265,0.1057498136505275,0.1891182085905889,0.1584492828234726,0.0471499348532599,15.4153,69.169,40.305,2.29256,146,12,1,1,1,0,0,run_001
U000295,18734369,MODEL_B,BATCH_01,735714.0,52551.0,11615.763851170264,35088.0,70476.0,14,1.925,4.0,0.0,6.0,14.0,15.212258333333333,68.66996818181818,39.95891388888889,2.199105,0.1069969382071947,0.2078606887817025,0.162917900713875,0.046200803149165,15.4791,69.2747,40.2663,2.29482,160,12,1,0,0,0,0,run_001
U000296,18806604,MODEL_A,BATCH_01,696172.0,49726.57142857143,9871.616956743172,37560.0,72235.0,14,1.875,4.0,0.0,1.0,14.0,15.183068571428572,68.67970930232558,39.91797142857143,2.2075486046511625,0.1001343179447092,0.1701767342023795,0.1511716546170745,0.0490493434537582,15.3909,69.0403,40.2873,2.33683,156,12,1,0,0,0,0,run_001
U000297,18861131,MODEL_A,BATCH_01,720220.0,51444.28571428572,7844.277840258135,36741.0,66096.0,14,1.85,4.0,0.0,4.0,14.0,15.188364864864866,68.71180888888888,39.89624324324325,2.2269068888888888,0.1122048504007442,0.177582712895124,0.1663829460754466,0.0455047967412738,15.4058,69.0742,40.2138,2.31255,164,12,1,0,0,0,0,run_001
U000298,18917674,MODEL_A,BATCH_01,694243.0,49588.78571428572,8042.455549037356,33059.0,65674.0,14,1.8,4.0,0.0,4.0,14.0,15.229094594594594,68.68648863636363,39.883578378378374,2.2208034090909092,0.1151853456775592,0.210291636052047,0.1600527172443422,0.0554797731397911,15.5532,69.0819,40.2733,2.34833,162,12,1,0,0,0,0,run_001
U000299,18973778,MODEL_A,BATCH_01,705602.0,50400.142857142855,11507.559487686232,32864.0,78495.0,14,1.8,4.0,0.0,5.0,14.0,15.24858108108108,68.74807111111112,39.93753783783784,2.221662,0.0980160753194137,0.2045879757666188,0.1692610727567034,0.0495545932005574,15.4383,69.307,40.2834,2.32269,164,12,1,0,0,0,0,run_001
U000300,19028806,MODEL_B,BATCH_01,701618.0,50115.57142857143,11201.97753636717,33128.0,70118.0,14,1.775,4.0,0.0,4.0,14.0,15.221656756756754,68.79488222222221,39.894645945945946,2.2237182222222223,0.0902701856174641,0.2367978225568722,0.1488883485378571,0.0573799266963347,15.4192,69.4711,40.1244,2.34824,164,12,1,0,0,0,1,run_001
U000301,19084626,MODEL_A,BATCH_02,707597.0,50542.642857142855,12010.039695106008,35973.0,72698.0,14,1.8,4.0,0.0,6.0,14.0,15.21477027027027,68.76408444444445,39.912643243243245,2.229971111111111,0.1123546044768399,0.200114827213543,0.1169064691217815,0.0562284363605778,15.4295,69.2213,40.1046,2.35657,164,12,1,0,0,0,0,run_001
U000302,19144533,MODEL_A,BATCH_01,721109.0,51507.78571428572,11498.724559228776,37995.0,80608.0,14,1.8,4.0,0.0,5.0,14.0,15.25062,68.84708604651163,39.911028571428574,2.2347088372093022,0.0925031312665558,0.2116667715576001,0.1262780721764685,0.0459702406951291,15.4017,69.2503,40.2276,2.32481,156,12,1,0,0,0,0,run_001
U000303,19208803,MODEL_A,BATCH_01,729703.0,52121.642857142855,10119.710315154152,33995.0,67915.0,14,1.875,4.0,0.0,5.0,14.0,15.226959999999998,68.89096279069767,39.86236,2.2282702325581396,0.1055597438866339,0.2125394339021691,0.1752698561378654,0.0468645713726758,15.436,69.2956,40.3925,2.3077,156,12,1,0,0,0,0,run_001
U000304,19277016,MODEL_A,BATCH_01,704283.0,50305.92857142857,10554.261818477264,31589.0,68213.0,14,1.8,4.0,0.0,3.0,14.0,15.215802777777778,68.90164651162792,39.88979166666667,2.2431218604651164,0.0867111872370774,0.1829810728552453,0.1210057433701856,0.0415431909070785,15.3931,69.3563,40.1085,2.37283,158,12,1,0,0,0,0,run_001
U000305,19337373,MODEL_B,BATCH_01,733664.0,52404.57142857143,10572.857991569268,35488.0,78489.0,14,1.825,4.0,0.0,5.0,14.0,15.210957894736842,68.90212173913044,39.87300526315789,2.238635,0.0799812702114516,0.2257854674125107,0.1611039230608756,0.0521523120079808,15.3968,69.347,40.2526,2.37973,168,12,1,0,0,0,0,run_001
U000306,19408198,MODEL_A,BATCH_01,708696.0,50621.142857142855,10634.016260292996,35920.0,70825.0,14,1.8,4.0,0.0,4.0,14.0,15.242745454545457,68.9215,39.84664848484849,2.2606959523809524,0.0884206992554242,0.1811980293867965,0.1440679594870342,0.0495963465442192,15.4631,69.3131,40.0909,2.37239,150,12,1,0,0,0,0,run_001
U000307,19468410,MODEL_A,BATCH_01,697319.0,49808.5,9503.980613406156,32897.0,60626.0,14,1.825,4.0,0.0,5.0,14.0,15.263925714285714,68.92857441860465,39.841240000000006,2.251773953488372,0.0988987787435959,0.1820564670292006,0.1907190637931033,0.0550843053500954,15.4831,69.3384,40.3265,2.339,156,12,1,0,0,0,0,run_001
U000308,19526561,MODEL_A,BATCH_02,710897.0,50778.357142857145,9884.61495773292,38733.0,74495.0,14,1.8,4.0,0.0,4.0,14.0,15.232005714285712,68.95699069767441,39.83102285714286,2.267618139534884,0.093405053846318,0.1854952673173084,0.1474139651092919,0.0438405992125267,15.4437,69.3789,40.2711,2.38947,156,12,1,0,0,0,0,run_001
U000309,19583982,MODEL_A,BATCH_01,711569.0,50826.357142857145,10813.662864864296,36546.0,68425.0,14,1.775,4.0,0.0,6.0,14.0,15.246031428571428,69.0552488372093,39.60040285714286,2.295758139534884,0.1158733912799772,0.2002581124592891,0.5888735844992616,0.0983481313947408,15.4801,69.4395,40.2531,2.57159,156,12,1,0,0,0,0,run_001
U000310,19638472,MODEL_B,BATCH_01,719761.0,51411.5,9304.279112735834,40038.0,67626.0,14,1.875,4.0,0.0,6.0,14.0,15.230594736842106,69.06428444444444,39.83980263157895,2.267236666666667,0.1186286505373266,0.185450699103504,0.1427630932828875,0.0431155882483354,15.4258,69.6082,40.1214,2.35927,166,12,1,0,0,0,0,run_001
U000311,19689737,MODEL_A,BATCH_01,677892.0,48420.857142857145,8108.678568784692,34046.0,61149.0,14,1.902439024390244,4.0,0.0,5.0,14.0,15.19355142857143,69.02757073170731,39.80967428571429,2.266520487804878,0.0937448112177526,0.1973908131650277,0.1754753499411669,0.0473481489580754,15.3982,69.532,40.1503,2.3748,152,12,2,0,0,0,0,run_001
U000312,19744540,MODEL_A,BATCH_01,685240.0,48945.71428571428,7641.418841556057,35822.0,60906.0,14,1.8,4.0,0.0,4.0,14.0,15.26488611111111,69.06807142857143,39.875075,2.2715704761904765,0.0867552325396909,0.1932728064171159,0.1459511197529599,0.0581945941229385,15.4585,69.5541,40.2009,2.41198,156,12,1,0,0,0,0,run_001
U000313,19822187,MODEL_A,BATCH_01,769210.0,54943.57142857143,11172.219390519062,39308.0,77647.0,14,1.925,4.0,0.0,6.0,14.0,15.263354054054052,69.09992391304348,39.81984324324324,2.267259347826087,0.1010320757498843,0.1731596041996226,0.1711810729746279,0.0553157847434837,15.4987,69.374,40.2909,2.39388,166,12,1,0,0,0,0,run_001
U000314,19877866,MODEL_A,BATCH_01,663941.0,47424.357142857145,7399.740479931013,35293.0,62038.0,14,1.85,4.0,0.0,1.0,14.0,15.29450588235294,69.14811428571429,39.77155588235294,2.273388333333333,0.0700742936533509,0.1772265445231704,0.197332081575436,0.0422319688131799,15.4435,69.5082,40.1409,2.37074,152,12,1,0,0,0,0,run_001
U000315,19962467,MODEL_B,BATCH_02,747769.0,53412.07142857143,13685.663343380607,33651.0,84601.0,14,1.8,4.0,0.0,4.0,14.0,15.22957777777778,69.16586590909091,39.79067222222222,2.276559318181818,0.0977644957789926,0.2233173140718601,0.1760568148737553,0.042569581639002,15.4486,69.5861,40.2533,2.37173,160,12,1,0,0,0,0,run_001
U000316,20016114,MODEL_A,BATCH_01,743236.0,53088.28571428572,11645.967459422773,36710.0,76749.0,14,1.85,4.0,0.0,6.0,14.0,15.22560789473684,69.16940212765958,38.84202368421053,2.4042597872340425,0.0806795877650261,0.2048016458083469,0.7492620165362034,0.1042147557667286,15.3801,69.5754,39.9781,2.54103,170,12,1,0,0,0,0,run_001
U000317,20090476,MODEL_A,BATCH_01,725243.0,51803.07142857143,13437.707808564364,31205.0,74362.0,14,1.75,4.0,0.0,4.0,14.0,15.22917027027027,69.19159545454545,39.767451351351355,2.290481363636364,0.114575811546729,0.2315057294529793,0.1517572488139108,0.0467914357891861,15.4703,69.5936,40.1172,2.39571,162,12,1,0,0,0,0,run_001
U000318,20173495,MODEL_A,BATCH_01,735879.0,52562.78571428572,13979.08312817388,30829.0,83019.0,14,1.8,4.0,0.0,6.0,14.0,15.290347222222222,69.2310090909091,39.78821944444445,2.285,0.0960045697903744,0.2128391999414401,0.1312376858320033,0.0539999319121018,15.4878,69.8104,40.0455,2.40404,160,12,1,0,0,0,0,run_001
U000319,20223352,MODEL_A,BATCH_01,731216.0,52229.71428571428,13031.793556402868,34777.0,82749.0,14,1.825,4.0,0.0,6.0,14.0,15.265481578947368,69.26126739130436,39.20934736842106,2.367382608695652,0.0878143337904533,0.1982522736922731,0.7613054416812176,0.1054687566045517,15.4477,69.7008,40.1704,2.54455,168,12,1,0,0,0,0,run_001
U000320,20286869,MODEL_B,BATCH_01,704182.0,50298.71428571428,11009.704980527033,34333.0,63517.0,14,1.825,4.0,0.0,6.0,14.0,15.272494594594596,69.30439318181818,39.79513783783784,2.2894811363636367,0.0967242815255645,0.2386575774090517,0.1213403050912584,0.0478329302359548,15.4521,69.8348,40.0243,2.4004,162,12,1,0,0,0,0,run_001
U000321,20331534,MODEL_A,BATCH_01,730269.0,52162.07142857143,11546.927733013166,38178.0,76306.0,14,1.8780487804878048,4.0,0.0,6.0,14.0,15.270244444444444,69.34231590909091,39.78765,2.3034511363636363,0.1145220987893215,0.2051228842620733,0.1508160004774026,0.04629818883473,15.5967,69.8008,40.0324,2.4057,160,12,2,0,0,0,0,run_001
U000322,20395481,MODEL_A,BATCH_02,725409.0,51814.92857142857,12450.040225231807,37033.0,77474.0,14,1.925,4.0,0.0,6.0,14.0,15.284554285714284,69.30076428571428,39.76104,2.303404523809524,0.1106391281250391,0.1873213045342247,0.1383058018433418,0.0469163075399412,15.4778,69.8176,39.9968,2.4246,154,12,1,0,0,0,0,run_001
U000323,20460290,MODEL_A,BATCH_01,694408.0,49600.57142857143,8759.848766821402,35749.0,64809.0,14,1.9,4.0,0.0,3.0,14.0,15.285083333333334,69.39818181818181,39.73780555555555,2.3163881818181817,0.1002677914387268,0.2364539212426722,0.1592771581586989,0.0460255347870211,15.4662,69.7346,40.1458,2.40969,160,12,1,0,0,0,0,run_001
U000324,20521736,MODEL_A,BATCH_01,695145.0,49653.21428571428,12270.997390210356,32724.0,73035.0,14,1.9,4.0,0.0,4.0,14.0,15.306522222222222,69.35057674418604,39.73865833333333,2.3007483720930235,0.0875038353807944,0.200319873770032,0.1632511551042052,0.0435494761288393,15.4883,69.8072,40.1647,2.39167,158,12,1,0,0,0,0,run_001
U000325,20571731,MODEL_B,BATCH_01,682174.0,48726.71428571428,7447.534516444109,36702.0,60286.0,14,1.925,4.0,0.0,3.0,14.0,15.260486111111112,69.38862499999999,39.74891944444445,2.317201590909091,0.1061771408079853,0.1903227798327245,0.1442209055966267,0.0571173674130806,15.4388,69.8432,40.1627,2.46653,160,12,1,0,0,0,0,run_001
U000326,20641183,MODEL_A,BATCH_01,682337.0,48738.357142857145,11186.709343661363,33951.0,69452.0,14,1.825,4.0,0.0,2.0,14.0,15.2675,69.46210465116279,39.67771388888889,2.3100851162790694,0.0977622977284334,0.1922528951463052,0.1228116866304502,0.0480066494090783,15.4808,70.0563,40.0049,2.4153,158,12,1,0,0,0,0,run_001
U000327,20701208,MODEL_A,BATCH_01,758548.0,54182.0,11163.753008319793,35238.0,67345.0,14,1.85,4.0,0.0,5.0,14.0,15.297377142857142,69.45800697674419,39.721425714285715,2.3223655813953488,0.1196794519827475,0.2223940800806701,0.1397477377336767,0.0520560255101735,15.4755,69.9491,39.9634,2.40208,156,12,1,0,0,0,0,run_001
U000328,20783348,MODEL_A,BATCH_01,744029.0,53144.92857142857,13712.383894546878,33137.0,82140.0,14,1.85,4.0,0.0,3.0,14.0,15.268445945945944,69.55737777777777,39.71867837837838,2.323854888888889,0.1083503258329577,0.2228670699286601,0.1403507889680853,0.0502669477355295,15.4994,70.0847,39.9331,2.46002,164,12,1,0,0,0,0,run_001
U000329,20831058,MODEL_A,BATCH_02,700431.0,50030.78571428572,7669.512151555479,40460.0,68894.0,14,1.925,4.0,0.0,3.0,14.0,15.291367567567567,69.49808666666667,39.69127567567568,2.332622444444445,0.0986754558417926,0.2369814536279917,0.1371152828126053,0.0484445996218903,15.4987,70.1063,39.9739,2.41578,164,12,1,0,0,0,0,run_001
U000330,20921925,MODEL_B,BATCH_01,715227.0,51087.642857142855,13178.81222970091,35630.0,90867.0,14,1.85,4.0,0.0,1.0,14.0,15.269834285714287,69.50552682926829,38.18195142857143,2.513550243902439,0.0864333607395865,0.1891586371599069,0.1486646450541477,0.0466668132342356,15.4346,69.859,38.4884,2.62898,152,12,1,0,0,0,1,run_001
U000331,20991496,MODEL_A,BATCH_01,687464.0,49104.57142857143,8940.66303438987,36548.0,69571.0,14,1.825,4.0,0.0,3.0,14.0,15.302234285714286,69.58755813953488,39.67680857142857,2.3395697674418603,0.0786724966623814,0.2275257685380657,0.1560435089616867,0.0512412117662918,15.4417,70.1815,40.0123,2.43767,156,12,1,0,0,0,0,run_001
U000332,21043957,MODEL_A,BATCH_01,700020.0,50001.42857142857,8073.499638792488,36092.0,62862.0,14,1.829268292682927,4.0,0.0,5.0,14.0,15.27010857142857,69.63723333333334,39.66930857142857,2.340595476190476,0.1001320697626785,0.19808540245729,0.1614054018547677,0.0438833490952604,15.4308,70.2702,39.9325,2.42343,154,12,2,0,0,0,0,run_001
U000333,21106113,MODEL_A,BATCH_01,716785.0,51198.92857142857,13024.60733478268,33261.0,77106.0,14,1.8,4.0,0.0,5.0,14.0,15.308028947368422,69.65072888888889,39.69320789473684,2.3453286666666666,0.0847724455102066,0.1893023683065404,0.1734392632713165,0.0569660538311275,15.5152,70.0801,40.0056,2.43493,166,12,1,0,0,0,0,run_001
U000334,21160477,MODEL_A,BATCH_01,740468.0,52890.57142857143,7050.619631409226,38107.0,63065.0,14,1.85,4.0,0.0,5.0,14.0,15.294986842105263,69.66977826086956,39.66862894736842,2.346613260869565,0.1188658980283351,0.2123551667613498,0.1765599781835028,0.0507875501828437,15.5553,70.1867,40.0907,2.45097,168,12,1,0,0,0,0,run_001
U000335,21221176,MODEL_B,BATCH_01,729057.0,52075.5,9598.577849388375,34885.0,68939.0,14,1.825,4.0,0.0,2.0,14.0,15.305475675675677,69.69637727272728,39.671594594594595,2.3384127272727273,0.1073036123586955,0.1977005603544931,0.1702795413201255,0.0496474569649511,15.546,70.2494,40.0891,2.45716,162,12,1,0,0,0,0,run_001
U000336,21301210,MODEL_A,BATCH_02,732713.0,52336.642857142855,13088.963910380868,36154.0,80034.0,14,1.8,4.0,0.0,5.0,14.0,15.269005555555555,69.67377954545454,39.625347222222224,2.353204318181818,0.0907482764714554,0.2117996393913354,0.1371218738122325,0.0526170385525063,15.4721,70.0042,39.8887,2.45526,160,12,1,0,0,0,0,run_001
U000337,21347052,MODEL_A,BATCH_01,707273.0,50519.5,9192.59219112366,35712.0,64728.0,14,1.85,4.0,0.0,5.0,14.0,15.339240540540542,69.76626976744186,39.67004054054054,2.353385348837209,0.1034172521054061,0.2019155982734691,0.1588435664060359,0.0473704767585022,15.5557,70.252,40.0323,2.45728,160,12,1,0,0,0,0,run_001
U000338,21421603,MODEL_A,BATCH_01,702883.0,50205.92857142857,10626.458933061567,34553.0,74551.0,14,1.875,4.0,0.0,4.0,14.0,15.331394736842103,69.76728913043478,39.62722368421053,2.3765489130434783,0.1000106074032758,0.2140449249088269,0.1462518032861059,0.0420448150444928,15.5904,70.4065,39.9289,2.45682,168,12,1,0,0,0,0,run_001
U000339,21489170,MODEL_A,BATCH_01,690825.0,49344.642857142855,9475.64795111166,34022.0,67567.0,14,1.825,4.0,0.0,3.0,14.0,15.31113783783784,69.77408888888888,39.62984054054054,2.367984888888889,0.1295405349502432,0.2133439777174027,0.1212615274233065,0.0362906601822652,15.6172,70.2878,39.9154,2.44512,164,12,1,0,0,0,0,run_001
U000340,21542320,MODEL_B,BATCH_01,720492.0,51463.71428571428,9050.639173591522,35608.0,65324.0,14,1.9,4.0,0.0,4.0,14.0,15.339329411764703,69.82168333333333,39.59756470588235,2.3789857142857143,0.1009563828093428,0.1873060856337781,0.1557873781839395,0.0439317980923123,15.6158,70.1719,39.9341,2.45891,152,12,1,0,0,0,0,run_001
U000341,21587852,MODEL_A,BATCH_01,713653.0,50975.21428571428,10085.41057612485,36956.0,71319.0,14,1.925,4.0,0.0,3.0,14.0,15.34988947368421,69.81984347826086,38.987155263157895,2.451571956521739,0.0914877566449834,0.1576754707227181,0.741458065260013,0.0966310938367509,15.5755,70.2808,39.8896,2.63254,168,12,1,0,0,0,0,run_001
U000342,21636401,MODEL_A,BATCH_01,727576.0,51969.71428571428,11949.335716513036,34181.0,72320.0,14,1.925,4.0,0.0,2.0,14.0,15.306167567567568,69.84218666666666,39.61695945945946,2.3696657777777776,0.102126305388241,0.1896033270709209,0.1474061838357977,0.0518879210190268,15.5234,70.208,39.9059,2.46823,164,12,1,0,0,0,0,run_001
U000343,21690060,MODEL_A,BATCH_02,727225.0,51944.642857142855,7693.170043888009,39343.0,64366.0,14,1.925,4.0,0.0,3.0,14.0,15.33099,69.9427170212766,39.6096375,2.383085531914894,0.087089399396135,0.1873674085611864,0.1714103379096707,0.0505539268594099,15.5111,70.3538,39.9572,2.48523,174,12,1,0,0,0,0,run_001
U000344,21749431,MODEL_A,BATCH_01,698377.0,49884.07142857143,7175.03017913016,40794.0,61609.0,14,1.85,4.0,0.0,3.0,14.0,15.3385,69.93776749999999,39.636994117647056,2.3869025,0.0990682623551086,0.1785996775307906,0.1761998330773069,0.0493924873219213,15.5663,70.3264,40.0291,2.5612,148,12,1,0,0,0,0,run_001
U000345,21799900,MODEL_B,BATCH_01,731894.0,52278.142857142855,13814.016576579816,35932.0,85310.0,14,1.8780487804878048,4.0,0.0,6.0,14.0,15.33101111111111,69.94820930232558,39.59889444444444,2.3845162790697674,0.1009592528209207,0.2331194163778712,0.1452190934798547,0.0492623529116957,15.5267,70.441,39.9657,2.50606,158,12,2,0,0,0,0,run_001
U000346,21858974,MODEL_A,BATCH_01,705857.0,50418.357142857145,10608.162057927508,37223.0,69035.0,14,1.853658536585366,4.0,0.0,4.0,14.0,15.333913513513512,69.95795681818181,39.54298378378378,2.378836136363637,0.0825355619050298,0.1923419283315314,0.1297190736286048,0.0388110608913987,15.4838,70.3953,39.8371,2.46297,162,12,2,0,0,0,0,run_001
U000347,21909555,MODEL_A,BATCH_01,744752.0,53196.57142857143,10763.54869072382,38817.0,67258.0,14,1.875,4.0,0.0,5.0,14.0,15.35,69.9781,39.049216216216216,2.4658415555555555,0.0906403485086953,0.199247221949377,0.7547100132992628,0.0986585085939366,15.5374,70.3726,40.0281,2.62828,164,12,1,0,0,0,1,run_001
U000348,21958420,MODEL_A,BATCH_01,702104.0,50150.28571428572,12136.649730519486,37571.0,84034.0,14,1.7804878048780488,4.0,0.0,4.0,14.0,15.35753888888889,70.03875116279069,39.55926666666667,2.4018723255813956,0.0790269258915778,0.1998745444285536,0.1467866693052001,0.0532375256945884,15.4778,70.4895,39.7703,2.54798,158,12,2,0,0,0,0,run_001
U000349,22005983,MODEL_A,BATCH_01,722930.0,51637.857142857145,9729.23896823893,34283.0,67786.0,14,1.853658536585366,4.0,0.0,5.0,14.0,15.34148947368421,70.02781333333334,39.53813947368421,2.395498,0.0905116202468807,0.2055941595827702,0.1552495002202403,0.046392825444537,15.5907,70.5062,39.8581,2.4858,166,12,2,0,0,0,0,run_001
U000350,22070320,MODEL_B,BATCH_02,696765.0,49768.92857142857,11405.685798450137,28728.0,65676.0,14,1.85,4.0,0.0,4.0,14.0,15.316783333333332,70.01943863636365,39.51490555555555,2.399208181818182,0.1062550422332984,0.1803230230962277,0.1531659826918769,0.0524964154821813,15.5761,70.5547,39.8224,2.51411,160,12,1,0,0,0,0,run_001
U000351,22143025,MODEL_A,BATCH_01,755450.0,53960.71428571428,12476.1911867153,37290.0,79397.0,14,1.85,4.0,0.0,4.0,14.0,15.359521052631578,70.07896666666666,38.07723421052631,2.5976916666666665,0.1011473614781777,0.177386312808039,0.145844920000322,0.0536404782981727,15.5976,70.6444,38.3947,2.7126,172,12,1,1,1,0,0,run_001
U000352,22202997,MODEL_A,BATCH_01,710975.0,50783.92857142857,10859.27670395073,35968.0,72750.0,14,1.825,4.0,0.0,3.0,14.0,15.345858823529412,70.0940487804878,39.56008529411764,2.4107304878048783,0.0850281312366928,0.192134683388959,0.1500717729951579,0.0495334094299604,15.5491,70.4935,39.8542,2.51247,150,12,1,0,0,0,0,run_001
U000353,22285668,MODEL_A,BATCH_01,730390.0,52170.71428571428,13064.4916791724,36534.0,82671.0,14,1.85,4.0,0.0,6.0,14.0,15.322264705882352,70.17478372093024,39.511838235294114,2.4112418604651165,0.1291018646025309,0.2205441149372242,0.1033155214796385,0.0395607941597676,15.5529,70.6366,39.695,2.52003,154,12,1,0,0,0,0,run_001
U000354,22336545,MODEL_A,BATCH_01,679740.0,48552.857142857145,7745.155963639396,34314.0,60142.0,14,1.85,4.0,0.0,4.0,14.0,15.363130555555555,70.141975,39.52316388888889,2.4151645454545454,0.1030643954579423,0.2024901629824259,0.1694865357531015,0.0401740239721411,15.6661,70.6412,39.8842,2.49705,160,12,1,0,0,0,0,run_001
U000355,22412810,MODEL_B,BATCH_01,725838.0,51845.57142857143,12386.911906178577,33481.0,76265.0,14,1.85,4.0,0.0,5.0,14.0,15.335724324324325,70.19441363636363,39.478813513513515,2.4374920454545457,0.0931845284172021,0.2071324355484616,0.1350698423494759,0.0419183451863342,15.5019,70.6302,39.7753,2.51896,162,12,1,0,0,0,0,run_001
U000356,22460205,MODEL_A,BATCH_01,701212.0,50086.57142857143,9952.585630140276,31925.0,67924.0,14,1.829268292682927,4.0,0.0,5.0,14.0,15.37648285714286,70.25343095238095,39.541931428571424,2.442377857142857,0.0952241303010779,0.1836374815454053,0.1363109071019557,0.0419447599294604,15.5322,70.6078,39.9029,2.51755,154,12,2,0,0,0,0,run_001
U000357,22505180,MODEL_A,BATCH_02,686870.0,49062.142857142855,9591.204647665829,35279.0,64724.0,14,1.775,4.0,0.0,5.0,14.0,15.369842424242425,70.22409999999999,38.7384606060606,2.5194751219512193,0.1134139266974712,0.1971836745270795,0.7840541044546138,0.1011738676764399,15.5677,70.5413,39.745,2.69185,148,12,1,0,0,0,1,run_001
U000358,22565849,MODEL_A,BATCH_01,736939.0,52638.5,11197.474665504513,32588.0,66860.0,14,1.825,4.0,0.0,5.0,14.0,15.357405263157895,70.32166521739131,39.50961052631579,2.436627608695652,0.1186900686830321,0.2216448171862114,0.1394623998333689,0.0407032294205963,15.5657,70.7447,39.857,2.51666,168,12,1,0,0,0,0,run_001
U000359,22628553,MODEL_A,BATCH_01,700520.0,50037.142857142855,7561.300069912101,38642.0,62704.0,14,1.775,4.0,0.0,4.0,14.0,15.349619444444446,70.31457777777777,39.50607222222222,2.436974444444445,0.1017437672908748,0.1920404667214349,0.1647716959243238,0.0596243859718928,15.5885,70.7395,39.7856,2.58844,162,12,1,0,0,0,0,run_001
U000360,22700736,MODEL_B,BATCH_01,755874.0,53991.0,11517.922175061318,37084.0,72183.0,14,1.85,4.0,0.0,5.0,14.0,15.375594594594595,70.26045454545455,39.45448648648649,2.4499102272727273,0.0982197732580301,0.2116831259047616,0.1292101865655809,0.0514703057987507,15.5679,70.7418,39.7431,2.55119,162,12,1,0,0,0,0,run_001
U000361,22768508,MODEL_A,BATCH_01,702502.0,50178.71428571428,10900.386954518714,33499.0,68646.0,14,1.85,4.0,0.0,3.0,14.0,15.382510810810812,70.33253409090909,39.464129729729734,2.4580588636363636,0.0990175539537867,0.2169171291157193,0.1381874388584512,0.0491725225415298,15.5722,70.9042,39.786,2.56241,162,12,1,0,0,0,0,run_001
U000362,22837584,MODEL_A,BATCH_01,693071.0,49505.07142857143,12308.555407734682,31797.0,69655.0,14,1.875,4.0,0.0,4.0,14.0,15.36358125,70.3771825,39.04186875,2.5188085,0.104897668836916,0.1763273163931485,0.7540525332249078,0.111496389950757,15.5787,70.7721,39.9249,2.71779,144,12,1,0,0,0,1,run_001
U000363,22897782,MODEL_A,BATCH_01,700239.0,50017.07142857143,9087.754605167123,36619.0,63881.0,14,1.825,4.0,0.0,4.0,14.0,15.371847058823528,70.43255365853659,39.50908235294118,2.4559531707317075,0.1119578742078822,0.1933560499409838,0.1597349176653892,0.0545538698186949,15.6596,70.7997,39.9244,2.55402,150,12,1,0,0,0,0,run_001
U000364,22942513,MODEL_A,BATCH_02,683526.0,48823.28571428572,9385.7847049393,30458.0,66074.0,14,1.8,4.0,0.0,5.0,14.0,15.4093,70.43019523809524,39.44602352941177,2.453169761904762,0.0959553589388883,0.1593654321124287,0.1337122986995937,0.048411642798799,15.6847,70.7979,39.7672,2.54923,152,12,1,0,0,0,0,run_001
U000365,22989135,MODEL_B,BATCH_01,704339.0,50309.92857142857,9999.945203421295,34362.0,68056.0,14,1.775,4.0,0.0,4.0,14.0,15.36072972972973,70.49785333333334,39.46628378378379,2.455839555555555,0.0946752662316618,0.2362942912787141,0.1379519189861167,0.0399306458383871,15.5535,70.9942,39.7123,2.5448,164,12,1,0,0,0,0,run_001
U000366,23048923,MODEL_A,BATCH_01,709033.0,50645.21428571428,12399.602953808157,33425.0,78371.0,14,1.8,4.0,0.0,5.0,14.0,15.377602857142856,70.49809047619048,39.446105714285714,2.4567923809523813,0.108808773126268,0.2156584436031398,0.1448024149596667,0.0586458474112452,15.6494,70.9733,39.7506,2.59241,154,12,1,0,0,0,0,run_001
U000367,23111676,MODEL_A,BATCH_01,699155.0,49939.642857142855,9662.3745895505,33178.0,63593.0,14,1.875,4.0,0.0,5.0,14.0,15.373797297297298,70.48119111111112,39.46632162162162,2.4669675555555557,0.1155322621764307,0.1921533310834464,0.1837690460803928,0.0442899802005105,15.6047,70.822,39.9921,2.56666,164,12,1,0,0,0,0,run_001
U000368,23168421,MODEL_A,BATCH_01,712029.0,50859.21428571428,10737.5990811481,35737.0,68296.0,14,1.825,4.0,0.0,3.0,14.0,15.391344117647058,70.52982619047619,39.425426470588235,2.4630064285714286,0.1175942154606425,0.2202772045816447,0.1414331972277897,0.0488108475459432,15.6407,70.9909,39.6452,2.55607,152,12,1,0,0,0,0,run_001
U000369,23221182,MODEL_A,BATCH_01,695789.0,49699.21428571428,9751.005322360525,38740.0,68069.0,14,1.8,4.0,0.0,5.0,14.0,15.393157142857142,70.57915581395349,39.437308571428574,2.469846511627907,0.0976466477413642,0.2310096249307184,0.1503323540994284,0.0506599826050258,15.5577,70.9996,39.6957,2.56418,156,12,1,0,0,0,0,run_001
U000370,23284709,MODEL_B,BATCH_01,678398.0,48457.0,9010.19589132223,34486.0,63527.0,14,1.75,4.0,0.0,5.0,14.0,15.39310303030303,70.57098809523809,39.47042727272728,2.4659061904761908,0.1052505536946494,0.2148753242621663,0.1447977042996703,0.0384972712338243,15.6067,70.9456,39.7184,2.53241,150,12,1,0,0,0,0,run_001
U000371,23358568,MODEL_A,BATCH_02,758009.0,54143.5,13022.609189996629,36028.0,79498.0,14,1.75,4.0,0.0,5.0,14.0,15.399018918918918,70.63645333333332,39.387367567567566,2.4761028888888887,0.0914852229653569,0.2080155169037308,0.1541565907591196,0.0589778510668594,15.7067,71.0412,39.643,2.57283,164,12,1,0,0,0,0,run_001
U000372,23410469,MODEL_A,BATCH_01,708359.0,50597.07142857143,12222.624252176376,32656.0,72557.0,14,1.825,4.0,0.0,3.0,14.0,15.374041025641024,70.61667391304348,39.44321282051282,2.4739043478260867,0.0850190589095628,0.167048907588679,0.1382675651342376,0.0508937220600025,15.5418,71.0064,39.7735,2.56595,170,12,1,0,0,0,0,run_001
U000373,23465726,MODEL_A,BATCH_01,683225.0,48801.78571428572,7400.30667949305,32689.0,63435.0,14,1.804878048780488,4.0,0.0,2.0,14.0,15.412272222222224,70.69881136363637,39.37998611111111,2.496534772727273,0.0933559229465721,0.1946050301889476,0.1777130884363525,0.0552894979930115,15.5769,71.1328,39.74,2.59552,160,12,2,1,0,1,0,run_001
U000374,23527608,MODEL_A,BATCH_01,716427.0,51173.357142857145,11490.567058425611,34264.0,77775.0,14,1.85,4.0,0.0,3.0,14.0,15.433942424242424,70.75703658536585,39.38380909090909,2.5022987804878047,0.1161072269238197,0.2249053953955931,0.1747543818542836,0.0497071328983639,15.6837,71.1968,39.6931,2.62193,148,12,1,0,0,0,0,run_001
U000375,23584208,MODEL_B,BATCH_01,697924.0,49851.71428571428,7490.665467290416,40625.0,63416.0,14,1.8,4.0,0.0,2.0,14.0,15.42888,70.73811463414634,39.42252285714286,2.5085243902439025,0.0949498654089436,0.1908450897468602,0.1390516198812398,0.0530000803324288,15.6321,71.127,39.7909,2.64903,152,12,1,0,0,0,0,run_001
U000376,23645709,MODEL_A,BATCH_01,658342.0,47024.42857142857,10026.182529252605,28429.0,61501.0,14,1.775,4.0,0.0,3.0,14.0,15.417345161290324,70.78751578947369,39.34765161290323,2.5019339473684212,0.111324737708231,0.1939779654891422,0.1177209861521942,0.0419588529807073,15.6994,71.2312,39.5452,2.60496,138,12,1,0,0,0,0,run_001
U000377,23695314,MODEL_A,BATCH_01,678438.0,48459.857142857145,8147.720028960843,34727.0,61894.0,14,1.75,4.0,0.0,5.0,14.0,15.394264705882351,70.79231250000001,38.84377647058824,2.551686,0.1046895667353926,0.1730556279135828,0.7270113216820162,0.0910661955575904,15.6321,71.1988,39.5952,2.71699,148,12,1,0,0,0,1,run_001
U000378,23762500,MODEL_A,BATCH_02,736059.0,52575.642857142855,9987.344881684732,35722.0,67186.0,14,1.825,4.0,0.0,5.0,14.0,15.396397368421052,70.76348913043478,39.392678947368424,2.5081193478260873,0.0839985633301929,0.2155078840818801,0.1417535492818322,0.0492840582475002,15.5352,71.3557,39.7528,2.59288,168,12,1,0,0,0,0,run_001
U000379,23814970,MODEL_A,BATCH_01,699693.0,49978.07142857143,9228.405791687095,32753.0,66154.0,14,1.775,4.0,0.0,2.0,14.0,15.406516666666668,70.82670697674419,39.32523055555556,2.5039272093023257,0.0995469035178895,0.1811509373230604,0.1602520600615424,0.0418194572125271,15.6077,71.2997,39.7694,2.6093,158,12,1,0,0,0,0,run_001
U000380,23872140,MODEL_B,BATCH_01,708542.0,50610.142857142855,10049.598452423112,33028.0,70814.0,14,1.85,4.0,0.0,4.0,14.0,15.431736111111112,70.89832954545454,39.31864722222222,2.5105204545454547,0.0962941776990185,0.254984315595665,0.1405518236627363,0.046131975136787,15.6048,71.4561,39.5927,2.59471,160,12,1,0,0,0,0,run_001
U000381,23960847,MODEL_A,BATCH_01,686907.0,49064.78571428572,12677.498856566372,38134.0,88707.0,14,1.7,4.0,0.0,2.0,14.0,15.411488235294115,70.92429512195122,39.324902941176475,2.5142046341463415,0.0991949679952534,0.2172601262901486,0.1304147916069146,0.0530124865054243,15.6181,71.2766,39.5841,2.61755,150,12,1,0,0,0,0,run_001
U000382,24011911,MODEL_A,BATCH_01,718510.0,51322.142857142855,5814.063544638888,41401.0,59547.0,14,1.8,4.0,0.0,4.0,14.0,15.401977142857143,70.87740476190477,39.34984285714286,2.5161499999999997,0.1021257589379661,0.1855013127984335,0.1240266462966606,0.0609659292296055,15.5979,71.2191,39.6168,2.6382,154,12,1,0,0,0,0,run_001
U000383,24062071,MODEL_A,BATCH_01,713752.0,50982.28571428572,8582.284512328257,38038.0,63544.0,14,1.8,4.0,0.0,2.0,14.0,15.406182857142856,70.86884761904761,39.30550285714286,2.540544523809524,0.0998120984229701,0.2082317379784105,0.1434818280884267,0.0522376615471448,15.5784,71.3859,39.5815,2.65868,154,12,1,0,0,0,0,run_001
U000384,24127365,MODEL_A,BATCH_01,698448.0,49889.142857142855,8226.877768885097,38227.0,65294.0,14,1.8,4.0,0.0,3.0,14.0,15.434397142857142,70.9607465116279,39.32358285714285,2.52350488372093,0.1073562280330256,0.2265003125708322,0.1445858659712466,0.0471100941752447,15.643,71.596,39.5847,2.62816,156,12,1,0,0,0,0,run_001
U000385,24178642,MODEL_B,BATCH_02,729667.0,52119.07142857143,9021.33393227312,36232.0,65570.0,14,1.875,4.0,0.0,3.0,14.0,15.418465,70.97444166666666,39.2678925,2.5256933333333333,0.1062871860718726,0.242345216962079,0.1702617598446135,0.0457771573312862,15.6334,71.5564,39.5887,2.60777,176,12,1,0,0,0,0,run_001
U000386,24242524,MODEL_A,BATCH_01,676523.0,48323.07142857143,6204.573777765581,40629.0,63882.0,14,1.85,4.0,0.0,1.0,14.0,15.40420606060606,70.9788375,39.296742424242424,2.5347839999999997,0.086591775516623,0.2183622556934662,0.1603027390406642,0.0405239311885503,15.6191,71.5768,39.6635,2.6125,146,12,1,0,0,0,0,run_001
U000387,24294441,MODEL_A,BATCH_01,728452.0,52032.28571428572,12021.0300174868,35620.0,70590.0,14,1.775,4.0,0.0,2.0,14.0,15.423686842105264,70.99574680851063,37.79273947368421,2.718461914893617,0.1071984801502098,0.1999066954650774,0.1693193888092633,0.0480403189649431,15.6588,71.4412,38.3434,2.81329,170,12,1,1,1,0,1,run_001
U000388,24356002,MODEL_A,BATCH_01,711541.0,50824.357142857145,10810.0174667698,33929.0,72189.0,14,1.775,4.0,0.0,4.0,14.0,15.421747222222224,71.09420227272727,39.30126944444444,2.5563127272727275,0.0932395363293953,0.1657321900896855,0.1133513849419322,0.0589667713035944,15.639,71.5312,39.5177,2.6916,160,12,1,0,0,0,0,run_001
U000389,24417961,MODEL_A,BATCH_01,706248.0,50446.28571428572,10249.428047296262,38379.0,72058.0,14,1.775,4.0,0.0,4.0,14.0,15.455152631578947,71.0292744680851,39.31191842105263,2.5588976595744684,0.0910391710669825,0.1753030413041146,0.1583930193234936,0.0522649868755268,15.7284,71.3891,39.6004,2.67357,170,12,1,0,0,0,0,run_001
U000390,24473574,MODEL_B,BATCH_01,709794.0,50699.57142857143,9162.0549988634,35757.0,63356.0,14,1.8,4.0,0.0,4.0,14.0,15.42357027027027,71.14679545454545,39.326032432432434,2.5522265909090907,0.1115334126938968,0.2750955799688435,0.1705776314859698,0.0446511653507227,15.6442,71.7994,39.6281,2.65277,162,12,1,0,0,0,0,run_001
U000391,24541872,MODEL_A,BATCH_01,695297.0,49664.07142857143,10582.749355322669,33429.0,68298.0,14,1.775,4.0,0.0,3.0,14.0,15.457397222222223,71.13864651162791,39.25805833333333,2.5529593023255814,0.0994344593506156,0.2196109811080848,0.1308469080916437,0.050858000091541,15.7228,71.6016,39.5857,2.63183,158,12,1,0,0,0,0,run_001
U000392,24626031,MODEL_A,BATCH_02,726996.0,51928.28571428572,11659.447040777848,39447.0,84159.0,14,1.725,4.0,0.0,4.0,14.0,15.43649142857143,71.11429512195122,37.81697142857143,2.729899024390244,0.0861295753379706,0.1847693534534632,0.1769604302253646,0.0454095299912297,15.5856,71.4221,38.1164,2.85954,152,12,1,0,0,0,0,run_001
U000393,24681591,MODEL_A,BATCH_01,757814.0,54129.57142857143,14423.727309350572,34434.0,88960.0,14,1.829268292682927,4.0,0.0,5.0,14.0,15.44908,71.21795957446808,39.2837675,2.55851170212766,0.086029277067871,0.190103757321209,0.1844376114202585,0.0499892022827516,15.684,71.817,39.8362,2.65893,174,12,2,0,0,0,0,run_001
U000394,24730178,MODEL_A,BATCH_01,716384.0,51170.28571428572,8548.022321238734,38090.0,63422.0,14,1.829268292682927,4.0,0.0,2.0,14.0,15.479808108108108,71.21566222222222,39.30710810810811,2.567508222222222,0.0817236276808692,0.2105187697190923,0.1506703048572158,0.049354875290588,15.6402,71.6846,39.7116,2.70205,164,12,2,0,0,0,0,run_001
U000395,24791278,MODEL_B,BATCH_01,741315.0,52951.07142857143,10033.672626666712,36025.0,64972.0,14,1.775,4.0,0.0,3.0,14.0,15.464602439024391,71.24993725490197,39.23760243902439,2.574830980392157,0.0849491921321351,0.2157896846105348,0.1700459474492193,0.0465914587131548,15.7227,71.7222,39.5269,2.67413,184,12,1,0,0,0,0,run_001
U000396,24847583,MODEL_A,BATCH_01,727010.0,51929.28571428572,8397.023350143618,39157.0,64823.0,14,1.825,4.0,0.0,4.0,14.0,15.44704054054054,71.25392,39.215672972972975,2.5746615555555556,0.1149023026059276,0.2041438214058454,0.1392062491585946,0.0478496427722751,15.7282,71.7111,39.5391,2.67063,164,12,1,0,0,0,0,run_001
U000397,24912787,MODEL_A,BATCH_01,691664.0,49404.57142857143,11081.996978566953,32875.0,65204.0,14,1.825,4.0,0.0,2.0,14.0,15.447080555555557,71.30272093023255,39.19658055555555,2.5609562790697677,0.0883433717117299,0.173370795253218,0.1811737395342526,0.0656824347767801,15.6549,71.8114,39.595,2.67466,158,12,1,0,0,0,0,run_001
U000398,24997457,MODEL_A,BATCH_01,748831.0,53487.92857142857,13157.447037057264,35202.0,84670.0,14,1.875,4.0,0.0,4.0,14.0,15.444875,71.34380465116278,39.20255555555555,2.580972093023256,0.116816372079064,0.18125634564063,0.1418281423704554,0.0561398267321421,15.6719,71.8171,39.4239,2.67399,158,12,1,0,0,0,0,run_001
U000399,25049158,MODEL_A,BATCH_02,727741.0,51981.5,7829.504383076581,34455.0,68296.0,14,1.85,4.0,0.0,2.0,14.0,15.460633333333334,71.3859125,39.21780512820513,2.5999770833333335,0.1078763457154181,0.2004697999487435,0.1358262569545101,0.0608845535369782,15.6684,71.8843,39.4781,2.70836,174,12,1,0,0,0,0,run_001
U000400,25110010,MODEL_B,BATCH_01,693383.0,49527.357142857145,7998.229531081746,33945.0,63168.0,14,1.825,4.0,0.0,3.0,14.0,15.457855555555556,71.38426363636364,39.215313888888886,2.5808686363636366,0.0843469516578297,0.191469759699782,0.1267855380504018,0.0557972776943217,15.6374,71.7859,39.5258,2.68007,160,12,1,0,0,0,0,run_001
U000401,25173922,MODEL_A,BATCH_01,706659.0,50475.642857142855,8805.503267032174,37268.0,63912.0,14,1.8,4.0,0.0,3.0,14.0,15.483583783783784,71.38226363636363,39.19512702702703,2.5818238636363637,0.092940376686447,0.2294850444444669,0.1454804638443265,0.0476412249279143,15.6812,71.866,39.5009,2.68522,162,12,1,0,0,0,0,run_001
U000402,25230384,MODEL_A,BATCH_01,703308.0,50236.28571428572,7747.334454046575,33304.0,60653.0,14,1.875,4.0,0.0,5.0,14.0,15.467317142857144,71.43020232558139,39.18757142857143,2.600677906976744,0.1168837795965426,0.1881574979693396,0.1286479362936116,0.0554833464743353,15.6983,71.7864,39.4086,2.7182,156,12,1,0,0,0,0,run_001
U000403,25292545,MODEL_A,BATCH_01,688798.0,49199.857142857145,9403.23618480642,34594.0,63264.0,14,1.825,4.0,0.0,3.0,14.0,15.476266666666666,71.39331904761904,39.17985,2.5975026190476194,0.1163127041335433,0.1889898245268282,0.1176618848347124,0.0442756113045085,15.7216,71.7518,39.3572,2.66602,156,12,1,0,0,0,0,run_001
U000404,25369444,MODEL_A,BATCH_01,754868.0,53919.142857142855,13936.445837924626,35194.0,76899.0,14,1.925,4.0,0.0,6.0,14.0,15.4412358974359,71.48618085106384,39.15346410256411,2.600824042553191,0.0853271120212326,0.1945932252700456,0.1594225459310787,0.0531793622792991,15.626,71.9759,39.6665,2.71039,172,12,1,0,0,0,0,run_001
U000405,25420580,MODEL_B,BATCH_01,665677.0,47548.357142857145,8419.683875000595,35704.0,63421.0,14,1.875,4.0,0.0,1.0,14.0,15.48738611111111,71.47084772727273,39.120622222222224,2.6071263636363637,0.1015135519532182,0.1782630998984704,0.1514382441055691,0.0557621429925403,15.691,71.9952,39.4594,2.7163,160,12,1,0,0,0,0,run_001
U000406,25474189,MODEL_A,BATCH_02,681101.0,48650.07142857143,9314.85554175352,32011.0,67397.0,14,1.775,4.0,0.0,4.0,14.0,15.459529411764706,71.49932142857143,39.19468529411765,2.6006609523809523,0.1017401101720719,0.1626051442736384,0.1429524759605248,0.0477277620192223,15.6914,71.9019,39.5076,2.68164,152,12,1,0,0,0,0,run_001
U000407,25521135,MODEL_A,BATCH_01,735564.0,52540.28571428572,11053.470784040024,34134.0,72538.0,14,1.825,4.0,0.0,6.0,14.0,15.500355263157894,71.49991111111112,39.161797368421055,2.6064475555555555,0.0999357271757458,0.18560472322338,0.1452862514409136,0.0572606895203282,15.6905,71.952,39.5091,2.72369,166,12,1,0,0,0,0,run_001
U000408,25571697,MODEL_A,BATCH_01,679624.0,48544.57142857143,11025.331836724468,32516.0,66055.0,14,1.7804878048780488,4.0,0.0,4.0,14.0,15.468414285714283,71.54249523809524,39.13588857142857,2.612487142857143,0.1052723670319246,0.1997201859094298,0.145028438938163,0.0482732353398258,15.7029,71.9655,39.4099,2.74396,154,12,2,0,0,0,0,run_001
U000409,25617046,MODEL_A,BATCH_01,702116.0,50151.142857142855,8638.625387954184,38336.0,71265.0,14,1.7804878048780488,4.0,0.0,4.0,14.0,15.474664102564102,71.62188541666667,39.22094871794872,2.621576458333333,0.1043481129559269,0.1909565573738643,0.1622686140028886,0.0495610764178942,15.6574,71.9695,39.5682,2.72197,174,12,2,0,0,0,0,run_001
U000410,25672474,MODEL_B,BATCH_01,762233.0,54445.21428571428,13005.131698257075,35684.0,79408.0,14,1.8,4.0,0.0,5.0,14.0,15.4544825,71.63727659574468,39.1386975,2.6183431914893616,0.1015224691247189,0.2005961996397219,0.1600481922414116,0.0492318055161048,15.6737,72.1373,39.4216,2.73908,174,12,1,0,0,0,0,run_001
U000411,25725812,MODEL_A,BATCH_01,697671.0,49833.642857142855,10338.599269854563,32304.0,70672.0,14,1.8,4.0,0.0,4.0,14.0,15.468362857142855,71.6417511627907,39.095848571428576,2.6238206976744185,0.0945757775409696,0.1743212228864156,0.1563696024533813,0.0554209798849354,15.7359,72.1039,39.3811,2.74339,156,12,1,0,0,0,0,run_001
U000412,25814356,MODEL_A,BATCH_01,784857.0,56061.21428571428,13784.64828478278,33365.0,88544.0,14,1.8,4.0,0.0,6.0,14.0,15.44540731707317,71.68381875,39.140685365853656,2.6231497916666666,0.1102839435054895,0.1817411014020485,0.1397397591256256,0.0513578621667476,15.7576,72.0899,39.3297,2.72346,178,12,1,0,0,0,0,run_001
U000413,25870530,MODEL_A,BATCH_02,728387.0,52027.642857142855,8988.940012868317,39507.0,66781.0,14,1.825,4.0,0.0,5.0,14.0,15.47763611111111,71.71131777777778,39.11993611111112,2.628552,0.0942033003752383,0.2039050439530526,0.15847220604037,0.0420254394601434,15.6662,72.1946,39.5259,2.72589,162,12,1,0,0,0,0,run_001
U000414,25925219,MODEL_A,BATCH_01,704553.0,50325.21428571428,9696.851488844371,39018.0,73625.0,14,1.85,4.0,0.0,4.0,14.0,15.488230555555552,71.67981555555555,38.21789444444445,2.7521631111111113,0.1163785248217317,0.1697105329076497,0.764955648740291,0.0971035966664247,15.7302,72.1005,39.3971,2.9277,162,12,1,0,0,0,0,run_001
U000415,25996882,MODEL_B,BATCH_01,703486.0,50249.0,11767.220507050017,30928.0,71663.0,14,1.8,4.0,0.0,3.0,14.0,15.500754285714285,71.7297142857143,39.07102857142858,2.641937142857143,0.102697002484628,0.1657276543027677,0.1397496155344155,0.0479077086462625,15.7224,72.0443,39.4459,2.75431,154,12,1,0,0,0,0,run_001
U000416,26048831,MODEL_A,BATCH_01,700853.0,50060.92857142857,8729.456335739496,35832.0,64148.0,14,1.8,4.0,0.0,4.0,14.0,15.484554054054051,71.80336818181819,39.10171621621622,2.634601590909091,0.0948089499836225,0.2280039828015329,0.1464643974818786,0.0556087019266614,15.6763,72.2458,39.5509,2.73734,162,12,1,0,0,0,0,run_001
U000417,26112380,MODEL_A,BATCH_01,749934.0,53566.71428571428,12892.60348732244,32344.0,77164.0,14,1.9,4.0,0.0,5.0,14.0,15.480615,71.80279166666666,39.0933925,2.6475052083333335,0.1022416758570165,0.1933231786890526,0.1589009857604445,0.0452376906492232,15.6982,72.3077,39.3802,2.74435,176,12,1,0,0,0,0,run_001
U000418,26194710,MODEL_A,BATCH_01,729125.0,52080.357142857145,11881.673215549185,34636.0,82330.0,14,1.825,4.0,0.0,2.0,14.0,15.485217647058825,71.81804523809524,39.10171176470588,2.6511778571428573,0.1283931591460698,0.1900202058606096,0.1317812530114813,0.0500748511698878,15.8033,72.1843,39.3229,2.75614,152,12,1,0,0,0,0,run_001
U000419,26242406,MODEL_A,BATCH_01,712197.0,50871.21428571428,15144.286138437068,31445.0,89151.0,14,1.804878048780488,4.0,0.0,5.0,14.0,15.49953142857143,71.90221627906976,39.09076,2.648031162790698,0.0925344316566368,0.2091694208851877,0.1654017305549982,0.0386876435428863,15.6829,72.4719,39.4,2.74833,156,12,2,0,0,0,0,run_001
U000420,26298712,MODEL_B,BATCH_02,723185.0,51656.07142857143,9902.053232803524,38606.0,69147.0,14,1.875,4.0,0.0,4.0,14.0,15.5266825,71.90434042553191,39.1067225,2.6535021276595745,0.1144059212370692,0.2030088278864114,0.1256862995358919,0.0517960727878496,15.8088,72.2799,39.4024,2.76332,174,12,1,0,0,0,0,run_001
U000421,26377932,MODEL_A,BATCH_01,709802.0,50700.142857142855,13472.77228542608,29271.0,79220.0,14,1.875,4.0,0.0,4.0,14.0,15.534121621621622,71.94445111111112,39.01595945945946,2.652270222222222,0.1101134443682086,0.2233001044479483,0.1276944083424248,0.0428905764967343,15.8103,72.4882,39.2904,2.76018,164,12,1,1,1,0,0,run_001
U000422,26432187,MODEL_A,BATCH_01,683261.0,48804.357142857145,9742.657903081865,33959.0,67346.0,14,1.775,4.0,0.0,3.0,14.0,15.518865789473685,71.92487333333332,38.52384210526316,2.7274957777777775,0.0850742736745472,0.2195043242481464,0.6971893029336983,0.0823392344480742,15.6677,72.3319,39.4112,2.9004,166,12,1,0,0,0,1,run_001
U000423,26491744,MODEL_A,BATCH_01,708546.0,50610.42857142857,8520.283398268697,38070.0,64834.0,14,1.8,4.0,0.0,6.0,14.0,15.542003030303032,71.93553571428572,38.97338484848485,2.655708095238095,0.0712149233168885,0.1579118383572899,0.1756262083965764,0.0464566394865249,15.7165,72.2953,39.3131,2.79899,150,12,1,0,0,0,1,run_001
U000424,26538576,MODEL_A,BATCH_01,687716.0,49122.57142857143,11047.8694549902,34637.0,74399.0,14,1.75,4.0,0.0,6.0,14.0,15.514520588235294,71.95344523809524,38.55204411764706,2.741291904761905,0.0988902721551329,0.2115230855213628,0.7133416688232253,0.0914965535333352,15.7769,72.4262,39.3777,2.88281,152,12,1,0,0,0,0,run_001
U000425,26599371,MODEL_B,BATCH_01,796597.0,56899.78571428572,14872.2742101307,40572.0,93021.0,14,1.75,4.0,0.0,5.0,14.0,15.490881578947368,72.05543260869565,39.01624210526315,2.680113695652174,0.0976003180523813,0.216601923716037,0.155129242772005,0.0471432582835997,15.6727,72.5034,39.2891,2.8015,168,12,1,0,0,0,0,run_001
U000426,26656430,MODEL_A,BATCH_01,748002.0,53428.71428571428,9303.408857705135,34515.0,69113.0,14,1.8,4.0,0.0,4.0,14.0,15.4986,72.01986086956522,38.514210526315786,2.737151086956522,0.0964455342723602,0.180502830360402,0.7487437611668033,0.1039871760091011,15.6573,72.6412,39.3114,2.94723,168,12,1,0,0,0,0,run_001
U000427,26713506,MODEL_A,BATCH_02,686399.0,49028.5,8644.63305934782,35363.0,62823.0,14,1.775,4.0,0.0,3.0,14.0,15.532174285714284,72.08917857142858,39.05157428571429,2.6908214285714287,0.0907953851601861,0.2434034486154815,0.1662337339992325,0.0507034893960346,15.7202,72.7674,39.35,2.79542,154,12,1,0,0,0,0,run_001
U000428,26777253,MODEL_A,BATCH_01,769560.0,54968.57142857143,11570.015994366218,38663.0,73030.0,14,1.825,4.0,0.0,6.0,14.0,15.5275,72.11572,38.9899976744186,2.6673432000000004,0.0919357617345628,0.1815216442932876,0.1646272680190479,0.0488794764927375,15.6846,72.6183,39.3547,2.77131,186,12,1,0,0,0,0,run_001
U000429,26832942,MODEL_A,BATCH_01,696104.0,49721.71428571428,7128.815236862202,38473.0,62299.0,14,1.875,4.0,0.0,5.0,14.0,15.51837142857143,72.13182195121951,38.11737428571429,2.791804634146341,0.1073479131319352,0.1905780975246007,0.7400150425112024,0.1036346281196,15.6755,72.5661,39.2477,2.94282,152,12,1,1,1,0,0,run_001
U000430,26887646,MODEL_B,BATCH_01,677080.0,48362.857142857145,9092.122464039894,38299.0,70461.0,14,1.85,4.0,0.0,5.0,14.0,15.51104,72.16203333333334,39.01552,2.687137142857143,0.1233974859120386,0.1909451609010937,0.1381515489257658,0.0423401838357768,15.8941,72.5702,39.3857,2.78146,154,12,1,0,0,0,0,run_001
U000001,748902,MODEL_A,BATCH_01,748902.0,53493.0,11254.810356191976,36560.0,68390.0,14,0.425,1.0,0.0,0.0,14.0,14.475282051282052,60.997444897959184,42.03885384615385,1.1505780816326532,0.1186244801925161,0.2031862221186356,0.1219882626928403,0.0544962336037381,14.7617,61.3991,42.2696,1.25547,176,12,1,0,0,0,0,run_002
U000002,816782,MODEL_A,BATCH_01,734207.0,52443.357142857145,12969.293584980123,28882.0,70646.0,14,0.525,1.0,0.0,9.0,14.0,14.52073947368421,60.98908,41.99222631578947,1.167764,0.0933724467127264,0.1970514026154778,0.1487397721838475,0.0461066362508005,14.7029,61.4522,42.2817,1.2673,166,12,1,0,0,0,0,run_002
U000003,871209,MODEL_A,BATCH_01,685124.0,48937.42857142857,8577.059364412688,32726.0,61029.0,14,0.5121951219512195,1.0,0.0,4.0,14.0,14.537825714285711,61.00117209302326,41.982482857142855,1.1694213953488373,0.0857481927192745,0.2053173725927049,0.1586162674056933,0.0526454760224056,14.7524,61.4032,42.4151,1.28627,156,12,2,0,0,0,0,run_002
U000004,940735,MODEL_A,BATCH_01,717907.0,51279.07142857143,9360.049847535623,36267.0,67576.0,14,0.55,2.0,0.0,5.0,14.0,14.49566052631579,61.080497826086955,41.92238684210526,1.152513043478261,0.0719718809185836,0.1808478335066749,0.1717325626240806,0.0498569239533183,14.6225,61.4763,42.2907,1.26425,168,12,1,0,0,0,0,run_002
U000005,994491,MODEL_B,BATCH_01,684046.0,48860.42857142857,11429.089611192105,35639.0,73570.0,14,0.575,2.0,0.0,4.0,14.0,14.523941176470588,61.10277804878049,41.96857647058823,1.172440243902439,0.1238634025672784,0.2077282906974814,0.1140679889200155,0.0582382311925681,14.8033,61.7882,42.2466,1.28221,150,12,1,0,0,0,0,run_002
U000006,1042851,MODEL_A,BATCH_01,692658.0,49475.57142857143,7919.289097021135,38665.0,63607.0,14,0.5121951219512195,2.0,0.0,4.0,14.0,14.498005714285714,61.126126086956525,41.97454571428572,1.1718041304347826,0.1107666570739034,0.1942040169338333,0.1569131894558584,0.0511243865956611,14.6858,61.5883,42.4114,1.3236,162,12,2,0,0,0,0,run_002
U000007,1124430,MODEL_A,BATCH_02,749622.0,53544.42857142857,11675.30767648799,38601.0,75072.0,14,0.65,2.0,0.0,8.0,14.0,14.498351351351351,61.18788863636364,41.977783783783785,1.1792620454545455,0.0923787091320333,0.2013470614888395,0.1555442479266372,0.0425917455470196,14.6844,61.5636,42.3178,1.27957,162,12,1,0,0,0,0,run_002
U000008,1185320,MODEL_A,BATCH_01,703783.0,50270.21428571428,9050.315695119078,38472.0,65561.0,14,0.625,2.0,0.0,2.0,14.0,14.51078611111111,61.15318444444445,41.90346944444444,1.1726924444444444,0.1112138921249826,0.1996075979556291,0.1265196671768456,0.0453563122877448,14.7688,61.6918,42.1661,1.26474,162,12,1,0,0,0,0,run_002
U000009,1251248,MODEL_A,BATCH_01,728161.0,52011.5,10140.373826745928,35739.0,67639.0,14,0.65,2.0,0.0,4.0,14.0,14.50686111111111,61.23141363636364,41.92464722222222,1.183123409090909,0.0847908292809941,0.2029886645831738,0.1816119088073106,0.0507590900986483,14.6268,61.7175,42.464,1.28367,160,12,1,0,0,0,0,run_002
U000010,1303392,MODEL_B,BATCH_01,668872.0,47776.57142857143,9945.302437403729,28570.0,62652.0,14,0.65,2.0,0.0,4.0,14.0,14.534908108108109,61.23681086956522,41.99832972972973,1.1914943478260869,0.0920472474643637,0.2102054119487898,0.1425068182869089,0.0447599459662156,14.695,61.6277,42.3094,1.30781,166,12,1,0,0,0,0,run_002
U000011,1366908,MODEL_A,BATCH_01,689983.0,49284.5,11307.952081134352,30469.0,68011.0,14,0.65,2.0,0.0,5.0,14.0,14.50900588235294,61.26964390243903,41.9675705882353,1.1960253658536584,0.1027704235874766,0.2057897240495505,0.1654996594877242,0.0505099475399431,14.743,61.7426,42.3672,1.30018,150,12,1,0,0,0,0,run_002
U000012,1412428,MODEL_A,BATCH_01,719833.0,51416.642857142855,14494.336414386364,35674.0,93995.0,14,0.7,2.0,0.0,8.0,14.0,14.535905405405405,61.302631818181816,41.92321081081081,1.1857354545454546,0.1099432933277317,0.1665713992769551,0.1262051631796933,0.0474908266517614,14.7108,61.8528,42.1785,1.29258,162,12,1,0,0,0,0,run_002
U000013,1502229,MODEL_A,BATCH_01,738859.0,52775.642857142855,8202.580490845014,37141.0,65800.0,14,0.825,3.0,0.0,7.0,14.0,14.530781081081082,61.339713333333336,41.92781891891892,1.1845035555555556,0.0901351572727123,0.2071069350491542,0.1357126843286495,0.0477807321453264,14.752,61.755,42.2185,1.3003,164,12,1,0,0,0,0,run_002
U000014,1560812,MODEL_A,BATCH_02,697570.0,49826.42857142857,9520.985313540785,36413.0,67752.0,14,0.85,3.0,0.0,5.0,14.0,14.56045,61.331964444444445,41.94876666666667,1.2012084444444444,0.0911270118335627,0.1834827588575541,0.1615938824867551,0.0552724691849204,14.7595,61.669,42.2545,1.32614,162,12,1,0,0,0,0,run_002
U000015,1631256,MODEL_B,BATCH_01,728162.0,52011.57142857143,10930.375295930608,36093.0,71557.0,14,0.9,3.0,0.0,6.0,14.0,14.50165641025641,61.31645,41.92459743589743,1.1994434782608696,0.0809530721593553,0.2044819880684955,0.1576068000255844,0.0531459344830561,14.6857,61.7465,42.2382,1.30267,170,12,1,0,0,0,0,run_002
U000016,1693895,MODEL_A,BATCH_01,698203.0,49871.642857142855,6905.723296458724,39763.0,63971.0,14,0.975,3.0,0.0,6.0,14.0,14.541655555555556,61.32995,41.91586944444444,1.2024338095238096,0.0905026075218498,0.1839206486504438,0.1715488865258353,0.0554686160860302,14.8058,61.745,42.2875,1.35385,156,12,1,0,0,0,0,run_002
U000017,1762132,MODEL_A,BATCH_01,705407.0,50386.21428571428,10111.103943217546,31983.0,63428.0,14,1.025,3.0,0.0,7.0,14.0,14.551136111111113,61.40591395348837,41.83804166666667,1.2147951162790698,0.0814971731421324,0.203402476434561,0.1325379910494676,0.0450869880591735,14.7088,61.8385,42.1554,1.29466,158,12,1,0,0,0,0,run_002
U000018,1838067,MODEL_A,BATCH_01,735579.0,52541.357142857145,11660.65129865357,33423.0,72326.0,14,1.05,3.0,0.0,5.0,14.0,14.537486486486484,61.36971777777777,41.90881891891892,1.2315522222222222,0.1094070918942491,0.2141344695288551,0.162659301127366,0.0483854809124732,14.8148,61.8453,42.2524,1.37096,164,12,1,1,1,0,0,run_002
U000019,1906329,MODEL_A,BATCH_01,707193.0,50513.78571428572,10628.84652674085,32082.0,72222.0,14,1.025,3.0,0.0,5.0,14.0,14.527816666666666,61.48963953488373,41.849986111111114,1.2092793023255817,0.1067829801847792,0.2235353206771908,0.1603103172025654,0.0544407105371281,14.7556,61.9402,42.2049,1.34386,158,12,1,0,0,0,0,run_002
U000020,1991229,MODEL_B,BATCH_01,741350.0,52953.57142857143,12444.761794019609,36525.0,75221.0,14,1.075,3.0,0.0,7.0,14.0,14.545218421052631,61.47331914893617,41.874173684210525,1.236235744680851,0.1018842450098311,0.2241407842118127,0.1223627784868934,0.0594597602235868,14.7216,61.8686,42.1629,1.40416,170,12,1,0,0,0,0,run_002
U000021,2041488,MODEL_A,BATCH_02,698794.0,49913.857142857145,9927.648291181886,34489.0,66227.0,14,1.0731707317073171,4.0,0.0,5.0,14.0,14.523431578947369,61.557317777777776,41.857386842105264,1.2235242222222222,0.0895424257145454,0.1950557639250998,0.1900033700569589,0.0512511866598267,14.6701,61.9602,42.456,1.34472,166,12,2,0,0,0,0,run_002
U000022,2116883,MODEL_A,BATCH_01,735834.0,52559.57142857143,11852.5073213307,38504.0,78702.0,14,1.275,4.0,0.0,6.0,14.0,14.530951428571427,61.541820930232554,41.86089142857143,1.231634418604651,0.0923991672085868,0.2188110040740078,0.1399886978030915,0.0451487549953497,14.6833,61.9398,42.0704,1.32841,156,12,1,0,0,0,0,run_002
U000023,2172628,MODEL_A,BATCH_01,683916.0,48851.142857142855,7755.956389542396,34803.0,58279.0,14,1.25,4.0,0.0,2.0,14.0,14.56938,61.51075581395349,41.841857142857144,1.2361127906976743,0.0999238115648466,0.2005108966310173,0.1378917207038014,0.0510873542886794,14.7644,62.0063,42.1364,1.35696,156,12,1,0,0,0,0,run_002
U000024,2219510,MODEL_A,BATCH_01,708257.0,50589.78571428572,9277.43082123802,40509.0,66546.0,14,1.2682926829268293,4.0,0.0,4.0,14.0,14.54288684210526,61.599865217391304,41.85931842105263,1.2336008695652174,0.1037566700455803,0.1749308081847642,0.1722344754001307,0.0585751555155553,14.7961,61.9654,42.3347,1.35938,168,12,2,0,0,0,0,run_002
U000025,2271626,MODEL_B,BATCH_01,692064.0,49433.142857142855,6125.345790642765,38866.0,62127.0,14,1.3902439024390243,4.0,0.0,4.0,14.0,14.55941111111111,61.60184888888889,41.79219444444445,1.236752,0.1001064798181777,0.2246379669421882,0.1148302447576903,0.0507643923882227,14.7442,62.1519,42.0494,1.35782,162,12,2,0,0,0,0,run_002
U000026,2337125,MODEL_A,BATCH_01,698185.0,49870.357142857145,9153.010632129088,37305.0,63393.0,14,1.4,4.0,0.0,3.0,14.0,14.565411764705882,61.66933414634146,41.82568235294118,1.2539539024390245,0.100863786830364,0.1824521822420272,0.1543539055676689,0.0513434834656769,14.8113,62.0307,42.1377,1.35383,150,12,1,0,0,0,0,run_002
U000027,2422040,MODEL_A,BATCH_01,725519.0,51822.78571428572,13875.576779022536,38167.0,84915.0,14,1.45,4.0,0.0,4.0,14.0,14.543959999999998,61.66789512195122,41.80505428571429,1.2487441463414637,0.1058339048309412,0.2170622813286778,0.1598957368795956,0.041396046005362,14.8315,62.1712,42.0658,1.34488,152,12,1,0,0,0,0,run_002
U000028,2482914,MODEL_A,BATCH_02,696343.0,49738.78571428572,10097.702367588165,32862.0,67320.0,14,1.4,4.0,0.0,2.0,14.0,14.587074285714284,61.70163636363636,41.808591428571425,1.2506204545454545,0.1030000009790326,0.2039024391552139,0.1289804120363854,0.0572508654531739,14.7719,62.1193,42.0196,1.37235,158,12,1,0,0,0,0,run_002
U000029,2558073,MODEL_A,BATCH_01,710878.0,50777.0,12900.91606168993,38257.0,75159.0,14,1.475,4.0,0.0,5.0,14.0,14.56782777777778,61.72356363636363,41.81526111111111,1.2421772727272726,0.0945151041931126,0.1699024139759099,0.1398860358144192,0.0520938903422815,14.7771,62.0289,42.176,1.35361,160,12,1,0,0,0,0,run_002
U000030,2624420,MODEL_B,BATCH_01,715044.0,51074.57142857143,10346.587142362716,32800.0,66768.0,14,1.45,4.0,0.0,5.0,14.0,14.585075675675675,61.75355555555555,41.78107297297297,1.2611962222222222,0.1173175448785748,0.179781532264674,0.1299048404894239,0.0460771359337642,14.844,62.1785,42.07,1.40267,164,12,1,0,0,0,0,run_002
U000031,2672651,MODEL_A,BATCH_01,705347.0,50381.92857142857,8148.158456073049,30101.0,60924.0,14,1.55,4.0,0.0,5.0,14.0,14.624934285714286,61.74738604651163,41.768745714285714,1.2654976744186046,0.0966081958003477,0.2021382325013261,0.141907866429672,0.0486910636094066,14.8069,62.2721,42.031,1.36972,156,12,1,0,0,0,0,run_002
U000032,2730030,MODEL_A,BATCH_01,691855.0,49418.21428571428,8160.61272377709,36767.0,60171.0,14,1.525,4.0,0.0,2.0,14.0,14.554644444444444,61.803022222222225,41.81242777777778,1.2662268888888888,0.103276927154809,0.1573566864409545,0.1492350793903193,0.0508361123353639,14.8164,62.1792,42.2204,1.37038,162,12,1,0,0,0,0,run_002
U000033,2802092,MODEL_A,BATCH_01,742306.0,53021.857142857145,11279.2546934432,33419.0,73613.0,14,1.625,4.0,0.0,4.0,14.0,14.576618918918918,61.818593023255815,41.7775027027027,1.2556755813953488,0.0806052343139002,0.1877684115572613,0.1493070856517731,0.0473643986405665,14.7242,62.1798,42.0736,1.36428,160,12,1,0,0,0,0,run_002
U000034,2892790,MODEL_A,BATCH_01,700831.0,50059.357142857145,14127.005995648862,33617.0,90698.0,14,1.625,4.0,0.0,2.0,14.0,14.580434285714286,61.86380714285714,41.81030857142857,1.2687045238095238,0.0877519563812655,0.2058995414449658,0.1447445627779547,0.0578683771515838,14.723,62.3182,42.1354,1.40988,154,12,1,0,0,0,0,run_002
U000035,2942118,MODEL_B,BATCH_02,694996.0,49642.57142857143,8386.816822703498,38351.0,70714.0,14,1.5853658536585369,4.0,0.0,2.0,14.0,14.582415151515152,61.886357142857136,41.798824242424246,1.2741457142857142,0.0947173430568952,0.2016090979156687,0.1950075159293595,0.0491625378466788,14.7913,62.4159,42.2783,1.39059,150,12,2,0,0,0,0,run_002
U000036,3009608,MODEL_A,BATCH_01,717293.0,51235.21428571428,8281.504324313692,42285.0,70978.0,14,1.675,4.0,0.0,4.0,14.0,14.59642,61.89756904761905,41.74069428571429,1.2856078571428573,0.0983202863395053,0.2224106545615246,0.1527977651185061,0.0507810740400596,14.7656,62.491,41.9916,1.38368,154,12,1,0,0,0,0,run_002
U000037,3070767,MODEL_A,BATCH_01,704722.0,50337.28571428572,10080.271420556488,37571.0,70502.0,14,1.675,4.0,0.0,4.0,14.0,14.589456410256409,61.91712391304347,41.75772564102565,1.28088,0.1018445249410043,0.2233357175840723,0.1710427412234625,0.0422728100687795,14.8574,62.4822,42.1545,1.36044,170,12,1,0,0,0,0,run_002
U000038,3133212,MODEL_A,BATCH_01,730561.0,52182.92857142857,9435.350602627625,37555.0,69841.0,14,1.725,4.0,0.0,4.0,14.0,14.5819,62.00178181818182,41.75740285714286,1.284868409090909,0.1073086450110969,0.1723269084695244,0.1612484026108106,0.0470939123080671,14.8121,62.4022,42.1687,1.39936,158,12,1,0,0,0,0,run_002
U000039,3184480,MODEL_A,BATCH_01,713800.0,50985.71428571428,8720.30502667434,37010.0,68391.0,14,1.7,4.0,0.0,2.0,14.0,14.61401081081081,62.00929302325582,41.71481081081081,1.2831246511627907,0.0889688078416742,0.1993508218901063,0.1666333346399014,0.0437798569875645,14.8098,62.4864,42.0088,1.36034,160,12,1,0,0,0,0,run_002
U000040,3249964,MODEL_B,BATCH_01,659319.0,47094.21428571428,9997.62650431492,28524.0,65484.0,14,1.6,4.0,0.0,2.0,14.0,14.592386111111113,61.994244186046515,41.76052222222222,1.2897193023255813,0.1087851569517453,0.2147396045516807,0.1407593084688701,0.0557673467949594,14.7874,62.5334,42.0266,1.43047,158,12,1,0,0,0,0,run_002
U000041,3330095,MODEL_A,BATCH_01,764507.0,54607.642857142855,11870.080290099411,41927.0,80131.0,14,1.7,4.0,0.0,4.0,14.0,14.603991891891893,62.02059565217392,41.69758918918919,1.2986228260869566,0.0892479703422449,0.2247861818178152,0.1693392728351106,0.0463942305638699,14.7576,62.4473,42.0096,1.37381,166,12,1,0,0,0,0,run_002
U000042,3392228,MODEL_A,BATCH_02,690962.0,49354.42857142857,8632.573131987989,36278.0,64293.0,14,1.7,4.0,0.0,3.0,14.0,14.634138235294117,62.07931219512195,41.720867647058824,1.3049965853658536,0.1047351986062684,0.1808296507698922,0.1389630313179869,0.0539355884184902,14.8786,62.5293,41.9571,1.4176,150,12,1,0,0,0,0,run_002
U000043,3460194,MODEL_A,BATCH_01,735026.0,52501.857142857145,11648.482845135091,35887.0,73059.0,14,1.75,4.0,0.0,5.0,14.0,14.597811428571427,62.07601590909091,41.72090571428571,1.302370909090909,0.1055994005426071,0.223104462906778,0.1203985756776627,0.0516520400019556,14.7874,62.6539,41.9708,1.41299,158,12,1,0,0,0,0,run_002
U000044,3520100,MODEL_A,BATCH_01,679733.0,48552.357142857145,8215.089246269685,35040.0,63826.0,14,1.775,4.0,0.0,5.0,14.0,14.593582857142858,62.15287906976744,41.724265714285714,1.303750465116279,0.1067152464042798,0.1715574741375255,0.1581270002298165,0.0589556322263368,14.7435,62.4801,42.0185,1.4467,156,12,1,0,0,0,0,run_002
U000045,3570660,MODEL_B,BATCH_01,685604.0,48971.71428571428,7681.8730731565665,33422.0,61331.0,14,1.825,4.0,0.0,5.0,14.0,14.632766666666669,62.11394249999999,41.70990606060606,1.31619425,0.1085564071884594,0.2070534922677146,0.1514011082757369,0.042152247431491,14.9234,62.5097,41.9456,1.37911,146,12,1,0,0,0,0,run_002
U000046,3632243,MODEL_A,BATCH_01,664270.0,47447.857142857145,8208.086274261152,35513.0,61583.0,14,1.8,4.0,0.0,4.0,14.0,14.59008484848485,62.157087804878046,41.68865151515151,1.315781707317073,0.0939386905154506,0.2250027113115779,0.1808746667605987,0.0537679094303674,14.8479,62.6428,42.0946,1.47358,148,12,1,0,0,0,0,run_002
U000047,3676067,MODEL_A,BATCH_01,687253.0,49089.5,8595.494935854926,37017.0,60198.0,14,1.804878048780488,4.0,0.0,5.0,14.0,14.571102857142858,62.210185714285714,41.66582857142858,1.3293445238095238,0.1025706255557152,0.1934061259294506,0.1366036658095414,0.0571331154326105,14.7657,62.602,41.9973,1.4359,154,12,2,0,0,0,0,run_002
U000048,3742141,MODEL_A,BATCH_01,685328.0,48952.0,11254.866051897456,33896.0,72881.0,14,1.775,4.0,0.0,3.0,14.0,14.594965789473685,62.18008181818182,41.63503157894737,1.3343370454545456,0.0829048600809115,0.1903471971836913,0.127089007127189,0.044811651183206,14.7872,62.5527,41.8633,1.42958,164,12,1,0,0,0,0,run_002
U000049,3806225,MODEL_A,BATCH_02,770204.0,55014.57142857143,12623.278506938532,34463.0,69663.0,14,1.775,4.0,0.0,5.0,14.0,14.603862162162162,62.2452914893617,41.632197297297296,1.3280902127659575,0.1075411919822954,0.2189603545907695,0.1551607078814419,0.0414186352455741,14.9082,62.6366,42.0287,1.43862,168,12,1,1,1,0,0,run_002
U000050,3863632,MODEL_B,BATCH_01,712905.0,50921.78571428572,9278.935285229254,33850.0,64167.0,14,1.9,4.0,0.0,5.0,14.0,14.629981578947367,62.31069361702128,41.69617631578947,1.3263955319148937,0.0986033080286673,0.1797774329362684,0.1526475297632319,0.0439427163083797,14.7997,62.705,42.0786,1.42315,170,12,1,0,0,0,0,run_002
U000051,3912013,MODEL_A,BATCH_01,698628.0,49902.0,8096.204039310882,38629.0,64192.0,14,1.8780487804878048,4.0,0.0,2.0,14.0,14.614925,62.27299090909091,41.65213611111111,1.323820909090909,0.0850682293389085,0.1931905419445495,0.1479513996511357,0.0432719443357494,14.7707,62.6664,41.8966,1.40185,160,12,2,0,0,0,0,run_002
U000052,3967914,MODEL_A,BATCH_01,713001.0,50928.642857142855,8559.152973972841,37742.0,66054.0,14,1.829268292682927,4.0,0.0,3.0,14.0,14.628854054054054,62.346446666666665,41.6658972972973,1.3288415555555555,0.095746008314227,0.2068360721133339,0.1314747662449321,0.045505234411976,14.7762,62.8956,41.9984,1.42166,164,12,2,0,0,0,0,run_002
U000053,4019552,MODEL_A,BATCH_01,707171.0,50512.21428571428,8888.280271307756,35545.0,61185.0,14,1.9,4.0,0.0,4.0,14.0,14.638273684210526,62.36317954545454,41.63319736842105,1.3349445454545454,0.1091774941767227,0.1450066519397143,0.1636320170990836,0.0446243717670348,14.8378,62.6312,41.9726,1.42193,164,12,1,0,0,0,0,run_002
U000054,4083790,MODEL_A,BATCH_01,682478.0,48748.42857142857,7954.388239439678,37537.0,64238.0,14,1.875,4.0,0.0,2.0,14.0,14.649370588235294,62.373304545454545,41.66286470588235,1.3361313636363636,0.1094867074522492,0.2274112123747277,0.1100283458859368,0.0447510520905769,14.8525,62.9001,41.8417,1.43692,156,12,1,0,0,0,0,run_002
U000055,4151916,MODEL_B,BATCH_01,717152.0,51225.142857142855,9089.44130344606,38888.0,68126.0,14,1.85,4.0,0.0,3.0,14.0,14.615613157894735,62.4218829787234,41.61685,1.3354834042553192,0.1193652631145543,0.2164773783935676,0.1586329534457413,0.0453708153790419,14.828,62.9212,41.9257,1.47219,170,12,1,1,1,0,0,run_002
U000056,4224664,MODEL_A,BATCH_02,718883.0,51348.78571428572,10647.179967401778,32416.0,72748.0,14,1.775,4.0,0.0,4.0,14.0,14.64628,62.44260952380953,41.62661428571428,1.345642619047619,0.1096203711210006,0.1979115025305862,0.1519988586312751,0.0558513919759947,14.9597,62.961,41.939,1.46613,154,12,1,0,0,0,0,run_002
U000057,4280317,MODEL_A,BATCH_01,699827.0,49987.642857142855,9005.07757287002,34603.0,65144.0,14,1.85,4.0,0.0,4.0,14.0,14.6342,62.40699512195122,41.5768,1.3501834146341465,0.0745474792777504,0.1900316683492776,0.1495363804928735,0.0508015713639724,14.7784,62.8464,41.9236,1.4646,150,12,1,0,0,0,0,run_002
U000058,4331153,MODEL_A,BATCH_01,677735.0,48409.642857142855,10586.740710088134,36112.0,77250.0,14,1.825,4.0,0.0,3.0,14.0,14.637525714285715,62.49823095238095,41.61064,1.3559147619047618,0.1150068446629493,0.2098941864520977,0.1260155970738644,0.0467732080512481,14.8217,62.9679,41.8394,1.46664,154,12,1,0,0,0,0,run_002
U000059,4390115,MODEL_A,BATCH_01,700436.0,50031.142857142855,8805.522400587754,38166.0,64817.0,14,1.8,4.0,0.0,3.0,14.0,14.64537222222222,62.49195909090909,41.53467222222222,1.3597184090909091,0.0928242136240359,0.199104595999167,0.1485671346296464,0.0444488948220146,14.9085,62.986,41.8487,1.45988,160,12,1,0,0,0,0,run_002
U000060,4451310,MODEL_B,BATCH_01,712515.0,50893.92857142857,10539.66622931081,30632.0,66525.0,14,1.902439024390244,4.0,0.0,4.0,14.0,14.63657435897436,62.56926595744681,41.57675641025641,1.3622523404255318,0.0996113756924449,0.2147296057802005,0.1381439748478907,0.0555653489229129,14.8069,63.0463,41.8919,1.49935,172,12,2,0,0,0,0,run_002
U000061,4506691,MODEL_A,BATCH_01,698357.0,49882.642857142855,10239.26925432852,37882.0,67653.0,14,1.9,4.0,0.0,4.0,14.0,14.66035588235294,62.58238250000001,41.576897058823526,1.3647805,0.1061000362470351,0.2083256805414944,0.1729688910290359,0.0482271365227035,14.9053,63.1067,42.0539,1.45661,148,12,1,0,0,0,0,run_002
U000062,4568113,MODEL_A,BATCH_01,746755.0,53339.642857142855,11667.027870206524,34974.0,74294.0,14,1.925,4.0,0.0,4.0,14.0,14.645597435897438,62.55448085106382,41.58555128205128,1.37020914893617,0.1092769019923327,0.2152715107045041,0.1398889293836455,0.0539964296255171,14.8184,63.045,41.8719,1.4872,172,12,1,0,0,0,0,run_002
U000063,4656188,MODEL_A,BATCH_02,724663.0,51761.642857142855,13661.947156002563,29937.0,88075.0,14,1.875,4.0,0.0,3.0,14.0,14.640974285714284,62.585838095238095,41.586174285714286,1.3750135714285714,0.1025884248225061,0.1496377234171042,0.1432097111866082,0.0451879126845604,14.8516,62.9486,41.9046,1.47916,154,12,1,0,0,0,0,run_002
U000064,4709163,MODEL_A,BATCH_01,727372.0,51955.142857142855,8052.985751662767,38174.0,66467.0,14,1.925,4.0,0.0,5.0,14.0,14.636197368421056,62.61644042553191,41.61348684210526,1.3843044680851062,0.1071305328744738,0.2006166359866437,0.1588386775878805,0.0468203793332194,14.8562,63.0507,41.9145,1.49397,170,12,1,0,0,0,0,run_002
U000065,4779206,MODEL_B,BATCH_01,731814.0,52272.42857142857,10284.164770800156,38133.0,72111.0,14,1.95,4.0,0.0,2.0,14.0,14.669325,62.64710652173913,41.54271,1.387605,0.0865056415827372,0.1659930726830005,0.1403276967014659,0.0556167300868682,14.8423,63.0963,41.7946,1.52009,172,12,1,0,0,0,0,run_002
U000066,4826395,MODEL_A,BATCH_01,675609.0,48257.78571428572,7806.677725152717,39440.0,63029.0,14,1.9268292682926829,4.0,0.0,2.0,14.0,14.6383,62.70937045454546,41.54158571428571,1.3846668181818182,0.1263881323542686,0.2179673674952562,0.1517690702095433,0.0532109697456125,14.9531,63.1475,41.8847,1.49917,158,12,2,0,0,0,0,run_002
U000067,4867791,MODEL_A,BATCH_01,711922.0,50851.57142857143,9979.490581374195,35028.0,68051.0,14,1.9,4.0,0.0,3.0,14.0,14.679016216216215,62.741442222222226,41.56764054054054,1.3888648888888888,0.1094184666353939,0.2155714693646619,0.1118590692182176,0.0499939675280119,14.992,63.143,41.7675,1.50356,164,12,1,0,0,0,0,run_002
U000068,4919891,MODEL_A,BATCH_01,721486.0,51534.71428571428,8221.840449292748,40504.0,66240.0,14,1.875,4.0,0.0,4.0,14.0,14.663794285714284,62.71451590909091,41.55748,1.3728304545454544,0.092550701344332,0.1974314669945482,0.1324623604695946,0.0656397521697398,14.8212,63.214,41.7882,1.56764,158,12,1,0,0,0,0,run_002
U000069,4983319,MODEL_A,BATCH_01,723614.0,51686.71428571428,11450.571127365532,39432.0,74407.0,14,1.9,4.0,0.0,4.0,14.0,14.686530555555557,62.813893023255815,41.49805555555556,1.398086976744186,0.1006407949646222,0.2365329830975459,0.132401526630052,0.0525908096504505,14.959,63.2954,41.7698,1.51638,158,12,1,0,0,0,0,run_002
U000070,5045798,MODEL_B,BATCH_02,684290.0,48877.857142857145,9143.905451233564,36304.0,66554.0,14,1.9,4.0,0.0,4.0,14.0,14.660751428571428,62.80558181818182,41.50841142857143,1.3923393181818182,0.1181752123193467,0.2181018977479763,0.1369417797533613,0.0608073504735845,14.9234,63.2084,41.8096,1.53397,158,12,1,0,0,0,0,run_002
U000071,5095894,MODEL_A,BATCH_01,700701.0,50050.07142857143,10208.872185613736,34405.0,69642.0,14,1.9268292682926829,4.0,0.0,4.0,14.0,14.670641666666668,62.84942,41.53534444444445,1.4074757777777778,0.1192048234282967,0.183837341147005,0.1567419251863099,0.0485663097541013,14.9531,63.1401,41.9829,1.49416,162,12,2,0,0,0,0,run_002
U000072,5149487,MODEL_A,BATCH_01,702461.0,50175.78571428572,10448.522546852637,35504.0,66772.0,14,1.8780487804878048,4.0,0.0,3.0,14.0,14.654434146341464,62.854612244897965,41.52655609756098,1.4060279591836735,0.0999831651073224,0.1766493273322579,0.1656521099303907,0.0487588237732237,14.8632,63.1708,41.8937,1.53554,180,12,2,0,0,0,0,run_002
U000073,5209146,MODEL_A,BATCH_01,700890.0,50063.57142857143,9154.821014208732,32991.0,65062.0,14,1.853658536585366,4.0,0.0,5.0,14.0,14.689686111111111,62.865879069767445,41.46369166666667,1.404563023255814,0.07212211530365,0.2242983743631943,0.1610785387407564,0.0486716216591148,14.8394,63.253,41.7337,1.52552,158,12,2,0,0,0,0,run_002
U000074,5262587,MODEL_A,BATCH_01,712733.0,50909.5,9634.446315574773,34536.0,69712.0,14,1.875,4.0,0.0,6.0,14.0,14.675082051282052,62.83819574468085,41.49641794871795,1.4252606382978723,0.0932758581949116,0.2036178464005609,0.1554375858356606,0.0555945832677443,14.916,63.2819,41.8439,1.54545,172,12,1,0,0,0,0,run_002
U000075,5330310,MODEL_B,BATCH_01,713702.0,50978.71428571428,9615.95179039313,36358.0,64384.0,14,1.9,4.0,0.0,7.0,14.0,14.65995,62.926418181818185,41.48064166666667,1.4154586363636363,0.0966734577253315,0.2295931328208179,0.1230580893608487,0.0567602717101396,14.9071,63.3604,41.7269,1.52881,160,12,1,0,0,0,0,run_002
U000076,5384229,MODEL_A,BATCH_01,711169.0,50797.78571428572,7635.334249683874,35906.0,60223.0,14,1.925,4.0,0.0,5.0,14.0,14.681359459459458,62.93871555555556,41.46782702702703,1.4324544444444445,0.0994353432008837,0.1981000309250994,0.1573429616556863,0.0514245563712493,14.8614,63.5509,41.8623,1.51815,164,12,1,0,0,0,0,run_002
U000077,5474031,MODEL_A,BATCH_02,751127.0,53651.92857142857,14089.042187591613,35149.0,89802.0,14,1.9,4.0,0.0,4.0,14.0,14.666117142857145,62.93433720930233,41.47086,1.438690930232558,0.1065752302248462,0.1906840431100315,0.1606919727853477,0.044076838957069,14.8726,63.4549,41.8001,1.55539,156,12,1,0,0,0,0,run_002
U000078,5524076,MODEL_A,BATCH_01,657632.0,46973.71428571428,9220.497562317516,32537.0,62431.0,14,1.9,4.0,0.0,4.0,14.0,14.682454545454544,63.00184102564103,41.53672727272727,1.4234446153846154,0.1086843281334442,0.1842335056074049,0.1097195922360944,0.0518128545748087,14.8836,63.5027,41.7915,1.51706,144,12,1,0,0,0,0,run_002
U000079,5602982,MODEL_A,BATCH_01,708973.0,50640.92857142857,9969.372779161691,37883.0,78906.0,14,1.85,4.0,0.0,4.0,14.0,14.693513888888887,63.03449545454546,41.4469,1.441681818181818,0.1066476552626253,0.1896630806585861,0.1604974267706494,0.0570974187203267,14.9023,63.4562,41.8494,1.56808,160,12,1,0,0,0,0,run_002
U000080,5674803,MODEL_B,BATCH_01,747734.0,53409.57142857143,15157.012830899232,38549.0,95972.0,14,1.975,4.0,0.0,5.0,14.0,14.70312,63.055325581395344,41.405857142857144,1.42995,0.1045944824773559,0.204345509339338,0.1299391198752308,0.0607878473521992,14.9656,63.449,41.7006,1.6587,156,12,1,0,0,0,1,run_002
U000081,5728697,MODEL_A,BATCH_01,709455.0,50675.357142857145,9905.075184020508,35985.0,67139.0,14,1.9,4.0,0.0,2.0,14.0,14.67032972972973,63.10200222222222,41.42059189189189,1.429009777777778,0.1166405348468935,0.1676492977629321,0.149418598013876,0.0529312622219047,14.9438,63.6352,41.7601,1.54359,164,12,1,0,0,0,0,run_002
U000082,5805436,MODEL_A,BATCH_01,718206.0,51300.42857142857,10625.85987625896,37415.0,76739.0,14,1.9,4.0,0.0,4.0,14.0,14.699491428571427,63.14817380952381,41.43868285714286,1.4443242857142855,0.0917745779596066,0.1994957742195933,0.1613624099489655,0.0424076167884081,14.8934,63.4866,41.953,1.55979,154,12,1,0,0,0,1,run_002
U000083,5875209,MODEL_A,BATCH_01,735453.0,52532.357142857145,11321.480812407635,34801.0,69773.0,14,1.9,4.0,0.0,5.0,14.0,14.683389189189189,63.11560444444445,41.43183783783784,1.4415635555555557,0.0948278990352278,0.1655531443862107,0.1626853103239352,0.0452327067485241,14.8616,63.558,41.7435,1.53144,164,12,1,0,0,0,0,run_002
U000084,5934791,MODEL_A,BATCH_02,705275.0,50376.78571428572,8524.117163207455,35802.0,64787.0,14,1.925,4.0,0.0,4.0,14.0,14.71682162162162,63.16037234042553,41.40773243243243,1.4386236170212765,0.1140754505071462,0.2047883655218205,0.1788971710447305,0.0543830945369547,14.944,63.7725,41.7921,1.54606,168,12,1,0,0,0,0,run_002
U000085,5999457,MODEL_B,BATCH_01,692006.0,49429.0,8952.7050488837,36051.0,64666.0,14,1.9,4.0,0.0,4.0,14.0,14.701565714285714,63.19461707317073,41.41451714285714,1.4540748780487804,0.0808636213664972,0.1748209039309078,0.1576832407180973,0.0526687430608492,14.8652,63.6666,41.7617,1.57179,152,12,1,0,0,0,0,run_002
U000086,6060381,MODEL_A,BATCH_01,738359.0,52739.92857142857,12827.365653550622,36772.0,81077.0,14,1.825,4.0,0.0,5.0,14.0,14.689535897435896,63.190543478260864,41.393351282051285,1.4587365217391304,0.0932420293959971,0.2264087009048251,0.1432175027376824,0.0459475569277938,14.8569,63.7401,41.7031,1.54197,170,12,1,0,0,0,0,run_002
U000087,6133161,MODEL_A,BATCH_01,729036.0,52074.0,10236.9475618768,37647.0,72780.0,14,1.875,4.0,0.0,5.0,14.0,14.718144444444444,63.271134090909094,41.37841111111111,1.4429640909090908,0.0984461751254226,0.2015283036768639,0.1444889986475053,0.0464906540404394,15.002,63.6055,41.6559,1.54376,160,12,1,0,0,0,0,run_002
U000088,6196294,MODEL_A,BATCH_01,710676.0,50762.57142857143,10439.785988922642,30240.0,63133.0,14,1.9,4.0,0.0,5.0,14.0,14.69659142857143,63.250855813953486,41.35926571428571,1.461489069767442,0.0990919667054106,0.2066020194230416,0.1518673355710357,0.057477310712429,14.8926,63.6143,41.6351,1.59034,156,12,1,0,0,0,0,run_002
U000089,6263940,MODEL_A,BATCH_01,701156.0,50082.57142857143,9376.283950759742,37169.0,67646.0,14,1.9,4.0,0.0,3.0,14.0,14.724746153846151,63.291999999999994,41.41185128205128,1.4663046666666668,0.1093126800709393,0.1659569960726416,0.1437115401581549,0.0400938883689953,14.9745,63.6573,41.6653,1.54644,168,12,1,0,0,0,0,run_002
U000090,6318847,MODEL_B,BATCH_01,683751.0,48839.357142857145,9612.18001853852,34937.0,65483.0,14,1.9,4.0,0.0,3.0,14.0,14.715617142857145,63.26367619047619,41.38526285714286,1.4719047619047618,0.106130276452254,0.1704827390011337,0.1739717879186078,0.0542622950095001,14.9002,63.6836,41.8372,1.58151,154,12,1,0,0,0,0,run_002
U000091,6396233,MODEL_A,BATCH_02,730619.0,52187.07142857143,12301.56789546817,34938.0,77386.0,14,1.925,4.0,0.0,4.0,14.0,14.68924054054054,63.36205555555556,39.87731891891893,1.6507855555555555,0.0925004848619707,0.192287507932966,0.155424790382569,0.0396406781748447,14.8402,63.8264,40.26,1.76904,164,12,1,1,1,0,1,run_002
U000092,6449391,MODEL_A,BATCH_01,703175.0,50226.78571428572,8377.737772293824,36956.0,63652.0,14,1.875,4.0,0.0,3.0,14.0,14.722227027027026,63.34536739130435,41.410291891891895,1.4777550000000002,0.0937193880352069,0.1506839327191519,0.1633193180694029,0.0420397972693071,14.925,63.6627,41.7529,1.61525,166,12,1,0,0,0,0,run_002
U000093,6524592,MODEL_A,BATCH_01,720327.0,51451.92857142857,10548.20964367002,36979.0,75201.0,14,1.9,4.0,0.0,5.0,14.0,14.730231428571429,63.37193181818182,39.8457,1.6665284090909092,0.1073960941655554,0.2185343193448133,0.1979651974761339,0.048390326437822,14.9194,63.7046,40.3883,1.79268,158,12,1,0,0,0,1,run_002
U000094,6576786,MODEL_A,BATCH_01,721147.0,51510.5,9019.215382470064,38986.0,71440.0,14,1.9,4.0,0.0,5.0,14.0,14.74968947368421,63.41977446808511,41.34174210526316,1.4938368085106384,0.0969414752102098,0.2085228414848269,0.1521977476687742,0.0575853611797448,14.9758,63.8808,41.7569,1.65298,170,12,1,0,0,0,1,run_002
U000095,6637145,MODEL_B,BATCH_01,710831.0,50773.642857142855,8001.700084810274,34011.0,60359.0,14,1.975,4.0,0.0,4.0,14.0,14.727747222222222,63.44970000000001,41.35061944444445,1.482086511627907,0.0703723260790613,0.1952690866227314,0.1361438814940059,0.0504785169242804,14.8609,63.8627,41.6655,1.60465,158,12,1,0,0,0,0,run_002
U000096,6691589,MODEL_A,BATCH_01,668017.0,47715.5,7747.074532214873,35305.0,63207.0,14,1.875,4.0,0.0,2.0,14.0,14.72295,63.4874975,41.319990625,1.4948935,0.1082619821275851,0.1923770089780307,0.1449132139823459,0.0436830337040565,14.885,63.821,41.5823,1.58163,144,12,1,0,0,0,0,run_002
U000097,6755194,MODEL_A,BATCH_01,734776.0,52484.0,12094.09644286132,34495.0,71311.0,14,1.875,4.0,0.0,4.0,14.0,14.701636842105264,63.487515555555554,41.33937631578947,1.5000371111111113,0.0991234867879523,0.2120184886401498,0.1397710955585153,0.0382162616281117,14.9103,63.9069,41.6006,1.58619,166,12,1,0,0,0,0,run_002
U000098,6805074,MODEL_A,BATCH_02,698573.0,49898.07142857143,11054.122158127851,35644.0,69490.0,14,1.925,4.0,0.0,5.0,14.0,14.751308333333334,63.53949318181819,41.318244444444446,1.4912527272727274,0.1001648708736892,0.1888328969636565,0.1614105492117092,0.0510586652720745,14.9865,64.0576,41.6328,1.59148,160,12,1,0,0,0,0,run_002
U000099,6866964,MODEL_A,BATCH_01,695149.0,49653.5,8998.834477949824,35402.0,61890.0,14,1.9,4.0,0.0,4.0,14.0,14.713251428571429,63.51791190476191,41.33750857142857,1.5005814285714285,0.1077902275703319,0.1901938166807757,0.1173167892588987,0.0443086967497973,14.946,63.9147,41.6856,1.57338,154,12,1,0,0,0,0,run_002
U000100,6937984,MODEL_B,BATCH_01,721045.0,51503.21428571428,11879.65924905367,34208.0,71131.0,14,1.9,4.0,0.0,4.0,14.0,14.73496857142857,63.588209523809525,41.25474857142857,1.5052769047619048,0.0755549226466051,0.1408756133746028,0.1211907571981132,0.048149195089293,14.8665,63.848,41.4753,1.59463,154,12,1,0,0,0,0,run_002
U000101,6999459,MODEL_A,BATCH_01,710343.0,50738.78571428572,10059.121112996609,37675.0,63471.0,14,1.9,4.0,0.0,5.0,14.0,14.725641176470589,63.61938333333333,41.28420588235294,1.5126707142857143,0.0994217832287881,0.2242204423968016,0.1406387332767278,0.0489174043242158,14.879,64.0432,41.64,1.60436,152,12,1,0,0,0,0,run_002
U000102,7056951,MODEL_A,BATCH_01,722767.0,51626.21428571428,11143.126678868848,32140.0,65326.0,14,1.9,4.0,0.0,5.0,14.0,14.75101052631579,63.64957608695653,41.28613421052631,1.5173443478260868,0.1015394099751119,0.2140331004357165,0.1392123776655864,0.0459868716846775,14.9544,64.1384,41.5647,1.60093,168,12,1,0,0,0,0,run_002
U000103,7110065,MODEL_A,BATCH_01,680257.0,48589.78571428572,7189.262775712246,34093.0,60692.0,14,1.9268292682926829,4.0,0.0,4.0,14.0,14.75238157894737,63.59931555555555,41.29346842105264,1.5191617777777775,0.1009078301819741,0.1827150761998232,0.1423012660771832,0.0434466082099568,14.9465,64.0377,41.5147,1.60837,166,12,2,0,0,0,0,run_002
U000104,7171665,MODEL_A,BATCH_01,701779.0,50127.07142857143,9706.127735090347,34646.0,65452.0,14,1.875,4.0,0.0,4.0,14.0,14.766871428571427,63.68163255813953,41.28354,1.5137162790697674,0.0860647245201115,0.2209329037566545,0.1711155254756969,0.0429114818702549,14.9428,64.062,41.5786,1.60189,156,12,1,0,0,0,0,run_002
U000105,7217961,MODEL_B,BATCH_02,693621.0,49544.357142857145,8856.58133912197,38542.0,64469.0,14,1.925,4.0,0.0,4.0,14.0,14.74970588235294,63.65201951219512,41.34772058823529,1.539369756097561,0.1105165555709118,0.2015815755711704,0.1492408116646057,0.0476139813231263,14.9487,64.092,41.6451,1.62816,150,12,1,0,0,0,0,run_002
U000106,7282990,MODEL_A,BATCH_01,714213.0,51015.21428571428,11164.179181502926,30940.0,66950.0,14,1.9,4.0,0.0,4.0,14.0,14.74403243243243,63.66746888888888,41.26107297297297,1.5299024444444442,0.0985274723506489,0.2259873818100779,0.1565086306612884,0.0562371955186065,14.973,64.2406,41.6276,1.64656,164,12,1,1,1,0,0,run_002
U000107,7346686,MODEL_A,BATCH_01,707720.0,50551.42857142857,8790.140943249873,36177.0,63696.0,14,1.95,4.0,0.0,4.0,14.0,14.761807894736842,63.73050444444444,41.2764447368421,1.5191177777777776,0.1092113482410929,0.1865549443261293,0.1953010976808229,0.0565853554331414,14.9476,64.1695,41.7546,1.68207,166,12,1,0,0,0,0,run_002
U000108,7395354,MODEL_A,BATCH_01,701823.0,50130.21428571428,9385.400931385784,37436.0,66755.0,14,1.902439024390244,4.0,0.0,2.0,14.0,14.737423684210526,63.74398666666667,41.24799736842105,1.543038666666667,0.0945286412601605,0.2080048476270769,0.1502196958454991,0.0483439883260858,14.888,64.0967,41.5479,1.65858,166,12,2,0,0,0,0,run_002
U000109,7449883,MODEL_A,BATCH_01,726928.0,51923.42857142857,8811.521126992126,35157.0,67713.0,14,1.875,4.0,0.0,4.0,14.0,14.797340540540542,63.8875,41.24646486486487,1.5498984090909091,0.0972615216238603,0.2096474449231155,0.1421146919768522,0.0554202160219695,15.0331,64.3533,41.4705,1.71127,162,12,1,0,0,0,0,run_002
U000110,7512888,MODEL_B,BATCH_01,713456.0,50961.142857142855,14828.807747381152,28360.0,86415.0,14,1.9,4.0,0.0,4.0,14.0,14.74579142857143,63.82127619047618,41.23097714285714,1.5399757142857142,0.1038998198815986,0.2232786619511451,0.1289483505487515,0.0584835454091464,15.0225,64.21,41.4418,1.66659,154,12,1,0,0,0,0,run_002
U000111,7593959,MODEL_A,BATCH_01,722312.0,51593.71428571428,11821.822782975894,35042.0,81071.0,14,1.825,4.0,0.0,4.0,14.0,14.750014705882352,63.82721666666667,41.25221764705882,1.5327561904761904,0.1146225376652427,0.2007933046166175,0.1459016656614339,0.0526091286687007,14.9437,64.3301,41.4803,1.66734,152,12,1,0,0,0,0,run_002
U000112,7645623,MODEL_A,BATCH_02,725817.0,51844.07142857143,11251.094172187368,34860.0,80111.0,14,1.875,4.0,0.0,5.0,14.0,14.77231052631579,63.82230666666666,41.23987894736842,1.542085777777778,0.0843064704947555,0.2013345208172885,0.1765861433728431,0.057260043203588,14.9656,64.2317,41.777,1.67663,166,12,1,0,0,0,0,run_002
U000113,7699479,MODEL_A,BATCH_01,709491.0,50677.92857142857,9508.294779290876,31636.0,64941.0,14,1.9,4.0,0.0,5.0,14.0,14.772455555555556,63.879104545454545,41.24165555555555,1.5612240909090909,0.0926199683636449,0.191688167259303,0.1490264548795557,0.0436258232849979,15.0146,64.241,41.5204,1.64933,160,12,1,0,0,0,0,run_002
U000114,7764683,MODEL_A,BATCH_01,702573.0,50183.78571428572,7562.922676590572,40451.0,65204.0,14,1.875,4.0,0.0,4.0,14.0,14.756842857142855,63.9315619047619,41.177339999999994,1.5460297619047618,0.0873765357037953,0.1792851794949251,0.1266539360991658,0.056272561805351,14.9422,64.4004,41.4342,1.67296,154,12,1,0,0,0,0,run_002
U000115,7820880,MODEL_B,BATCH_01,721260.0,51518.57142857143,10449.525036790214,32563.0,67312.0,14,1.9,4.0,0.0,4.0,14.0,14.768484210526315,63.98713260869565,41.18835263157895,1.5519658695652172,0.1090309044369206,0.2161698900344075,0.1307091877017233,0.0541360834102803,14.978,64.3764,41.4584,1.65756,168,12,1,0,0,0,0,run_002
U000116,7888688,MODEL_A,BATCH_01,727103.0,51935.92857142857,11111.134951821188,35908.0,67808.0,14,1.875,4.0,0.0,3.0,14.0,14.797070270270268,64.03277111111112,41.174216216216216,1.5621433333333332,0.0963545503303784,0.2380878730276443,0.164553183759188,0.0457159082615867,15.0238,64.5597,41.5928,1.65619,164,12,1,0,0,0,0,run_002
U000117,7936788,MODEL_A,BATCH_01,693949.0,49567.78571428572,9677.099527143542,32661.0,64335.0,14,1.925,4.0,0.0,4.0,14.0,14.76928611111111,64.05288409090909,41.18246944444444,1.5772761363636365,0.0993384752184676,0.2045746556663726,0.1220712293690958,0.047472698259884,15.0258,64.6952,41.4256,1.68388,160,12,1,0,0,0,0,run_002
U000118,7983434,MODEL_A,BATCH_01,673708.0,48122.0,6768.467512039815,39271.0,63992.0,14,1.9268292682926829,4.0,0.0,4.0,14.0,14.735042857142856,64.05902093023256,41.163402857142856,1.5789441860465117,0.0825550129796321,0.1569882776305254,0.1568004173270925,0.0506377618004097,14.9243,64.3097,41.5336,1.69708,156,12,2,0,0,0,0,run_002
U000119,8046555,MODEL_A,BATCH_02,717621.0,51258.642857142855,10238.592598648453,31654.0,66871.0,14,1.925,4.0,0.0,4.0,14.0,14.760032432432434,64.04974222222222,41.20467567567568,1.5742953333333332,0.1041407169118732,0.2303646511402041,0.1333572486998021,0.0503590338379412,15.049,64.5833,41.4565,1.66736,164,12,1,0,0,0,0,run_002
U000120,8102086,MODEL_B,BATCH_01,700563.0,50040.21428571428,8615.117430143644,38012.0,66940.0,14,1.9268292682926829,4.0,0.0,4.0,14.0,14.780523684210529,64.0685804347826,41.16992894736842,1.571915,0.1064871656629312,0.1877718362736658,0.1769439580051761,0.057151265943012,14.9793,64.5016,41.5244,1.70517,168,12,2,0,0,0,0,run_002
U000121,8151042,MODEL_A,BATCH_01,708154.0,50582.42857142857,8691.955827654103,35944.0,64419.0,14,1.853658536585366,4.0,0.0,4.0,14.0,14.798829729729729,64.12000454545455,41.16737027027027,1.5868934090909088,0.0958768158305947,0.2161385192735001,0.1392938079202546,0.0577858063744063,14.9743,64.4964,41.5364,1.69865,162,12,2,0,0,0,0,run_002
U000122,8214317,MODEL_A,BATCH_01,727447.0,51960.5,11565.676140067346,36831.0,71327.0,14,1.875,4.0,0.0,5.0,14.0,14.77198888888889,64.1977659090909,40.517516666666666,1.6589547727272729,0.0972476273020222,0.2167362569803483,0.7555589395559114,0.1005725245546515,14.9752,64.6073,41.3879,1.88631,160,12,1,0,0,0,0,run_002
U000123,8277101,MODEL_A,BATCH_01,720239.0,51445.642857142855,10389.405954789072,36242.0,71186.0,14,1.9,4.0,0.0,5.0,14.0,14.78237142857143,64.15983571428572,41.120900000000006,1.5847488095238096,0.1110052133683729,0.1851426948973913,0.1593002621762168,0.0519097954571375,15.0261,64.4598,41.5093,1.66878,154,12,1,0,0,0,0,run_002
U000124,8336642,MODEL_A,BATCH_01,713354.0,50953.857142857145,9514.11870575792,33943.0,63628.0,14,1.85,4.0,0.0,3.0,14.0,14.8123,64.1660659574468,41.14634871794872,1.593285744680851,0.1067324791488661,0.1981006214205667,0.1689526107207766,0.0483785560088207,15.0963,64.6073,41.5105,1.69363,172,12,1,0,0,0,1,run_002
U000125,8398942,MODEL_B,BATCH_01,755192.0,53942.28571428572,11488.4606884043,37935.0,73050.0,14,1.85,4.0,0.0,5.0,14.0,14.812607894736844,64.22513695652174,41.12507631578947,1.5924243478260869,0.1089714030961583,0.1914358277841931,0.145209597691527,0.0459987010276581,15.0244,64.612,41.4156,1.66178,168,12,1,0,0,0,0,run_002
U000126,8456340,MODEL_A,BATCH_02,677871.0,48419.357142857145,7344.604001548377,33694.0,61273.0,14,1.951219512195122,4.0,0.0,5.0,14.0,14.809682857142857,64.24610731707317,39.666222857142856,1.7622817073170731,0.0818647970228758,0.160602453888854,0.1345220386180281,0.0384067872844396,15.0207,64.5669,39.9818,1.85392,152,12,2,0,0,0,1,run_002
U000127,8511436,MODEL_A,BATCH_01,693280.0,49520.0,11725.759781845203,31483.0,75181.0,14,1.9,4.0,0.0,1.0,14.0,14.780975675675675,64.2784909090909,41.13901351351351,1.6142211363636365,0.1169697786358255,0.2231675049470055,0.1625347589528714,0.0545890137688898,15.1035,64.7986,41.5644,1.72156,162,12,1,0,0,0,0,run_002
U000128,8585369,MODEL_A,BATCH_01,726483.0,51891.642857142855,11285.493292835605,37773.0,73933.0,14,1.9,4.0,0.0,3.0,14.0,14.777358333333334,64.30112727272727,41.14749166666667,1.595686590909091,0.1065195283906729,0.1917336613986161,0.1320552013904996,0.0504312430359825,15.0077,64.7913,41.3519,1.74105,160,12,1,0,0,0,0,run_002
U000129,8642167,MODEL_A,BATCH_01,757141.0,54081.5,13412.490703989895,35282.0,82723.0,14,1.95,4.0,0.0,4.0,14.0,14.838924324324324,64.30197555555556,41.10281351351352,1.617161111111111,0.0938647857452569,0.1744516332495436,0.1891410219947044,0.0555328478233715,15.0381,64.6564,41.4188,1.74689,164,12,1,0,0,0,0,run_002
U000130,8690291,MODEL_B,BATCH_01,690145.0,49296.07142857143,8747.151804262527,36825.0,62448.0,14,1.925,4.0,0.0,2.0,14.0,14.80907894736842,64.38086,41.08949736842106,1.6110073333333332,0.1112881605560222,0.1677145713840804,0.1570780379075567,0.0530223087868767,15.0109,64.7114,41.4157,1.74223,166,12,1,0,0,0,0,run_002
U000131,8746214,MODEL_A,BATCH_01,684559.0,48897.07142857143,10564.59626418704,30340.0,67769.0,14,1.875,4.0,0.0,3.0,14.0,14.84315142857143,64.39069268292683,41.10514571428572,1.6178170731707318,0.1046673536704245,0.1941979626441055,0.1815502739364127,0.0519488820016323,15.0686,64.7864,41.4289,1.72872,152,12,1,0,0,0,0,run_002
U000132,8796996,MODEL_A,BATCH_01,715419.0,51101.357142857145,9044.56481588756,35463.0,66237.0,14,1.875,4.0,0.0,4.0,14.0,14.788535135135136,64.35092272727273,41.11232432432432,1.6244934090909091,0.0937236576804863,0.1591780747196682,0.1752932406718103,0.0459925923733822,14.9431,64.8091,41.5582,1.72566,162,12,1,0,0,0,0,run_002
U000133,8841159,MODEL_A,BATCH_02,698632.0,49902.28571428572,10941.899746658895,34120.0,64427.0,14,1.902439024390244,4.0,0.0,4.0,14.0,14.837283333333334,64.43368181818181,41.10935277777778,1.6243347727272728,0.1078404204633602,0.1995454104321251,0.1634558454771057,0.0439552163472458,15.0588,64.879,41.3511,1.73996,160,12,2,1,0,1,0,run_002
U000134,8893013,MODEL_A,BATCH_01,680976.0,48641.142857142855,7581.164847143243,32921.0,60127.0,14,1.925,4.0,0.0,3.0,14.0,14.797765714285712,64.4806243902439,41.03670857142857,1.631282926829268,0.0829157862740586,0.1920912215335289,0.1619556736224053,0.05405443572196,14.9698,64.7767,41.4894,1.72329,152,12,1,0,0,0,0,run_002
U000135,8960714,MODEL_B,BATCH_01,728917.0,52065.5,9142.706330100598,38383.0,67701.0,14,1.9,4.0,0.0,4.0,14.0,14.803173684210526,64.5318652173913,41.0402947368421,1.630745,0.1157793607248008,0.252621010138283,0.1226233167443635,0.0483662823669548,15.0477,65.1975,41.2546,1.75189,168,12,1,0,0,0,0,run_002
U000136,9008259,MODEL_A,BATCH_01,651400.0,46528.57142857143,8254.612787026188,28397.0,56739.0,14,1.9268292682926829,4.0,0.0,4.0,14.0,14.834388571428573,64.48101627906976,41.03592857142857,1.6357934883720928,0.127545490780691,0.187518524710585,0.1734700526306019,0.046983085704362,15.1289,64.97,41.4815,1.75425,156,12,2,1,1,0,0,run_002
U000137,9058315,MODEL_A,BATCH_01,702175.0,50155.357142857145,10214.93956160548,37078.0,71086.0,14,1.925,4.0,0.0,3.0,14.0,14.818321052631578,64.49452954545455,41.09402631578948,1.6303200000000002,0.0933664160869207,0.2344793634788881,0.1529257984425879,0.0500358398992022,15.0261,65.1188,41.4088,1.72441,164,12,1,0,0,0,0,run_002
U000138,9113234,MODEL_A,BATCH_01,687787.0,49127.642857142855,8790.327066700103,33078.0,64524.0,14,1.85,4.0,0.0,3.0,14.0,14.851975675675677,64.55687045454546,39.57886756756757,1.816151818181818,0.098906435599525,0.1948555321490529,0.1710991737333995,0.0590184322123468,15.0631,64.9717,39.9017,1.94519,162,12,1,0,0,0,0,run_002
U000139,9179795,MODEL_A,BATCH_01,707407.0,50529.07142857143,9441.730573643516,36964.0,66230.0,14,1.925,4.0,0.0,6.0,14.0,14.829351428571428,64.55320930232558,41.048765714285715,1.6602011627906976,0.0929952856851567,0.1679649578163955,0.1596370735778637,0.0519379072597316,15.0016,64.9011,41.3799,1.84597,156,12,1,0,0,0,0,run_002
U000140,9240952,MODEL_B,BATCH_02,686298.0,49021.28571428572,7280.400352776164,33309.0,61157.0,14,1.9,4.0,0.0,5.0,14.0,14.84123611111111,64.59041818181818,41.01515,1.6449961363636365,0.1149026871568848,0.1904791843266156,0.1179485686947617,0.0552564661991534,15.0781,64.8941,41.2329,1.77639,160,12,1,0,0,0,0,run_002
U000141,9298003,MODEL_A,BATCH_01,701568.0,50112.0,10999.008675610445,35492.0,67474.0,14,1.875,4.0,0.0,6.0,14.0,14.810558333333336,64.67207441860465,41.034552777777776,1.6523269767441862,0.1042299775222358,0.1906949959303286,0.1594484717233777,0.0471118991406874,15.0547,65.221,41.2967,1.76261,158,12,1,0,0,0,0,run_002
U000142,9356049,MODEL_A,BATCH_01,707668.0,50547.71428571428,9651.041844346064,32410.0,62207.0,14,1.925,4.0,0.0,5.0,14.0,14.859271428571429,64.68836744186046,41.07496857142857,1.6609358139534882,0.1104743983422207,0.2047442466438933,0.132623123197736,0.051554770470348,15.0714,65.4121,41.3066,1.79848,156,12,1,0,0,0,0,run_002
U000143,9454369,MODEL_A,BATCH_01,736752.0,52625.142857142855,14574.829455960358,31475.0,93372.0,14,1.9,4.0,0.0,5.0,14.0,14.839797058823528,64.64653571428572,41.01072941176471,1.667962142857143,0.0753853714822151,0.2060178725628708,0.1405330491258666,0.0480973428877016,14.9926,65.1883,41.4186,1.77571,152,12,1,0,0,0,0,run_002
U000144,9528249,MODEL_A,BATCH_01,742120.0,53008.57142857143,12882.18121589356,39857.0,81890.0,14,1.9,4.0,0.0,6.0,14.0,14.879991666666667,64.77504047619047,41.03361666666667,1.674209761904762,0.0918431314019414,0.1940492093227705,0.1813383128693046,0.0448198772589005,15.1197,65.2978,41.3225,1.73957,156,12,1,0,0,0,0,run_002
U000145,9590697,MODEL_B,BATCH_01,731320.0,52237.142857142855,8193.39318134897,37519.0,62448.0,14,1.9,4.0,0.0,5.0,14.0,14.857167567567569,64.80584999999999,40.99661621621622,1.654574090909091,0.0960714752846201,0.1943652058775311,0.1673397683249953,0.0422559475554092,15.0706,65.1182,41.3193,1.74708,162,12,1,0,0,0,0,run_002
U000146,9662748,MODEL_A,BATCH_01,735959.0,52568.5,11983.273629714686,36628.0,74726.0,14,1.9,4.0,0.0,5.0,14.0,14.875360526315788,64.77184565217391,40.95984736842106,1.6676806521739131,0.0919185524886429,0.2210644367665198,0.1605237234918843,0.0410870471831681,15.0878,65.3731,41.328,1.77519,168,12,1,0,0,0,0,run_002
U000147,9723501,MODEL_A,BATCH_02,704693.0,50335.21428571428,10705.617297464923,36635.0,70449.0,14,1.9,4.0,0.0,4.0,14.0,14.867456756756756,64.78785111111111,40.95937297297297,1.6704844444444444,0.100582723114803,0.1983719401691292,0.1151578931743726,0.0481706337152134,15.0972,65.2097,41.1918,1.76023,164,12,1,0,0,0,0,run_002
U000148,9781968,MODEL_A,BATCH_01,713952.0,50996.57142857143,10193.25636588521,36050.0,71170.0,14,1.875,4.0,0.0,5.0,14.0,14.848069444444445,64.85894186046511,40.94919166666667,1.6863162790697674,0.0770571580783455,0.1853508786220883,0.1423909836130268,0.0507497858791287,14.9936,65.1797,41.1938,1.79394,158,12,1,0,0,0,0,run_002
U000149,9836182,MODEL_A,BATCH_01,754449.0,53889.21428571428,9418.115279188714,42106.0,72291.0,14,1.8780487804878048,4.0,0.0,6.0,14.0,14.84634,64.8010306122449,40.985525,1.6920812244897958,0.0767416404868658,0.1905653422539548,0.1279842493314039,0.0536440909542022,14.9742,65.2261,41.2042,1.81836,178,12,2,0,0,0,0,run_002
U000150,9913403,MODEL_B,BATCH_01,746572.0,53326.57142857143,13290.071885632324,35582.0,80673.0,14,1.9,4.0,0.0,5.0,14.0,14.86104,64.84048775510205,39.432315,1.8661810204081632,0.095479238715236,0.1916709904939709,0.1385088584596479,0.0475347550590135,15.0745,65.2292,39.7337,2.00884,178,12,1,1,1,0,1,run_002
U000151,9963289,MODEL_A,BATCH_01,745626.0,53259.0,13006.747373220149,33359.0,85937.0,14,1.975,4.0,0.0,5.0,14.0,14.87794358974359,64.88697291666666,40.96167948717949,1.698231875,0.0884490272323762,0.1642284329434342,0.1378855192188662,0.0448199298686516,15.0885,65.1972,41.1853,1.80099,174,12,1,0,0,0,0,run_002
U000152,10021348,MODEL_A,BATCH_01,687394.0,49099.57142857143,8711.827669361886,35841.0,63990.0,14,1.9,4.0,0.0,2.0,14.0,14.857911111111113,64.97482558139535,40.86759444444445,1.6962551162790698,0.08782209216943,0.2194524843820208,0.1541396249127846,0.0448988684963002,15.0309,65.4206,41.2408,1.80555,158,12,1,0,0,0,0,run_002
U000153,10081431,MODEL_A,BATCH_01,746375.0,53312.5,12453.78964720872,36577.0,85510.0,14,1.925,4.0,0.0,5.0,14.0,14.847958333333334,64.97944090909091,40.87428611111111,1.707161590909091,0.1015592870480797,0.192576569269764,0.1408007328568123,0.0395789730376177,15.0409,65.427,41.2554,1.79187,160,12,1,0,0,0,0,run_002
U000154,10127150,MODEL_A,BATCH_02,689154.0,49225.28571428572,7631.502941286019,35438.0,59633.0,14,1.902439024390244,4.0,0.0,5.0,14.0,14.856923529411764,64.89849523809524,40.931479411764705,1.7093928571428572,0.0830392132955359,0.1736361502098517,0.1819266731729145,0.0489856525677803,15.0247,65.2004,41.2609,1.82231,152,12,2,0,0,0,0,run_002
U000155,10190842,MODEL_B,BATCH_01,739160.0,52797.142857142855,9371.465543849608,33057.0,67226.0,14,2.0,4.0,0.0,5.0,14.0,14.854923076923075,65.00161086956521,40.93285128205128,1.7092886956521738,0.1185862210455431,0.1850950761434796,0.1657036811073425,0.0591322422525684,15.0497,65.3788,41.2957,1.82402,170,12,1,0,0,0,0,run_002
U000156,10248287,MODEL_A,BATCH_01,693615.0,49543.92857142857,8809.946882440812,31065.0,62486.0,14,2.0,4.0,0.0,3.0,14.0,14.85417222222222,65.04021428571428,40.9219,1.7063907142857142,0.0945363833546517,0.1694683114078505,0.1649429442478298,0.0430812642992715,15.107,65.3986,41.2396,1.7907,156,12,1,0,0,0,0,run_002
U000157,10315170,MODEL_A,BATCH_01,741752.0,52982.28571428572,10844.362295884235,37828.0,66883.0,14,1.95,4.0,0.0,2.0,14.0,14.869994736842106,65.09934565217391,40.888465789473685,1.7111421739130437,0.1118423382275199,0.1690575795487992,0.157680297962606,0.0510800304495273,15.1153,65.5921,41.4321,1.80935,168,12,1,0,0,0,0,run_002
U000158,10380024,MODEL_A,BATCH_01,734214.0,52443.857142857145,11992.741464076336,34119.0,72668.0,14,1.9,4.0,0.0,3.0,14.0,14.86038888888889,65.06138888888889,40.860025,1.7150304444444446,0.0900726842302617,0.1757142983552105,0.133986942594099,0.0529362457007379,15.0772,65.5105,41.2477,1.82767,162,12,1,0,0,0,0,run_002
U000159,10442909,MODEL_A,BATCH_01,704231.0,50302.21428571428,8841.879170077013,39030.0,65042.0,14,1.925,4.0,0.0,3.0,14.0,14.878280555555556,65.09631956521739,40.87896111111111,1.7193123913043478,0.0839437356445868,0.1712959617083373,0.1310681290186311,0.0461548038758833,15.0515,65.4199,41.1769,1.8041,164,12,1,0,0,0,0,run_002
U000160,10509585,MODEL_B,BATCH_01,706537.0,50466.92857142857,9782.068048332,38139.0,66676.0,14,1.9,4.0,0.0,3.0,14.0,14.870674285714289,65.18753571428572,40.87745142857143,1.717452380952381,0.0856987896916981,0.1869354262076322,0.1255453500706805,0.0463699140165271,15.0152,65.5751,41.0671,1.84351,154,12,1,1,1,0,0,run_002
U000161,10559849,MODEL_A,BATCH_02,744954.0,53211.0,12194.121294863608,37244.0,85113.0,14,1.875,4.0,0.0,5.0,14.0,14.864637837837837,65.14695,40.879237837837834,1.7207715217391304,0.0954863089410995,0.2373001350844757,0.1525831673972333,0.0423197797183613,15.0506,65.6658,41.2033,1.82253,166,12,1,0,0,0,0,run_002
U000162,10627389,MODEL_A,BATCH_01,721818.0,51558.42857142857,10786.144685976224,36636.0,70351.0,14,1.9,4.0,0.0,4.0,14.0,14.925402702702703,65.18978666666666,40.86785405405406,1.7162422222222224,0.0834822053110938,0.2268500431803115,0.1338395942798573,0.0515524582734946,15.0776,65.6261,41.1663,1.80933,164,12,1,0,0,0,0,run_002
U000163,10683602,MODEL_A,BATCH_01,673210.0,48086.42857142857,7409.101998054987,35303.0,59277.0,14,1.875,4.0,0.0,4.0,14.0,14.885960606060603,65.18698048780487,40.19719393939394,1.8233224390243905,0.1276015868323008,0.1773777469406962,0.768616239557894,0.0972376903978207,15.1771,65.4556,41.1681,2.07477,148,12,1,0,0,0,1,run_002
U000164,10745081,MODEL_A,BATCH_01,707892.0,50563.71428571428,10804.96449592694,34182.0,67489.0,14,1.875,4.0,0.0,5.0,14.0,14.91117777777778,65.2194953488372,40.866391666666665,1.7358069767441862,0.0838614848122822,0.1917535235331396,0.1554155671096043,0.0445191884009625,15.1019,65.6405,41.3368,1.85082,158,12,1,0,0,0,0,run_002
U000165,10804191,MODEL_B,BATCH_01,702172.0,50155.142857142855,9943.93384359099,31621.0,66004.0,14,1.85,4.0,0.0,4.0,14.0,14.910797222222222,65.24584418604651,40.864375,1.736016046511628,0.0989956030368769,0.2280816669761751,0.1518126164058842,0.0552671421000086,15.1341,65.6793,41.1871,1.85273,158,12,1,0,0,0,0,run_002
U000166,10872522,MODEL_A,BATCH_01,707540.0,50538.57142857143,10370.007015161826,36358.0,68331.0,14,1.85,4.0,0.0,4.0,14.0,14.925314285714284,65.24060952380952,40.86332285714286,1.737957380952381,0.0934936051378953,0.1989690156164456,0.1837738829388435,0.0362636079124367,15.093,65.6652,41.4177,1.80264,154,12,1,0,0,0,0,run_002
U000167,10921794,MODEL_A,BATCH_01,690274.0,49305.28571428572,6813.616202740052,37208.0,60244.0,14,1.85,4.0,0.0,5.0,14.0,14.901176470588236,65.31388780487805,40.88598235294118,1.7442234146341464,0.0692842806905156,0.2063487208527371,0.117911046262253,0.0413912590174397,15.0681,65.7294,41.1707,1.8116,150,12,1,0,0,0,0,run_002
U000168,10994913,MODEL_A,BATCH_02,709565.0,50683.21428571428,13506.379348455885,33432.0,79353.0,14,1.825,4.0,0.0,5.0,14.0,14.908811428571427,65.31274146341464,40.886968571428575,1.7519875609756097,0.0857320956146959,0.2068747446833576,0.1700638474764322,0.0481290203920923,15.0669,65.8175,41.2796,1.86717,152,12,1,0,0,0,0,run_002
U000169,11050256,MODEL_A,BATCH_01,731742.0,52267.28571428572,8850.152084121939,37492.0,68413.0,14,1.825,4.0,0.0,5.0,14.0,14.88547105263158,65.37025555555556,40.81723947368421,1.746302,0.1184326810902017,0.1935127251577524,0.1403246940173647,0.0524204499737892,15.1637,65.8089,41.1227,1.84931,166,12,1,0,0,0,0,run_002
U000170,11105767,MODEL_B,BATCH_01,719255.0,51375.357142857145,15291.39248379318,32482.0,91757.0,14,1.825,4.0,0.0,5.0,14.0,14.91788611111111,65.33386046511629,40.83236111111111,1.7570272093023256,0.0985252285393449,0.2205790141763646,0.1417468614472952,0.0423712529640186,15.1951,65.8146,41.0552,1.86881,158,12,1,0,0,0,1,run_002
U000171,11156759,MODEL_A,BATCH_01,700021.0,50001.5,8286.506805552117,35765.0,61433.0,14,1.902439024390244,4.0,0.0,5.0,14.0,14.881994285714288,65.42273023255814,40.83805714285714,1.766157906976744,0.0997953168265136,0.1778851147910653,0.1495220430054965,0.0603559198800131,15.0519,65.7675,41.0976,1.89349,156,12,2,0,0,0,0,run_002
U000172,11217978,MODEL_A,BATCH_01,710613.0,50758.07142857143,9670.400703369858,35500.0,63780.0,14,1.9,4.0,0.0,3.0,14.0,14.931508108108106,65.48910697674418,40.7842054054054,1.766626511627907,0.1116181670258484,0.1588410367322191,0.1633739914462562,0.0472114909279167,15.1391,65.7466,41.1937,1.88797,160,12,1,0,0,0,0,run_002
U000173,11262201,MODEL_A,BATCH_01,646139.0,46152.78571428572,7680.46175673724,35250.0,61281.0,14,1.825,4.0,0.0,3.0,14.0,14.888410344827586,65.40205675675675,40.7627724137931,1.757319189189189,0.0775614012289047,0.1997459616342446,0.1506049678950845,0.05647563453868,15.0611,65.7587,41.0904,1.93443,132,12,1,0,0,0,0,run_002
U000174,11337372,MODEL_A,BATCH_01,733264.0,52376.0,12821.342933382004,30238.0,75171.0,14,1.825,4.0,0.0,5.0,14.0,14.939408108108108,65.51661739130435,40.80144054054054,1.7666628260869566,0.0810574432060321,0.2010878849374049,0.1541334476993873,0.0406987965240056,15.127,65.8838,41.0002,1.85616,166,12,1,0,0,0,0,run_002
U000175,11392783,MODEL_B,BATCH_02,727310.0,51950.71428571428,8708.476952668867,40092.0,71519.0,14,1.875,4.0,0.0,4.0,14.0,14.929051351351353,65.50371777777778,40.79608378378378,1.7810548888888889,0.0885678290653293,0.1950004595436176,0.1525815456176236,0.0577007022417571,15.0738,65.8739,41.1174,1.92097,164,12,1,0,0,0,0,run_002
U000176,11439724,MODEL_A,BATCH_01,632778.0,45198.42857142857,6696.93592064869,34214.0,57873.0,14,1.829268292682927,4.0,0.0,3.0,14.0,14.901125714285714,65.53744,40.77894285714285,1.7678115,0.0945318226619918,0.2148232198689746,0.1581059274211901,0.0419587793172641,15.1108,65.9945,41.0767,1.83964,150,12,2,0,0,0,0,run_002
U000177,11506257,MODEL_A,BATCH_01,727293.0,51949.5,10086.65964186208,35379.0,75413.0,14,1.775,4.0,0.0,4.0,14.0,14.92563714285714,65.57711627906976,40.76164,1.787034418604651,0.1026645740082847,0.2313169655217845,0.1848131348782571,0.0503108789855314,15.1094,65.9749,41.0864,1.92865,156,12,1,0,0,0,0,run_002
U000178,11571755,MODEL_A,BATCH_01,706678.0,50477.0,11363.882401308509,36824.0,67804.0,14,1.75,4.0,0.0,4.0,14.0,14.91921142857143,65.5861738095238,40.78971142857142,1.7918064285714286,0.0848686381880797,0.2239530177858227,0.1176841354979471,0.0526875420468045,15.1902,66.0669,41.003,1.90188,154,12,1,0,0,0,0,run_002
U000179,11622682,MODEL_A,BATCH_01,699464.0,49961.71428571428,9303.387740524924,37872.0,65324.0,14,1.853658536585366,4.0,0.0,5.0,14.0,14.92407575757576,65.66929024390244,40.785554545454545,1.793561463414634,0.1178484302777912,0.1780040502416696,0.1534424527528754,0.0480202208221169,15.1398,66.0182,41.1413,1.89674,148,12,2,0,0,0,0,run_002
U000180,11691003,MODEL_B,BATCH_01,688808.0,49200.57142857143,12411.0322059683,31984.0,75010.0,14,1.775,4.0,0.0,2.0,14.0,14.930045714285717,65.67619285714285,40.728002857142855,1.8019209523809523,0.0923017568593781,0.1826287028877646,0.1592304221703168,0.0499333122010099,15.07,66.1021,41.1795,1.93057,154,12,1,0,0,0,0,run_002
U000181,11757747,MODEL_A,BATCH_01,705421.0,50387.21428571428,10147.60195376661,31888.0,66744.0,14,1.85,4.0,0.0,5.0,14.0,14.89423157894737,65.6882195652174,40.70535526315789,1.7962417391304348,0.0884843217300902,0.2160596210098415,0.1637423614019792,0.053130388596958,15.0942,66.198,41.1118,1.90475,168,12,1,0,0,0,0,run_002
U000182,11825074,MODEL_A,BATCH_02,712254.0,50875.28571428572,11305.518117808131,36862.0,71838.0,14,1.8,4.0,0.0,2.0,14.0,14.950589189189188,65.73993043478261,40.749921621621624,1.7994619565217391,0.0931959190325647,0.1622715144024789,0.1398090188140293,0.0476588296876672,15.1091,66.0311,41.0359,1.89059,166,12,1,0,0,0,1,run_002
U000183,11877533,MODEL_A,BATCH_01,702749.0,50196.357142857145,9799.49771559859,38740.0,66253.0,14,1.9,4.0,0.0,5.0,14.0,14.952674285714286,65.70915227272727,40.727645714285714,1.8003129545454544,0.1206737978842063,0.1656396979277573,0.1703476710296023,0.0488271388309461,15.1527,66.0923,41.1012,1.91481,158,12,1,0,0,0,0,run_002
U000184,11933551,MODEL_A,BATCH_01,676505.0,48321.78571428572,7498.977542393275,35843.0,62309.0,14,1.85,4.0,0.0,2.0,14.0,14.948669444444445,65.68245813953489,40.72681388888889,1.8171797674418604,0.0778138064115492,0.1841408405497284,0.1632007880806911,0.0540910362914917,15.102,66.1283,41.1063,1.95388,158,12,1,0,0,0,0,run_002
U000185,12010000,MODEL_B,BATCH_01,729096.0,52078.28571428572,12741.479979418957,34092.0,76449.0,14,1.8,4.0,0.0,4.0,14.0,14.919382857142857,65.79740238095239,40.72743142857143,1.7957111904761909,0.1068299486697112,0.2086110787789425,0.1291589462443758,0.0356749395680265,15.1647,66.0658,41.0665,1.85998,154,12,1,0,0,0,0,run_002
U000186,12073257,MODEL_A,BATCH_01,717187.0,51227.642857142855,10468.20475834502,32550.0,64853.0,14,1.825,4.0,0.0,5.0,14.0,14.92685945945946,65.83858666666666,40.68736486486486,1.8256453333333331,0.0954846423354138,0.2196525516686413,0.1572615341401717,0.0471103887693574,15.1168,66.3991,40.9749,1.93671,164,12,1,0,0,0,0,run_002
U000187,12156057,MODEL_A,BATCH_01,745005.0,53214.642857142855,12206.662957374758,38498.0,82800.0,14,1.825,4.0,0.0,4.0,14.0,14.942234210526316,65.88837333333333,40.72303947368421,1.801147111111111,0.1239771432210461,0.1690907655668978,0.1417312198140739,0.0514661633601155,15.1986,66.231,40.9694,1.91189,166,12,1,0,0,0,0,run_002
U000188,12216457,MODEL_A,BATCH_01,734131.0,52437.92857142857,10830.03940233109,34862.0,68995.0,14,1.775,4.0,0.0,4.0,14.0,14.964715384615388,65.9143652173913,40.66305384615384,1.814896956521739,0.1039274254327751,0.2400663308498908,0.169363459748482,0.0432419022024581,15.1615,66.4965,41.0792,1.93698,170,12,1,0,0,0,0,run_002
U000189,12270911,MODEL_A,BATCH_02,780054.0,55718.142857142855,14298.10054548475,36100.0,86840.0,14,1.9,4.0,0.0,5.0,14.0,14.960729268292685,65.92167083333334,40.6863512195122,1.81398,0.0902224285970579,0.166893013198905,0.1669026948882951,0.0484141282351129,15.1132,66.3062,40.9773,1.92006,178,12,1,0,0,0,0,run_002
U000190,12326290,MODEL_B,BATCH_01,681604.0,48686.0,8268.788796059926,34966.0,63303.0,14,1.951219512195122,4.0,0.0,1.0,14.0,14.940425714285714,65.95852619047619,40.693665714285714,1.8278833333333335,0.1054825810622919,0.1925324845058919,0.1795997198721406,0.0471550960785667,15.1473,66.326,41.1668,1.92105,154,12,2,0,0,0,0,run_002
U000191,12380967,MODEL_A,BATCH_01,684794.0,48913.857142857145,8170.218515646115,35905.0,60237.0,14,1.925,4.0,0.0,1.0,14.0,14.966952941176473,65.94495853658537,40.6733,1.8198243902439024,0.1027046729198442,0.2379807365897612,0.1369344213759844,0.0608931842265117,15.1709,66.566,40.9338,1.9605,150,12,1,0,0,0,0,run_002
U000192,12431063,MODEL_A,BATCH_01,690586.0,49327.57142857143,8190.0226985154195,31516.0,60009.0,14,1.925,4.0,0.0,3.0,14.0,14.938769444444445,65.94506976744186,40.65978055555556,1.8371837209302329,0.1234357295332142,0.180317866868064,0.1460099249453257,0.0565644164615401,15.1752,66.3587,40.8789,1.97185,158,12,1,0,0,0,0,run_002
U000193,12481069,MODEL_A,BATCH_01,683989.0,48856.357142857145,10475.538140075469,34800.0,70975.0,14,1.902439024390244,4.0,0.0,2.0,14.0,14.967186486486488,65.95067045454545,40.68478918918919,1.8447681818181816,0.0735952525724398,0.2384607544908501,0.1718917081313818,0.0525878912701892,15.1188,66.5676,41.0372,1.96089,162,12,2,0,0,0,0,run_002
U000194,12532444,MODEL_A,BATCH_01,720448.0,51460.57142857143,9715.436097851118,36133.0,69934.0,14,1.8780487804878048,4.0,0.0,4.0,14.0,14.94976153846154,66.0287847826087,40.63258205128205,1.8329884782608696,0.0935950870713122,0.2013821860900193,0.1363018165531226,0.0433196507612572,15.146,66.509,40.9008,1.93669,170,12,2,0,0,0,0,run_002
U000195,12615759,MODEL_B,BATCH_01,721431.0,51530.78571428572,12545.284600987745,33310.0,85095.0,14,1.825,4.0,0.0,4.0,14.0,14.9497,66.06147380952382,40.67105428571429,1.856145238095238,0.1026522513434669,0.1755082946542702,0.1728867996574584,0.0470789815480376,15.1522,66.5152,40.9896,1.94821,154,12,1,0,0,0,0,run_002
U000196,12699328,MODEL_A,BATCH_02,763306.0,54521.857142857145,14184.822641211886,35791.0,83569.0,14,1.875,4.0,0.0,6.0,14.0,14.977986111111113,66.06565581395348,40.62617777777778,1.864348139534884,0.0892048850448957,0.1846970547916964,0.1467359321290391,0.0498679593792118,15.1682,66.4076,40.9448,1.96716,158,12,1,0,0,0,0,run_002
U000197,12758644,MODEL_A,BATCH_01,685754.0,48982.42857142857,7868.6380085685805,36238.0,61973.0,14,1.8780487804878048,4.0,0.0,4.0,14.0,14.965222857142855,66.07670930232558,40.60392,1.8470586046511628,0.1026692206746967,0.2160266251380861,0.1351754498246422,0.0517444311050725,15.1297,66.5437,40.8526,1.96307,156,12,2,0,0,0,0,run_002
U000198,12808918,MODEL_A,BATCH_01,711188.0,50799.142857142855,10713.106551230692,36049.0,72637.0,14,1.902439024390244,4.0,0.0,4.0,14.0,14.946020588235294,66.11657804878048,40.64415588235294,1.8476982926829268,0.1259832547300268,0.1696846951144907,0.1545113532970397,0.0513010561247251,15.1564,66.4689,40.927,1.96486,150,12,2,1,1,0,0,run_002
U000199,12855361,MODEL_A,BATCH_01,704860.0,50347.142857142855,10130.928037504704,35038.0,67812.0,14,1.875,4.0,0.0,3.0,14.0,14.990334210526315,66.12881063829786,40.601644736842104,1.874645744680851,0.0908737415655184,0.1684554104775151,0.1538598057857067,0.051362859773452,15.2004,66.5115,40.9532,1.98622,170,12,1,0,0,0,0,run_002
U000200,12917661,MODEL_B,BATCH_01,713449.0,50960.642857142855,7408.897733932365,37646.0,63437.0,14,1.825,4.0,0.0,4.0,14.0,14.98907222222222,66.18654772727272,40.633408333333335,1.8623379545454544,0.1014146554951815,0.2059117280830736,0.1203914956061508,0.0507107223458224,15.2164,66.7633,40.8466,1.9691,160,12,1,0,0,0,0,run_002
U000201,12970461,MODEL_A,BATCH_01,736630.0,52616.42857142857,13321.931181986434,37679.0,91295.0,14,1.825,4.0,0.0,6.0,14.0,14.960414285714286,66.21968636363637,40.578002857142856,1.874533636363636,0.1042748577864603,0.1995749490162572,0.1929308295519319,0.0469271884841558,15.2112,66.7553,40.9021,1.96536,158,12,1,0,0,0,0,run_002
U000202,13020128,MODEL_A,BATCH_01,688676.0,49191.142857142855,10250.840317202836,32639.0,65554.0,14,1.804878048780488,4.0,0.0,5.0,14.0,14.983814705882352,66.18069761904762,40.588073529411766,1.865780238095238,0.1011591549276111,0.2135379288729852,0.1539474394933514,0.0424458632238758,15.208,66.6038,40.9768,1.96377,152,12,2,0,0,0,0,run_002
U000203,13075179,MODEL_A,BATCH_02,720246.0,51446.142857142855,12665.589474921915,30745.0,78148.0,14,1.85,4.0,0.0,5.0,14.0,14.973847222222222,66.24812558139534,40.59664444444444,1.8853876744186049,0.1042579671121069,0.1699427509949317,0.1602503656237315,0.0453306320713346,15.2182,66.6515,40.9247,1.98414,158,12,1,0,0,0,0,run_002
U000204,13138037,MODEL_A,BATCH_01,755806.0,53986.142857142855,11243.178662618524,39123.0,72523.0,14,1.825,4.0,0.0,2.0,14.0,14.98768947368421,66.29814042553191,40.60300789473684,1.8763053191489365,0.0930643189077831,0.2133533725796695,0.1345750436315032,0.0534198460455135,15.1788,66.7899,40.9066,1.98282,170,12,1,0,0,0,0,run_002
U000205,13207615,MODEL_B,BATCH_01,701879.0,50134.21428571428,10543.149676657144,34138.0,69578.0,14,1.85,4.0,0.0,4.0,14.0,14.999637142857145,66.34272558139536,40.58426571428571,1.8835686046511624,0.1142261948058845,0.2059251714452925,0.1648570681152703,0.0595640547398702,15.2113,66.8559,40.9648,2.00238,156,12,1,0,0,0,0,run_002
U000206,13259899,MODEL_A,BATCH_01,669832.0,47845.142857142855,7384.706679838594,34394.0,58916.0,14,1.85,4.0,0.0,4.0,14.0,15.008558333333331,66.34780697674418,39.09638888888889,2.05987,0.0980129186091593,0.1711474293386064,0.1364058163355171,0.0511943178580628,15.2136,66.8485,39.4079,2.1548,158,12,1,0,0,0,1,run_002
U000207,13311955,MODEL_A,BATCH_01,704198.0,50299.857142857145,9636.35842371638,31844.0,70525.0,14,1.85,4.0,0.0,4.0,14.0,14.992143243243245,66.36014772727273,40.56353513513513,1.8848134090909092,0.0898347573806127,0.1698917582744903,0.1464774048108441,0.0552332849573297,15.2069,66.7335,40.8716,2.0394,162,12,1,0,0,0,0,run_002
U000208,13366674,MODEL_A,BATCH_01,702584.0,50184.57142857143,7121.729540522558,38175.0,60269.0,14,1.85,4.0,0.0,4.0,14.0,15.012808823529411,66.34311904761906,40.58802647058823,1.8911440476190475,0.1103238548551,0.225938722793606,0.1510259004654769,0.0562932582308181,15.2439,66.8553,40.9179,2.00079,152,12,1,0,0,0,0,run_002
U000209,13412923,MODEL_A,BATCH_01,703117.0,50222.642857142855,9757.305835645908,36034.0,66731.0,14,1.875,4.0,0.0,4.0,14.0,15.014388571428572,66.39802619047619,40.582454285714284,1.9120795238095236,0.0936418608360618,0.2223511582834948,0.146909881025265,0.045765062611836,15.2422,66.892,40.9003,2.01258,154,12,1,0,0,0,0,run_002
U000210,13470109,MODEL_B,BATCH_02,683433.0,48816.642857142855,7741.721629309224,36800.0,63928.0,14,1.825,4.0,0.0,2.0,14.0,14.9949625,66.417795,40.565403125,1.90524975,0.1045229554968979,0.2490524380475639,0.1210209778786042,0.0423333605181115,15.2748,66.9619,40.7537,1.97267,144,12,1,0,0,0,0,run_002
U000211,13528024,MODEL_A,BATCH_01,712661.0,50904.357142857145,11052.200884941374,37097.0,74050.0,14,1.825,4.0,0.0,4.0,14.0,15.011079487179488,66.4466170212766,40.54675384615385,1.9170563829787235,0.1153966983461997,0.1775917488770107,0.1494095182026725,0.0600590909176133,15.2347,66.8186,40.8814,2.06402,172,12,1,0,0,0,0,run_002
U000212,13593521,MODEL_A,BATCH_01,682008.0,48714.857142857145,8883.354328848318,36910.0,65497.0,14,1.825,4.0,0.0,4.0,14.0,14.991014705882352,66.45561428571429,40.52207941176471,1.9135742857142857,0.0958901079751536,0.2086684212688673,0.1444128924392627,0.0718085701843197,15.2096,66.8162,40.7902,2.13657,152,12,1,0,0,0,0,run_002
U000213,13636913,MODEL_A,BATCH_01,665492.0,47535.142857142855,8979.09094985201,37539.0,62969.0,14,1.7560975609756098,4.0,0.0,4.0,14.0,15.000008571428571,66.49429761904761,39.81839142857143,1.9966202380952385,0.1010329805541924,0.2052568604813988,0.7609766412011535,0.1100171176368144,15.3137,67.0455,40.7997,2.19251,154,12,2,0,0,0,1,run_002
U000214,13702044,MODEL_A,BATCH_01,749975.0,53569.642857142855,10754.18467107388,38212.0,70924.0,14,1.8,4.0,0.0,6.0,14.0,14.99938717948718,66.53983333333333,40.513466666666666,1.918670625,0.1064273613896431,0.1976569285869838,0.1795004945504603,0.0471716584314727,15.1973,66.9851,40.8199,2.01027,174,12,1,0,0,0,0,run_002
U000215,13762974,MODEL_B,BATCH_01,712408.0,50886.28571428572,10755.10337130576,36651.0,76697.0,14,1.775,4.0,0.0,5.0,14.0,15.009083333333333,66.59857727272727,40.523583333333335,1.914553409090909,0.0979106983794053,0.2045951360712573,0.1425529485589726,0.0452108613696116,15.2232,67.0185,40.7713,1.99143,160,12,1,0,0,0,0,run_002
U000216,13824390,MODEL_A,BATCH_01,716119.0,51151.357142857145,10036.7072412845,34789.0,63999.0,14,1.825,4.0,0.0,6.0,14.0,15.012488571428571,66.5763,40.51037142857143,1.9186472727272728,0.080162011581798,0.2350807075660782,0.1511933619213346,0.0410078787304391,15.1474,67.0834,40.7462,2.01007,158,12,1,0,0,0,0,run_002
U000217,13919151,MODEL_A,BATCH_02,758661.0,54190.07142857143,16788.41903705457,37881.0,94761.0,14,1.8,4.0,0.0,5.0,14.0,15.044670588235292,66.58605365853658,39.95935588235294,1.999191707317073,0.1044288115631504,0.1841838335706493,0.7192689517589003,0.1047786538590385,15.2383,67.0651,40.6821,2.17895,150,12,1,0,0,0,1,run_002
U000218,13965883,MODEL_A,BATCH_01,682048.0,48717.71428571428,7849.267074344943,37863.0,64790.0,14,1.775,4.0,0.0,5.0,14.0,15.001461764705882,66.73385121951219,40.46083529411765,1.92052487804878,0.1004817909471313,0.1934380806898574,0.1609108088773006,0.0505179827448578,15.2401,67.1221,40.8031,2.0363,150,12,1,0,0,0,0,run_002
U000219,14043544,MODEL_A,BATCH_01,696820.0,49772.857142857145,12111.85393836038,31475.0,77661.0,14,1.8,4.0,0.0,5.0,14.0,15.030608823529413,66.6674756097561,40.46698823529412,1.9289036585365853,0.0874535283265107,0.2120105560821075,0.1416371222626762,0.0399106945414445,15.1956,67.1049,40.8129,2.02659,150,12,1,0,0,0,0,run_002
U000220,14098224,MODEL_B,BATCH_01,681477.0,48676.92857142857,8326.807712852098,38005.0,66006.0,14,1.7804878048780488,4.0,0.0,5.0,14.0,15.02457777777778,66.71111860465116,40.446866666666665,1.9353011627906975,0.1089056553985044,0.2256977648852498,0.1682450016239063,0.0473802550903353,15.2913,67.1141,40.7793,2.04858,158,12,2,0,0,0,0,run_002
U000221,14143129,MODEL_A,BATCH_01,708318.0,50594.142857142855,9840.058386765044,33367.0,68591.0,14,1.829268292682927,4.0,0.0,5.0,14.0,15.024494285714288,66.74067674418605,40.47071142857143,1.954973953488372,0.1041268851050512,0.2342469777588322,0.1279528860245714,0.050500661624121,15.2913,67.1924,40.6636,2.09715,156,12,2,0,0,0,0,run_002
U000222,14196376,MODEL_A,BATCH_01,693217.0,49515.5,10241.813479367504,33298.0,66952.0,14,1.8780487804878048,4.0,0.0,4.0,14.0,15.028364864864864,66.75389111111112,40.45866216216216,1.9325788888888888,0.0985943237497763,0.171975767085501,0.1201265544502299,0.0516960018333676,15.2261,67.1015,40.7078,2.06471,164,12,2,0,0,0,0,run_002
U000223,14261126,MODEL_A,BATCH_01,701154.0,50082.42857142857,13323.479175525414,32895.0,81168.0,14,1.9,4.0,0.0,3.0,14.0,15.041039393939394,66.77774871794871,40.45362424242424,1.955203846153846,0.1055435186883646,0.217204141028416,0.1429484719888232,0.0529531785048375,15.2706,67.1227,40.8643,2.04609,144,12,1,0,0,0,0,run_002
U000224,14314169,MODEL_A,BATCH_02,690450.0,49317.857142857145,8034.14894116304,37498.0,60346.0,14,1.9,4.0,0.0,3.0,14.0,15.05795135135135,66.79723555555555,40.44547027027027,1.944752888888889,0.0977326103361777,0.2304197021993065,0.1509320282350544,0.0479480811836294,15.2433,67.1828,40.7742,2.03694,164,12,1,0,0,0,0,run_002
U000225,14372967,MODEL_B,BATCH_01,692021.0,49430.07142857143,8658.375362478946,37677.0,64907.0,14,1.925,4.0,0.0,3.0,14.0,15.015455555555556,66.83686744186046,40.43011388888888,1.952702558139535,0.0902210252481396,0.1939855943607399,0.1229251924726754,0.0537842753658859,15.1852,67.2766,40.689,2.09231,158,12,1,0,0,0,0,run_002
U000226,14426367,MODEL_A,BATCH_01,684909.0,48922.07142857143,8158.585156982568,31750.0,63538.0,14,1.95,4.0,0.0,4.0,14.0,15.019065714285713,66.809,40.448031428571426,1.9714685714285716,0.0976686623920148,0.2152297853174705,0.1465347294137796,0.0425475653811193,15.2286,67.3078,40.8994,2.07719,154,12,1,0,0,0,0,run_002
U000227,14496407,MODEL_A,BATCH_01,713098.0,50935.57142857143,8134.771905594155,40965.0,67528.0,14,1.9,4.0,0.0,4.0,14.0,15.06217837837838,66.86990666666667,40.37148108108108,1.9765275555555557,0.1170049503585573,0.2290460497565776,0.1526473583820607,0.0433632331776144,15.3104,67.4755,40.814,2.05761,164,12,1,0,0,0,0,run_002
U000228,14552288,MODEL_A,BATCH_01,689559.0,49254.21428571428,7075.375925631866,36941.0,60602.0,14,1.85,4.0,0.0,5.0,14.0,15.060356756756756,66.97424186046511,40.40358648648649,1.9643590697674416,0.1076926917476566,0.2329999348380843,0.1518337233111759,0.0562078885250763,15.3341,67.4976,40.8075,2.06746,160,12,1,0,0,0,0,run_002
U000229,14614025,MODEL_A,BATCH_01,712086.0,50863.28571428572,11406.14205274827,34194.0,71841.0,14,1.925,4.0,0.0,6.0,14.0,15.058918918918918,66.91054545454546,40.432521621621625,1.9645888636363635,0.0994088634485486,0.2111094827329859,0.1726002142639565,0.0391009572960732,15.2326,67.2607,40.829,2.05348,162,12,1,0,0,0,0,run_002
U000230,14679323,MODEL_B,BATCH_01,703632.0,50259.42857142857,8938.462978475798,35132.0,65298.0,14,1.9,4.0,0.0,3.0,14.0,15.051877142857142,66.9832619047619,40.375542857142854,1.976689761904762,0.1116002690427769,0.1797853177113638,0.1512357203482154,0.0476708603271659,15.2743,67.3667,40.6932,2.10553,154,12,1,0,0,0,0,run_002
U000231,14749449,MODEL_A,BATCH_02,701579.0,50112.78571428572,10811.424791741028,33693.0,70126.0,14,1.85,4.0,0.0,4.0,14.0,15.052225714285717,66.99515476190476,40.40947714285714,1.981214523809524,0.0973231135803553,0.2054174336563076,0.1250133759566021,0.0510180647204152,15.2477,67.3846,40.6689,2.11501,154,12,1,0,0,0,0,run_002
U000232,14820028,MODEL_A,BATCH_01,734528.0,52466.28571428572,10891.304254937806,30858.0,71907.0,14,1.9,4.0,0.0,6.0,14.0,15.075020512820512,66.97970434782609,40.36845384615385,1.984530217391304,0.0976073260286693,0.2119404643410962,0.1289304378871227,0.0517922731469614,15.3576,67.4167,40.6028,2.12513,170,12,1,0,0,0,0,run_002
U000233,14869841,MODEL_A,BATCH_01,688230.0,49159.28571428572,9480.6351331265,38243.0,73180.0,14,1.925,4.0,0.0,4.0,14.0,15.032590625,67.02613157894737,40.336846875,1.9775757894736845,0.1089334818027093,0.1682826677739478,0.1407048225424186,0.0520136756773446,15.2288,67.3405,40.5848,2.09377,140,12,1,0,0,0,0,run_002
U000234,14928109,MODEL_A,BATCH_01,698661.0,49904.357142857145,11126.704706779456,32257.0,70304.0,14,1.853658536585366,4.0,0.0,4.0,14.0,15.041080555555554,67.00078863636364,40.35048888888889,1.9890097727272729,0.108392901242113,0.2136053535779544,0.16759434490592,0.0465629161502182,15.2445,67.3409,40.7192,2.07843,160,12,2,0,0,0,0,run_002
U000235,15000715,MODEL_B,BATCH_01,716790.0,51199.28571428572,11671.207362424131,35185.0,79533.0,14,1.9,4.0,0.0,5.0,14.0,15.033414705882352,67.11282682926829,40.36157647058823,1.982218780487805,0.1054535547121386,0.1843798118346895,0.1510763444548231,0.052600786220128,15.2236,67.3889,40.7246,2.10891,150,12,1,0,0,0,0,run_002
U000236,15057145,MODEL_A,BATCH_01,673948.0,48139.142857142855,7813.5626352480895,35639.0,59058.0,14,1.875,4.0,0.0,4.0,14.0,15.091588235294118,67.12144634146341,40.32333529411765,1.996751951219512,0.0981011993399822,0.2138872916953703,0.142154439878548,0.0442642883834989,15.2998,67.6268,40.6148,2.07003,150,12,1,0,0,0,0,run_002
U000237,15111549,MODEL_A,BATCH_01,694589.0,49613.5,11763.35408572546,35397.0,79316.0,14,1.875,4.0,0.0,5.0,14.0,15.05559696969697,67.1405975,40.38002727272727,1.997911,0.1355124728688483,0.1879739309360138,0.1701501841622691,0.0546609128522946,15.2957,67.5439,40.7575,2.08052,146,12,1,0,0,0,0,run_002
U000238,15175635,MODEL_A,BATCH_02,711703.0,50835.92857142857,10845.329852516708,33992.0,66560.0,14,1.875,4.0,0.0,5.0,14.0,15.045255555555554,67.14618409090909,40.34565277777778,2.010516590909091,0.1074252283336631,0.2196623613567654,0.1398131804252896,0.0541812299920983,15.2505,67.5049,40.7331,2.14616,160,12,1,0,0,0,0,run_002
U000239,15228268,MODEL_A,BATCH_01,712866.0,50919.0,8119.875188506477,41439.0,63175.0,14,1.9,4.0,0.0,5.0,14.0,15.02443888888889,67.10716000000001,39.41714722222222,2.121240888888889,0.1001409414711592,0.2294611775442672,0.7490872749023575,0.1097296312600414,15.2216,67.835,40.4554,2.28447,162,12,1,1,1,0,1,run_002
U000240,15279352,MODEL_B,BATCH_01,715818.0,51129.857142857145,11468.98461642826,34201.0,74843.0,14,1.9,4.0,0.0,5.0,14.0,15.05615,67.21735,40.32133421052632,2.0012428260869566,0.0870230561247836,0.1964247673340181,0.1797513617229419,0.0537621462312592,15.2753,67.6125,40.6265,2.12665,168,12,1,0,0,0,0,run_002
U000241,15365966,MODEL_A,BATCH_01,730629.0,52187.78571428572,10339.415897641202,39317.0,73983.0,14,1.925,4.0,0.0,5.0,14.0,15.047397368421054,67.27149565217391,40.33472105263158,2.00795652173913,0.1104043073161944,0.1903832368397109,0.1563286181161496,0.0480071777604322,15.2497,67.7412,40.7105,2.10025,168,12,1,0,0,0,0,run_002
U000242,15424434,MODEL_A,BATCH_01,715685.0,51120.357142857145,9875.297764602365,36058.0,71702.0,14,1.9,4.0,0.0,4.0,14.0,15.056238235294115,67.26828780487806,40.29765,2.0263382926829268,0.0743580323745162,0.1752589615328158,0.16134377799274,0.0400001138687403,15.2115,67.6203,40.5865,2.10661,150,12,1,0,0,0,0,run_002
U000243,15496482,MODEL_A,BATCH_01,743108.0,53079.142857142855,10032.739528142873,40217.0,72048.0,14,1.875,4.0,0.0,5.0,14.0,15.09442222222222,67.32767555555554,40.30717222222222,2.0283462222222224,0.1239666593682371,0.2065093285979601,0.1347968791735202,0.0574356397626899,15.4599,67.8653,40.5646,2.14146,162,12,1,0,0,0,0,run_002
U000244,15555150,MODEL_A,BATCH_01,713566.0,50969.0,11138.98258024838,34097.0,79842.0,14,1.9,4.0,0.0,6.0,14.0,15.069129729729733,67.29064545454546,40.26295945945946,2.020031590909091,0.1069720520740112,0.1806923113311899,0.1346411206369227,0.0526497500576315,15.2606,67.6383,40.5286,2.16259,162,12,1,0,0,0,0,run_002
U000245,15606299,MODEL_B,BATCH_02,700072.0,50005.142857142855,7050.362225906092,36614.0,60023.0,14,1.975,4.0,0.0,5.0,14.0,15.098465714285712,67.40084047619047,40.28674285714286,2.0304709523809525,0.0981746071843342,0.1830660230887387,0.1460004518238657,0.0457373851359131,15.2799,67.7042,40.6883,2.12019,154,12,1,0,0,0,0,run_002
U000246,15676721,MODEL_A,BATCH_01,701350.0,50096.42857142857,7046.372953668987,40136.0,65313.0,14,1.875,4.0,0.0,3.0,14.0,15.095629411764705,67.3955,40.26455294117647,2.0230259523809524,0.0950175375500112,0.160581964482544,0.1730449288922678,0.05439222187308,15.2954,67.7361,40.6169,2.17247,152,12,1,0,0,0,0,run_002
U000247,15737503,MODEL_A,BATCH_01,718612.0,51329.42857142857,8225.486721294843,37465.0,64165.0,14,1.875,4.0,0.0,6.0,14.0,15.105030555555556,67.42907954545454,40.283791666666666,2.030420909090909,0.087089267239161,0.239873642686317,0.1267609321856357,0.0486231525298909,15.3446,67.8863,40.5625,2.10584,160,12,1,0,0,0,0,run_002
U000248,15804706,MODEL_A,BATCH_01,744828.0,53202.0,10618.675283161774,40683.0,71020.0,14,1.9,4.0,0.0,5.0,14.0,15.079249999999998,67.40903260869565,40.30095789473685,2.0554697826086956,0.0882923085934262,0.220153153816303,0.1429676312479058,0.0554366290657532,15.2424,67.8707,40.526,2.18272,168,12,1,0,0,0,0,run_002
U000249,15857261,MODEL_A,BATCH_01,715037.0,51074.07142857143,8784.6432479928,38615.0,66427.0,14,1.8780487804878048,4.0,0.0,5.0,14.0,15.08097837837838,67.4778311111111,40.268748648648646,2.047948888888889,0.1283963571115608,0.1894166749190104,0.1496058481136002,0.040378245843198,15.3497,67.9106,40.5425,2.15172,164,12,2,0,0,0,0,run_002
U000250,15900792,MODEL_B,BATCH_01,727908.0,51993.42857142857,12399.9218342095,34323.0,78180.0,14,1.875,4.0,0.0,5.0,14.0,15.071086486486484,67.50812222222223,40.206018918918915,2.040150666666667,0.1034030306942541,0.1991290055682101,0.1383943356215574,0.0482169975404751,15.3155,67.8905,40.4973,2.12619,164,12,1,0,0,0,0,run_002
U000251,15975137,MODEL_A,BATCH_01,703719.0,50265.642857142855,9499.668598326049,35229.0,68890.0,14,1.85,4.0,0.0,6.0,14.0,15.112936363636363,67.45523499999999,40.214542424242424,2.0476335,0.1094690590366229,0.2265838301311951,0.1460533464831923,0.0497924245370924,15.4065,68.0146,40.5573,2.17245,146,12,1,0,0,0,0,run_002
U000252,16047777,MODEL_A,BATCH_02,707691.0,50549.357142857145,13380.923744168516,32102.0,72640.0,14,1.875,4.0,0.0,5.0,14.0,15.08723611111111,67.57463095238096,39.30159444444445,2.1695240476190474,0.0912670873325031,0.1790352390549466,0.7716245715351673,0.099883138523306,15.2886,68.0113,40.4405,2.31921,156,12,1,0,0,0,0,run_002
U000253,16098648,MODEL_A,BATCH_01,687617.0,49115.5,9492.630029902954,34070.0,64737.0,14,1.8780487804878048,4.0,0.0,5.0,14.0,15.114016666666666,67.545725,40.24330833333333,2.0540679545454545,0.0985589990092952,0.1815206018482453,0.1633835424042812,0.0467558534865283,15.433,67.8432,40.6584,2.16058,160,12,2,0,0,0,0,run_002
U000254,16142648,MODEL_A,BATCH_01,706718.0,50479.857142857145,8352.573125940042,34912.0,64486.0,14,1.829268292682927,4.0,0.0,3.0,14.0,15.085597222222225,67.58835777777777,40.24030833333333,2.0523186666666664,0.0945224039538052,0.1570340285776086,0.1219247270713744,0.0509141725045019,15.2453,67.8535,40.415,2.15176,162,12,2,0,0,0,0,run_002
U000255,16228973,MODEL_B,BATCH_01,744002.0,53143.0,12334.127663956182,34094.0,73933.0,14,1.9,4.0,0.0,5.0,14.0,15.109036111111113,67.5995090909091,40.219458333333336,2.0740895454545454,0.088681700972081,0.2244995590384448,0.1317788913835804,0.0519101946771199,15.2482,68.1806,40.4441,2.23121,160,12,1,0,0,0,0,run_002
U000256,16287482,MODEL_A,BATCH_01,733858.0,52418.42857142857,10692.063625485427,38500.0,66968.0,14,1.853658536585366,4.0,0.0,4.0,14.0,15.11809487179487,67.59218085106383,40.23754871794872,2.0722587234042553,0.1034819713479703,0.1904402903551786,0.1409200442800533,0.0418583738761107,15.2937,67.9534,40.5168,2.17418,172,12,2,0,0,0,0,run_002
U000257,16349488,MODEL_A,BATCH_01,734529.0,52466.357142857145,11705.51931360155,36623.0,69338.0,14,1.9,4.0,0.0,5.0,14.0,15.117372222222222,67.66038604651163,40.24444166666667,2.072916511627907,0.1043344145691728,0.1938736721503113,0.1403114767223262,0.0553331604651798,15.2999,68.0644,40.6046,2.1975,158,12,1,0,0,0,0,run_002
U000258,16406426,MODEL_A,BATCH_01,712840.0,50917.142857142855,9334.109193681015,38587.0,70051.0,14,1.975,4.0,0.0,5.0,14.0,15.103405714285714,67.69606904761905,40.21892285714286,2.0750785714285715,0.0973676445318501,0.1931910156575034,0.1573050148516533,0.0515316283920727,15.2769,68.1848,40.5783,2.17822,154,12,1,0,0,0,0,run_002
U000259,16467859,MODEL_A,BATCH_02,676250.0,48303.57142857143,9647.8623516323,26914.0,61433.0,14,1.95,4.0,0.0,2.0,14.0,15.128762857142858,67.75406428571429,40.19392571428571,2.0767495238095237,0.104234035554934,0.1620453712758127,0.1253534986087154,0.0509953427310331,15.4298,68.1334,40.4861,2.16661,154,12,1,0,0,0,0,run_002
U000260,16520966,MODEL_B,BATCH_01,688773.0,49198.07142857143,8816.75114125454,37086.0,65496.0,14,1.8780487804878048,4.0,0.0,3.0,14.0,15.110276470588236,67.75588536585366,40.13541764705882,2.0782836585365856,0.0829297075798956,0.2144312332205531,0.1631500192156094,0.0431977716298014,15.2532,68.2247,40.4853,2.18121,150,12,2,0,0,0,0,run_002
U000261,16568920,MODEL_A,BATCH_01,668668.0,47762.0,9702.563380563208,35262.0,70807.0,14,1.829268292682927,4.0,0.0,4.0,14.0,15.123194117647058,67.786965,40.223747058823534,2.07879075,0.1186081451063181,0.1489768482271418,0.1191104891579698,0.0660435214853986,15.3422,68.2104,40.395,2.25376,148,12,2,0,0,0,0,run_002
U000262,16638808,MODEL_A,BATCH_01,738104.0,52721.71428571428,11152.47620954179,39112.0,76502.0,14,1.875,4.0,0.0,6.0,14.0,15.129383333333331,67.75770681818182,40.18915833333333,2.0954022727272728,0.1058174641270793,0.2188170993676855,0.1350291468535596,0.0477887173540208,15.3855,68.3138,40.3991,2.19911,160,12,1,0,0,0,0,run_002
U000263,16704833,MODEL_A,BATCH_01,697003.0,49785.92857142857,9500.700641890217,37213.0,70270.0,14,1.9,4.0,0.0,4.0,14.0,15.108880555555556,67.88704772727273,40.13292777777778,2.093778409090909,0.0863108264006798,0.1893810659338724,0.145975576452484,0.0499448106084352,15.3011,68.4406,40.4411,2.21345,160,12,1,0,0,0,0,run_002
U000264,16772530,MODEL_A,BATCH_01,769184.0,54941.71428571428,17306.434954523847,32687.0,104741.0,14,1.95,4.0,0.0,5.0,14.0,15.107354054054053,67.83679545454545,40.13583513513514,2.0836586363636367,0.0822614787484758,0.1718008838737138,0.1420156724845226,0.03865100976995,15.3267,68.1823,40.4059,2.17417,162,12,1,0,0,0,0,run_002
U000265,16825630,MODEL_B,BATCH_01,686980.0,49070.0,7799.959398316418,37540.0,65493.0,14,1.8780487804878048,4.0,0.0,4.0,14.0,15.14668108108108,67.8668152173913,40.11892972972973,2.0955028260869564,0.0929323135938725,0.2266002706357031,0.1457993576896105,0.0490787438788386,15.3487,68.3903,40.5177,2.19114,166,12,2,0,0,0,0,run_002
U000266,16897198,MODEL_A,BATCH_02,728572.0,52040.857142857145,10866.461074596196,33480.0,65059.0,14,2.05,4.0,0.0,6.0,14.0,15.130065853658538,67.91848958333334,40.12803658536585,2.1000183333333333,0.1050957744387376,0.1766148185869568,0.1494744305158861,0.0548709351553506,15.3905,68.3596,40.5758,2.2473,178,12,1,0,0,0,1,run_002
U000267,16963345,MODEL_A,BATCH_01,698269.0,49876.357142857145,10785.336246012936,33399.0,66147.0,14,1.95,4.0,0.0,1.0,14.0,15.08879722222222,67.92746136363637,40.10093055555555,2.1000888636363637,0.1100516333002993,0.2411383509242562,0.1362548385918175,0.0479350028546848,15.301,68.3746,40.3476,2.18461,160,12,1,0,0,0,0,run_002
U000268,17021079,MODEL_A,BATCH_01,726969.0,51926.357142857145,8940.428931433993,39102.0,66014.0,14,1.975,4.0,0.0,4.0,14.0,15.13616,67.93186808510637,40.1177175,2.106674893617021,0.1271231783017494,0.1689411334400041,0.1435506144767986,0.0484754733982462,15.398,68.3105,40.3913,2.20776,174,12,1,0,0,0,0,run_002
U000269,17077384,MODEL_A,BATCH_01,702582.0,50184.42857142857,9790.706116707634,33321.0,64492.0,14,1.925,4.0,0.0,2.0,14.0,15.14854,67.97936904761904,40.10779142857143,2.1251904761904763,0.0953791572989553,0.2239814130878445,0.1158247798627417,0.0561414231640921,15.4243,68.5482,40.3667,2.21826,154,12,1,0,0,0,0,run_002
U000270,17179818,MODEL_B,BATCH_01,768003.0,54857.357142857145,15989.04928913316,40894.0,100401.0,14,1.95,4.0,0.0,5.0,14.0,15.158502777777777,67.98010888888888,40.09515277777778,2.1105104444444445,0.115828253365825,0.1978776111895978,0.1729046731354122,0.0501761677381691,15.4093,68.3645,40.4919,2.22503,162,12,1,0,0,0,0,run_002
U000271,17236961,MODEL_A,BATCH_01,693878.0,49562.71428571428,8801.56420913195,35281.0,60979.0,14,1.95,4.0,0.0,3.0,14.0,15.151897297297296,68.02475217391304,40.1451054054054,2.1364804347826087,0.1135199211261725,0.2085652679502693,0.1428678661987787,0.0394244736712008,15.3568,68.6049,40.4086,2.22733,166,12,1,0,0,0,0,run_002
U000272,17285955,MODEL_A,BATCH_01,685316.0,48951.142857142855,8265.925178402298,35028.0,64100.0,14,1.925,4.0,0.0,3.0,14.0,15.139005714285712,68.09513095238096,40.11164857142857,2.1300326190476193,0.0737254802424151,0.1660624045029897,0.1539525678891515,0.049141796033148,15.2784,68.4426,40.4802,2.23527,154,12,1,0,0,0,0,run_002
U000273,17349066,MODEL_A,BATCH_02,726387.0,51884.78571428572,9678.220570543324,35408.0,65010.0,14,1.9,4.0,0.0,4.0,14.0,15.136643243243242,68.07114888888889,40.06162432432432,2.1226131111111113,0.1120529154277382,0.1926821530422845,0.1562399852886671,0.0536644220140403,15.3368,68.44,40.501,2.23639,164,12,1,0,0,0,0,run_002
U000274,17407535,MODEL_A,BATCH_01,711307.0,50807.642857142855,8026.024598930492,38831.0,63622.0,14,1.9,4.0,0.0,4.0,14.0,15.14185,68.10439285714286,40.073867647058826,2.145797857142857,0.0833328603016877,0.1965413335697929,0.1180808678229069,0.055144299510166,15.2922,68.6234,40.3126,2.27787,152,12,1,0,0,0,0,run_002
U000275,17456610,MODEL_B,BATCH_01,701948.0,50139.142857142855,8318.205250738081,37720.0,64647.0,14,1.95,4.0,0.0,4.0,14.0,15.148908108108108,68.08846086956521,39.195167567567566,2.235962391304348,0.0911616341645078,0.1627759052306958,0.7796648464614823,0.1008740632270376,15.3828,68.4892,40.3504,2.39676,166,12,1,1,1,0,0,run_002
U000276,17507239,MODEL_A,BATCH_01,685343.0,48953.07142857143,11682.50448296535,31347.0,77387.0,14,1.925,4.0,0.0,2.0,14.0,15.16770789473684,68.18826744186046,40.0597947368421,2.1325046511627908,0.1174806789901585,0.2075356454993294,0.1623050930032503,0.0608981390109292,15.3931,68.6925,40.4514,2.24696,162,12,1,0,0,0,0,run_002
U000277,17574762,MODEL_A,BATCH_01,709692.0,50692.28571428572,10332.428215824431,34366.0,67523.0,14,1.925,4.0,0.0,3.0,14.0,15.169561111111111,68.19471363636363,40.03579166666667,2.1558770454545457,0.0935011085580674,0.1839296156975686,0.1700795685638249,0.0488147200721136,15.3864,68.6998,40.4289,2.25363,160,12,1,0,0,0,0,run_002
U000278,17640108,MODEL_A,BATCH_01,720075.0,51433.92857142857,9763.204411417437,35593.0,65797.0,14,1.9,4.0,0.0,4.0,14.0,15.172129411764706,68.18685238095239,40.111479411764705,2.145829047619048,0.1034655337998696,0.2553225203236803,0.1327745224269473,0.0401281620475539,15.3772,68.7579,40.3809,2.21011,152,12,1,0,0,0,0,run_002
U000279,17691611,MODEL_A,BATCH_01,723227.0,51659.07142857143,12254.30769135921,33008.0,71353.0,14,1.925,4.0,0.0,4.0,14.0,15.167652777777777,68.217275,40.04477777777778,2.137756590909091,0.099499859256501,0.1862132949628728,0.1728810840038583,0.049667898150742,15.3681,68.5561,40.4146,2.26333,160,12,1,0,0,0,0,run_002
U000280,17759296,MODEL_B,BATCH_02,698231.0,49873.642857142855,8528.654791638895,36195.0,67685.0,14,1.925,4.0,0.0,3.0,14.0,15.15819714285714,68.25100930232558,40.04298857142857,2.15219511627907,0.0926475341270988,0.1765205813090763,0.1590515727892151,0.0512754078422679,15.3442,68.6885,40.3976,2.28659,156,12,1,0,0,0,1,run_002
U000281,17829269,MODEL_A,BATCH_01,755352.0,53953.71428571428,11457.19359803513,40448.0,77253.0,14,1.925,4.0,0.0,4.0,14.0,15.1745358974359,68.25013913043477,40.05154102564102,2.165664347826087,0.0917431181620425,0.1899983923654327,0.1466872338971389,0.0509808781430046,15.4206,68.6373,40.4082,2.28075,170,12,1,0,0,0,0,run_002
U000282,17910372,MODEL_A,BATCH_01,752804.0,53771.71428571428,11826.91086156789,37704.0,81103.0,14,1.95,4.0,0.0,4.0,14.0,15.182674999999998,68.28295555555556,40.01175555555555,2.161580888888889,0.090193162157671,0.2022821404460456,0.1583181795254553,0.0387869502317832,15.4023,68.7211,40.3334,2.23882,162,12,1,0,0,0,0,run_002
U000283,17979175,MODEL_A,BATCH_01,710837.0,50774.07142857143,10892.366384585304,35256.0,68803.0,14,1.875,4.0,0.0,3.0,14.0,15.190817142857142,68.39294186046511,40.014157142857144,2.159438604651163,0.0927169902753227,0.1738397910948085,0.1495899184352978,0.0495124355029644,15.3385,68.8001,40.4663,2.25058,156,12,1,0,0,0,0,run_002
U000284,18041300,MODEL_A,BATCH_01,737477.0,52676.92857142857,14623.150031394034,35251.0,93401.0,14,1.9,4.0,0.0,5.0,14.0,15.194645714285713,68.36222727272728,40.077291428571435,2.165840454545455,0.1156407630726886,0.2146388208711257,0.1439003604856472,0.0423893400352705,15.5379,68.7306,40.3282,2.25966,158,12,1,0,0,0,0,run_002
U000285,18093900,MODEL_B,BATCH_01,697152.0,49796.57142857143,10432.053988433076,33474.0,67580.0,14,1.8780487804878048,4.0,0.0,5.0,14.0,15.184537142857144,68.40284418604651,39.994345714285714,2.1774434883720932,0.1140390879472117,0.1978990318587516,0.1482796311878678,0.0431901813072259,15.4771,68.8217,40.2703,2.26503,156,12,2,0,0,0,0,run_002
U000286,18139002,MODEL_A,BATCH_01,685116.0,48936.857142857145,13188.266719131254,31505.0,79133.0,14,1.853658536585366,4.0,0.0,5.0,14.0,15.204648717948718,68.43018478260869,39.98486666666666,2.17708,0.1137745135455369,0.1799068771057707,0.151377340189366,0.0527628129988872,15.4431,68.8686,40.4124,2.278,170,12,2,0,0,0,0,run_002
U000287,18198347,MODEL_A,BATCH_02,712129.0,50866.357142857145,13100.75881893366,32079.0,74115.0,14,1.9,4.0,0.0,5.0,14.0,15.175305882352944,68.38409512195122,38.48724117647059,2.368219268292683,0.0796968648528893,0.1924993908447752,0.1297012350532242,0.0532634690660608,15.38,68.8738,38.9072,2.47011,150,12,1,0,0,0,1,run_002
U000288,18262759,MODEL_A,BATCH_01,714669.0,51047.78571428572,11282.209447952671,35003.0,69136.0,14,1.9,4.0,0.0,5.0,14.0,15.17868611111111,68.42992727272727,40.018125,2.1950502272727275,0.1081198201805433,0.2347650764048297,0.1475412356403657,0.0532102009580273,15.3522,68.8934,40.2611,2.29811,160,12,1,0,0,0,1,run_002
U000289,18312505,MODEL_A,BATCH_01,719750.0,51410.71428571428,11529.953141732602,34278.0,73779.0,14,1.9268292682926829,4.0,0.0,5.0,14.0,15.187182051282052,68.51230652173913,39.99568205128205,2.193256956521739,0.1228947685747847,0.1883782263923942,0.1223513445429622,0.0517319247604446,15.4539,68.8581,40.2023,2.28806,170,12,2,0,0,0,0,run_002
U000290,18388126,MODEL_B,BATCH_01,714302.0,51021.57142857143,13076.688758210958,36124.0,84631.0,14,1.925,4.0,0.0,4.0,14.0,15.174658823529413,68.49048780487806,39.98370294117647,2.1891924390243904,0.1049999628214856,0.2395640323536935,0.1584361633904178,0.0527356423484387,15.3824,69.0249,40.2346,2.2854,150,12,1,0,0,0,0,run_002
U000291,18444925,MODEL_A,BATCH_01,705915.0,50422.5,10157.67473959393,36443.0,71399.0,14,1.95,4.0,0.0,5.0,14.0,15.2069,68.50249534883721,39.94752857142858,2.201566279069767,0.0940684200306291,0.1592688397370439,0.1415157932808181,0.0466281651050426,15.4324,68.7941,40.1868,2.29878,156,12,1,0,0,0,0,run_002
U000292,18502454,MODEL_A,BATCH_01,711064.0,50790.28571428572,10191.948733633377,32134.0,66347.0,14,1.85,4.0,0.0,3.0,14.0,15.21008717948718,68.54360652173914,39.99485128205128,2.193362608695652,0.1040895620923261,0.1974993439113416,0.1488083151889239,0.0533284575869116,15.3925,68.9465,40.2355,2.29517,170,12,1,0,0,0,0,run_002
U000293,18565041,MODEL_A,BATCH_01,731975.0,52283.92857142857,8309.401167577376,35802.0,64775.0,14,1.875,4.0,0.0,5.0,14.0,15.240152631578948,68.56979347826088,39.93543684210526,2.197688913043478,0.0906168701459602,0.1601760065291712,0.1425965778389518,0.0469354514781623,15.4345,68.8199,40.2503,2.30128,168,12,1,0,0,0,0,run_002
U000294,18626462,MODEL_A,BATCH_02,733038.0,52359.857142857145,10649.976965357126,42722.0,81037.0,14,1.85,4.0,0.0,5.0,14.0,15.211622857142856,68.62959523809525,39.978100000000005,2.211809761904762,0.0966929649053379,0.207357731366016,0.1750800304398614,0.0485839656620795,15.3832,68.9628,40.3104,2.29821,154,12,1,0,0,0,0,run_002
U000295,18691933,MODEL_B,BATCH_01,756165.0,54011.78571428572,12822.660465445066,34589.0,83612.0,14,1.9,4.0,0.0,5.0,14.0,15.1900325,68.65228936170213,39.9139325,2.2272361702127657,0.1230792789898716,0.1698037962832168,0.1298139228191348,0.0513252422240919,15.5181,69.0512,40.1461,2.3231,174,12,1,0,0,0,0,run_002
U000296,18747342,MODEL_A,BATCH_01,718925.0,51351.78571428572,10940.072290427528,30936.0,68029.0,14,1.85,4.0,0.0,3.0,14.0,15.175624324324325,68.71124888888889,39.968786486486486,2.209476,0.0873730965629756,0.2306551337763248,0.1553409156986336,0.0448995812594362,15.3824,69.258,40.3051,2.29949,164,12,1,0,0,0,0,run_002
U000297,18816342,MODEL_A,BATCH_01,719871.0,51419.357142857145,9623.37099587124,37859.0,69000.0,14,1.95,4.0,0.0,5.0,14.0,15.218691666666665,68.70803953488372,39.980125,2.2078916279069767,0.1131502929104222,0.2175257588901389,0.1162273815169437,0.044060028258547,15.5242,69.206,40.1853,2.30315,158,12,1,0,0,0,0,run_002
U000298,18879741,MODEL_A,BATCH_01,705645.0,50403.21428571428,10407.798874502136,37744.0,65968.0,14,2.0,4.0,0.0,3.0,14.0,15.227240540540542,68.67906222222223,39.896483783783786,2.230762888888889,0.0830913602256225,0.1973523052919328,0.1308450111848064,0.0514376794870268,15.4592,69.0467,40.2023,2.33577,164,12,1,0,0,0,0,run_002
U000299,18956747,MODEL_A,BATCH_01,701544.0,50110.28571428572,12098.623033085349,31370.0,77006.0,14,2.0,4.0,0.0,3.0,14.0,15.216597058823528,68.7506725,39.89732352941176,2.21376075,0.0941040220223571,0.1766515750508573,0.1502299672700265,0.0527829828534751,15.3943,69.1267,40.0897,2.34547,148,12,1,0,0,0,0,run_002
U000300,19030673,MODEL_B,BATCH_01,702488.0,50177.71428571428,10768.036828635808,37145.0,73926.0,14,1.975,4.0,0.0,3.0,14.0,15.20218918918919,68.76097727272727,39.91873243243243,2.222229772727273,0.1085232688407417,0.1810099982637966,0.1643329463383793,0.054729467700964,15.4105,69.222,40.2868,2.35462,162,12,1,0,0,0,0,run_002
U000301,19083196,MODEL_A,BATCH_02,712061.0,50861.5,8347.40411744873,33829.0,64062.0,14,2.025,4.0,0.0,5.0,14.0,15.228367567567568,68.76301333333333,39.85157567567568,2.2246662222222224,0.1027050741309904,0.2290053806434177,0.157439546432212,0.0498761811110495,15.3848,69.3506,40.2637,2.3485,164,12,1,0,0,0,0,run_002
U000302,19138968,MODEL_A,BATCH_01,675553.0,48253.78571428572,6732.524937010819,33837.0,59144.0,14,1.975609756097561,4.0,0.0,2.0,14.0,15.240161111111112,68.86382666666667,39.88883888888889,2.233097111111111,0.0931151768442189,0.188035961744265,0.1532957184711534,0.046420050508287,15.3847,69.3054,40.1898,2.38915,162,12,2,0,0,0,0,run_002
U000303,19180488,MODEL_A,BATCH_01,696022.0,49715.857142857145,10275.890572351627,40506.0,79177.0,14,1.9,4.0,0.0,4.0,14.0,15.238682352941176,68.86461428571428,39.90387352941177,2.233917857142857,0.1002421627574737,0.1931846021882897,0.1817355576502259,0.0511304618066808,15.4678,69.3219,40.2774,2.32277,152,12,1,0,0,0,0,run_002
U000304,19251760,MODEL_A,BATCH_01,726037.0,51859.78571428572,12809.43245712418,33080.0,78611.0,14,1.875,4.0,0.0,5.0,14.0,15.238480555555554,68.90829090909091,39.922755555555554,2.2417402272727274,0.1128231304031594,0.2259306878876494,0.1661706875379196,0.0544061363881991,15.4976,69.566,40.2485,2.36831,160,12,1,0,0,0,0,run_002
U000305,19304498,MODEL_B,BATCH_01,702471.0,50176.5,6845.667431078073,41876.0,64599.0,14,1.925,4.0,0.0,5.0,14.0,15.206669444444444,68.84246279069767,39.888555555555556,2.257485581395349,0.1060186016547353,0.1738743703877628,0.1578937969367742,0.044710624832004,15.403,69.2087,40.2876,2.33107,158,12,1,1,1,0,0,run_002
U000306,19355787,MODEL_A,BATCH_01,696895.0,49778.21428571428,7985.804705645092,35009.0,63961.0,14,1.975609756097561,4.0,0.0,5.0,14.0,15.19258,68.93228139534884,39.40398571428572,2.3070572093023256,0.1018209350945538,0.2066856737678363,0.7794103363678087,0.0977840825328359,15.3751,69.3542,40.2744,2.51821,156,12,2,0,0,0,1,run_002
U000307,19403604,MODEL_A,BATCH_01,721666.0,51547.57142857143,9920.761855936158,36289.0,66951.0,14,1.925,4.0,0.0,3.0,14.0,15.243965853658535,68.94766875,39.86144390243902,2.25064125,0.0907670716993671,0.1851639080178611,0.1567816683301695,0.0407672234127764,15.3869,69.3028,40.2554,2.31264,178,12,1,0,0,0,0,run_002
U000308,19460984,MODEL_A,BATCH_02,703952.0,50282.28571428572,9845.56974503739,33882.0,72459.0,14,1.85,4.0,0.0,3.0,14.0,15.211078378378378,68.92469772727273,39.88013783783784,2.2398997727272727,0.0850317690145378,0.1979259228220157,0.1704738890911483,0.0535810196995183,15.4131,69.2782,40.2523,2.35793,162,12,1,0,0,0,0,run_002
U000309,19507245,MODEL_A,BATCH_01,710302.0,50735.857142857145,10624.58872222749,32069.0,69627.0,14,1.85,4.0,0.0,4.0,14.0,15.249856410256411,69.0217170212766,39.7887282051282,2.2465712765957444,0.0941670654094472,0.221385783015462,0.1499553915225931,0.0481186711758147,15.452,69.589,40.1678,2.33987,172,12,1,0,0,0,0,run_002
U000310,19560520,MODEL_B,BATCH_01,736499.0,52607.07142857143,11657.62370867095,38051.0,80499.0,14,1.85,4.0,0.0,4.0,14.0,15.227002702702702,69.03167727272726,39.84064594594595,2.275425909090909,0.0777770799089239,0.2088189221841614,0.1527805099455391,0.0554687116631794,15.4036,69.4494,40.263,2.40421,162,12,1,0,0,0,0,run_002
U000311,19620784,MODEL_A,BATCH_01,693532.0,49538.0,7478.501659886362,36481.0,60644.0,14,1.85,4.0,0.0,4.0,14.0,15.228466666666666,69.04222325581395,39.85033333333334,2.2578634883720934,0.0788170141167866,0.2079790692733668,0.1579431308143188,0.0482524627490768,15.4181,69.5455,40.252,2.38304,158,12,1,0,0,0,0,run_002
U000312,19673479,MODEL_A,BATCH_01,737316.0,52665.42857142857,10988.137608798414,33610.0,71978.0,14,1.875,4.0,0.0,4.0,14.0,15.244081578947368,69.05172765957447,39.16631842105263,2.3423734042553193,0.0883835983783432,0.1958516893425121,0.7829715979299704,0.1090993597254679,15.4504,69.4964,40.0453,2.5025,170,12,1,1,1,0,1,run_002
U000313,19721651,MODEL_A,BATCH_01,696834.0,49773.857142857145,7859.20463637915,38382.0,61995.0,14,1.853658536585366,4.0,0.0,3.0,14.0,15.232127027027028,69.08409782608696,38.93987567567567,2.382330217391304,0.0963823221707541,0.2367922976310477,0.7697967034676518,0.107677593655817,15.4555,69.5737,40.1152,2.57744,166,12,2,1,0,1,0,run_002
U000314,19773959,MODEL_A,BATCH_01,667486.0,47677.57142857143,8555.144270817735,32496.0,60611.0,14,1.85,4.0,0.0,3.0,14.0,15.245508823529413,69.14276976744186,39.778217647058824,2.26947488372093,0.080833950141903,0.2162771431188676,0.1500922231053967,0.0467478340405858,15.3772,69.6301,40.0181,2.38064,154,12,1,0,0,0,0,run_002
U000315,19834533,MODEL_B,BATCH_02,708982.0,50641.57142857143,13413.4516392732,33875.0,86251.0,14,1.85,4.0,0.0,4.0,14.0,15.257228571428572,69.15935365853659,39.796231428571424,2.279023414634146,0.0994491107564668,0.2000122209985688,0.1568856079543099,0.0495209366132021,15.5031,69.5154,40.0906,2.36372,152,12,1,0,0,0,0,run_002
U000316,19900217,MODEL_A,BATCH_01,720145.0,51438.92857142857,9161.388645701176,35255.0,65684.0,14,1.9,4.0,0.0,5.0,14.0,15.230552777777778,69.19976444444444,39.76190833333333,2.290749111111111,0.090322461962242,0.2013448118341398,0.148293532033117,0.0471095599650537,15.3824,69.6885,40.0904,2.42151,162,12,1,0,0,0,0,run_002
U000317,19957455,MODEL_A,BATCH_01,686586.0,49041.857142857145,9426.59941015637,32416.0,66464.0,14,1.902439024390244,4.0,0.0,3.0,14.0,15.260997435897435,69.18923777777778,39.78987435897436,2.2853262222222224,0.0998370843640023,0.221821317617342,0.1461641555849697,0.0460483842026705,15.4622,69.655,40.0826,2.38969,168,12,2,0,0,0,0,run_002
U000318,20026883,MODEL_A,BATCH_01,718485.0,51320.357142857145,12252.446798698822,34120.0,80638.0,14,1.875,4.0,0.0,3.0,14.0,15.237837142857142,69.26789047619047,39.803,2.2898754761904763,0.1139251536696593,0.2010027081598011,0.1184398134571503,0.0560102374441334,15.4566,69.8103,40.1131,2.41222,154,12,1,0,0,0,0,run_002
U000319,20095147,MODEL_A,BATCH_01,689809.0,49272.07142857143,13116.310840759626,31205.0,68264.0,14,1.825,4.0,0.0,4.0,14.0,15.237074285714286,69.29576428571428,39.77717428571429,2.2798364285714285,0.1123436255498313,0.1687262551625698,0.1799982636237422,0.0450974099532863,15.4989,69.6468,40.1901,2.38602,154,12,1,0,0,0,0,run_002
U000320,20159424,MODEL_B,BATCH_01,720648.0,51474.857142857145,10185.154444334412,35899.0,66210.0,14,1.9,4.0,0.0,4.0,14.0,15.266489473684212,69.23275111111111,39.764173684210526,2.284135555555556,0.1338979659726293,0.1802588449755493,0.1575048204911571,0.0535654710083224,15.464,69.6707,40.1179,2.38277,166,12,1,0,0,0,0,run_002
U000321,20231313,MODEL_A,BATCH_01,718518.0,51322.71428571428,9796.30191943385,40336.0,71889.0,14,1.925,4.0,0.0,3.0,14.0,15.28633611111111,69.27098444444445,39.76365833333333,2.309508888888889,0.1007814159534752,0.2449628737691728,0.1194143599285397,0.0530712412372713,15.4846,69.71,39.9952,2.43548,162,12,1,0,0,0,0,run_002
U000322,20292564,MODEL_A,BATCH_02,691645.0,49403.21428571428,9558.099064133005,37815.0,67170.0,14,1.85,4.0,0.0,3.0,14.0,15.286116216216218,69.40629555555556,39.720351351351354,2.3047122222222223,0.1201645226658327,0.1920597894070257,0.1308454360041764,0.0527406653907455,15.4984,69.7671,39.9691,2.45289,164,12,1,0,0,0,0,run_002
U000323,20346407,MODEL_A,BATCH_01,711184.0,50798.857142857145,9502.40784754574,35340.0,70828.0,14,1.85,4.0,0.0,5.0,14.0,15.215226470588236,69.39756363636364,39.76521764705882,2.3148861363636364,0.1029792544827958,0.2030826788795325,0.1639802103185443,0.0451046793950451,15.4118,69.7909,40.2498,2.40541,156,12,1,0,0,0,0,run_002
U000324,20410776,MODEL_A,BATCH_01,709500.0,50678.57142857143,8861.96094564842,38346.0,64369.0,14,1.825,4.0,0.0,4.0,14.0,15.297440540540542,69.42239130434783,39.74418378378378,2.309209347826087,0.1162926945719754,0.1725011727188339,0.1666764405692686,0.061519088976139,15.6361,69.8554,40.0409,2.42377,166,12,1,0,0,0,0,run_002
U000325,20491361,MODEL_B,BATCH_01,766288.0,54734.857142857145,14741.367804489946,36050.0,80585.0,14,1.8,4.0,0.0,5.0,14.0,15.323454054054054,69.35233863636364,39.77061621621622,2.300173863636364,0.0975032694454526,0.1711418155526467,0.1287287857679287,0.0340387208526304,15.5465,69.6943,40.0728,2.3557,162,12,1,0,0,0,0,run_002
U000326,20554499,MODEL_A,BATCH_01,702135.0,50152.5,11155.89074297659,31335.0,73367.0,14,1.85,4.0,0.0,5.0,14.0,15.265672727272728,69.4183238095238,39.75823636363637,2.3174161904761905,0.105958848948328,0.2253076247283775,0.1527424155608502,0.0420581667457298,15.4963,69.9508,39.9997,2.41734,150,12,1,0,0,0,0,run_002
U000327,20605313,MODEL_A,BATCH_01,739039.0,52788.5,8968.56593244513,35158.0,71115.0,14,1.925,4.0,0.0,5.0,14.0,15.291935135135136,69.47300217391304,39.71481081081081,2.3190102173913045,0.0780256411423558,0.1756637197591248,0.1180168603392087,0.0477533440592446,15.5309,69.9048,39.8719,2.42364,166,12,1,0,0,0,0,run_002
U000328,20668752,MODEL_A,BATCH_01,729003.0,52071.642857142855,11605.87350377878,31015.0,65875.0,14,1.925,4.0,0.0,4.0,14.0,15.300673529411764,69.47198139534883,38.85915294117647,2.444036511627907,0.0886834524171237,0.1981458640879223,0.8136542636456051,0.1024949792006959,15.4606,69.9008,40.0887,2.59529,154,12,1,0,0,0,1,run_002
U000329,20715816,MODEL_A,BATCH_02,679639.0,48545.642857142855,11020.95376025661,32484.0,68918.0,14,1.95,4.0,0.0,5.0,14.0,15.262762857142857,69.5067238095238,38.94964,2.4154359523809523,0.1056531258013541,0.1539198347089838,0.770233737327601,0.102808313843834,15.4547,69.8088,39.9996,2.56299,154,12,1,1,1,0,0,run_002
U000330,20783737,MODEL_B,BATCH_01,702341.0,50167.21428571428,7864.141658660055,36292.0,65631.0,14,1.95,4.0,0.0,6.0,14.0,15.330234210526315,69.53584666666667,39.683771052631585,2.3458526666666666,0.0889016683524353,0.1966786610877591,0.1400334707246306,0.0616118110872788,15.5264,69.8974,39.9146,2.48778,166,12,1,0,0,0,0,run_002
U000331,20861107,MODEL_A,BATCH_01,718523.0,51323.07142857143,10059.06076410934,31569.0,72112.0,14,1.925,4.0,0.0,6.0,14.0,15.304032432432432,69.59977777777779,39.708616216216214,2.344366888888889,0.0846940279084858,0.2012126079197323,0.1643903611555156,0.0549322603850424,15.5075,70.1396,40.1623,2.4459,164,12,1,0,0,0,0,run_002
U000332,20924505,MODEL_A,BATCH_01,689850.0,49275.0,8890.265739733371,36872.0,63398.0,14,1.9,4.0,0.0,4.0,14.0,15.307239393939394,69.55332250000001,39.67673333333334,2.350916,0.1138227046204802,0.1979992275140319,0.1317935925668105,0.0514451865531379,15.6183,70.0478,39.9526,2.46257,146,12,1,0,0,0,0,run_002
U000333,20969364,MODEL_A,BATCH_01,709255.0,50661.07142857143,10038.589783463578,36064.0,68868.0,14,1.853658536585366,4.0,0.0,5.0,14.0,15.294391891891893,69.58590444444444,39.67711891891892,2.356880444444444,0.1052801721819199,0.2225927569224649,0.1738718011732873,0.0560906829467634,15.4931,70.0959,40.0505,2.47235,164,12,2,0,0,0,0,run_002
U000334,21021926,MODEL_A,BATCH_01,713432.0,50959.42857142857,9759.791333789924,39802.0,71409.0,14,1.853658536585366,4.0,0.0,6.0,14.0,15.291841176470587,69.69170476190477,39.60995588235294,2.3662307142857144,0.1003776599485944,0.1862235647664714,0.173680600600516,0.044794119681203,15.5116,70.1996,39.8933,2.48647,152,12,2,0,0,0,0,run_002
U000335,21069213,MODEL_B,BATCH_01,709708.0,50693.42857142857,8031.3756721257405,36324.0,63900.0,14,2.0,4.0,0.0,6.0,14.0,15.319755555555556,69.68412790697674,39.62936944444445,2.360319534883721,0.0983920480075049,0.2203656024121552,0.148416798855587,0.0481825202425255,15.5355,70.104,39.9242,2.47234,158,12,1,0,0,0,0,run_002
U000336,21133184,MODEL_A,BATCH_02,686807.0,49057.642857142855,5765.366084942619,40521.0,60658.0,14,1.95,4.0,0.0,2.0,14.0,15.3272625,69.74094047619047,39.614246875,2.3602064285714284,0.0964517688260687,0.1790762353798414,0.1330503857612205,0.0535494401975444,15.5194,70.2101,39.86,2.50863,148,12,1,0,0,0,1,run_002
U000337,21187189,MODEL_A,BATCH_01,686331.0,49023.642857142855,7885.539526999287,36082.0,64287.0,14,1.975,4.0,0.0,2.0,14.0,15.298105263157892,69.72153695652175,39.633286842105264,2.358336304347826,0.0855343709873353,0.2385263482848106,0.1566323396434815,0.0539966846454975,15.4545,70.1988,39.9882,2.46635,168,12,1,0,0,0,0,run_002
U000338,21244390,MODEL_A,BATCH_01,715040.0,51074.28571428572,10619.114061471862,36337.0,68825.0,14,1.925,4.0,0.0,4.0,14.0,15.275694444444444,69.75164047619049,39.14136944444445,2.4301338095238094,0.0872607388215486,0.1941194566334548,0.7531912467511398,0.1073730332214857,15.5381,70.2011,39.9371,2.63777,156,12,1,0,0,0,1,run_002
U000339,21302244,MODEL_A,BATCH_01,695957.0,49711.21428571428,8083.313726232782,35398.0,59856.0,14,1.95,4.0,0.0,5.0,14.0,15.305437142857144,69.7763238095238,39.60964857142857,2.3497842857142857,0.1086463287750789,0.2150643180136879,0.1348841297328247,0.0556919369363398,15.515,70.3831,39.9658,2.44931,154,12,1,0,0,0,0,run_002
U000340,21387143,MODEL_B,BATCH_01,729363.0,52097.357142857145,12139.544121507284,32613.0,73729.0,14,1.975,4.0,0.0,4.0,14.0,15.316621621621625,69.79159090909091,39.59213243243243,2.3791193181818184,0.1114619420229142,0.2198101885382037,0.1474610476891634,0.0445183396437983,15.6161,70.3867,39.8152,2.46948,162,12,1,0,0,0,0,run_002
U000341,21448851,MODEL_A,BATCH_01,715411.0,51100.78571428572,10621.94184172607,35906.0,75228.0,14,1.925,4.0,0.0,4.0,14.0,15.338823529411764,69.84485000000001,38.90785294117647,2.460380238095238,0.0932937721096024,0.2155237921900954,0.7492976938987564,0.1005272569878584,15.5179,70.2639,39.8096,2.65732,152,12,1,0,0,0,0,run_002
U000342,21496475,MODEL_A,BATCH_01,685258.0,48947.0,9477.012203626851,34456.0,63594.0,14,1.925,4.0,0.0,5.0,14.0,15.339847222222224,69.83988181818182,39.58703333333333,2.371065454545455,0.0860601068559849,0.185791674122824,0.1429089300418777,0.0600072492696079,15.5397,70.246,39.9159,2.47384,160,12,1,0,0,0,0,run_002
U000343,21585637,MODEL_A,BATCH_02,763182.0,54513.0,14722.12920951105,37341.0,83750.0,14,1.925,4.0,0.0,6.0,14.0,15.3388,69.89441555555555,39.62710555555556,2.3887737777777778,0.0891854312253808,0.1908266692762604,0.1260239159716331,0.0519398633162731,15.4692,70.3942,39.8613,2.49903,162,12,1,0,0,0,0,run_002
U000344,21647999,MODEL_A,BATCH_01,717691.0,51263.642857142855,7744.235281382314,33130.0,62362.0,14,1.9,4.0,0.0,5.0,14.0,15.317913157894736,69.86892888888889,39.59939210526315,2.3818377777777777,0.0907186240036164,0.1876279885864861,0.1434282896095217,0.0438250925886534,15.4572,70.3126,39.9567,2.45813,166,12,1,0,0,0,0,run_002
U000345,21729591,MODEL_B,BATCH_01,763687.0,54549.07142857143,13607.199827604196,36646.0,81592.0,14,1.875,4.0,0.0,5.0,14.0,15.336473684210528,69.94210652173912,39.58723684210526,2.38727847826087,0.1143304709430504,0.1747064794348568,0.1184454998883972,0.0538408047639784,15.6801,70.2659,39.8772,2.50074,168,12,1,0,0,0,0,run_002
U000346,21780776,MODEL_A,BATCH_01,727195.0,51942.5,8926.305323635825,41465.0,69887.0,14,1.95,4.0,0.0,4.0,14.0,15.345737837837836,70.02108222222222,39.6175027027027,2.3850728888888892,0.111376245101785,0.1722586418057606,0.1331082965243106,0.0504680425265794,15.5236,70.4163,39.8488,2.47794,164,12,1,0,0,0,0,run_002
U000347,21832305,MODEL_A,BATCH_01,669444.0,47817.42857142857,7611.076934960656,32900.0,56815.0,14,1.8780487804878048,4.0,0.0,4.0,14.0,15.330891428571428,69.96678095238096,39.58002571428571,2.3920592857142857,0.1047822710964713,0.2044333372628785,0.1251997611885946,0.0481880834066285,15.5305,70.4936,39.8288,2.47833,154,12,2,0,0,0,0,run_002
U000348,21882901,MODEL_A,BATCH_01,732321.0,52308.642857142855,10150.11543403206,39227.0,78196.0,14,1.8780487804878048,4.0,0.0,5.0,14.0,15.314948571428571,70.05450476190477,39.56644285714285,2.4002454761904763,0.0820386471746831,0.1952398386880029,0.1516984339864752,0.0467843915603287,15.4845,70.4279,39.8592,2.50799,154,12,2,0,0,0,0,run_002
U000349,21940128,MODEL_A,BATCH_01,714640.0,51045.71428571428,10848.54232270274,37089.0,75660.0,14,1.9,4.0,0.0,5.0,14.0,15.353127777777775,70.03497777777778,39.52061944444445,2.4203535555555553,0.0992755288826035,0.2364484047975722,0.1207064463172526,0.0424364855431329,15.5401,70.5223,39.7449,2.53719,162,12,1,0,0,0,0,run_002
U000350,22016226,MODEL_B,BATCH_02,736534.0,52609.57142857143,14064.799671598515,32519.0,82055.0,14,1.9,4.0,0.0,5.0,14.0,15.342331428571429,70.02851395348837,39.54786285714285,2.413047441860465,0.1049992234465081,0.2204157409267373,0.1452728205940848,0.0554568654383971,15.5618,70.3748,39.8914,2.52337,156,12,1,0,0,0,0,run_002
U000351,22076814,MODEL_A,BATCH_01,685439.0,48959.92857142857,10948.316262992474,37003.0,72085.0,14,1.875,4.0,0.0,4.0,14.0,15.339509375,70.114885,39.49335,2.40559925,0.0860064564694736,0.2052949467323673,0.1562954253969065,0.0470364095409077,15.5034,70.713,39.7345,2.50518,144,12,1,0,0,0,0,run_002
U000352,22131544,MODEL_A,BATCH_01,735920.0,52565.71428571428,10200.605498080617,37849.0,70313.0,14,1.925,4.0,0.0,5.0,14.0,15.3194575,70.15163541666666,39.54749,2.4272766666666667,0.1286049185315743,0.179628758406416,0.1389710111811737,0.0569437882713736,15.6447,70.6541,39.8608,2.54049,176,12,1,0,0,0,0,run_002
U000353,22188632,MODEL_A,BATCH_01,675030.0,48216.42857142857,7249.7812456577,36159.0,58214.0,14,1.9,4.0,0.0,1.0,14.0,15.329705714285716,70.15696829268293,39.54544,2.424560243902439,0.1128477603907589,0.2201315986393416,0.1818941582996258,0.0503342882381288,15.6815,70.6669,39.8357,2.52499,152,12,1,0,0,0,1,run_002
U000354,22263367,MODEL_A,BATCH_01,708525.0,50608.92857142857,10545.557427468875,36849.0,74735.0,14,1.85,4.0,0.0,2.0,14.0,15.372615151515152,70.12881282051282,39.53274848484848,2.417643846153846,0.0931057131746361,0.1938268817642882,0.1733619806236584,0.0525279316482085,15.6129,70.7294,39.9155,2.52578,144,12,1,0,0,0,0,run_002
U000355,22316973,MODEL_B,BATCH_01,747788.0,53413.42857142857,12018.254050301251,40824.0,86620.0,14,1.825,4.0,0.0,4.0,14.0,15.34377435897436,70.22855869565217,39.4905717948718,2.425246739130435,0.0928624469959643,0.1872729067146971,0.1500651524272371,0.0439109619345708,15.5297,70.6951,39.9718,2.56664,170,12,1,0,0,0,0,run_002
U000356,22387250,MODEL_A,BATCH_01,740025.0,52858.92857142857,12844.23618392124,34196.0,70486.0,14,1.825,4.0,0.0,5.0,14.0,15.35657105263158,70.24052826086957,39.47938947368421,2.4293691304347824,0.0926083088558055,0.1951435445034033,0.1330274200336024,0.0509696966976385,15.6504,70.6352,39.7287,2.53115,168,12,1,0,0,0,0,run_002
U000357,22451385,MODEL_A,BATCH_02,727153.0,51939.5,10021.091877788414,30801.0,67984.0,14,1.85,4.0,0.0,5.0,14.0,15.39316842105263,70.2353152173913,39.53033421052632,2.4362810869565217,0.1116653279326418,0.2262752728351437,0.1809237935382697,0.0447258579560345,15.5706,70.7868,39.9028,2.55118,168,12,1,0,0,0,0,run_002
U000358,22528297,MODEL_A,BATCH_01,743960.0,53140.0,12071.570358618506,37804.0,76912.0,14,1.8,4.0,0.0,4.0,14.0,15.353102564102564,70.23722916666667,39.537056410256405,2.433779791666667,0.1044774377234264,0.1691376311769258,0.1482659502289748,0.0493090051544073,15.6094,70.5432,39.997,2.53448,174,12,1,0,0,0,0,run_002
U000359,22589137,MODEL_A,BATCH_01,732504.0,52321.71428571428,11425.459030863229,35052.0,74863.0,14,1.9,4.0,0.0,5.0,14.0,15.332058333333334,70.26094418604652,39.51441388888889,2.4414741860465115,0.106058068663216,0.2121361964829435,0.1519216793572612,0.0501401763740587,15.5513,70.8014,39.8397,2.53097,158,12,1,0,0,0,0,run_002
U000360,22643782,MODEL_B,BATCH_01,688078.0,49148.42857142857,8910.96901157639,33468.0,62554.0,14,1.925,4.0,0.0,3.0,14.0,15.3731,70.31078837209301,39.46071111111111,2.4444941860465117,0.0741481374392793,0.2070386750266992,0.1557648021450983,0.0518905589280875,15.5318,70.683,39.8533,2.56695,158,12,1,0,0,0,0,run_002
U000361,22700470,MODEL_A,BATCH_01,703162.0,50225.857142857145,7183.483629475677,37575.0,65986.0,14,1.85,4.0,0.0,2.0,14.0,15.34677222222222,70.36345,39.496633333333335,2.4364041304347825,0.096646420704135,0.2117907811969139,0.1515606714911797,0.056086252487717,15.5299,70.7121,39.9476,2.54102,164,12,1,0,0,0,0,run_002
U000362,22752283,MODEL_A,BATCH_01,734754.0,52482.42857142857,9750.702615427545,36135.0,69058.0,14,1.875,4.0,0.0,3.0,14.0,15.347792105263158,70.39500638297872,39.46216578947369,2.435636595744681,0.0860645903944962,0.257208655277532,0.1499164925682117,0.0486858151950092,15.542,70.849,39.8288,2.53421,170,12,1,0,0,0,0,run_002
U000363,22814034,MODEL_A,BATCH_01,687237.0,49088.357142857145,7937.869851900716,38383.0,61751.0,14,1.925,4.0,0.0,3.0,14.0,15.369057142857145,70.38303720930233,39.44995714285714,2.4453774418604652,0.117330674705683,0.2072876147992675,0.1561218891946748,0.0501871849082452,15.5938,70.8549,39.8208,2.56076,156,12,1,0,0,0,0,run_002
U000364,22876539,MODEL_A,BATCH_02,707396.0,50528.28571428572,9024.641867418608,34037.0,71621.0,14,1.95,4.0,0.0,3.0,14.0,15.370482857142855,70.40497142857143,39.48551714285714,2.4464190476190475,0.1068573966877853,0.1623223205512067,0.1654699323774812,0.0482976764481519,15.5705,70.7642,39.8914,2.55478,154,12,1,0,0,0,0,run_002
U000365,22969340,MODEL_B,BATCH_01,757781.0,54127.21428571428,15245.502157274865,36804.0,92801.0,14,1.95,4.0,0.0,3.0,14.0,15.356077142857144,70.4883,39.47102571428571,2.456234418604651,0.1201773813643672,0.1684208744555742,0.1358650570643274,0.0455797001234585,15.6169,70.9135,39.7311,2.56742,156,12,1,0,0,0,0,run_002
U000366,23055353,MODEL_A,BATCH_01,694964.0,49640.28571428572,12618.477175149948,35436.0,86013.0,14,1.95,4.0,0.0,3.0,14.0,15.36576,70.46129285714285,38.53492,2.585164285714286,0.0956277531706699,0.1937768082386272,0.7324770065855103,0.103743193867683,15.6059,70.8754,39.6646,2.759,154,12,1,0,0,0,1,run_002
U000367,23107418,MODEL_A,BATCH_01,703819.0,50272.78571428572,11615.87678189158,36464.0,81479.0,14,1.975,4.0,0.0,4.0,14.0,15.37683142857143,70.54308571428571,39.421,2.487197619047619,0.10633396273182,0.215529722438356,0.1398767945266782,0.0490413637164425,15.6765,70.9087,39.7686,2.60618,154,12,1,0,0,0,0,run_002
U000368,23183844,MODEL_A,BATCH_01,690605.0,49328.92857142857,11576.4908557372,33187.0,76426.0,14,1.975,4.0,0.0,3.0,14.0,15.380797142857142,70.52171219512195,39.42272,2.465279268292683,0.0790767069359358,0.2283466292669128,0.1363327801417425,0.0505082705301935,15.5726,71.0576,39.7573,2.57892,152,12,1,0,0,0,0,run_002
U000369,23246117,MODEL_A,BATCH_01,677971.0,48426.5,7954.966912371359,35950.0,62273.0,14,1.925,4.0,0.0,3.0,14.0,15.397525714285717,70.58167142857144,38.98022571428571,2.5243516666666665,0.1144258206742465,0.1657684548615262,0.6973218091353526,0.09661145553741,15.6101,70.9405,39.6437,2.76506,154,12,1,0,0,0,1,run_002
U000370,23291622,MODEL_B,BATCH_01,706118.0,50437.0,10749.382930411186,36580.0,74951.0,14,2.0,4.0,0.0,5.0,14.0,15.384569696969695,70.57572926829268,39.44226363636364,2.476460487804878,0.1036748718495968,0.2345052741879166,0.1486943841789721,0.0512534359800013,15.5689,71.2471,39.7823,2.59098,148,12,1,0,0,0,0,run_002
U000371,23352668,MODEL_A,BATCH_02,693838.0,49559.857142857145,10775.01966342766,34809.0,75288.0,14,1.975,4.0,0.0,2.0,14.0,15.366364864864869,70.61510666666666,39.3935,2.486708,0.1104025241665348,0.1978702988874761,0.1329785425464489,0.0497617224471691,15.6265,71.0341,39.7391,2.56895,164,12,1,0,0,0,0,run_002
U000372,23408307,MODEL_A,BATCH_01,688877.0,49205.5,7454.514809057766,38965.0,58453.0,14,1.95,4.0,0.0,3.0,14.0,15.395125714285712,70.57592558139535,39.38545428571429,2.476650465116279,0.0913501065483043,0.1923217246142078,0.1489956954428693,0.0474938366905437,15.5894,70.9605,39.6812,2.58559,156,12,1,0,0,0,0,run_002
U000373,23481119,MODEL_A,BATCH_01,729970.0,52140.71428571428,9408.901255468933,36708.0,72812.0,14,1.9,4.0,0.0,3.0,14.0,15.366774285714284,70.6720880952381,39.36200285714286,2.497961428571428,0.0901621915767128,0.1777591673082914,0.172052256914125,0.0607858675235645,15.5637,70.9746,39.7058,2.61528,154,12,1,0,0,0,0,run_002
U000374,23560870,MODEL_A,BATCH_01,785546.0,56110.42857142857,11112.786818756167,37837.0,79751.0,14,1.9,4.0,0.0,5.0,14.0,15.404225,70.71315625,39.4163775,2.501503958333333,0.1097390932609866,0.220473757695664,0.1818120479033784,0.0549046771537719,15.6952,71.2692,39.7233,2.63419,176,12,1,0,0,0,0,run_002
U000375,23624234,MODEL_B,BATCH_01,768110.0,54865.0,13583.757597275448,36974.0,84588.0,14,1.95,4.0,0.0,5.0,14.0,15.411110256410256,70.73623404255319,38.508864102564104,2.6068444680851064,0.0914814182882939,0.2046126332499439,0.7688985866629019,0.1090643960317758,15.6228,71.1244,39.7256,2.8158,172,12,1,0,0,0,0,run_002
U000376,23681825,MODEL_A,BATCH_01,706090.0,50435.0,7244.307611444365,37453.0,60225.0,14,1.95,4.0,0.0,4.0,14.0,15.375166666666663,70.71311363636363,39.44435277777777,2.4840570454545454,0.1175158299367123,0.2017261401595693,0.1519363578910795,0.0510664227999111,15.6167,71.1685,39.73,2.58427,160,12,1,0,0,0,0,run_002
U000377,23756962,MODEL_A,BATCH_01,717230.0,51230.71428571428,13980.389938594875,33820.0,75137.0,14,1.925,4.0,0.0,4.0,14.0,15.394534210526317,70.80237555555556,38.76747368421053,2.5806553333333335,0.0920894402970542,0.1966697822557542,0.7539417490167183,0.1117366746905825,15.5645,71.1819,39.5825,2.76209,166,12,1,0,0,0,1,run_002
U000378,23814590,MODEL_A,BATCH_02,734306.0,52450.42857142857,9410.229235450975,38284.0,70977.0,14,2.025,4.0,0.0,5.0,14.0,15.390583333333334,70.83469090909091,39.371361111111106,2.517099318181818,0.0969626599705855,0.1996550231963282,0.1640581922503249,0.0540037937253821,15.5796,71.334,39.7487,2.60303,160,12,1,0,0,0,0,run_002
U000379,23869280,MODEL_A,BATCH_01,654372.0,46740.857142857145,10107.24433156842,32791.0,63788.0,14,2.0,4.0,0.0,1.0,14.0,15.377621212121213,70.79882307692307,39.37129393939394,2.4983858974358975,0.0910440304110317,0.2255305306226093,0.160431118278599,0.0545966985563446,15.5437,71.3155,39.7,2.61376,144,12,1,0,0,0,0,run_002
U000380,23926595,MODEL_B,BATCH_01,673606.0,48114.71428571428,9216.259056092716,37202.0,68820.0,14,1.9268292682926829,4.0,0.0,4.0,14.0,15.401454285714284,70.82363255813954,39.06854285714286,2.545289069767442,0.0928830426582019,0.1891216108133427,0.5714662952779076,0.0800650125660972,15.6197,71.2546,39.6095,2.79929,156,12,2,1,0,1,1,run_002
U000381,23977697,MODEL_A,BATCH_01,683457.0,48818.357142857145,8874.652050445895,37513.0,70215.0,14,1.975609756097561,4.0,0.0,4.0,14.0,15.38828108108108,70.87438181818182,39.38717567567567,2.520903409090909,0.0953038323755417,0.2465528381246413,0.1505462616337317,0.0478114420451151,15.6335,71.5559,39.7495,2.63652,162,12,2,0,0,0,0,run_002
U000382,24046173,MODEL_A,BATCH_01,698816.0,49915.42857142857,10717.63961323205,33210.0,74154.0,14,2.0,4.0,0.0,4.0,14.0,15.409022857142856,70.93006904761904,39.35158571428571,2.5288500000000003,0.1043090123163873,0.1768034756971256,0.1345429324500887,0.0433204697855301,15.5977,71.2577,39.5926,2.62897,154,12,1,0,0,0,0,run_002
U000383,24111686,MODEL_A,BATCH_01,706375.0,50455.357142857145,9306.0364330582,31457.0,65513.0,14,1.975,4.0,0.0,3.0,14.0,15.448956756756758,70.94433863636364,39.36007027027027,2.528839772727273,0.0984574091240034,0.167197702521087,0.153341079269682,0.0473506759112208,15.622,71.3596,39.7079,2.61465,162,12,1,0,0,0,0,run_002
U000384,24170489,MODEL_A,BATCH_01,751457.0,53675.5,12531.119845286095,35954.0,74195.0,14,2.05,4.0,0.0,4.0,14.0,15.41529268292683,70.89805102040816,39.31177804878049,2.5325151020408163,0.1211078453078987,0.1903208454628313,0.1601190221556986,0.0654179753623588,15.6679,71.2264,39.5903,2.66506,180,12,1,0,0,0,0,run_002
U000385,24225971,MODEL_B,BATCH_02,686166.0,49011.857142857145,8864.271117218857,32612.0,65185.0,14,2.048780487804878,4.0,0.0,2.0,14.0,15.405277777777778,70.98033636363635,39.328425,2.534348409090909,0.0904015205659445,0.1549203142367511,0.1374285962652202,0.0413712649936835,15.6199,71.26,39.5926,2.62247,160,12,2,0,0,0,0,run_002
U000386,24304634,MODEL_A,BATCH_01,706716.0,50479.71428571428,11924.536923300831,33079.0,81532.0,14,2.025,4.0,0.0,3.0,14.0,15.42440303030303,70.97417804878049,39.329803030303026,2.529089024390244,0.1031892602358905,0.1930681842150532,0.1653684985208239,0.0532588294935627,15.7022,71.2884,39.6126,2.64894,148,12,1,0,0,0,0,run_002
U000387,24364481,MODEL_A,BATCH_01,726591.0,51899.357142857145,11465.708603732885,37663.0,74430.0,14,2.0,4.0,0.0,4.0,14.0,15.436883783783784,71.00526590909091,39.30781621621622,2.533192272727273,0.0871275422505336,0.1999874634945131,0.1488068108385905,0.052512712164776,15.5884,71.6451,39.6684,2.62676,162,12,1,0,0,0,0,run_002
U000388,24412461,MODEL_A,BATCH_01,670679.0,47905.642857142855,8046.981867155517,35441.0,60857.0,14,1.975609756097561,4.0,0.0,5.0,14.0,15.421805714285714,71.04615952380952,39.31026,2.5450652380952383,0.0897956993037271,0.2171527326499228,0.143838956516532,0.059638294999352,15.6468,71.5502,39.6459,2.67776,154,12,2,0,0,0,0,run_002
U000389,24456076,MODEL_A,BATCH_01,696205.0,49728.92857142857,9096.236182444538,33439.0,69827.0,14,1.951219512195122,4.0,0.0,5.0,14.0,15.444726315789472,71.10858444444445,39.30785789473684,2.540808222222222,0.1139393619768046,0.1563357792985643,0.1542078846646479,0.0479563533703914,15.708,71.583,39.7349,2.68407,166,12,2,0,0,0,0,run_002
U000390,24510314,MODEL_B,BATCH_01,688468.0,49176.28571428572,8827.623013356091,32343.0,62426.0,14,1.925,4.0,0.0,4.0,14.0,15.431011764705882,71.10024390243903,39.25662352941177,2.543842195121951,0.0810947061931237,0.1905235799694901,0.1615102906165567,0.0492085070649474,15.6127,71.4655,39.6122,2.66138,150,12,1,0,0,0,0,run_002
U000391,24556949,MODEL_A,BATCH_01,696821.0,49772.92857142857,13699.31466261268,35398.0,81938.0,14,1.9268292682926829,4.0,0.0,5.0,14.0,15.43554054054054,71.10521136363637,38.6898945945946,2.6420036363636363,0.0977115040976909,0.2132391202992646,0.7772608016996981,0.0993026249235232,15.6691,71.5167,39.6819,2.81289,162,12,2,0,0,0,1,run_002
U000392,24602923,MODEL_A,BATCH_02,724653.0,51760.92857142857,11519.566461288548,38231.0,79435.0,14,1.875,4.0,0.0,5.0,14.0,15.482572972972973,71.14987500000001,39.252343243243246,2.5549856818181818,0.0888445197729929,0.2034140994918759,0.1484055826677939,0.0542531558785305,15.7215,71.5636,39.7125,2.66545,162,12,1,0,0,0,0,run_002
U000393,24661924,MODEL_A,BATCH_01,710103.0,50721.642857142855,11516.10665784861,31705.0,71966.0,14,1.9,4.0,0.0,4.0,14.0,15.445816216216215,71.14458409090909,39.253213513513515,2.563846818181818,0.1101380106793129,0.2450094473196866,0.1484872144929242,0.0470739541756756,15.7021,71.6428,39.5155,2.6805,162,12,1,0,0,0,0,run_002
U000394,24714195,MODEL_A,BATCH_01,704442.0,50317.28571428572,6396.048352496449,38077.0,60839.0,14,1.925,4.0,0.0,5.0,14.0,15.434832432432431,71.2557590909091,39.23231891891892,2.5666290909090907,0.105412512577055,0.164412961801848,0.1648643918124449,0.0481076026394215,15.7022,71.6001,39.5242,2.65291,162,12,1,0,0,0,0,run_002
U000395,24777444,MODEL_B,BATCH_01,720498.0,51464.142857142855,9136.377171733651,35854.0,63249.0,14,2.0,4.0,0.0,4.0,14.0,15.468730555555554,71.2071590909091,39.23806388888889,2.559126590909091,0.0828296214076804,0.1933078149242373,0.1391290955557376,0.0505050571238619,15.6851,71.5476,39.5036,2.68388,160,12,1,0,0,0,0,run_002
U000396,24831553,MODEL_A,BATCH_01,676388.0,48313.42857142857,9093.409453802546,34343.0,64125.0,14,1.9268292682926829,4.0,0.0,2.0,14.0,15.439158823529413,71.30995,39.213144117647055,2.5778340476190476,0.0699305071401386,0.2188542685296711,0.1325668389248656,0.0388296067616704,15.5553,71.7338,39.5633,2.66866,152,12,2,0,0,0,0,run_002
U000397,24878941,MODEL_A,BATCH_01,725731.0,51837.92857142857,10109.913888884485,34128.0,72276.0,14,1.951219512195122,4.0,0.0,4.0,14.0,15.414326470588234,71.34442857142857,39.2275794117647,2.5702233333333333,0.1069028227901355,0.2235183304380457,0.1674436020465091,0.0512236588185988,15.6739,71.737,39.5529,2.68981,152,12,2,0,0,0,0,run_002
U000398,24934713,MODEL_A,BATCH_01,680756.0,48625.42857142857,6697.210437813018,38543.0,59539.0,14,1.9268292682926829,4.0,0.0,2.0,14.0,15.433485714285714,71.33715813953489,39.226485714285715,2.578565581395349,0.0857912690705729,0.2118596269686934,0.1494765241116618,0.0427705173990507,15.5765,71.9857,39.5658,2.69329,156,12,2,0,0,0,0,run_002
U000399,24985454,MODEL_A,BATCH_02,702362.0,50168.71428571428,10629.586368886909,38640.0,70888.0,14,1.9,4.0,0.0,3.0,14.0,15.413642857142856,71.35773255813955,39.21857714285714,2.5863032558139536,0.109007984828188,0.2097557136073276,0.1393446744074365,0.0524116415512782,15.6762,71.8539,39.5403,2.70387,156,12,1,0,0,0,0,run_002
U000400,25051027,MODEL_B,BATCH_01,733476.0,52391.142857142855,11937.619527276867,33831.0,73800.0,14,1.95,4.0,0.0,4.0,14.0,15.43361842105263,71.4312347826087,39.18811052631579,2.5882928260869567,0.0957493937748453,0.2071568844216506,0.1559486571599315,0.0674569635862762,15.5975,71.8859,39.5029,2.80108,168,12,1,0,0,0,0,run_002
U000401,25107445,MODEL_A,BATCH_01,688808.0,49200.57142857143,10257.053548388323,33156.0,67092.0,14,1.9,4.0,0.0,3.0,14.0,15.47955135135135,71.44295454545454,39.176002702702704,2.589995681818182,0.0989915333686603,0.1998179572144871,0.1675800612750121,0.0356634775331413,15.6733,71.8101,39.6468,2.68223,162,12,1,0,0,0,1,run_002
U000402,25178432,MODEL_A,BATCH_01,711828.0,50844.857142857145,11751.222233368831,34162.0,71463.0,14,1.9,4.0,0.0,4.0,14.0,15.445056756756756,71.45124545454546,39.187783783783786,2.5963772727272727,0.1043405336720439,0.2362926126988906,0.1651872901915911,0.0484451290835713,15.6276,71.9752,39.4971,2.71941,162,12,1,0,0,0,0,run_002
U000403,25246231,MODEL_A,BATCH_01,708551.0,50610.78571428572,10062.397857511754,31971.0,67799.0,14,1.9,4.0,0.0,4.0,14.0,15.422480555555556,71.45209767441861,39.204325,2.604039069767442,0.1059670348186357,0.210203672760687,0.1249610439296979,0.0571236389152825,15.6922,72.0278,39.4278,2.73688,158,12,1,0,0,0,0,run_002
U000404,25319515,MODEL_A,BATCH_01,694852.0,49632.28571428572,12011.637308675485,32614.0,73284.0,14,1.925,4.0,0.0,4.0,14.0,15.455517647058825,71.4578,39.19349117647059,2.5941107142857143,0.0990677009731938,0.1834699550069281,0.1661849286964574,0.052380503652523,15.5913,71.8276,39.5677,2.69982,152,12,1,0,0,0,0,run_002
U000405,25387353,MODEL_B,BATCH_01,728931.0,52066.5,10788.013866894486,35251.0,69763.0,14,1.925,4.0,0.0,5.0,14.0,15.485019444444443,71.48238666666667,39.17944722222222,2.6005142222222224,0.1124767399940207,0.2110872887090672,0.1569562859727183,0.0491792889930159,15.8147,71.8568,39.5148,2.69562,162,12,1,0,0,0,0,run_002
U000406,25445182,MODEL_A,BATCH_02,703982.0,50284.42857142857,10683.10378922851,33994.0,65449.0,14,1.875,4.0,0.0,4.0,14.0,15.474654054054051,71.52171136363637,39.15594054054054,2.614381818181818,0.1035221409345058,0.2211724290146448,0.134815663159119,0.0553424490037584,15.6916,71.9927,39.4033,2.72762,162,12,1,0,0,0,0,run_002
U000407,25509262,MODEL_A,BATCH_01,738161.0,52725.78571428572,12777.338594790936,37926.0,84107.0,14,1.85,4.0,0.0,5.0,14.0,15.457762162162162,71.57891818181818,38.73265945945946,2.661936818181818,0.0991784344596237,0.2020852275566366,0.7511164185025863,0.1088954779587891,15.6699,72.0349,39.3565,2.93706,162,12,1,0,0,0,1,run_002
U000408,25554935,MODEL_A,BATCH_01,664100.0,47435.71428571428,8217.176020887087,36880.0,63252.0,14,1.902439024390244,4.0,0.0,5.0,14.0,15.48725,71.61312195121951,39.153441176470594,2.609231707317073,0.0945532533933799,0.1903336616473727,0.1268438173924748,0.0461744080039169,15.6835,71.9947,39.3778,2.69413,150,12,2,0,0,0,0,run_002
U000409,25597721,MODEL_A,BATCH_01,690873.0,49348.07142857143,9118.664894382508,35005.0,61847.0,14,1.9268292682926829,4.0,0.0,4.0,14.0,15.47756111111111,71.56769565217391,39.13917222222222,2.610343695652174,0.1061098225634386,0.201369245093597,0.1509641728757588,0.0507225282124311,15.7034,71.9808,39.4036,2.73038,164,12,2,0,0,0,0,run_002
U000410,25655641,MODEL_B,BATCH_01,690770.0,49340.71428571428,10792.142443809407,34895.0,73886.0,14,1.875,4.0,0.0,2.0,14.0,15.474777777777778,71.59169761904761,39.124180555555554,2.632770476190476,0.1019161451141113,0.2099895426990915,0.1569475942007288,0.0420133215779425,15.6853,72.0588,39.5055,2.7118,156,12,1,0,0,0,0,run_002
U000411,25710127,MODEL_A,BATCH_01,661905.0,47278.92857142857,7165.107615964443,32967.0,58005.0,14,1.925,4.0,0.0,4.0,14.0,15.466717647058822,71.67101707317073,39.12064705882353,2.6366253658536585,0.1140824169666942,0.213789131976393,0.1187699207796165,0.054791378751477,15.7655,72.1556,39.4531,2.74569,150,12,1,0,0,0,0,run_002
U000412,25786301,MODEL_A,BATCH_01,742638.0,53045.57142857143,10901.667125256125,37799.0,76174.0,14,1.85,4.0,0.0,2.0,14.0,15.500934210526315,71.67242826086957,39.16597894736842,2.6287723913043477,0.0915206970427875,0.1808602181711261,0.1511786792451932,0.0484546634923264,15.679,72.1032,39.5046,2.70601,168,12,1,0,0,0,0,run_002
U000413,25840960,MODEL_A,BATCH_02,701218.0,50087.0,13852.848637901714,33240.0,74542.0,14,1.85,4.0,0.0,5.0,14.0,15.481827272727273,71.6918292682927,39.123954545454545,2.6398941463414634,0.1190995074316201,0.224990362286814,0.1105912691256336,0.0458111858051943,15.7501,72.2952,39.3486,2.7018,148,12,1,0,0,0,0,run_002
U000414,25889808,MODEL_A,BATCH_01,713738.0,50981.28571428572,8127.922550628235,39225.0,63742.0,14,1.853658536585366,4.0,0.0,5.0,14.0,15.48481282051282,71.71774042553191,39.107984615384616,2.6331876595744683,0.096685020827229,0.197661539505833,0.1620781123221973,0.0419479842606741,15.7292,72.0689,39.4474,2.72516,172,12,2,0,0,0,0,run_002
U000415,25952120,MODEL_B,BATCH_01,728597.0,52042.642857142855,12202.789048203082,36891.0,76133.0,14,1.825,4.0,0.0,4.0,14.0,15.464805263157894,71.74236666666667,39.152986842105264,2.635928,0.0982831676973814,0.1768872843469448,0.1639492096220805,0.0448277371825646,15.6366,72.1951,39.6013,2.72283,166,12,1,0,0,0,0,run_002
U000416,26037339,MODEL_A,BATCH_01,729239.0,52088.5,13147.021146954225,38421.0,85219.0,14,1.875,4.0,0.0,5.0,14.0,15.521121621621624,71.75563720930232,39.100927027027026,2.6361746511627904,0.0867662797248866,0.1868052933675122,0.1388738129235172,0.0477797147307972,15.7651,72.1225,39.3228,2.72988,160,12,1,0,0,0,0,run_002
U000417,26086001,MODEL_A,BATCH_01,705105.0,50364.642857142855,12558.248779232672,32217.0,81585.0,14,1.853658536585366,4.0,0.0,5.0,14.0,15.498714705882351,71.80909523809524,38.83425588235294,2.6926488095238095,0.0885797573576902,0.1995435009146097,0.5929033158399828,0.0819482668815495,15.6394,72.1662,39.343,2.92352,152,12,2,0,0,0,0,run_002
U000418,26134918,MODEL_A,BATCH_01,709812.0,50700.857142857145,8059.398401456937,37883.0,66138.0,14,1.951219512195122,4.0,0.0,5.0,14.0,15.499159459459458,71.83368888888889,38.5536972972973,2.7264268888888887,0.0961853750128697,0.2101144744508063,0.762346890816077,0.0946918282166423,15.6684,72.3501,39.4052,2.91246,164,12,2,1,0,1,1,run_002
U000419,26189356,MODEL_A,BATCH_01,711507.0,50821.92857142857,7740.067505810624,38755.0,63846.0,14,1.875,4.0,0.0,1.0,14.0,15.482152631578948,71.82412888888888,39.08149210526316,2.663758,0.0936203366011896,0.2140683574152535,0.1618897779548151,0.0511941554991653,15.7489,72.2009,39.4249,2.76468,166,12,1,0,0,0,0,run_002
U000420,26261337,MODEL_B,BATCH_02,732016.0,52286.857142857145,10754.45143511884,34895.0,71981.0,14,1.9,4.0,0.0,3.0,14.0,15.514058333333333,71.9162,39.06713333333333,2.6438518181818185,0.108187718803938,0.22777807743095,0.1381126662237356,0.0499752067958879,15.8011,72.4888,39.3454,2.73116,160,12,1,0,0,0,0,run_002
U000421,26325905,MODEL_A,BATCH_01,699014.0,49929.57142857143,10395.582898625637,35879.0,67232.0,14,1.9,4.0,0.0,2.0,14.0,15.457964864864865,71.88343333333333,39.09172972972973,2.669554444444445,0.0915610580014361,0.2013025696444402,0.1441755254790045,0.0544520118818377,15.6623,72.2781,39.3472,2.85274,164,12,1,0,0,0,1,run_002
U000422,26387407,MODEL_A,BATCH_01,675513.0,48250.92857142857,10081.601700159525,34269.0,65715.0,14,1.9,4.0,0.0,3.0,14.0,15.531660606060608,71.95171025641025,39.092890909090904,2.6826602564102564,0.1024539010341783,0.1747130561729744,0.1387453295692231,0.0507943012493154,15.7091,72.3291,39.4391,2.79451,144,12,1,0,0,0,0,run_002
U000423,26462260,MODEL_A,BATCH_01,728006.0,52000.42857142857,10768.200533295929,39330.0,74853.0,14,1.875,4.0,0.0,4.0,14.0,15.512186486486488,71.99327173913044,38.61992432432432,2.7232321739130434,0.1020487333531336,0.2338962653856462,0.7282432390521931,0.1042252443916657,15.719,72.4482,39.4956,2.94842,166,12,1,0,0,0,1,run_002
U000424,26519241,MODEL_A,BATCH_01,716676.0,51191.142857142855,10235.616789180076,35070.0,72460.0,14,1.975609756097561,4.0,0.0,4.0,14.0,15.529886486486488,71.99954222222223,39.01932162162162,2.6816586666666664,0.0875484537656537,0.183958076361397,0.1309078028722987,0.060627847172131,15.6906,72.6034,39.4106,2.82527,164,12,2,0,0,0,0,run_002
U000425,26573593,MODEL_B,BATCH_01,661185.0,47227.5,7675.909635396265,35888.0,61638.0,14,1.853658536585366,4.0,0.0,1.0,14.0,15.541865714285713,72.01155227272727,39.04830857142857,2.6742327272727273,0.0965649886097966,0.2094700450235243,0.1712549241394728,0.0451769241035595,15.7932,72.4114,39.348,2.77084,158,12,2,0,0,0,0,run_002
U000426,26624528,MODEL_A,BATCH_01,715462.0,51104.42857142857,10163.66615195283,36364.0,64256.0,14,1.925,4.0,0.0,4.0,14.0,15.49905,72.06637857142857,39.05964411764706,2.691113571428571,0.0810193701119264,0.2054545009695341,0.1590829004223077,0.0523895637448224,15.738,72.3882,39.3368,2.8083,152,12,1,0,0,0,0,run_002
U000427,26674361,MODEL_A,BATCH_02,684760.0,48911.42857142857,9141.856903734148,34758.0,64350.0,14,1.875,4.0,0.0,2.0,14.0,15.518348648648647,72.09632888888889,39.00396486486486,2.670330888888889,0.0930981370550622,0.2219412449093674,0.1704457916696618,0.0479028065614599,15.6974,72.7145,39.3672,2.76291,164,12,1,0,0,0,0,run_002
U000428,26733132,MODEL_A,BATCH_01,691033.0,49359.5,9455.746472180494,34216.0,67186.0,14,1.875,4.0,0.0,4.0,14.0,15.530283333333331,72.07320454545454,39.029374999999995,2.691511818181818,0.087213463901592,0.1906726342903732,0.1641161912008878,0.0405654383350531,15.6774,72.3909,39.439,2.78353,160,12,1,0,0,0,0,run_002
U000429,26797976,MODEL_A,BATCH_01,733437.0,52388.357142857145,9758.004852878032,33698.0,64844.0,14,1.85,4.0,0.0,4.0,14.0,15.523622222222222,72.13341627906976,38.97327777777778,2.6779316279069767,0.1091822254270643,0.1582359584235063,0.138962624185911,0.0514397200119312,15.7685,72.4572,39.3404,2.80914,158,12,1,0,0,0,0,run_002
U000430,26854746,MODEL_B,BATCH_01,740798.0,52914.142857142855,12055.047802330915,38477.0,80597.0,14,1.825,4.0,0.0,4.0,14.0,15.53716216216216,72.13138260869565,38.99593783783784,2.698755,0.1054337874143226,0.1866679634530541,0.1082160913053955,0.0536253565541112,15.6958,72.5065,39.2176,2.80126,166,12,1,0,0,0,0,run_002
U000001,686591,MODEL_A,BATCH_01,686591.0,49042.21428571428,8928.890698423607,37066.0,68993.0,14,0.4,1.0,0.0,0.0,14.0,14.483257142857145,60.97378636363636,42.01710571428571,1.1342802272727273,0.0943462187456214,0.2043975112383303,0.1281730630204089,0.0508306372313243,14.6412,61.3775,42.239,1.23749,158,12,1,0,0,0,0,run_003
U000002,808922,MODEL_A,BATCH_01,751941.0,53710.07142857143,10936.432082119523,37832.0,72060.0,14,0.475,1.0,0.0,10.0,14.0,14.516043243243244,61.03760681818182,41.98413243243243,1.1529561363636365,0.0947035947356582,0.1964242742988407,0.1513153606325672,0.0533750191641339,14.6773,61.4357,42.3442,1.29424,162,12,1,0,0,0,0,run_003
U000003,857435,MODEL_A,BATCH_01,728246.0,52017.57142857143,11722.693840543689,34132.0,69769.0,14,0.525,1.0,0.0,7.0,14.0,14.5323225,61.08794255319149,42.01193,1.1600327659574468,0.0890789810526851,0.2361030934963728,0.1552284919657093,0.0499033360260713,14.7111,61.6208,42.3037,1.27951,174,12,1,0,0,0,0,run_003
U000004,944809,MODEL_A,BATCH_01,724235.0,51731.07142857143,11312.987488616012,36440.0,71404.0,14,0.5,1.0,0.0,5.0,14.0,14.479871428571428,61.06273111111111,41.989445714285715,1.1563042222222222,0.0782247838394115,0.1860632527128903,0.1388658161952136,0.0498727953483518,14.677,61.4674,42.2552,1.26578,160,12,1,0,0,0,0,run_003
U000005,999189,MODEL_B,BATCH_01,675313.0,48236.642857142855,8806.92231763124,34812.0,60203.0,14,0.5,1.0,0.0,5.0,14.0,14.530438235294117,61.12352195121952,42.00286176470588,1.165969268292683,0.0954562410128675,0.221235589939994,0.1514652635739262,0.0478922759111656,14.7189,61.6014,42.3925,1.26763,150,12,1,0,0,0,0,run_003
U000006,1057426,MODEL_A,BATCH_01,680769.0,48626.357142857145,8396.733921885643,32749.0,65487.0,14,0.5,1.0,0.0,5.0,14.0,14.47268181818182,61.128595,41.96465454545454,1.16383475,0.1196606594043797,0.195752978757178,0.1684206064643468,0.0472007077841054,14.7292,61.4176,42.257,1.25459,146,12,1,0,0,0,0,run_003
U000007,1127226,MODEL_A,BATCH_02,702631.0,50187.92857142857,11597.14953349304,31621.0,69800.0,14,0.475,2.0,0.0,5.0,14.0,14.520116666666668,61.15689534883722,41.93466111111111,1.18013,0.1190165474689492,0.1769784880033359,0.1491709896686689,0.0514357255870534,14.7455,61.4735,42.2644,1.2899,158,12,1,0,0,0,0,run_003
U000008,1209055,MODEL_A,BATCH_01,761169.0,54369.21428571428,12349.313896722368,38966.0,81829.0,14,0.55,2.0,0.0,7.0,14.0,14.531786486486489,61.172036956521744,41.92561351351351,1.1801084782608695,0.1201238485021979,0.2195744149826567,0.1442813573892711,0.0502223738970498,14.9653,61.5164,42.1711,1.28417,166,12,1,0,0,0,0,run_003
U000009,1259280,MODEL_A,BATCH_01,687852.0,49132.28571428572,8828.372447169073,33089.0,65823.0,14,0.625,2.0,0.0,6.0,14.0,14.490152777777777,61.20878863636364,41.95484444444444,1.1862656818181818,0.101987933421028,0.1642366474922464,0.1597293737087727,0.0582887327018646,14.6925,61.5733,42.2949,1.37788,160,12,1,0,0,0,0,run_003
U000010,1314244,MODEL_B,BATCH_01,712113.0,50865.21428571428,10138.922778303204,36168.0,65668.0,14,0.675,2.0,0.0,6.0,14.0,14.515557142857144,61.271657777777776,41.91958857142857,1.1727453333333333,0.1092915536419854,0.1994070499903617,0.138472009852551,0.0481490191819295,14.7696,61.7208,42.3366,1.269,160,12,1,0,0,0,0,run_003
U000011,1390013,MODEL_A,BATCH_01,719999.0,51428.5,13482.742580795646,32665.0,76615.0,14,0.7,3.0,0.0,4.0,14.0,14.544856756756758,61.300968181818185,41.89688648648649,1.183869772727273,0.0963564981967727,0.195050150703968,0.1456547423841008,0.0409531246210373,14.7356,61.7193,42.2239,1.26319,162,12,1,0,0,0,0,run_003
U000012,1440600,MODEL_A,BATCH_01,701944.0,50138.857142857145,6552.632951219426,37465.0,58250.0,14,0.725,2.0,0.0,5.0,14.0,14.502354285714286,61.33154634146342,41.93233142857142,1.2024926829268292,0.0993673379372692,0.1872464874137316,0.1510107529701277,0.0375049370099718,14.6924,61.9232,42.3395,1.28191,152,12,1,0,0,0,0,run_003
U000013,1498014,MODEL_A,BATCH_01,704376.0,50312.57142857143,10933.354779081978,36423.0,74210.0,14,0.8,3.0,0.0,5.0,14.0,14.521254285714283,61.3418511627907,41.905159999999995,1.1943160465116278,0.083846797767108,0.2144446563880238,0.1425539757425256,0.0471630574829563,14.6757,61.8466,42.1832,1.29056,156,12,1,0,0,0,0,run_003
U000014,1590765,MODEL_A,BATCH_02,727785.0,51984.642857142855,11123.19391463789,38856.0,75591.0,14,0.875,3.0,0.0,4.0,14.0,14.515102564102564,61.34512340425532,41.931238461538456,1.202703829787234,0.100038001956045,0.2321256492700215,0.1610570634660529,0.0522976966220348,14.7093,61.9284,42.3293,1.32177,172,12,1,0,0,0,0,run_003
U000015,1648930,MODEL_B,BATCH_01,701100.0,50078.57142857143,6715.643673993131,42153.0,62184.0,14,0.825,3.0,0.0,2.0,14.0,14.534755555555556,61.29648863636364,41.872197222222226,1.2025572727272726,0.0945337655306126,0.1647661376024305,0.1587825026094517,0.05345726005749,14.743,61.6379,42.2231,1.34907,160,12,1,0,0,0,0,run_003
U000016,1711625,MODEL_A,BATCH_01,685036.0,48931.142857142855,8702.944893780255,34762.0,63594.0,14,0.9,4.0,0.0,4.0,14.0,14.51538857142857,61.39185581395349,41.86136,1.2167646511627908,0.0926592326482257,0.1920621108643745,0.1462952658958227,0.0536560172522654,14.7601,61.8081,42.1086,1.30661,156,12,1,0,0,0,0,run_003
U000017,1776702,MODEL_A,BATCH_01,695647.0,49689.07142857143,8758.504214272469,38385.0,65077.0,14,0.925,4.0,0.0,4.0,14.0,14.545021212121211,61.43302,41.89646060606061,1.21322075,0.104116058312274,0.1864344460304127,0.135975760568277,0.0505795722618559,14.7291,61.8276,42.1879,1.33439,146,12,1,0,0,0,0,run_003
U000018,1831349,MODEL_A,BATCH_01,707573.0,50540.92857142857,10534.093173809766,33711.0,68522.0,14,0.975,4.0,0.0,5.0,14.0,14.538597222222222,61.40413255813954,41.88692777777778,1.212403488372093,0.0693446855976355,0.2131707751801805,0.1837716542904142,0.049461547781788,14.6726,61.7879,42.3276,1.31894,158,12,1,0,0,0,0,run_003
U000019,1914155,MODEL_A,BATCH_01,708261.0,50590.07142857143,14507.37723454087,31001.0,82806.0,14,0.925,4.0,0.0,3.0,14.0,14.543031428571428,61.50719047619048,41.88172,1.214351904761905,0.1120189184952272,0.1812977470290696,0.1257017473789351,0.0398674540677525,14.803,61.9613,42.1953,1.31975,154,12,1,0,0,0,0,run_003
U000020,1985227,MODEL_B,BATCH_01,716425.0,51173.21428571428,13193.45621119437,33826.0,75691.0,14,0.95,4.0,0.0,4.0,14.0,14.542408333333334,61.47736136363637,41.881144444444445,1.2206934090909092,0.1006953492329352,0.1745111727161008,0.1661771901907194,0.0519270376292064,14.7175,61.8361,42.2264,1.33717,160,12,1,0,0,0,0,run_003
U000021,2039161,MODEL_A,BATCH_02,724741.0,51767.21428571428,11363.423862270844,37188.0,76135.0,14,1.05,4.0,0.0,5.0,14.0,14.541376315789474,61.48432,41.87125789473684,1.2259442222222223,0.1112783081122734,0.1786897662023604,0.1473396694011219,0.0515588621466628,14.7277,61.9535,42.1994,1.32249,166,12,1,0,0,0,0,run_003
U000022,2096704,MODEL_A,BATCH_01,717208.0,51229.142857142855,9989.672943419297,32719.0,68008.0,14,1.1,4.0,0.0,3.0,14.0,14.567210810810812,61.52423555555555,41.86661081081081,1.2237595555555556,0.1111659414863498,0.1758203385116276,0.1530948703396862,0.0558546821898151,14.7842,61.9101,42.1276,1.32794,164,12,1,0,0,0,0,run_003
U000023,2141574,MODEL_A,BATCH_01,703168.0,50226.28571428572,8802.39311366361,36093.0,64263.0,14,1.075,4.0,0.0,2.0,14.0,14.5520027027027,61.50256818181818,41.868721621621624,1.2188102272727273,0.1027650948265738,0.2126239083591471,0.1471352875854483,0.0556029422213256,14.7347,62.003,42.1513,1.33123,162,12,1,0,0,0,0,run_003
U000024,2195469,MODEL_A,BATCH_01,706654.0,50475.28571428572,8045.876100200662,37396.0,63746.0,14,1.15,4.0,0.0,4.0,14.0,14.56607105263158,61.60738222222222,41.81733421052632,1.2263944444444446,0.0958227048304532,0.1772860788885484,0.1601564307529425,0.0535264712997034,14.7971,61.9159,42.2252,1.31388,166,12,1,0,0,0,0,run_003
U000025,2255718,MODEL_B,BATCH_01,689603.0,49257.357142857145,10226.756554835369,32593.0,62537.0,14,1.15,4.0,0.0,2.0,14.0,14.54645,61.63024418604651,41.81609705882353,1.244223023255814,0.1032559962306105,0.197019247672629,0.1496627956952889,0.0524009921995704,14.8638,62.078,42.1778,1.39779,154,12,1,0,0,0,0,run_003
U000026,2309838,MODEL_A,BATCH_01,700761.0,50054.357142857145,9274.69637576548,29182.0,62372.0,14,1.225,4.0,0.0,4.0,14.0,14.545523529411764,61.686919512195125,41.82353235294118,1.254510975609756,0.1145606100236201,0.1838751603935579,0.146588001742646,0.0571255926798522,14.8134,62.1637,42.1501,1.36945,150,11,1,0,0,0,0,run_003
U000027,2371769,MODEL_A,BATCH_01,710874.0,50776.71428571428,9409.033134571931,33457.0,64486.0,14,1.25,4.0,0.0,4.0,14.0,14.552505405405403,61.67263111111111,41.83378648648649,1.245747333333333,0.0989010811814462,0.1866483577871678,0.1527915758333738,0.0524421571569355,14.7462,62.1246,42.147,1.3585,164,12,1,0,0,0,0,run_003
U000028,2433744,MODEL_A,BATCH_02,730002.0,52143.0,10654.43924814008,37045.0,72505.0,14,1.35,4.0,0.0,4.0,14.0,14.573080555555556,61.71280000000001,41.79982222222222,1.2443702272727273,0.0992421909686291,0.2043881396458879,0.1421891217681792,0.0487466717522734,14.7845,62.2226,42.2192,1.35763,160,12,1,0,0,0,0,run_003
U000029,2491524,MODEL_A,BATCH_01,691591.0,49399.357142857145,9050.29739933907,33119.0,62036.0,14,1.35,4.0,0.0,3.0,14.0,14.582694285714286,61.724393023255814,41.80348857142857,1.2587944186046511,0.1096742260001848,0.1974269670817997,0.1699135000893258,0.0401355574630303,14.8152,62.0907,42.1437,1.35994,156,12,1,0,0,0,0,run_003
U000030,2552936,MODEL_B,BATCH_01,746417.0,53315.5,10603.725540872596,36913.0,77227.0,14,1.425,4.0,0.0,5.0,14.0,14.559010526315788,61.69660638297872,41.80059210526315,1.25605,0.0862068718320466,0.2150669687453842,0.134090121734599,0.0502150597106,14.7528,62.2258,42.1325,1.36086,170,12,1,0,0,0,0,run_003
U000031,2607213,MODEL_A,BATCH_01,720088.0,51434.857142857145,10946.839008851564,35404.0,74181.0,14,1.425,4.0,0.0,4.0,14.0,14.553543243243242,61.759919999999994,41.80962432432432,1.2591644444444443,0.0893573585247599,0.1806912517377246,0.1496539590102699,0.0526434282592698,14.7673,62.087,42.0886,1.35675,164,12,1,0,0,0,0,run_003
U000032,2678522,MODEL_A,BATCH_01,688036.0,49145.42857142857,10928.820414315152,33393.0,71309.0,14,1.45,4.0,0.0,5.0,14.0,14.563558823529412,61.8366125,41.800879411764704,1.270769,0.0812385343617217,0.19095856200717,0.128226224754513,0.0557315719019898,14.7345,62.2634,42.0757,1.40528,148,12,1,0,0,0,0,run_003
U000033,2747099,MODEL_A,BATCH_01,729578.0,52112.71428571428,11510.681309973805,36163.0,71199.0,14,1.55,4.0,0.0,5.0,14.0,14.56675,61.846266666666665,41.80879210526316,1.270089111111111,0.1022648409899644,0.1815234557846458,0.1848777980349701,0.048121413624206,14.7671,62.2026,42.1987,1.35157,166,12,1,0,0,0,0,run_003
U000034,2809795,MODEL_A,BATCH_01,653458.0,46675.57142857143,7474.840875222035,36037.0,56863.0,14,1.4634146341463414,4.0,0.0,2.0,14.0,14.589088235294115,61.83716279069768,41.74916470588236,1.275536046511628,0.1129028377255785,0.1898664443174222,0.1500113851888401,0.0467774512803284,14.8032,62.2168,42.0659,1.39994,154,12,2,0,0,0,0,run_003
U000035,2856104,MODEL_B,BATCH_02,727591.0,51970.78571428572,11577.545476405685,34265.0,71544.0,14,1.5,4.0,0.0,5.0,14.0,14.593616216216216,61.88451818181818,40.79936216216216,1.3911793181818182,0.1232447238300771,0.2015676345290591,0.7610944737501105,0.1029229675680441,14.8459,62.2521,41.9074,1.57768,162,12,1,1,1,0,1,run_003
U000036,2923139,MODEL_A,BATCH_01,723924.0,51708.857142857145,9696.054763563476,34564.0,67035.0,14,1.55,4.0,0.0,5.0,14.0,14.568875,61.888806976744185,41.76076944444444,1.2716413953488372,0.1007744025746899,0.1783329902916357,0.1443361212476819,0.0392107496546908,14.8669,62.1948,42.0833,1.33227,158,12,1,0,0,0,0,run_003
U000037,2982165,MODEL_A,BATCH_01,719226.0,51373.28571428572,10643.992935190989,37079.0,68012.0,14,1.575,4.0,0.0,5.0,14.0,14.591173684210526,61.89784130434782,41.79253421052632,1.2795747826086956,0.0968920677985351,0.2417520930173325,0.1334526503262098,0.0505522264479081,14.7755,62.4856,42.0129,1.37883,168,12,1,0,0,0,0,run_003
U000038,3039657,MODEL_A,BATCH_01,704922.0,50351.57142857143,9743.34813496474,34532.0,67467.0,14,1.575,4.0,0.0,5.0,14.0,14.587108333333331,61.94727727272727,41.738927777777775,1.263155,0.0976862978401485,0.2060805835427465,0.1926502124296947,0.0530563138955774,14.8239,62.5055,42.1719,1.36818,160,12,1,0,0,0,0,run_003
U000039,3114350,MODEL_A,BATCH_01,711086.0,50791.857142857145,11818.337894704426,31643.0,74693.0,14,1.6,4.0,0.0,5.0,14.0,14.598024242424245,62.02553170731707,41.74459393939394,1.2779536585365854,0.09166579252338,0.1643281844952729,0.1313739246849294,0.0496342546411295,14.7909,62.4277,42.0215,1.44879,148,12,1,0,0,0,0,run_003
U000040,3197434,MODEL_B,BATCH_01,749354.0,53525.28571428572,14762.542836144828,34143.0,83084.0,14,1.675,4.0,0.0,6.0,14.0,14.593578378378378,61.98593181818182,41.68252972972973,1.2894059090909091,0.1062755306192746,0.2239651174798869,0.1360225244110213,0.0607722652592095,14.8136,62.4157,41.8863,1.42864,162,12,1,0,0,0,0,run_003
U000041,3251960,MODEL_A,BATCH_01,694839.0,49631.357142857145,6493.316737019129,34763.0,58214.0,14,1.725,4.0,0.0,4.0,14.0,14.597602777777777,62.079773333333335,41.725024999999995,1.288263777777778,0.0977653590012075,0.1676530405331187,0.1822721942198383,0.0447630878925568,14.8313,62.4832,42.0951,1.38821,162,12,1,0,0,0,0,run_003
U000042,3303230,MODEL_A,BATCH_02,715608.0,51114.857142857145,10641.31165178098,35378.0,74930.0,14,1.7,4.0,0.0,3.0,14.0,14.59656842105263,62.125062222222226,41.7471052631579,1.2873046666666668,0.0874202991618518,0.1864703672399047,0.1434546014398054,0.038511423252187,14.7398,62.5044,42.0844,1.35105,166,12,1,0,0,0,0,run_003
U000043,3360148,MODEL_A,BATCH_01,705050.0,50360.71428571428,7708.968118402712,35379.0,63302.0,14,1.725,4.0,0.0,5.0,14.0,14.611524324324323,62.13701086956521,41.691156756756754,1.3015382608695654,0.1059195486243253,0.2205581447431955,0.1388284483745242,0.0410974221037631,14.8653,62.6585,41.966,1.3806,166,12,1,0,0,0,0,run_003
U000044,3438584,MODEL_A,BATCH_01,724469.0,51747.78571428572,12650.163508694395,35123.0,78436.0,14,1.7,4.0,0.0,3.0,14.0,14.614365714285714,62.104517073170726,41.736714285714285,1.3059280487804878,0.1104282970525037,0.1891064579839089,0.1496600149807349,0.0513373822968951,14.8309,62.4895,42.0702,1.39503,152,12,1,0,0,0,0,run_003
U000045,3503574,MODEL_B,BATCH_01,711074.0,50791.0,11185.37302428076,33056.0,70265.0,14,1.775,4.0,0.0,5.0,14.0,14.581022222222222,62.15210227272728,41.692475,1.316519090909091,0.0953002356798493,0.2360819964852929,0.1349942250087548,0.0479091742351974,14.7686,62.6319,41.9589,1.41494,160,12,1,0,0,0,0,run_003
U000046,3552291,MODEL_A,BATCH_01,706407.0,50457.642857142855,10443.310951602854,37834.0,78608.0,14,1.725,4.0,0.0,2.0,14.0,14.615099999999998,62.174454545454545,41.667602631578944,1.31565,0.0922994480379386,0.1844754265535491,0.150653914269691,0.0540396686337593,14.8658,62.5478,42.1425,1.40769,164,12,1,0,0,0,0,run_003
U000047,3632025,MODEL_A,BATCH_01,748441.0,53460.07142857143,12539.07380007536,36958.0,79734.0,14,1.7,4.0,0.0,4.0,14.0,14.601108108108107,62.213747727272725,41.67643513513514,1.3078793181818182,0.1053730789422316,0.2211318090448751,0.1348329279273173,0.0546238369637339,14.855,62.6748,42.0303,1.44732,162,12,1,0,0,0,0,run_003
U000048,3683903,MODEL_A,BATCH_01,723569.0,51683.5,11170.012752213644,35004.0,73918.0,14,1.7,4.0,0.0,5.0,14.0,14.633227027027027,62.23846888888889,41.71085135135135,1.3163851111111111,0.1021344284336653,0.1623130726576115,0.1440151142176508,0.0492156994825386,14.8805,62.5465,41.9608,1.41399,164,12,1,0,0,0,0,run_003
U000049,3737482,MODEL_A,BATCH_02,689960.0,49282.857142857145,8916.58447766031,33052.0,68540.0,14,1.75,4.0,0.0,5.0,14.0,14.623608333333332,62.24643409090909,41.65156666666667,1.3202770454545456,0.0880818041043989,0.1857375754938053,0.1639526238190261,0.04760575324717,14.7878,62.6106,42.2293,1.41935,160,12,1,0,0,0,0,run_003
U000050,3789296,MODEL_B,BATCH_01,706271.0,50447.92857142857,8638.950002653775,38445.0,65171.0,14,1.7,4.0,0.0,3.0,14.0,14.627220512820513,62.26124375,41.65163076923077,1.3245977083333331,0.0895161619617466,0.1848233969096253,0.1565034708776812,0.0611629042155727,14.7988,62.6976,41.9285,1.45025,174,12,1,0,0,0,0,run_003
U000051,3844444,MODEL_A,BATCH_01,708564.0,50611.71428571428,10456.330901042102,32587.0,67894.0,14,1.725,4.0,0.0,5.0,14.0,14.650088571428572,62.289341860465115,41.63155428571429,1.3278716279069769,0.0800313312596591,0.1773491702996651,0.1897743727551797,0.0461808097090345,14.7706,62.7175,42.0489,1.4062,156,12,1,0,0,0,0,run_003
U000052,3895141,MODEL_A,BATCH_01,703203.0,50228.78571428572,9757.6602978896,28637.0,63072.0,14,1.725,4.0,0.0,5.0,14.0,14.609219444444443,62.33673409090909,41.629925,1.317485227272727,0.079867493188743,0.1778887435726387,0.1782561629870256,0.0453976755110612,14.78,62.7815,42.0015,1.42882,160,12,1,0,0,0,0,run_003
U000053,3955767,MODEL_A,BATCH_01,693660.0,49547.142857142855,11464.721774323065,34100.0,71610.0,14,1.725,4.0,0.0,5.0,14.0,14.62895882352941,62.37317142857143,41.62846764705882,1.345575476190476,0.0894980010531708,0.1890585988467865,0.1710739477192097,0.0506381749951642,14.8191,62.6826,42.0826,1.48234,152,12,1,0,0,0,0,run_003
U000054,4008204,MODEL_A,BATCH_01,700258.0,50018.42857142857,11346.08136158631,34012.0,68282.0,14,1.725,4.0,0.0,5.0,14.0,14.647105405405403,62.382881818181815,41.60667027027027,1.337660909090909,0.114869698997376,0.192698417551494,0.1439631721133037,0.0504323653839882,14.8561,62.7662,41.8522,1.44218,162,12,1,0,0,0,0,run_003
U000055,4065545,MODEL_B,BATCH_01,710092.0,50720.857142857145,6747.333967600068,38910.0,61575.0,14,1.8,4.0,0.0,6.0,14.0,14.611315789473684,62.42937173913043,41.65652894736842,1.3369595652173911,0.0948052813168974,0.2075605835659589,0.1634418549521923,0.0420723136704476,14.7937,62.965,41.952,1.44439,168,12,1,0,0,0,0,run_003
U000056,4166348,MODEL_A,BATCH_02,751911.0,53707.92857142857,12874.037567996987,40703.0,87334.0,14,1.8,4.0,0.0,5.0,14.0,14.612480555555557,62.39298604651163,41.61409722222223,1.3449920930232555,0.0924995283986264,0.1651271005149485,0.1314716840477427,0.0562573747359545,14.8191,62.7916,41.8524,1.45392,158,12,1,0,0,0,0,run_003
U000057,4226062,MODEL_A,BATCH_01,722443.0,51603.07142857143,10121.48865201987,33074.0,67382.0,14,1.8,4.0,0.0,4.0,14.0,14.673838888888888,62.43515111111111,41.62251111111111,1.3514175555555554,0.1042835126751729,0.2099728755450251,0.1299490488675737,0.0492714990987116,14.8571,62.8328,41.8596,1.46896,162,12,1,0,0,0,0,run_003
U000058,4292568,MODEL_A,BATCH_01,719732.0,51409.42857142857,9753.194732727608,37182.0,68909.0,14,1.775,4.0,0.0,4.0,14.0,14.61038,62.50083809523809,41.60567428571429,1.3493835714285711,0.0952683541062699,0.1843280452602216,0.1631273795731006,0.0472210491934878,14.8151,62.8836,41.9724,1.43962,154,12,1,0,0,0,0,run_003
U000059,4368427,MODEL_A,BATCH_01,717907.0,51279.07142857143,11317.335494135234,35133.0,75859.0,14,1.875,4.0,0.0,5.0,14.0,14.613254285714286,62.57559772727273,41.62894571428571,1.3602406818181818,0.1097055989317537,0.1788593516401459,0.1301202890153771,0.0481093341229836,14.7876,62.9359,41.9403,1.46187,158,12,1,0,0,0,0,run_003
U000060,4425658,MODEL_B,BATCH_01,685506.0,48964.71428571428,9649.338059629325,32919.0,60291.0,14,1.85,4.0,0.0,3.0,14.0,14.637416666666669,62.5130511627907,41.60060555555555,1.3647297674418604,0.0928281592129089,0.1998612296809167,0.1300091819712185,0.0512981648464279,14.8564,62.9593,41.9258,1.47981,158,12,1,0,0,0,0,run_003
U000061,4470671,MODEL_A,BATCH_01,676573.0,48326.642857142855,8610.785067461735,32035.0,62149.0,14,1.8780487804878048,4.0,0.0,4.0,14.0,14.646741176470588,62.55659761904762,41.55292058823529,1.3704209523809523,0.0820297289702796,0.1919909391765667,0.1330024373880371,0.0545723366805762,14.8156,62.947,41.8675,1.49565,152,12,2,0,0,0,0,run_003
U000062,4520540,MODEL_A,BATCH_01,681428.0,48673.42857142857,10181.499003390609,33923.0,63798.0,14,1.825,4.0,0.0,3.0,14.0,14.64293142857143,62.55271627906976,41.588097142857144,1.3631302325581396,0.0930137775102308,0.1985889412475557,0.1733901932326136,0.0430260822607234,14.817,63.0556,42.0021,1.4514,156,12,1,1,1,0,0,run_003
U000063,4590838,MODEL_A,BATCH_02,682220.0,48730.0,10289.862539262764,35441.0,70298.0,14,1.75,4.0,0.0,5.0,14.0,14.629888571428571,62.640065853658534,41.56174285714286,1.3801963414634146,0.0911378392760059,0.2122541243530454,0.1578687751522359,0.0426424438650095,14.8093,63.1649,41.888,1.49274,152,12,1,0,0,0,0,run_003
U000064,4677922,MODEL_A,BATCH_01,733707.0,52407.642857142855,14354.635443256342,34097.0,87084.0,14,1.8,4.0,0.0,6.0,14.0,14.618805555555555,62.62898888888889,41.568286111111114,1.3937784444444443,0.0856080134581687,0.1851288841250165,0.1492647392153138,0.0450389042917118,14.7776,63.0259,41.8487,1.47639,162,12,1,0,0,0,0,run_003
U000065,4725710,MODEL_B,BATCH_01,691844.0,49417.42857142857,9310.519589849271,36101.0,68377.0,14,1.804878048780488,4.0,0.0,4.0,14.0,14.661041666666668,62.70250227272727,41.58301111111111,1.396045,0.0982683625152499,0.185374088764886,0.1676077099791192,0.0487807343547229,14.9335,63.0391,42.0096,1.51924,160,12,2,0,0,0,0,run_003
U000066,4787284,MODEL_A,BATCH_01,720280.0,51448.57142857143,7653.041705143082,40241.0,62873.0,14,1.975,4.0,0.0,5.0,14.0,14.624812121212122,62.710414285714286,41.594654545454546,1.393415238095238,0.0833067665228028,0.2281837701539538,0.1363996267656841,0.0491049753198333,14.7778,63.14,41.9085,1.46619,150,12,1,0,0,0,0,run_003
U000067,4855075,MODEL_A,BATCH_01,687415.0,49101.07142857143,9798.57824431127,36142.0,67791.0,14,1.875,4.0,0.0,2.0,14.0,14.668380555555554,62.72101666666667,41.570175,1.396904761904762,0.1010526166182588,0.2376218228426359,0.1540723083953954,0.0474304087514767,14.8723,63.2265,42.0276,1.50095,156,12,1,0,0,0,0,run_003
U000068,4915387,MODEL_A,BATCH_01,702351.0,50167.92857142857,11079.941248554913,29692.0,65478.0,14,1.85,4.0,0.0,4.0,14.0,14.654702857142857,62.7100119047619,41.52078857142857,1.3794619047619048,0.0866389889331665,0.1781983715158965,0.1549664361600108,0.0559081283081229,14.8582,63.1285,41.8377,1.527,154,12,1,0,0,0,0,run_003
U000069,4986084,MODEL_A,BATCH_01,685361.0,48954.357142857145,11657.976995682748,29661.0,70697.0,14,1.825,4.0,0.0,4.0,14.0,14.645358823529412,62.76629268292683,41.50889705882353,1.409769024390244,0.0895899754864623,0.2003376317498082,0.1299965931611725,0.0533703928599404,14.8103,63.1972,41.7855,1.4912,150,12,1,0,0,0,0,run_003
U000070,5055456,MODEL_B,BATCH_02,711838.0,50845.57142857143,13587.283085604407,32690.0,71465.0,14,1.875,4.0,0.0,6.0,14.0,14.648735294117648,62.79279024390243,41.54820588235294,1.405209268292683,0.0970078312438645,0.2061147105435202,0.1363650535992902,0.0572492526322503,14.8386,63.2293,41.8554,1.51319,150,12,1,0,0,0,0,run_003
U000071,5119555,MODEL_A,BATCH_01,716148.0,51153.42857142857,9069.080181620368,33179.0,64099.0,14,1.95,4.0,0.0,4.0,14.0,14.679665714285717,62.86459318181819,41.54815714285714,1.4016770454545453,0.0976546976155605,0.2039592097816538,0.1635296470435399,0.0471216977908856,14.8708,63.252,41.9338,1.52308,158,12,1,0,0,0,0,run_003
U000072,5174095,MODEL_A,BATCH_01,697011.0,49786.5,8082.84419429391,37297.0,60793.0,14,1.925,4.0,0.0,3.0,14.0,14.682483783783784,62.84155111111111,41.48983513513514,1.4182997777777775,0.09245764349604,0.2022498135994448,0.1497544716754286,0.0580101604536531,14.8392,63.4213,41.9053,1.5293,164,12,1,0,0,0,0,run_003
U000073,5225522,MODEL_A,BATCH_01,691695.0,49406.78571428572,10837.266659211498,30802.0,67650.0,14,1.85,4.0,0.0,3.0,14.0,14.680094285714286,62.897528571428566,41.535202857142856,1.42034,0.1023826701295542,0.2217320172109698,0.1272370656449974,0.0477559661960374,14.8553,63.4865,41.7458,1.52881,154,12,1,0,0,0,0,run_003
U000074,5299241,MODEL_A,BATCH_01,709110.0,50650.71428571428,9753.076953758446,37800.0,73719.0,14,1.875,4.0,0.0,4.0,14.0,14.676602857142855,62.88324390243903,41.46252571428571,1.4163587804878048,0.1004467593413787,0.2347774691583306,0.1482342925769831,0.0392393914450213,14.926,63.4008,41.8361,1.47957,152,12,1,0,0,0,0,run_003
U000075,5351989,MODEL_B,BATCH_01,727227.0,51944.78571428572,11118.476854584627,34320.0,78595.0,14,1.853658536585366,4.0,0.0,5.0,14.0,14.664916216216216,62.88733409090909,41.48687567567568,1.4149079545454546,0.0813492932207006,0.2300674915568201,0.1452673615659633,0.0469449225815096,14.8322,63.3081,41.7672,1.52228,162,12,2,0,0,0,0,run_003
U000076,5413523,MODEL_A,BATCH_01,711662.0,50833.0,12731.191242831066,33875.0,70337.0,14,1.875,4.0,0.0,4.0,14.0,14.666245714285711,62.95263095238095,41.478654285714285,1.4347359523809524,0.0950565136637988,0.1812404365693579,0.1440551882457015,0.0513000165007116,14.8155,63.3056,41.8224,1.58509,154,12,1,0,0,0,0,run_003
U000077,5470956,MODEL_A,BATCH_02,702614.0,50186.71428571428,9148.738411796048,35598.0,72475.0,14,1.925,4.0,0.0,4.0,14.0,14.664297142857142,63.01146590909091,41.48782285714285,1.415003181818182,0.0864534165136964,0.2025646597235607,0.1298939320362268,0.0455072808267561,14.8412,63.5568,41.8395,1.55341,158,12,1,0,0,0,0,run_003
U000078,5524465,MODEL_A,BATCH_01,688885.0,49206.07142857143,9820.212753956352,27627.0,63855.0,14,1.9,4.0,0.0,3.0,14.0,14.677216216216216,63.00971627906977,41.45966756756757,1.4365993023255814,0.0980258200495994,0.1821281246164394,0.1432069327427466,0.0440385781849196,14.9092,63.3981,41.7346,1.5182,160,11,1,0,0,0,0,run_003
U000079,5596362,MODEL_A,BATCH_01,721288.0,51520.57142857143,9243.877422499596,36985.0,71897.0,14,1.85,4.0,0.0,3.0,14.0,14.69085294117647,63.00532558139535,41.42314117647059,1.4198248837209302,0.1112745260273099,0.2058721703399636,0.1158492178800639,0.051621559282186,14.931,63.5336,41.6037,1.53071,154,12,1,0,0,0,0,run_003
U000080,5671368,MODEL_B,BATCH_01,721079.0,51505.642857142855,13116.216572256257,33970.0,75006.0,14,1.8,4.0,0.0,3.0,14.0,14.692673529411763,63.0129380952381,41.44513823529412,1.4437138095238096,0.1243141165801579,0.1988426439422438,0.1709354423852996,0.052860960464516,14.9183,63.4298,41.7947,1.55392,152,12,1,0,0,0,0,run_003
U000081,5739342,MODEL_A,BATCH_01,736571.0,52612.21428571428,9517.718498258284,37371.0,68649.0,14,1.9,4.0,0.0,5.0,14.0,14.705894736842104,63.06560869565217,41.42451315789474,1.437617608695652,0.0955942239218781,0.2085375296104723,0.1223129971902002,0.0407641168559246,14.9036,63.7583,41.7788,1.53121,168,12,1,0,0,0,0,run_003
U000082,5795614,MODEL_A,BATCH_01,708466.0,50604.71428571428,10695.974242162842,34669.0,66368.0,14,1.875,4.0,0.0,3.0,14.0,14.71107142857143,63.11286046511628,41.43071428571429,1.4267693023255814,0.0940250610254539,0.1842614254899483,0.1395632286453566,0.0481575240323901,14.8792,63.5241,41.6972,1.52393,156,12,1,0,0,0,0,run_003
U000083,5861589,MODEL_A,BATCH_01,724116.0,51722.57142857143,10640.567890529484,32816.0,65975.0,14,1.875,4.0,0.0,4.0,14.0,14.721924324324323,63.120063829787235,41.46667297297297,1.4519270212765958,0.1010368343322964,0.1934201570197267,0.1205315280300102,0.0461265253271954,14.8923,63.5919,41.748,1.56706,168,12,1,0,0,0,0,run_003
U000084,5907589,MODEL_A,BATCH_02,704997.0,50356.92857142857,9568.970875172005,38125.0,66318.0,14,1.902439024390244,4.0,0.0,4.0,14.0,14.678965714285711,63.134945238095234,40.519737142857146,1.5690050000000002,0.0974271249307344,0.2038162146813029,0.7890619095541466,0.0931201282176324,14.8563,63.5601,41.7564,1.72737,154,12,2,2,1,1,1,run_003
U000085,5955124,MODEL_B,BATCH_01,695176.0,49655.42857142857,10673.42326827416,32938.0,73627.0,14,1.853658536585366,4.0,0.0,2.0,14.0,14.68157894736842,63.20921777777778,41.39408421052632,1.4502793333333333,0.108270854449322,0.2167788664734058,0.1401540147554207,0.0592037277081895,14.9738,63.7057,41.7228,1.57884,166,12,2,0,0,0,0,run_003
U000086,6013649,MODEL_A,BATCH_01,682208.0,48729.142857142855,7147.209609966061,37612.0,61501.0,14,1.925,4.0,0.0,4.0,14.0,14.690591176470589,63.23142439024391,41.39272647058823,1.4563278048780488,0.0912520198785061,0.2301115607487896,0.1510436286737156,0.0478758359985596,14.8875,63.6368,41.6771,1.55706,150,12,1,0,0,0,0,run_003
U000087,6073058,MODEL_A,BATCH_01,685791.0,48985.07142857143,9248.562836082536,33023.0,65430.0,14,1.975,4.0,0.0,2.0,14.0,14.701577142857143,63.25398095238095,41.4315,1.450425,0.0892427722751898,0.2098371357285882,0.1346606868697591,0.0493217063603103,14.8594,63.8411,41.7766,1.57531,154,12,1,0,0,0,0,run_003
U000088,6145227,MODEL_A,BATCH_01,701352.0,50096.57142857143,11407.138768294217,33365.0,72169.0,14,1.9,4.0,0.0,2.0,14.0,14.714710256410257,63.25621489361702,41.398382051282056,1.468173191489362,0.1028918768080865,0.1866861839962916,0.1428960366873224,0.0480958994503771,14.985,63.6775,41.6697,1.55579,172,12,1,0,0,0,0,run_003
U000089,6197243,MODEL_A,BATCH_01,701218.0,50087.0,6744.50322057212,40036.0,63560.0,14,1.9,4.0,0.0,3.0,14.0,14.720008333333332,63.30854772727273,41.39233333333333,1.469028409090909,0.1259650504249943,0.1694610629471574,0.1575263170756816,0.0504335221179732,14.9476,63.72,41.858,1.58561,160,12,1,0,0,0,0,run_003
U000090,6261400,MODEL_B,BATCH_01,696206.0,49729.0,9278.27388621894,37094.0,64825.0,14,1.95,4.0,0.0,4.0,14.0,14.70470625,63.2812725,41.428496875,1.4651885,0.1116448832668896,0.1933259768549565,0.1133716653580093,0.0445586745734608,15.0188,63.7051,41.7554,1.58198,144,12,1,0,0,0,0,run_003
U000091,6325755,MODEL_A,BATCH_02,687609.0,49114.92857142857,7742.628747239686,38521.0,64355.0,14,1.9,4.0,0.0,3.0,14.0,14.7202,63.335320930232555,41.352117142857146,1.4658406976744187,0.1149709554115095,0.2106479522558677,0.1124201036179873,0.0457695898935687,14.9639,63.7563,41.5831,1.56781,156,12,1,0,0,0,0,run_003
U000092,6392905,MODEL_A,BATCH_01,734523.0,52465.92857142857,11147.72840236822,37619.0,67678.0,14,1.9,4.0,0.0,4.0,14.0,14.735164864864863,63.3483152173913,41.34875675675676,1.4661954347826087,0.0826985967105724,0.2147257878912257,0.1613921510217,0.0502216171564273,14.8771,63.8967,41.7168,1.55597,166,12,1,0,0,0,0,run_003
U000093,6477693,MODEL_A,BATCH_01,736698.0,52621.28571428572,13069.784457221998,36031.0,84788.0,14,1.875,4.0,0.0,4.0,14.0,14.70067027027027,63.37829090909091,41.394243243243245,1.4808988636363636,0.1153956668377324,0.1848060439188119,0.1354267873972681,0.0457868887608623,14.9028,63.7499,41.6386,1.5909,162,12,1,0,0,0,0,run_003
U000094,6529276,MODEL_A,BATCH_01,727127.0,51937.642857142855,11717.506288962177,33794.0,73601.0,14,1.902439024390244,4.0,0.0,4.0,14.0,14.706416666666668,63.413368181818186,41.31973611111111,1.4905475,0.1005359594516167,0.2195984207728275,0.1478045720398155,0.0501921291024519,14.9043,63.9226,41.6133,1.58172,160,12,2,0,0,0,0,run_003
U000095,6592108,MODEL_B,BATCH_01,769583.0,54970.21428571428,10788.32109401053,42433.0,71226.0,14,1.9,4.0,0.0,4.0,14.0,14.68692564102564,63.49623695652174,41.37936153846154,1.4848997826086958,0.1060411060265846,0.2404284706368055,0.1452593354466863,0.0491079042512678,14.9363,64.0773,41.7025,1.64022,170,12,1,0,0,0,0,run_003
U000096,6673238,MODEL_A,BATCH_01,708581.0,50612.92857142857,12541.677623423831,37404.0,81130.0,14,1.875,4.0,0.0,4.0,14.0,14.735496969696973,63.42606097560976,41.32540303030303,1.4937426829268294,0.0882014827144661,0.2177180193255131,0.1670517874134564,0.0512669639253384,14.8986,63.8336,41.5895,1.59874,148,12,1,0,0,0,0,run_003
U000097,6729706,MODEL_A,BATCH_01,712253.0,50875.21428571428,10338.780289455151,30972.0,63946.0,14,1.95,4.0,0.0,5.0,14.0,14.70393947368421,63.498756521739125,41.315973684210526,1.4982360869565217,0.0913794421835106,0.2143208867844588,0.1345723450249691,0.0517311410393847,14.8807,63.9124,41.5883,1.6129,168,12,1,0,0,0,0,run_003
U000098,6792897,MODEL_A,BATCH_02,691123.0,49365.92857142857,8366.580833330863,34619.0,63191.0,14,1.975,4.0,0.0,2.0,14.0,14.74108484848485,63.4757268292683,41.27576666666667,1.508951219512195,0.118854362354764,0.1809126599002813,0.1692058171035111,0.044393959453687,14.9445,63.8468,41.7178,1.60483,148,12,1,0,0,0,0,run_003
U000099,6860938,MODEL_A,BATCH_01,696839.0,49774.21428571428,10004.477229863494,35223.0,68041.0,14,1.95,4.0,0.0,1.0,14.0,14.742805714285714,63.54185121951219,41.29655142857143,1.5003060975609754,0.1001515996255829,0.2325915412498413,0.1236776963378147,0.0527150622629836,14.9183,64.0986,41.5138,1.65593,152,12,1,0,0,0,0,run_003
U000100,6921602,MODEL_B,BATCH_01,708512.0,50608.0,8975.605906267017,34952.0,63726.0,14,1.925,4.0,0.0,2.0,14.0,14.751526315789471,63.54498666666666,41.37258947368421,1.5012826666666668,0.1027619492209123,0.2022684305570193,0.1577123823987124,0.0487448785841324,14.9749,63.902,41.6499,1.59362,166,12,1,0,0,0,0,run_003
U000101,6981363,MODEL_A,BATCH_01,711362.0,50811.57142857143,13914.025280072818,36546.0,86782.0,14,1.925,4.0,0.0,4.0,14.0,14.737126470588237,63.554561904761904,41.29125882352941,1.500820238095238,0.0994822027903194,0.201027574801144,0.1505418941341013,0.0436071420357639,14.9461,63.8735,41.5566,1.60994,152,12,1,0,0,0,0,run_003
U000102,7042289,MODEL_A,BATCH_01,706939.0,50495.642857142855,8581.834890826472,37878.0,61121.0,14,1.925,4.0,0.0,5.0,14.0,14.732477777777778,63.662465909090905,41.27693611111111,1.5153363636363637,0.104938235197421,0.2130820193031692,0.142418335803422,0.0604686508474147,15.0609,64.0624,41.5312,1.69125,160,12,1,0,0,0,0,run_003
U000103,7117343,MODEL_A,BATCH_01,753116.0,53794.0,11043.143441834083,34868.0,75054.0,14,2.025,4.0,0.0,5.0,14.0,14.750627777777778,63.65569333333333,41.292027777777776,1.5233648888888889,0.0837995724882073,0.1921075969819562,0.1626762404481641,0.0466841874934028,14.9338,64.0785,41.6763,1.66118,162,12,1,0,0,0,0,run_003
U000104,7174726,MODEL_A,BATCH_01,658961.0,47068.642857142855,7928.560744424045,31603.0,59674.0,14,1.975,4.0,0.0,2.0,14.0,14.756342424242424,63.70708780487805,41.298745454545454,1.5240424390243903,0.1077924511222347,0.2083627176285659,0.1584049578826929,0.0425408514125239,14.9771,64.1388,41.6294,1.61478,148,12,1,0,0,0,0,run_003
U000105,7231681,MODEL_B,BATCH_02,729854.0,52132.42857142857,10752.846054126148,28403.0,69060.0,14,1.95,4.0,0.0,4.0,14.0,14.718347222222222,63.69581590909092,39.80631944444444,1.6984877272727272,0.0819788108027609,0.2018300550868578,0.1590810428132134,0.0454867094242864,14.8996,64.0999,40.0817,1.83202,160,12,1,1,1,0,1,run_003
U000106,7305082,MODEL_A,BATCH_01,720836.0,51488.28571428572,14952.98100677624,33335.0,84448.0,14,1.95,4.0,0.0,4.0,14.0,14.73507777777778,63.69625348837209,41.25585277777778,1.5244427906976743,0.105652035640212,0.2248590768722207,0.1488958206956623,0.0476159920277681,14.894,64.3293,41.4847,1.60841,158,12,1,0,0,0,0,run_003
U000107,7361032,MODEL_A,BATCH_01,688171.0,49155.07142857143,7827.034829696027,36631.0,62510.0,14,1.975,4.0,0.0,4.0,14.0,14.750705714285717,63.8027619047619,41.28602,1.542472619047619,0.0997411442121029,0.214615458666709,0.1489943579666113,0.054458070873078,14.9922,64.209,41.6291,1.63125,154,12,1,0,0,0,0,run_003
U000108,7416412,MODEL_A,BATCH_01,740005.0,52857.5,11644.56327912466,33938.0,80541.0,14,1.95,4.0,0.0,4.0,14.0,14.757742857142857,63.774834090909096,41.2502,1.5180061363636363,0.0942532642146999,0.2209959117197166,0.1117437167597976,0.0454021630063523,14.9513,64.3281,41.4785,1.58983,158,12,1,0,0,0,0,run_003
U000109,7467667,MODEL_A,BATCH_01,686174.0,49012.42857142857,8315.50480186802,34533.0,62559.0,14,1.95,4.0,0.0,5.0,14.0,14.710224242424244,63.7826675,39.70962121212121,1.721321,0.0881107471818246,0.1781993055721902,0.1261156903342563,0.046824025380359,14.9074,64.3195,39.9928,1.81191,146,12,1,0,0,0,1,run_003
U000110,7518928,MODEL_B,BATCH_01,733550.0,52396.42857142857,10606.710566097629,34257.0,70725.0,14,2.025,4.0,0.0,4.0,14.0,14.780605405405405,63.873377272727275,41.29493783783784,1.552951136363636,0.0991740808039237,0.1990535534620703,0.1541411246433152,0.050133306768214,14.9653,64.4296,41.6249,1.67406,162,12,1,0,0,0,0,run_003
U000111,7572523,MODEL_A,BATCH_01,693277.0,49519.78571428572,10366.992035958472,33152.0,67152.0,14,2.0,4.0,0.0,1.0,14.0,14.77538611111111,63.81018837209302,41.22516111111111,1.5414123255813954,0.0995121935178305,0.1987427856843435,0.1321517704930355,0.0549211477109817,14.9873,64.2788,41.4379,1.71945,158,12,2,0,0,0,0,run_003
U000112,7618881,MODEL_A,BATCH_02,691194.0,49371.0,12435.673375724064,34502.0,72395.0,14,1.951219512195122,4.0,0.0,3.0,14.0,14.743822222222224,63.878584090909094,41.22893611111111,1.5561954545454546,0.0854565724668252,0.1863726324144924,0.155951620983244,0.0511453620373159,14.9267,64.2647,41.52,1.68938,160,12,2,0,0,0,0,run_003
U000113,7672034,MODEL_A,BATCH_01,697633.0,49830.92857142857,9059.788828106874,37013.0,72921.0,14,2.0,4.0,0.0,5.0,14.0,14.748897058823529,63.87936585365854,41.2036794117647,1.563979756097561,0.0810974142445244,0.1842216404358557,0.1365739111237685,0.0638032042881783,14.8772,64.3363,41.4061,1.71969,150,12,1,0,0,0,0,run_003
U000114,7755784,MODEL_A,BATCH_01,712390.0,50885.0,13263.865702901829,32692.0,83750.0,14,2.025,4.0,0.0,3.0,14.0,14.795185294117646,63.95105853658536,41.194238235294115,1.5577897560975609,0.0932816073083648,0.1882403038347659,0.1126594950596473,0.0522950249300928,14.9869,64.2649,41.423,1.66916,150,12,1,0,0,0,0,run_003
U000115,7818791,MODEL_B,BATCH_01,668714.0,47765.28571428572,9752.356168391556,35879.0,63007.0,14,1.975,4.0,0.0,1.0,14.0,14.790665714285716,63.97336046511628,41.18797142857143,1.569040465116279,0.1112756829385705,0.165624986813347,0.1568762261661538,0.0542667090332767,14.9698,64.3691,41.5625,1.69863,156,12,1,0,0,0,0,run_003
U000116,7872361,MODEL_A,BATCH_01,696922.0,49780.142857142855,8745.242538371653,37585.0,68976.0,14,1.95,4.0,0.0,2.0,14.0,14.767891666666666,63.95958333333334,40.920433333333335,1.605745476190476,0.1158801483676746,0.1979694900325302,0.6599938869846822,0.0879855924237482,14.9693,64.3657,41.6051,1.83476,156,12,1,0,0,0,1,run_003
U000117,7946702,MODEL_A,BATCH_01,712814.0,50915.28571428572,11908.849853582202,33206.0,74341.0,14,1.925,4.0,0.0,2.0,14.0,14.755802857142855,64.02426666666668,41.19800571428571,1.5711111904761903,0.0985089499836984,0.2188444515717496,0.1473780112556857,0.0567664840227426,14.9374,64.4734,41.47,1.69732,154,12,1,0,0,0,0,run_003
U000118,8002759,MODEL_A,BATCH_01,703955.0,50282.5,9737.666880173649,36721.0,65866.0,14,1.9,4.0,0.0,2.0,14.0,14.787167567567566,64.02841363636364,40.25870810810811,1.6925347727272728,0.1088763163054859,0.2068947531463594,0.7485887865319191,0.1069881282805266,14.9726,64.5041,41.4094,1.86177,162,12,1,1,1,0,0,run_003
U000119,8063411,MODEL_A,BATCH_02,738840.0,52774.28571428572,13125.440883018991,36680.0,76498.0,14,1.925,4.0,0.0,4.0,14.0,14.778042857142855,64.06339069767442,41.16838571428571,1.5714102325581394,0.0997268100294773,0.1945334147009597,0.1854025194048881,0.0528729715129696,14.9907,64.5444,41.6065,1.66677,156,12,1,0,0,0,0,run_003
U000120,8137126,MODEL_B,BATCH_01,727603.0,51971.642857142855,11930.316725482591,31899.0,73715.0,14,1.925,4.0,0.0,4.0,14.0,14.793775000000002,64.05230454545455,41.16731111111111,1.5821527272727274,0.107722867647894,0.1549657005628988,0.1392564946477813,0.0549067777984007,15.0644,64.3346,41.4914,1.67339,160,12,1,0,0,0,0,run_003
U000121,8201829,MODEL_A,BATCH_01,728685.0,52048.92857142857,12506.026291747918,34241.0,72695.0,14,1.95,4.0,0.0,5.0,14.0,14.773217142857142,64.1522536585366,41.13441142857143,1.5770741463414633,0.0958835215116707,0.2085796036260052,0.1855669243021442,0.0576022782524966,15.0316,64.6265,41.5345,1.73465,152,12,1,0,0,0,0,run_003
U000122,8264124,MODEL_A,BATCH_01,723816.0,51701.142857142855,9998.221002197904,32242.0,67512.0,14,1.95,4.0,0.0,4.0,14.0,14.784514285714286,64.20459047619048,41.14384285714286,1.5824864285714284,0.0777022149084611,0.2071880150144337,0.1053126110701845,0.0527108986195005,14.9244,64.7808,41.4118,1.71988,154,12,1,0,0,0,0,run_003
U000123,8327154,MODEL_A,BATCH_01,689365.0,49240.357142857145,9425.285260789336,33688.0,63030.0,14,1.95,4.0,0.0,4.0,14.0,14.798574285714286,64.19627073170732,41.15738,1.5826241463414634,0.0966666994880656,0.1773539966337118,0.1426321137835113,0.0514663758183733,15.0144,64.6635,41.4921,1.69853,152,12,1,0,0,0,0,run_003
U000124,8402881,MODEL_A,BATCH_01,718445.0,51317.5,13083.742523570116,36251.0,75727.0,14,1.925,4.0,0.0,5.0,14.0,14.795333333333332,64.16553571428571,41.14273055555556,1.598151428571429,0.0970432274813653,0.1648124563452359,0.1478440217052014,0.0532409290829595,15.0097,64.445,41.4786,1.69697,156,12,1,0,0,0,0,run_003
U000125,8453226,MODEL_B,BATCH_01,695134.0,49652.42857142857,12778.38518577539,33429.0,81779.0,14,1.975,4.0,0.0,5.0,14.0,14.783347222222224,64.30084186046511,41.13092222222222,1.5943051162790698,0.1065860497066266,0.2005464608710021,0.1627408897798888,0.047564669129417,15.0455,64.7453,41.5593,1.73571,158,12,1,0,0,0,0,run_003
U000126,8524720,MODEL_A,BATCH_02,729031.0,52073.642857142855,11211.375930154723,33104.0,71494.0,14,2.0,4.0,0.0,5.0,14.0,14.791802702702702,64.26380227272728,41.129175675675675,1.5985129545454546,0.0962873606753547,0.1980530860108862,0.1706095125741266,0.0445857625403021,15.0102,64.6238,41.5236,1.66936,162,12,1,0,0,0,0,run_003
U000127,8590602,MODEL_A,BATCH_01,705539.0,50395.642857142855,7388.990350589103,39005.0,65882.0,14,2.025,4.0,0.0,4.0,14.0,14.798516666666668,64.30418181818182,41.123491666666666,1.6030131818181816,0.099013910999559,0.1755171631079286,0.1444018329424624,0.0542981409923211,15.0286,64.7583,41.5205,1.71369,160,12,1,0,0,0,0,run_003
U000128,8667788,MODEL_A,BATCH_01,703290.0,50235.0,11668.720066913937,33286.0,77186.0,14,2.0,4.0,0.0,2.0,14.0,14.797197222222223,64.31552790697674,41.12146944444444,1.6070153488372092,0.113944152952503,0.222844498768152,0.1495892467858847,0.0398414554589776,15.0501,64.7601,41.4964,1.69091,158,12,1,0,0,0,0,run_003
U000129,8732043,MODEL_A,BATCH_01,706363.0,50454.5,10409.956659556568,33937.0,72388.0,14,2.0,4.0,0.0,4.0,14.0,14.79408108108108,64.30165111111111,41.09897297297297,1.6077499999999998,0.0811303712066711,0.1897000810157291,0.1587087998131737,0.0423469980153149,14.9722,64.744,41.4998,1.70388,164,12,2,0,0,0,0,run_003
U000130,8788335,MODEL_B,BATCH_01,727367.0,51954.78571428572,7849.666168095906,40382.0,62869.0,14,1.9268292682926829,4.0,0.0,2.0,14.0,14.796494736842105,64.35461086956522,41.13418157894737,1.6304743478260868,0.0953306477686107,0.1888363762370434,0.1426277802728051,0.0440007414408325,15.049,64.7805,41.5138,1.76076,168,12,2,0,0,0,0,run_003
U000131,8837564,MODEL_A,BATCH_01,724152.0,51725.142857142855,11489.496466553488,36722.0,72247.0,14,1.9268292682926829,4.0,0.0,5.0,14.0,14.788313513513511,64.35486,41.08386216216216,1.6189397777777776,0.1053380198381544,0.1921708986103952,0.1780039471337517,0.0517099372588396,15.018,64.6895,41.4574,1.74021,164,12,2,0,0,0,0,run_003
U000132,8887229,MODEL_A,BATCH_01,691092.0,49363.71428571428,9008.895274445922,39863.0,75193.0,14,1.9268292682926829,4.0,0.0,4.0,14.0,14.789888235294118,64.40606046511628,41.06578235294118,1.6221018604651165,0.0971978543369169,0.2164697176001143,0.1498648127593223,0.0431208947945753,15.0153,64.8305,41.3746,1.70061,154,12,2,0,0,0,0,run_003
U000133,8937456,MODEL_A,BATCH_02,704010.0,50286.42857142857,10858.948650868451,33123.0,65576.0,14,1.902439024390244,4.0,0.0,4.0,14.0,14.832725714285717,64.37438809523809,41.04636285714286,1.6326259523809523,0.0796633259147416,0.2269636289787653,0.1875345381299017,0.0517267185787433,15.0031,64.834,41.4687,1.76959,154,12,2,0,0,0,0,run_003
U000134,9002358,MODEL_A,BATCH_01,726250.0,51875.0,14611.179392190394,27972.0,88554.0,14,1.875,4.0,0.0,4.0,14.0,14.826882857142856,64.49876976744186,41.073768571428566,1.6376260465116277,0.1086921624040448,0.2276537528947988,0.1333311021732103,0.0418606417112061,14.9862,64.9335,41.381,1.7139,156,12,1,0,0,0,0,run_003
U000135,9075665,MODEL_B,BATCH_01,737633.0,52688.07142857143,13659.504639426184,30693.0,76528.0,14,1.925,4.0,0.0,4.0,14.0,14.81566,64.42009285714286,41.074197142857145,1.639117619047619,0.1033116905861319,0.1994200559829001,0.1762322723428547,0.0614785603640546,15.0,64.7929,41.5492,1.74562,154,12,1,0,0,0,0,run_003
U000136,9123816,MODEL_A,BATCH_01,717020.0,51215.71428571428,9047.811579250883,39897.0,67830.0,14,1.951219512195122,4.0,0.0,5.0,14.0,14.83881,64.52720624999999,41.0486025,1.6521131249999998,0.0927276348043572,0.1996646298876989,0.1505647002718359,0.052378136463493,15.0594,64.8999,41.4024,1.7982,176,12,2,0,0,0,0,run_003
U000137,9183362,MODEL_A,BATCH_01,658801.0,47057.21428571428,8664.593551464945,33262.0,59837.0,14,2.0,4.0,0.0,4.0,14.0,14.84068857142857,64.50144285714285,40.98317428571429,1.6488116666666666,0.1060575281501081,0.1808540540053633,0.1240502799931808,0.0536103720359912,15.0234,64.8734,41.2003,1.74555,154,12,2,1,0,1,0,run_003
U000138,9249943,MODEL_A,BATCH_01,713808.0,50986.28571428572,11702.524319588036,35409.0,75652.0,14,1.925,4.0,0.0,4.0,14.0,14.836675675675677,64.56387777777778,41.05734864864864,1.6422066666666666,0.1334780160954634,0.1986409619581953,0.1817497235541562,0.044459198455131,15.0619,64.9316,41.5035,1.76124,164,12,1,0,0,0,0,run_003
U000139,9309849,MODEL_A,BATCH_01,687025.0,49073.21428571428,8441.820011371694,32139.0,62141.0,14,2.0,4.0,0.0,3.0,14.0,14.850810810810811,64.59494090909091,41.05771081081081,1.6499729545454545,0.114354334280642,0.2073245330597812,0.1444157766538912,0.0436190410512478,15.08,65.125,41.3258,1.77361,162,12,1,0,0,0,0,run_003
U000140,9388210,MODEL_B,BATCH_02,729317.0,52094.07142857143,14199.974487865957,33792.0,78361.0,14,1.925,4.0,0.0,2.0,14.0,14.83942162162162,64.62095333333333,41.02488648648649,1.6470493333333334,0.0870275631150369,0.2132181006728692,0.1765106404758688,0.0586984609678993,15.0247,64.97,41.5037,1.77002,164,12,1,0,0,0,0,run_003
U000141,9438176,MODEL_A,BATCH_01,705356.0,50382.57142857143,7315.270642391064,35839.0,63412.0,14,1.925,4.0,0.0,4.0,14.0,14.834281578947367,64.64775777777778,41.03321842105263,1.637518,0.0813627175901575,0.1770428408463577,0.1268945377293571,0.0509636919598827,14.9987,65.1429,41.2347,1.77786,166,12,1,0,0,0,0,run_003
U000142,9487299,MODEL_A,BATCH_01,696378.0,49741.28571428572,8321.81529224494,35107.0,61292.0,14,1.925,4.0,0.0,4.0,14.0,14.858526315789474,64.65063260869564,41.02214736842105,1.6713110869565215,0.1040093854502345,0.1886485504309813,0.1395325375922818,0.0550382483259802,15.0022,65.0821,41.2864,1.80565,168,12,1,0,0,0,0,run_003
U000143,9545898,MODEL_A,BATCH_01,710751.0,50767.92857142857,9228.8443518909,38116.0,70050.0,14,1.925,4.0,0.0,4.0,14.0,14.84311142857143,64.66385,41.00144,1.6550716666666665,0.0923816787649398,0.1818318993855199,0.1574023921635993,0.0444762485760475,15.0501,65.0004,41.4233,1.73909,154,12,1,0,0,0,0,run_003
U000144,9605942,MODEL_A,BATCH_01,691101.0,49364.357142857145,8612.923658059466,36391.0,64274.0,14,1.95,4.0,0.0,4.0,14.0,14.868832352941176,64.72685853658537,41.01438823529412,1.6556260975609756,0.1082236061197769,0.2273728292646342,0.1390942339495194,0.0537121081730203,15.0855,65.255,41.294,1.78357,150,12,1,0,0,0,0,run_003
U000145,9672581,MODEL_B,BATCH_01,729153.0,52082.357142857145,11999.163923483891,36401.0,72553.0,14,2.0,4.0,0.0,5.0,14.0,14.830986111111107,64.73267111111112,40.02749166666667,1.7914242222222223,0.0929410140212682,0.2216327650767253,0.7889706267844044,0.1027034997077618,15.0178,65.2641,41.3245,1.94503,162,12,1,0,0,0,1,run_003
U000146,9744966,MODEL_A,BATCH_01,706136.0,50438.28571428572,9851.908315171708,33399.0,72385.0,14,2.0,4.0,0.0,2.0,14.0,14.837874285714284,64.68747073170731,40.996368571428576,1.6563746341463417,0.0838375086028889,0.1597109439642468,0.1730124337106671,0.0482134443437492,14.9878,65.1185,41.3746,1.74269,152,12,1,0,0,0,0,run_003
U000147,9800063,MODEL_A,BATCH_02,672866.0,48061.857142857145,6949.858093262302,37896.0,59773.0,14,2.024390243902439,4.0,0.0,3.0,14.0,14.85952857142857,64.79900238095239,40.96708857142857,1.6721757142857143,0.1119797055442702,0.2010706919591351,0.1649085767602036,0.0595596374271448,15.0748,65.1978,41.2654,1.76839,154,12,2,0,0,0,0,run_003
U000148,9862064,MODEL_A,BATCH_01,689469.0,49247.78571428572,11289.222008886796,29346.0,73352.0,14,1.975,4.0,0.0,2.0,14.0,14.854730555555555,64.81479302325582,41.00400555555555,1.6798848837209304,0.0911628396080157,0.2378254445870389,0.1187033588270574,0.0446643886788746,15.063,65.3394,41.224,1.77317,158,12,1,0,0,0,0,run_003
U000149,9943596,MODEL_A,BATCH_01,745043.0,53217.357142857145,11356.503325659456,35924.0,81532.0,14,2.0,4.0,0.0,4.0,14.0,14.826120512820513,64.8443,40.97918717948718,1.6809106382978722,0.121877862027366,0.1954236768619929,0.1338562449233976,0.0512777547499148,15.1008,65.2012,41.247,1.77841,172,12,1,0,0,0,0,run_003
U000150,9993566,MODEL_B,BATCH_01,703357.0,50239.78571428572,8092.834486598162,39434.0,68616.0,14,2.0,4.0,0.0,1.0,14.0,14.85588285714286,64.85465681818181,40.96673428571429,1.688018181818182,0.0947782566455679,0.1935544408695857,0.1413994403492895,0.0522718365306955,15.0346,65.1957,41.2483,1.79768,158,12,1,0,0,0,0,run_003
U000151,10051566,MODEL_A,BATCH_01,708159.0,50582.78571428572,9829.432734070995,35521.0,69455.0,14,1.975,4.0,0.0,3.0,14.0,14.866247368421051,64.93408936170212,40.97060526315789,1.6948808510638298,0.0849918016295628,0.18979652060086,0.1443719912706148,0.0485325500736489,15.1171,65.3502,41.3142,1.80702,170,12,1,0,0,0,0,run_003
U000152,10101124,MODEL_A,BATCH_01,742017.0,53001.21428571428,12953.631656967693,35699.0,75267.0,14,1.95,4.0,0.0,4.0,14.0,14.879468421052632,64.96740425531915,40.922305263157895,1.6943640425531914,0.0933826741996754,0.1737134559097476,0.1493151826015494,0.0488610306472468,15.1005,65.2352,41.2242,1.77805,170,12,1,0,0,0,0,run_003
U000153,10159141,MODEL_A,BATCH_01,739871.0,52847.92857142857,11396.99565313519,31933.0,70656.0,14,1.951219512195122,4.0,0.0,4.0,14.0,14.8367025,64.92954285714285,40.96276,1.6995155102040815,0.1037055706228219,0.2185767151749393,0.1143170104218744,0.052940971612307,15.0759,65.504,41.2241,1.80564,178,12,2,0,0,0,0,run_003
U000154,10230620,MODEL_A,BATCH_02,738246.0,52731.857142857145,14937.19656457634,33476.0,72629.0,14,1.975,4.0,0.0,5.0,14.0,14.885908108108108,64.96937555555556,40.35354324324325,1.7721433333333332,0.0965246669060367,0.2032270362243305,0.7357805958981968,0.109863444950373,15.1653,65.4319,41.2765,1.97867,164,12,1,0,0,0,1,run_003
U000155,10278348,MODEL_B,BATCH_01,703972.0,50283.71428571428,10228.23324414844,32441.0,65877.0,14,1.975,4.0,0.0,5.0,14.0,14.859305405405406,65.04239545454546,40.94082972972973,1.6997904545454543,0.0796137479262147,0.2053814352183463,0.1519099273781539,0.04769540204813,15.013,65.4822,41.2357,1.78222,162,12,1,0,0,0,0,run_003
U000156,10332351,MODEL_A,BATCH_01,713327.0,50951.92857142857,12439.666069375917,30974.0,75473.0,14,1.925,4.0,0.0,5.0,14.0,14.872205405405406,65.01043409090909,40.92575945945946,1.7090295454545454,0.1011082339375479,0.1907166130288636,0.1505217489996785,0.0503963887112699,15.0905,65.4364,41.2682,1.83006,162,12,1,0,0,0,0,run_003
U000157,10380924,MODEL_A,BATCH_01,730989.0,52213.5,10858.821573335592,36090.0,73474.0,14,2.025,4.0,0.0,5.0,14.0,14.900008108108109,65.02270652173912,40.88701621621622,1.7158465217391303,0.0794892214159965,0.224029492505062,0.1381988653947506,0.0462917210845113,15.0439,65.5318,41.1385,1.84484,166,12,1,0,0,0,0,run_003
U000158,10446199,MODEL_A,BATCH_01,710233.0,50730.92857142857,7798.441998879655,40434.0,65511.0,14,1.975,4.0,0.0,3.0,14.0,14.88722162162162,65.08180222222222,40.90721081081081,1.7154613333333333,0.1043888993011101,0.2269621308910052,0.129884086750424,0.0499879617144331,15.0537,65.5125,41.1436,1.84215,164,12,1,0,0,0,0,run_003
U000159,10496960,MODEL_A,BATCH_01,711880.0,50848.57142857143,8263.340772670259,36144.0,65123.0,14,2.024390243902439,4.0,0.0,5.0,14.0,14.870264864864865,65.13832666666666,40.88757837837838,1.7141806666666668,0.0986947573081778,0.2103373355523769,0.1582210885212625,0.0545580745378053,15.0955,65.6608,41.1345,1.84571,164,12,2,0,0,0,0,run_003
U000160,10552035,MODEL_B,BATCH_01,696845.0,49774.642857142855,8811.406651059164,34215.0,66575.0,14,1.95,4.0,0.0,3.0,14.0,14.883308333333332,65.15582222222223,40.86454444444444,1.7250884444444443,0.105282109116412,0.2327888253809065,0.1659340806197163,0.0452040104795397,15.1205,65.6351,41.175,1.83905,162,12,1,0,0,0,0,run_003
U000161,10606593,MODEL_A,BATCH_02,685685.0,48977.5,9954.639836238715,31142.0,63762.0,14,1.9,4.0,0.0,5.0,14.0,14.882988235294118,65.14455714285714,40.45401470588235,1.7801945238095238,0.1088521175437627,0.2465299498382444,0.7436899293316402,0.1048575476005046,15.1097,65.6123,41.292,2.01268,152,12,1,0,0,0,1,run_003
U000162,10653404,MODEL_A,BATCH_01,691016.0,49358.28571428572,8830.38448007413,36758.0,68223.0,14,1.8780487804878048,4.0,0.0,5.0,14.0,14.900916216216215,65.15142608695652,40.85898648648649,1.741861739130435,0.1086469115824117,0.2217997339290912,0.1475386562568947,0.0553475068716578,15.1015,65.5795,41.1175,1.84562,166,12,2,0,0,0,0,run_003
U000163,10714748,MODEL_A,BATCH_01,709345.0,50667.5,8971.12690588749,38561.0,67657.0,14,1.9,4.0,0.0,6.0,14.0,14.87049142857143,65.22673255813953,40.83770285714286,1.7336167441860464,0.1162536688135262,0.2028078620634036,0.1330138482080941,0.0462777904008541,15.1347,65.6323,41.0977,1.84277,156,12,1,0,0,0,0,run_003
U000164,10792540,MODEL_A,BATCH_01,738721.0,52765.78571428572,12793.793965336185,36760.0,77792.0,14,1.925,4.0,0.0,5.0,14.0,14.882311428571429,65.21597906976744,40.93788857142857,1.7401281395348835,0.1107342785851861,0.1893376016765757,0.1633716671588194,0.0520474998372966,15.1737,65.647,41.415,1.86073,156,12,1,0,0,0,0,run_003
U000165,10842583,MODEL_B,BATCH_01,700873.0,50062.357142857145,7828.333623714298,39502.0,62195.0,14,1.951219512195122,4.0,0.0,4.0,14.0,14.89018108108108,65.26648,40.84712432432432,1.7364659999999998,0.0841355151521041,0.2124082492833932,0.1579450949001042,0.0483372273906787,15.0643,65.7886,41.1468,1.8517,164,12,2,0,0,0,0,run_003
U000166,10912368,MODEL_A,BATCH_01,680535.0,48609.642857142855,11583.033006594957,33349.0,75404.0,14,1.8,4.0,0.0,2.0,14.0,14.875552777777775,65.30519772727273,40.83205833333333,1.7501331818181818,0.0951104755717901,0.2176777963366284,0.138774627930118,0.0467551315812016,15.0257,65.7452,41.12,1.87001,160,12,1,0,0,0,0,run_003
U000167,10966243,MODEL_A,BATCH_01,745120.0,53222.857142857145,12202.032635571848,38743.0,87112.0,14,1.875,4.0,0.0,6.0,14.0,14.902023076923076,65.28730217391305,40.8514641025641,1.7436034782608696,0.1156847882952426,0.1856793095505511,0.1385500317901127,0.0527033133353277,15.1548,65.6203,41.1829,1.84546,170,12,1,0,0,0,0,run_003
U000168,11022845,MODEL_A,BATCH_02,694276.0,49591.142857142855,11407.642524992709,37448.0,76286.0,14,1.8780487804878048,4.0,0.0,5.0,14.0,14.879523529411763,65.35341627906976,40.86488235294117,1.7615446511627908,0.0987650657746391,0.1811681682991619,0.1479453102692332,0.0497875014603176,15.0196,65.8852,41.2435,1.84214,154,12,2,0,0,0,0,run_003
U000169,11077977,MODEL_A,BATCH_01,736160.0,52582.857142857145,9436.44861372966,34802.0,66755.0,14,1.829268292682927,4.0,0.0,4.0,14.0,14.88324054054054,65.37624545454545,40.80911891891892,1.7634338636363636,0.0934281020638614,0.1616135160916616,0.1587839532156792,0.0541842697595558,15.0417,65.753,41.1038,1.91027,162,12,2,0,0,0,0,run_003
U000170,11144485,MODEL_B,BATCH_01,734967.0,52497.642857142855,10482.84051058346,35572.0,71643.0,14,1.85,4.0,0.0,5.0,14.0,14.907673684210526,65.40928636363637,40.824781578947366,1.7602827272727273,0.0804186803773063,0.1988339398183302,0.1792302834801031,0.0530079320244176,15.1281,65.8933,41.1932,1.88949,164,12,1,0,0,0,0,run_003
U000171,11221661,MODEL_A,BATCH_01,718581.0,51327.21428571428,11956.828394613756,33750.0,77176.0,14,1.925,4.0,0.0,5.0,14.0,14.92172857142857,65.44865581395348,40.82120857142857,1.7808811627906975,0.1116742678545076,0.2127652443224328,0.1293672209856355,0.0494830073868221,15.1914,65.8638,41.0797,1.87767,156,12,1,0,0,0,0,run_003
U000172,11302604,MODEL_A,BATCH_01,699773.0,49983.78571428572,11365.418149798988,33868.0,80943.0,14,1.9,4.0,0.0,4.0,14.0,14.901245714285713,65.37242045454546,40.089931428571425,1.861495,0.0991949842863184,0.1984370506237522,0.7378727934253362,0.1033749396670334,15.0874,65.7478,41.0011,2.06453,158,12,1,0,0,0,1,run_003
U000173,11372523,MODEL_A,BATCH_01,705066.0,50361.857142857145,11156.467099035792,36547.0,69919.0,14,1.875,4.0,0.0,3.0,14.0,14.943642105263155,65.44065333333333,40.78606842105263,1.7581895555555551,0.095795657046453,0.1965282938223594,0.1504302749597514,0.0490929561210879,15.1421,65.8995,41.068,1.87536,166,12,1,0,0,0,0,run_003
U000174,11418686,MODEL_A,BATCH_01,721284.0,51520.28571428572,11934.172727144462,36390.0,79656.0,14,1.951219512195122,4.0,0.0,5.0,14.0,14.9140875,65.47779795918368,40.769917500000005,1.7777048979591836,0.0946928264347681,0.2134144895988756,0.1518666653511279,0.0475055437169551,15.1254,66.0673,41.0492,1.89878,178,12,2,0,0,0,0,run_003
U000175,11485989,MODEL_B,BATCH_02,718930.0,51352.142857142855,12231.584769686306,37748.0,80353.0,14,1.9,4.0,0.0,2.0,14.0,14.918359459459458,65.51452727272728,40.79073513513514,1.7836036363636365,0.0896996731675559,0.2147814566544825,0.1444453610966524,0.0411042604644556,15.1447,65.8872,41.0332,1.8872,162,12,1,0,0,0,0,run_003
U000176,11548467,MODEL_A,BATCH_01,718034.0,51288.142857142855,9744.09106040202,35119.0,66676.0,14,2.0,4.0,0.0,4.0,14.0,14.91807435897436,65.57699361702127,40.73592564102564,1.7794446808510638,0.0982547513728543,0.1762260904587376,0.1797057634871484,0.0518194345719099,15.1669,66.0437,41.1262,1.85527,172,12,1,0,0,0,0,run_003
U000177,11612922,MODEL_A,BATCH_01,707808.0,50557.71428571428,9227.102690765614,36920.0,64455.0,14,1.975,4.0,0.0,2.0,14.0,14.91675294117647,65.6242268292683,40.7813705882353,1.7760002439024392,0.0994248710891156,0.2154667515237445,0.1281894987648474,0.0472379596028344,15.0567,66.0006,41.0041,1.89568,150,12,1,0,0,0,0,run_003
U000178,11660627,MODEL_A,BATCH_01,675215.0,48229.642857142855,8551.46501715118,33935.0,59839.0,14,1.95,4.0,0.0,3.0,14.0,14.932651428571427,65.60674047619048,40.7927,1.7811059523809525,0.077458084951603,0.2611533518830755,0.1298965583930268,0.0378853807353323,15.085,66.1278,41.1416,1.87722,154,12,1,0,0,0,0,run_003
U000179,11705200,MODEL_A,BATCH_01,688259.0,49161.357142857145,9465.87484361298,36146.0,68216.0,14,1.951219512195122,4.0,0.0,4.0,14.0,14.950994594594594,65.59364444444444,40.72618648648648,1.7938166666666666,0.103737317687904,0.2200460205539194,0.1321760424630782,0.0531707453313465,15.213,66.0997,40.8952,1.91271,164,12,2,0,0,0,0,run_003
U000180,11756528,MODEL_B,BATCH_01,695680.0,49691.42857142857,9185.135489258932,37297.0,72149.0,14,1.925,4.0,0.0,5.0,14.0,14.929338235294118,65.71753023255813,40.74925588235294,1.7925106976744187,0.1093089478017176,0.2194637485357735,0.169336337705111,0.0504766134625186,15.1368,66.192,41.1197,1.90736,154,12,1,0,0,0,0,run_003
U000181,11816431,MODEL_A,BATCH_01,743882.0,53134.42857142857,8228.498701410901,39205.0,65621.0,14,2.025,4.0,0.0,6.0,14.0,14.923805263157895,65.68542127659575,40.71684736842105,1.7952636170212768,0.1058895905032968,0.1933593837303899,0.1368169456409151,0.0527572421744175,15.1587,66.0492,40.932,1.90684,170,12,1,0,0,0,0,run_003
U000182,11896975,MODEL_A,BATCH_02,722862.0,51633.0,12427.834726934536,36710.0,80544.0,14,1.975,4.0,0.0,2.0,14.0,14.920158333333337,65.69150930232558,40.73162777777778,1.8197613953488372,0.1030323870718052,0.1915831385039549,0.1682384406746408,0.0491730170191797,15.1091,66.2703,41.028,1.917,158,12,1,0,0,0,0,run_003
U000183,11953640,MODEL_A,BATCH_01,686352.0,49025.142857142855,9086.661321850945,36429.0,66571.0,14,1.925,4.0,0.0,4.0,14.0,14.94703611111111,65.71409069767442,40.68270833333334,1.8020809302325584,0.0804219058742359,0.1581046049357279,0.1509122987982468,0.0435750580588063,15.0848,66.0223,41.0932,1.92543,158,12,1,0,0,0,0,run_003
U000184,12022169,MODEL_A,BATCH_01,716412.0,51172.28571428572,8965.529229980033,39094.0,68529.0,14,1.95,4.0,0.0,5.0,14.0,14.9532,65.75000227272727,40.73425833333333,1.817965,0.0942163589071149,0.2254807520157714,0.1353890592224598,0.0537753876225312,15.1365,66.1925,41.0101,1.95825,160,12,1,0,0,0,0,run_003
U000185,12073671,MODEL_B,BATCH_01,727770.0,51983.57142857143,10583.643205177768,36028.0,77684.0,14,2.0,4.0,0.0,5.0,14.0,14.954044444444444,65.712,40.73519444444444,1.8087604347826087,0.1114741570165018,0.1635915319731843,0.1393440079073463,0.0532928654368803,15.2331,66.0562,40.9933,1.90326,164,12,1,0,0,0,0,run_003
U000186,12141875,MODEL_A,BATCH_01,694734.0,49623.857142857145,10611.414767251224,32242.0,68204.0,14,1.975,4.0,0.0,3.0,14.0,14.91475588235294,65.71685,40.727282352941174,1.826507857142857,0.1023058551337718,0.2025252929100244,0.1678340801715276,0.0503293425802926,15.1947,66.1305,41.0961,1.94886,152,12,1,0,0,0,0,run_003
U000187,12186495,MODEL_A,BATCH_01,718086.0,51291.857142857145,12317.682367275873,35044.0,72942.0,14,1.95,4.0,0.0,4.0,14.0,14.941615384615384,65.82306304347826,40.68049487179487,1.8106680434782607,0.0911483306382379,0.1930156129075756,0.1701574734253018,0.0540070291564828,15.124,66.2548,41.1006,1.92737,170,12,1,0,0,0,0,run_003
U000188,12242985,MODEL_A,BATCH_01,699405.0,49957.5,10133.022373560463,31551.0,64591.0,14,1.951219512195122,4.0,0.0,4.0,14.0,14.950232352941176,65.84374761904762,40.71228235294117,1.8274257142857144,0.1170006882149874,0.2152812105789526,0.1740415493244798,0.0506444036897178,15.1758,66.241,41.1376,1.91943,152,12,2,0,0,0,0,run_003
U000189,12292951,MODEL_A,BATCH_02,679911.0,48565.07142857143,9483.030540142468,35390.0,68108.0,14,1.9268292682926829,4.0,0.0,5.0,14.0,14.956528571428573,65.91412142857143,40.69656,1.8146035714285715,0.0888364974394587,0.2009977205740376,0.1563437242669081,0.0478875104559164,15.1056,66.2693,40.9557,1.97477,154,12,2,0,0,0,0,run_003
U000190,12345972,MODEL_B,BATCH_01,691125.0,49366.07142857143,8225.314157800021,35286.0,64681.0,14,1.8780487804878048,4.0,0.0,5.0,14.0,14.947933333333332,65.92722558139535,40.66876388888889,1.8200481395348835,0.109469794920791,0.2160661010994029,0.178030577073198,0.0479426520143655,15.173,66.326,40.993,1.92763,158,12,2,0,0,0,0,run_003
U000191,12404473,MODEL_A,BATCH_01,750367.0,53597.642857142855,10272.941782305465,35877.0,76048.0,14,1.9,4.0,0.0,5.0,14.0,14.958619512195122,65.93422549019608,40.66936097560976,1.8456203921568624,0.0995246181090695,0.2276562398381663,0.1233591035920095,0.0475161568715646,15.1616,66.3816,41.0206,1.9291,184,12,1,0,0,0,0,run_003
U000192,12456932,MODEL_A,BATCH_01,688245.0,49160.357142857145,9736.071689319078,33266.0,62310.0,14,1.875,4.0,0.0,4.0,14.0,14.94891212121212,65.977165,40.69978787878788,1.83210325,0.0998506095298615,0.2102847038952387,0.1336661553965128,0.0484730407433891,15.2207,66.5644,41.0451,1.92182,146,12,1,0,0,0,0,run_003
U000193,12518687,MODEL_A,BATCH_01,716080.0,51148.57142857143,10363.53660094472,36468.0,68298.0,14,1.875,4.0,0.0,5.0,14.0,14.95357142857143,66.0187840909091,40.672068571428575,1.8404279545454545,0.0881029497116817,0.2138007308961116,0.1239563058012746,0.047769956335305,15.1519,66.4893,40.9554,1.98257,158,12,1,0,0,0,0,run_003
U000194,12568250,MODEL_A,BATCH_01,704360.0,50311.42857142857,13698.869598026557,33948.0,77273.0,14,1.875,4.0,0.0,5.0,14.0,14.970735135135136,66.0243953488372,40.65732432432432,1.841383953488372,0.0914240614335691,0.1644411588981177,0.188097044110223,0.0453486984188465,15.1345,66.4051,41.0044,1.94684,160,12,1,0,0,0,0,run_003
U000195,12620333,MODEL_B,BATCH_01,701122.0,50080.142857142855,8009.577035381723,38777.0,67903.0,14,1.9,4.0,0.0,5.0,14.0,14.973082352941177,65.98141707317073,40.65235588235294,1.8414546341463416,0.0991208795867624,0.2115254026144843,0.1754234723784676,0.048049728308158,15.1137,66.4003,41.0776,1.95904,150,12,1,0,0,0,0,run_003
U000196,12674277,MODEL_A,BATCH_02,712563.0,50897.357142857145,9869.249302034796,32320.0,65109.0,14,1.8780487804878048,4.0,0.0,5.0,14.0,14.95249142857143,66.02101190476189,40.63496,1.844825476190476,0.1009373666349251,0.2073689573898802,0.1456307179134961,0.0472796644886356,15.1339,66.3882,40.8562,1.95492,154,12,2,0,0,0,0,run_003
U000197,12727791,MODEL_A,BATCH_01,714062.0,51004.42857142857,9936.233388766788,35923.0,69434.0,14,1.9,4.0,0.0,5.0,14.0,14.948205405405409,66.12787272727273,40.62943513513513,1.8524770454545456,0.0855260030177501,0.1970351619707837,0.1831611588741463,0.0534327491938838,15.1015,66.5894,40.9829,1.97569,162,12,1,0,0,0,1,run_003
U000198,12807629,MODEL_A,BATCH_01,721514.0,51536.71428571428,11267.177910458946,36366.0,79838.0,14,1.925,4.0,0.0,5.0,14.0,14.962394285714286,66.16900227272727,40.65582571428571,1.862503409090909,0.098566949307556,0.1843871993849873,0.163604207379485,0.0508406222375687,15.2975,66.5858,41.0344,1.96141,158,12,1,0,0,0,0,run_003
U000199,12865056,MODEL_A,BATCH_01,712244.0,50874.57142857143,9562.632038016807,33466.0,65574.0,14,1.9,4.0,0.0,4.0,14.0,14.958938095238096,66.14375799999999,40.5794619047619,1.8576888,0.1128607386039743,0.2275299084085597,0.1652551271517542,0.0502041750292477,15.1812,66.683,40.8753,1.97869,184,12,1,0,0,0,0,run_003
U000200,12913813,MODEL_B,BATCH_01,686175.0,49012.5,10067.149369264214,33919.0,65415.0,14,1.8780487804878048,4.0,0.0,3.0,14.0,15.005466666666669,66.1680475,40.61961818181818,1.86300125,0.0948406909858143,0.2244217709484561,0.1411977435516997,0.0441538041563165,15.2836,66.7304,40.9018,1.98727,146,12,2,0,0,0,0,run_003
U000201,12983978,MODEL_A,BATCH_01,760485.0,54320.357142857145,12377.297558943848,35410.0,76054.0,14,1.95,4.0,0.0,5.0,14.0,14.991933333333332,66.22350425531914,39.897956410256405,1.9494327659574469,0.1169427937820192,0.1700284323505518,0.7851141957819586,0.1074740075088354,15.2152,66.6458,40.8076,2.17178,172,12,1,1,1,0,1,run_003
U000202,13045239,MODEL_A,BATCH_01,689657.0,49261.21428571428,7897.956611862156,37006.0,61261.0,14,1.9,4.0,0.0,3.0,14.0,14.941325714285716,66.21832558139535,39.06912,2.0527127906976745,0.1033804121361747,0.189171046426776,0.1159966804798863,0.0480645169748597,15.1853,66.5311,39.2957,2.13952,156,12,1,0,0,0,0,run_003
U000203,13091434,MODEL_A,BATCH_02,691988.0,49427.71428571428,10832.335350369149,30299.0,68934.0,14,1.902439024390244,4.0,0.0,4.0,14.0,15.030064864864864,66.2328511111111,40.601056756756755,1.8724108888888888,0.1065977126506115,0.1840159227574699,0.1683820746934724,0.0497546349061719,15.2524,66.6979,41.0114,1.96584,164,12,2,0,0,0,0,run_003
U000204,13141483,MODEL_A,BATCH_01,690274.0,49305.28571428572,8759.828163300319,34538.0,59523.0,14,1.9,4.0,0.0,3.0,14.0,15.014014285714286,66.25530952380953,40.537394285714285,1.8773488095238096,0.0949972821371506,0.1907564656188034,0.185308783549254,0.0462002054267622,15.2125,66.6072,40.9229,1.98912,154,12,1,0,0,0,0,run_003
U000205,13199681,MODEL_B,BATCH_01,702344.0,50167.42857142857,10045.772005516212,33382.0,67743.0,14,1.853658536585366,4.0,0.0,4.0,14.0,14.992527027027023,66.34425777777777,40.59934054054054,1.890506,0.1237273697571685,0.2381189002930412,0.1371661451173968,0.0478576399999376,15.3169,66.8763,40.9956,1.97314,164,12,2,0,0,0,0,run_003
U000206,13260365,MODEL_A,BATCH_01,718056.0,51289.71428571428,10081.545580748189,34215.0,66194.0,14,1.85,4.0,0.0,5.0,14.0,14.958994444444446,66.34571590909091,40.58663333333333,1.8873772727272728,0.1011805541578152,0.1735409474409112,0.1759986136309026,0.058624079002579,15.1639,66.6637,40.9258,2.04837,160,12,1,0,0,0,0,run_003
U000207,13321272,MODEL_A,BATCH_01,711560.0,50825.71428571428,9278.181456667957,29602.0,68289.0,14,1.825,4.0,0.0,5.0,14.0,15.014430555555556,66.32919333333334,40.496188888888895,1.885259777777778,0.0933074727353277,0.1916747249425895,0.182192147827943,0.0558053803405146,15.195,66.7428,40.8477,2.02291,162,12,1,0,0,0,0,run_003
U000208,13371737,MODEL_A,BATCH_01,708778.0,50627.0,8956.522505114102,35272.0,74073.0,14,1.85,4.0,0.0,5.0,14.0,14.98988108108108,66.39362173913044,40.53689189189189,1.8919423913043476,0.1208113424537012,0.2225245893159701,0.0956110999436384,0.0566241056317804,15.2763,66.8527,40.6957,2.00841,166,12,1,0,0,0,0,run_003
U000209,13437508,MODEL_A,BATCH_01,770010.0,55000.71428571428,10995.273875824812,34706.0,71965.0,14,1.85,4.0,0.0,6.0,14.0,15.002045,66.40835306122449,40.56419,1.9023873469387755,0.0778086902733316,0.1834999785445499,0.1436786028713981,0.0524522106213325,15.2075,66.9956,40.8609,2.00396,178,12,1,0,0,0,0,run_003
U000210,13490256,MODEL_B,BATCH_02,694246.0,49589.0,10456.864252728925,33612.0,67089.0,14,1.85,4.0,0.0,4.0,14.0,14.99169722222222,66.48594285714286,40.55873611111111,1.9027135714285717,0.1095964584571471,0.1941027991942737,0.1712196870402434,0.0472206985837638,15.1645,66.8608,40.932,1.99833,156,12,1,0,0,0,0,run_003
U000211,13555212,MODEL_A,BATCH_01,710986.0,50784.71428571428,10800.804837735805,35162.0,70476.0,14,1.925,4.0,0.0,5.0,14.0,15.010705405405409,66.4527711111111,40.5150027027027,1.906365111111111,0.102067708861286,0.1969985759318898,0.1650530697255461,0.0542949396027349,15.2318,66.7639,40.9731,2.01335,164,12,1,0,0,0,0,run_003
U000212,13628599,MODEL_A,BATCH_01,694046.0,49574.71428571428,11973.812229056512,28146.0,69312.0,14,1.9,4.0,0.0,4.0,14.0,15.003251351351352,66.47413636363636,40.52763243243243,1.8986786363636363,0.0975540665523529,0.2181542691733587,0.1223276861867671,0.0507229455710093,15.2225,67.0078,40.7699,2.00518,162,12,1,0,0,0,0,run_003
U000213,13692154,MODEL_A,BATCH_01,707948.0,50567.71428571428,9400.989198594363,33573.0,61742.0,14,1.9,4.0,0.0,5.0,14.0,15.009075675675676,66.49647777777778,40.545248648648645,1.9054526666666665,0.1069505477763889,0.2034369680011338,0.1358103899265892,0.0444875075110469,15.2502,66.8944,40.8054,2.03846,164,12,1,0,0,0,0,run_003
U000214,13756464,MODEL_A,BATCH_01,706119.0,50437.07142857143,9514.100155229407,37368.0,64310.0,14,1.9,4.0,0.0,4.0,14.0,14.990073529411765,66.53675476190476,40.51409705882353,1.907633095238095,0.0753953511500848,0.2152584472746934,0.1745901807181857,0.0482103970411856,15.1285,66.9404,40.9536,2.02742,152,12,1,0,0,0,0,run_003
U000215,13816922,MODEL_B,BATCH_01,681508.0,48679.142857142855,9957.706963855784,36050.0,70937.0,14,1.9,4.0,0.0,4.0,14.0,15.060042857142856,66.57334418604651,40.51058857142857,1.920727441860465,0.0820838390833147,0.1677855196974842,0.2127655251422919,0.0513727865282882,15.2367,66.9259,41.0634,2.023,156,12,1,0,0,0,0,run_003
U000216,13887229,MODEL_A,BATCH_01,717689.0,51263.5,10040.255649135634,34812.0,70307.0,14,1.875,4.0,0.0,5.0,14.0,14.997805714285713,66.5786,40.506034285714286,1.932466590909091,0.1200374106951104,0.1844155633345492,0.1653276976596645,0.0477409653911597,15.3483,66.9091,40.8078,2.02379,158,12,1,0,0,0,0,run_003
U000217,13942106,MODEL_A,BATCH_02,715400.0,51100.0,10721.15481724728,35561.0,67330.0,14,1.9,4.0,0.0,5.0,14.0,15.01434722222222,66.59630888888888,38.96471666666667,2.106568222222222,0.0896786341367598,0.1815660358484946,0.164319402384504,0.0581341679490754,15.1863,66.9606,39.3067,2.25085,162,12,1,0,0,0,0,run_003
U000218,14008269,MODEL_A,BATCH_01,715284.0,51091.71428571428,10682.561443259336,34827.0,66163.0,14,2.0,4.0,0.0,5.0,14.0,15.027383333333336,66.66728888888889,40.51379444444444,1.946948,0.0854733458871412,0.1952298205405225,0.1445871204389416,0.0443907228534807,15.1951,67.165,40.7965,2.05097,162,12,1,0,0,0,0,run_003
U000219,14073185,MODEL_A,BATCH_01,662040.0,47288.57142857143,7882.655123890542,37985.0,64916.0,14,1.875,4.0,0.0,1.0,14.0,15.06674857142857,66.63483414634146,40.47090571428571,1.926059024390244,0.1007841589193243,0.2061973503827792,0.1573757716289213,0.0469630281074846,15.2476,67.0899,40.7417,2.01678,152,12,1,0,0,0,0,run_003
U000220,14131851,MODEL_B,BATCH_01,715097.0,51078.357142857145,8206.485405384648,38604.0,69025.0,14,1.85,4.0,0.0,5.0,14.0,14.996216666666664,66.67967906976745,40.45699444444445,1.9334074418604652,0.1264268405046968,0.1849347446792804,0.1484309978108059,0.04922699419613,15.2221,67.0909,40.7249,2.02783,158,12,1,0,0,0,0,run_003
U000221,14178919,MODEL_A,BATCH_01,689719.0,49265.642857142855,10738.391002574632,30497.0,70715.0,14,1.804878048780488,4.0,0.0,5.0,14.0,15.034651351351352,66.67917441860465,40.47695945945946,1.9389183720930232,0.1233677758700507,0.2218308268897323,0.1412291291551496,0.0525512821161265,15.3965,67.2853,40.9363,2.0583,160,12,2,0,0,0,0,run_003
U000222,14232854,MODEL_A,BATCH_01,716877.0,51205.5,11937.057708278418,38780.0,87214.0,14,1.825,4.0,0.0,5.0,14.0,15.04331212121212,66.710275,40.44348484848485,1.95380875,0.1237785213536049,0.2112930044226491,0.1366749705533437,0.0646467818298911,15.3977,67.0356,40.6759,2.08708,146,12,1,0,0,0,0,run_003
U000223,14284753,MODEL_A,BATCH_01,681798.0,48699.857142857145,5219.671767710816,35196.0,57639.0,14,1.875,4.0,0.0,5.0,14.0,15.03221388888889,66.73595909090909,40.41968611111111,1.961585,0.1082326624922377,0.2193830295085842,0.1355765743625074,0.042795608582581,15.2151,67.2793,40.7071,2.08753,160,12,1,0,0,0,0,run_003
U000224,14343725,MODEL_A,BATCH_02,684544.0,48896.0,7980.33877245051,32705.0,62258.0,14,1.8,4.0,0.0,2.0,14.0,15.03926,66.74775581395349,40.42531714285714,1.9490397674418605,0.0894251583234632,0.1812142014595736,0.1456263338453689,0.0394273155546936,15.1766,67.0963,40.7024,2.02016,156,12,1,0,0,0,0,run_003
U000225,14410276,MODEL_B,BATCH_01,728406.0,52029.0,11849.456235495496,32330.0,69629.0,14,1.825,4.0,0.0,5.0,14.0,15.044486486486486,66.82336363636364,40.43013783783783,1.9559143181818184,0.1029776490370664,0.1839302485219692,0.1639840733312426,0.0556881048798188,15.2355,67.1529,40.7875,2.10668,162,12,1,0,0,0,0,run_003
U000226,14452571,MODEL_A,BATCH_01,694149.0,49582.07142857143,11460.60790080718,33599.0,71841.0,14,1.825,4.0,0.0,5.0,14.0,15.027394594594597,66.84702222222222,39.8052891891892,2.03447,0.0988164514697883,0.2530249223162244,0.7795773056185274,0.0968978336374781,15.2373,67.2433,40.7237,2.22981,164,12,1,0,0,0,1,run_003
U000227,14503746,MODEL_A,BATCH_01,699556.0,49968.28571428572,10069.345211532423,34364.0,70408.0,14,1.825,4.0,0.0,5.0,14.0,15.033105882352942,66.96027857142857,40.42578235294118,1.9606807142857143,0.0895816097914866,0.1981947878221341,0.1612700961789517,0.0502755738293219,15.2423,67.3581,40.7057,2.05751,152,12,1,0,0,0,0,run_003
U000228,14556395,MODEL_A,BATCH_01,689298.0,49235.57142857143,8716.77288304023,31288.0,63037.0,14,1.8,4.0,0.0,4.0,14.0,15.016636842105264,66.89847333333334,40.399460526315785,1.982129111111111,0.1108977966808948,0.1968969612859397,0.1418980935046563,0.0536918772349235,15.3075,67.2479,40.7076,2.07679,166,12,1,0,0,0,0,run_003
U000229,14631206,MODEL_A,BATCH_01,717710.0,51265.0,11007.360530397553,34331.0,74811.0,14,1.8,4.0,0.0,4.0,14.0,15.044249999999998,66.9307023255814,39.49583333333333,2.088481395348837,0.0967703836039576,0.2295900647928948,0.7614837921546963,0.0998447283483661,15.2105,67.346,40.7065,2.24164,158,12,1,1,1,0,1,run_003
U000230,14689255,MODEL_B,BATCH_01,681231.0,48659.357142857145,7001.005077373289,35268.0,58556.0,14,1.8,4.0,0.0,4.0,14.0,15.046128571428572,66.95940487804877,40.38764857142857,1.974371463414634,0.0790393742958259,0.1787868003394262,0.1471692990111331,0.0523945916369702,15.2711,67.3594,40.6936,2.05634,152,12,1,0,0,0,0,run_003
U000231,14764478,MODEL_A,BATCH_02,712027.0,50859.07142857143,10768.249371785882,35456.0,75223.0,14,1.8,4.0,0.0,4.0,14.0,15.057832432432434,66.95745111111111,40.39527837837838,1.974322888888889,0.1105682570834615,0.2296227792214332,0.1176495292882289,0.051961911777335,15.2429,67.5677,40.606,2.11091,164,12,1,0,0,0,0,run_003
U000232,14814368,MODEL_A,BATCH_01,680191.0,48585.07142857143,7603.469384880378,34750.0,62391.0,14,1.804878048780488,4.0,0.0,4.0,14.0,15.041885294117648,66.97868372093023,40.37961764705882,1.982500465116279,0.1058090880336699,0.1721623250227923,0.1640233251531488,0.0546145646871692,15.2454,67.2986,40.6947,2.07852,154,12,2,0,0,0,0,run_003
U000233,14866023,MODEL_A,BATCH_01,670963.0,47925.92857142857,8894.542557220007,34421.0,64581.0,14,1.829268292682927,4.0,0.0,4.0,14.0,15.062582857142855,67.0214046511628,40.366974285714285,1.9908265116279071,0.0860039687378173,0.2306858861592742,0.152632818425476,0.0519988845523091,15.2351,67.4739,40.6388,2.10861,156,12,2,0,0,0,0,run_003
U000234,14925442,MODEL_A,BATCH_01,670190.0,47870.71428571428,9786.504439423565,35191.0,66835.0,14,1.775,4.0,0.0,3.0,14.0,15.077325714285717,67.0718380952381,38.86747428571429,2.1731054761904764,0.1261050876961636,0.2122016711646361,0.162714488929421,0.0456899844499425,15.4445,67.5727,39.2526,2.26434,154,12,1,0,0,0,1,run_003
U000235,14984916,MODEL_B,BATCH_01,688654.0,49189.57142857143,9810.84242218613,31868.0,65551.0,14,1.825,4.0,0.0,4.0,14.0,15.057938888888888,67.13035813953488,40.34674722222222,1.9975611627906975,0.0881607955557111,0.185285340093593,0.1305490022637606,0.0460202020446974,15.2712,67.5219,40.5936,2.09813,158,12,1,0,0,0,0,run_003
U000236,15049948,MODEL_A,BATCH_01,695431.0,49673.642857142855,8382.09569542443,38034.0,65032.0,14,1.85,4.0,0.0,4.0,14.0,15.079848484848483,67.09924390243903,40.37500606060606,2.004532926829268,0.1147100723596562,0.2190246813132941,0.123296474349921,0.0390382869273167,15.3026,67.6856,40.5888,2.10217,148,12,1,0,0,0,0,run_003
U000237,15115692,MODEL_A,BATCH_01,705142.0,50367.28571428572,9903.098663693963,36880.0,69545.0,14,1.875,4.0,0.0,4.0,14.0,15.062108571428572,67.1318780487805,40.34421428571428,1.9990021951219512,0.1018933189850126,0.1889131844422115,0.165644110249969,0.0475452939580878,15.2427,67.5218,40.6211,2.09529,152,12,1,0,0,0,0,run_003
U000238,15185835,MODEL_A,BATCH_02,706573.0,50469.5,10781.47644912685,36187.0,70143.0,14,1.825,4.0,0.0,4.0,14.0,15.070213157894736,67.14329347826087,40.33875789473685,2.0014328260869565,0.1124060837322805,0.2269283277965139,0.2018389050322982,0.0423747276707365,15.245,67.5493,40.7239,2.08411,168,12,1,0,0,0,0,run_003
U000239,15252937,MODEL_A,BATCH_01,732556.0,52325.42857142857,9494.581075655618,38226.0,67102.0,14,1.85,4.0,0.0,5.0,14.0,15.07687837837838,67.20836888888888,40.3191972972973,2.0015775555555555,0.1107766224213172,0.1746767050377011,0.1433278206042327,0.0462827116336286,15.2714,67.6517,40.5425,2.0971,164,12,1,0,0,0,0,run_003
U000240,15330093,MODEL_B,BATCH_01,760068.0,54290.57142857143,11059.744437959089,38469.0,77156.0,14,1.9,4.0,0.0,4.0,14.0,15.060448717948717,67.21673333333334,40.34775384615385,2.0137483333333335,0.1229108638763859,0.1764690260729067,0.1555157985647723,0.0549872430595568,15.3201,67.6215,40.624,2.14255,174,12,1,0,0,0,0,run_003
U000241,15395339,MODEL_A,BATCH_01,674749.0,48196.357142857145,9800.326058996066,32593.0,66477.0,14,1.9,4.0,0.0,3.0,14.0,15.07410294117647,67.27193902439025,40.30304705882353,2.0155363414634144,0.091687418539078,0.2012910677079945,0.1469064786724391,0.0518423475913319,15.2596,67.6917,40.5267,2.13188,150,12,1,0,0,0,0,run_003
U000242,15449182,MODEL_A,BATCH_01,691120.0,49365.71428571428,8823.550614721347,34792.0,64995.0,14,1.875,4.0,0.0,4.0,14.0,15.077948648648649,67.31741818181818,40.3548,2.031884318181818,0.0967326057335991,0.1987158568276764,0.1496507953722768,0.0500200491151078,15.2523,67.7774,40.6196,2.16106,162,12,1,0,0,0,0,run_003
U000243,15499660,MODEL_A,BATCH_01,733093.0,52363.78571428572,12141.26794277442,39305.0,82980.0,14,1.853658536585366,4.0,0.0,5.0,14.0,15.079494736842106,67.27438913043478,40.29420789473684,2.0165271739130435,0.1016396574745826,0.1679531829320446,0.1590906955024335,0.0505117068350625,15.3175,67.6625,40.6039,2.10799,168,12,2,0,0,0,0,run_003
U000244,15568988,MODEL_A,BATCH_01,726020.0,51858.57142857143,11955.73275889846,35692.0,71347.0,14,1.875,4.0,0.0,6.0,14.0,15.063756756756758,67.31825111111111,40.26074594594595,2.025874888888889,0.0993914526297703,0.2097322488124305,0.143457023364325,0.0541648316640226,15.23,67.8047,40.6056,2.18117,164,12,1,0,0,0,0,run_003
U000245,15639891,MODEL_B,BATCH_02,722348.0,51596.28571428572,12466.52985106411,31467.0,77212.0,14,1.875,4.0,0.0,5.0,14.0,15.073091176470587,67.3409268292683,40.255279411764704,2.024607317073171,0.0844199041862545,0.2174775413972569,0.1439431996128858,0.0424437227410832,15.2577,67.7602,40.5792,2.12741,150,12,1,0,0,0,0,run_003
U000246,15717103,MODEL_A,BATCH_01,709053.0,50646.642857142855,11767.65603486714,33943.0,77212.0,14,1.8,4.0,0.0,4.0,14.0,15.067994444444444,67.3814,40.27923333333334,2.027364772727273,0.0946346446511735,0.1955980120696086,0.1474392310653545,0.0513198958421532,15.2281,67.8161,40.5214,2.14269,160,12,1,0,0,0,0,run_003
U000247,15777432,MODEL_A,BATCH_01,718906.0,51350.42857142857,9866.315318093377,38752.0,78353.0,14,1.825,4.0,0.0,5.0,14.0,15.09148,67.35753658536585,40.251671428571434,2.0330748780487804,0.0905691344644913,0.2078273078256277,0.134971135414051,0.0456268018341164,15.287,67.7679,40.577,2.1678,152,12,1,0,0,0,0,run_003
U000248,15824574,MODEL_A,BATCH_01,693588.0,49542.0,10349.70081321566,32993.0,69087.0,14,1.825,4.0,0.0,4.0,14.0,15.080036842105262,67.43365777777778,40.273936842105265,2.034776,0.1003122891909615,0.1894549436588229,0.1521492269274605,0.0476964975081551,15.2687,68.0303,40.5559,2.1278,166,12,1,0,0,0,0,run_003
U000249,15884810,MODEL_A,BATCH_01,700659.0,50047.07142857143,8663.583469498462,36243.0,67458.0,14,1.85,4.0,0.0,3.0,14.0,15.084942857142856,67.36278095238096,40.27876571428571,2.040472380952381,0.085307634599773,0.1490788958549002,0.1619378801430047,0.0520722852088876,15.2326,67.7733,40.61,2.12083,154,12,1,0,0,0,0,run_003
U000250,15965779,MODEL_B,BATCH_01,714157.0,51011.21428571428,12102.745207841654,34877.0,80969.0,14,1.8,4.0,0.0,4.0,14.0,15.12120294117647,67.48935609756097,40.28353529411765,2.0565458536585366,0.089485216267724,0.2260893308504216,0.1629693015939865,0.050700785446362,15.3816,68.0115,40.5184,2.21472,150,12,1,0,0,0,0,run_003
U000251,16023456,MODEL_A,BATCH_01,683220.0,48801.42857142857,7959.17059569831,33941.0,61546.0,14,1.829268292682927,4.0,0.0,5.0,14.0,15.128815151515152,67.52742500000001,40.24099090909091,2.0662495,0.0807363189695789,0.21498333477451,0.1241559764057828,0.0441791380718234,15.351,67.9424,40.4736,2.14097,146,12,2,0,0,0,0,run_003
U000252,16090441,MODEL_A,BATCH_02,754366.0,53883.28571428572,10809.8312477298,37795.0,78593.0,14,1.85,4.0,0.0,5.0,14.0,15.09382972972973,67.55080652173913,40.24644594594595,2.0476915217391305,0.1075601197906052,0.1895917431420301,0.1443448101568564,0.0476800080614922,15.2939,68.0244,40.553,2.16253,166,12,1,0,0,0,0,run_003
U000253,16165261,MODEL_A,BATCH_01,695661.0,49690.07142857143,11051.599859569831,35620.0,74820.0,14,1.85,4.0,0.0,3.0,14.0,15.108970588235294,67.56818717948717,40.20472058823529,2.0580935897435895,0.0785774334534306,0.213812852476043,0.158713194310141,0.0361924298196227,15.2499,68.037,40.5634,2.16075,146,12,1,0,0,0,0,run_003
U000254,16214728,MODEL_A,BATCH_01,729170.0,52083.57142857143,8978.592588993046,38709.0,64744.0,14,1.902439024390244,4.0,0.0,5.0,14.0,15.093110256410256,67.60583125000001,40.23347692307693,2.073259791666666,0.0879064598394873,0.1702984053800861,0.1567758330287621,0.0472505668316594,15.2641,67.9359,40.5577,2.16869,174,12,2,0,0,0,0,run_003
U000255,16265129,MODEL_B,BATCH_01,672435.0,48031.07142857143,9019.37113161944,31115.0,63239.0,14,1.825,4.0,0.0,2.0,14.0,15.10728857142857,67.53736190476191,40.236874285714286,2.06545,0.1109869011121916,0.1859510123692844,0.1839696991400524,0.0590888503782599,15.4516,67.9908,40.5713,2.24572,154,12,1,0,0,0,0,run_003
U000256,16313813,MODEL_A,BATCH_01,729999.0,52142.78571428572,13099.57772178214,32312.0,84869.0,14,1.85,4.0,0.0,5.0,14.0,15.120489189189191,67.56327441860465,40.21861621621622,2.067503488372093,0.1047679917823286,0.1827518993361318,0.2110696113627936,0.057734217628375,15.371,67.8839,40.6889,2.18136,160,12,1,0,0,0,0,run_003
U000257,16392304,MODEL_A,BATCH_01,730776.0,52198.28571428572,13592.065583831063,31269.0,78491.0,14,1.875,4.0,0.0,4.0,14.0,15.102326315789474,67.67764222222222,40.19548157894737,2.069977333333333,0.1131528879239023,0.1901160859351792,0.1501830700057717,0.0505424589915161,15.2871,68.0946,40.4687,2.19019,166,12,1,0,0,0,0,run_003
U000258,16459291,MODEL_A,BATCH_01,669951.0,47853.642857142855,8330.133313247965,36309.0,66987.0,14,1.85,4.0,0.0,2.0,14.0,15.094784375,67.73893333333334,40.21186875,2.0722251282051283,0.0871025687905892,0.1896157851153542,0.1554658648095064,0.0514118670445787,15.2555,68.2583,40.5247,2.20442,142,12,1,0,0,0,0,run_003
U000259,16518404,MODEL_A,BATCH_02,709553.0,50682.357142857145,9747.91140238724,35143.0,64947.0,14,1.85,4.0,0.0,4.0,14.0,15.08913947368421,67.74481304347826,40.211876315789475,2.073902391304348,0.1062157201666792,0.2148950437448192,0.1567869176047727,0.053103473507851,15.28,68.3135,40.5012,2.18182,168,12,1,0,0,0,0,run_003
U000260,16567601,MODEL_B,BATCH_01,735250.0,52517.857142857145,10812.36249610846,39023.0,75333.0,14,1.8,4.0,0.0,4.0,14.0,15.110536842105262,67.6947456521739,40.168386842105264,2.075829347826087,0.0907739914562167,0.1591299953658034,0.1911291344573253,0.0558182090720372,15.3378,68.0063,40.6245,2.18333,168,12,1,0,0,0,0,run_003
U000261,16645957,MODEL_A,BATCH_01,734246.0,52446.142857142855,14513.062137033889,34166.0,83723.0,14,1.825,4.0,0.0,5.0,14.0,15.126388235294115,67.77797073170731,39.48770882352942,2.162631707317073,0.1130144017765552,0.2326624349179565,0.7625255299720665,0.1135944848771812,15.3688,68.2661,40.4892,2.34408,150,12,1,0,0,0,1,run_003
U000262,16714584,MODEL_A,BATCH_01,750744.0,53624.57142857143,10395.670642622828,39156.0,69051.0,14,1.85,4.0,0.0,5.0,14.0,15.137063888888887,67.75270888888889,40.18494444444444,2.0873075555555554,0.0955609428667763,0.1926229616991109,0.1452715456249217,0.0405098175056792,15.3359,68.2255,40.5032,2.16999,162,12,1,0,0,0,0,run_003
U000263,16794095,MODEL_A,BATCH_01,732932.0,52352.28571428572,13202.86630551558,37568.0,79511.0,14,1.875,4.0,0.0,5.0,14.0,15.13738857142857,67.86715714285714,40.13185142857143,2.0895409523809523,0.0790818554761219,0.1750919147370087,0.1450304194692562,0.0583032020126211,15.2849,68.3286,40.4252,2.19755,154,12,1,0,0,0,0,run_003
U000264,16845973,MODEL_A,BATCH_01,719140.0,51367.142857142855,12741.255781950966,34115.0,80050.0,14,1.875,4.0,0.0,5.0,14.0,15.122568421052632,67.81552666666667,40.18601842105263,2.104559111111111,0.1059583143562755,0.2040038083423491,0.1222878302828096,0.0519390527367598,15.3239,68.3128,40.4968,2.20864,166,12,1,0,0,0,0,run_003
U000265,16903174,MODEL_B,BATCH_01,726146.0,51867.57142857143,11587.40109385578,36988.0,83468.0,14,1.902439024390244,4.0,0.0,5.0,14.0,15.11944,67.87545,40.17563428571428,2.099006666666667,0.0902868279103746,0.164846736283784,0.1362877512576132,0.0543479796858627,15.3055,68.2321,40.6446,2.22263,154,12,2,0,0,0,0,run_003
U000266,16957711,MODEL_A,BATCH_02,694187.0,49584.78571428572,7957.559571574995,35075.0,64363.0,14,1.975,4.0,0.0,4.0,14.0,15.154458823529414,67.88993488372094,40.15739705882353,2.113130697674418,0.1022239345680549,0.2209361197094047,0.155211920592838,0.0433665764646412,15.3216,68.5888,40.4554,2.21197,154,12,1,0,0,0,0,run_003
U000267,17004804,MODEL_A,BATCH_01,707188.0,50513.42857142857,7377.477072552917,38109.0,62733.0,14,1.9268292682926829,4.0,0.0,2.0,14.0,15.112986842105265,67.88280909090909,40.14193947368421,2.0945979545454545,0.0924486188078975,0.181892473754293,0.1323610368476715,0.0464362430916089,15.3286,68.2388,40.3466,2.21236,164,12,2,0,0,0,0,run_003
U000268,17066298,MODEL_A,BATCH_01,688885.0,49206.07142857143,7484.6535654301,38421.0,61621.0,14,1.9,4.0,0.0,3.0,14.0,15.15100294117647,67.94393095238095,40.10706470588235,2.1116442857142856,0.0990395375145073,0.1936736020745579,0.1897138800729529,0.0513878152560937,15.3207,68.2842,40.7334,2.22932,152,12,1,0,0,0,0,run_003
U000269,17136079,MODEL_A,BATCH_01,717949.0,51282.07142857143,9334.477773405311,39414.0,69781.0,14,1.875,4.0,0.0,3.0,14.0,15.141129411764709,67.9853441860465,40.11759117647059,2.115422790697674,0.109373803105241,0.1614510427082588,0.1415465987466874,0.0474661323033181,15.3224,68.4748,40.3879,2.24987,154,12,1,0,0,0,0,run_003
U000270,17204509,MODEL_B,BATCH_01,719835.0,51416.78571428572,11153.832809181104,36039.0,73708.0,14,1.9,4.0,0.0,4.0,14.0,15.15163888888889,68.03680238095238,40.11556111111111,2.124367619047619,0.0952613166214094,0.1762600828987115,0.14043347235873,0.047903495865584,15.3989,68.3965,40.4356,2.25932,156,12,1,0,0,0,0,run_003
U000271,17264663,MODEL_A,BATCH_01,698956.0,49925.42857142857,9977.723994473396,33861.0,64583.0,14,1.902439024390244,4.0,0.0,4.0,14.0,15.132119444444443,68.06728636363636,40.06934722222222,2.117462272727273,0.0968659303793339,0.1975292143137303,0.1300601234289324,0.0559647971938356,15.3205,68.5422,40.2685,2.25922,160,12,2,0,0,0,0,run_003
U000272,17320288,MODEL_A,BATCH_01,676120.0,48294.28571428572,7233.095522331006,37864.0,58825.0,14,1.951219512195122,4.0,0.0,4.0,14.0,15.20309705882353,67.9912761904762,40.08998823529412,2.133067857142857,0.088597703251215,0.177876486072019,0.1376581729672093,0.0591677135316589,15.4017,68.5062,40.2928,2.25047,152,12,2,0,0,0,0,run_003
U000273,17366371,MODEL_A,BATCH_02,680941.0,48638.642857142855,8361.886128850841,33018.0,58854.0,14,1.875,4.0,0.0,3.0,14.0,15.158632432432434,68.08369777777777,40.08206756756756,2.129700222222222,0.0978447013669395,0.2235277484186967,0.1439392002317754,0.043850203404156,15.4434,68.5648,40.3938,2.25335,164,12,1,0,0,0,0,run_003
U000274,17413700,MODEL_A,BATCH_01,696293.0,49735.21428571428,8591.718411251719,36261.0,66309.0,14,1.9,4.0,0.0,4.0,14.0,15.109908571428573,68.12848604651163,39.16702285714286,2.237683953488372,0.084942345053532,0.2241658883839156,0.7716570119995394,0.1001270052088499,15.2774,68.5975,40.2949,2.4284,156,12,1,1,1,0,0,run_003
U000275,17463468,MODEL_B,BATCH_01,677017.0,48358.357142857145,8669.27085574846,36142.0,66257.0,14,1.9,4.0,0.0,3.0,14.0,15.152873684210528,68.16266222222222,40.06375263157895,2.140709333333333,0.0940646347198492,0.1814850836456244,0.1496160522838234,0.0442743316976409,15.4019,68.4774,40.4109,2.23151,166,12,1,0,0,0,0,run_003
U000276,17515845,MODEL_A,BATCH_01,698130.0,49866.42857142857,8912.839457031254,35556.0,70145.0,14,1.85,4.0,0.0,4.0,14.0,15.136858333333334,68.13227727272728,40.10426388888889,2.1419395454545453,0.0980210571400714,0.1807735739892703,0.1716736857326001,0.0411025288620828,15.355,68.695,40.4504,2.24295,160,12,1,0,0,0,0,run_003
U000277,17572046,MODEL_A,BATCH_01,693962.0,49568.71428571428,8697.503925119696,31567.0,61718.0,14,1.875,4.0,0.0,5.0,14.0,15.125144444444446,68.15365681818183,40.10704722222222,2.1380904545454547,0.0766114741292319,0.203495534946417,0.1524605325717566,0.0481051987692162,15.3361,68.5792,40.4531,2.26007,160,12,1,0,0,0,0,run_003
U000278,17613070,MODEL_A,BATCH_01,709317.0,50665.5,11460.018920309256,33721.0,67452.0,14,1.9,4.0,0.0,4.0,14.0,15.14855,68.1728711111111,40.069725,2.163323555555555,0.1073101206783404,0.1998582038507896,0.2122788548449555,0.0494371908290783,15.4462,68.7336,40.5151,2.28547,162,12,1,0,0,0,0,run_003
U000279,17690091,MODEL_A,BATCH_01,733499.0,52392.78571428572,12213.607387340067,33952.0,77021.0,14,1.925,4.0,0.0,2.0,14.0,15.180042857142858,68.28136818181818,39.59179142857143,2.210873409090909,0.1033315289442169,0.2488301669559302,0.675513824202786,0.0997996174654358,15.388,68.912,40.3631,2.38939,158,12,1,0,0,0,0,run_003
U000280,17746463,MODEL_B,BATCH_02,736516.0,52608.28571428572,8643.062308345005,35552.0,64393.0,14,1.925,4.0,0.0,3.0,14.0,15.1674,68.2239224489796,38.52181538461538,2.3369397959183673,0.0968568395541634,0.2254847253375375,0.1583093100604693,0.0473301011289238,15.3813,68.714,38.7888,2.45319,176,12,1,0,0,0,1,run_003
U000281,17795748,MODEL_A,BATCH_01,705372.0,50383.71428571428,9568.556626372025,36425.0,66100.0,14,1.9,4.0,0.0,3.0,14.0,15.166644736842104,68.24584666666667,39.99801578947368,2.158908888888889,0.1102236196234813,0.2014953412500016,0.1226929468364582,0.0516938130297578,15.3711,68.6586,40.2573,2.25079,166,12,1,0,0,0,0,run_003
U000282,17845664,MODEL_A,BATCH_01,678847.0,48489.07142857143,9870.224784785694,33168.0,74796.0,14,1.825,4.0,0.0,3.0,14.0,15.160127777777776,68.35510243902439,40.05296944444444,2.1647007317073172,0.1042113391447842,0.1953141360575367,0.162913563093079,0.0469635192138666,15.3648,68.7155,40.4018,2.23368,154,12,1,0,0,0,0,run_003
U000283,17907162,MODEL_A,BATCH_01,734439.0,52459.92857142857,10177.960597171834,38635.0,77809.0,14,1.825,4.0,0.0,5.0,14.0,15.150980555555556,68.34538809523809,40.03652222222222,2.1583473809523808,0.0954648351696488,0.2190642418331693,0.1250077303006514,0.0458912665616435,15.3782,68.6905,40.2626,2.24787,156,12,1,0,0,0,0,run_003
U000284,17962945,MODEL_A,BATCH_01,735987.0,52570.5,8148.791658890293,38477.0,63949.0,14,1.875,4.0,0.0,5.0,14.0,15.213810526315791,68.33907391304348,39.46938157894736,2.2323741304347826,0.0950881036395699,0.2191444814472698,0.697571194024361,0.1047137263118644,15.4119,68.8742,40.1844,2.44139,168,12,1,0,0,0,1,run_003
U000285,18008836,MODEL_B,BATCH_01,657746.0,46981.857142857145,8975.813730903074,33737.0,60320.0,14,1.7804878048780488,4.0,0.0,2.0,14.0,15.19968125,68.4079975,39.982421875,2.1667300000000003,0.0845192417011765,0.2101008908895027,0.1693972344946491,0.0612756481935398,15.4466,68.8241,40.3316,2.28109,144,12,2,0,0,0,0,run_003
U000286,18073840,MODEL_A,BATCH_01,787345.0,56238.92857142857,14655.634177624372,37953.0,95521.0,14,1.875,4.0,0.0,5.0,14.0,15.17396923076923,68.41321276595744,40.0524,2.1672002127659575,0.114447306086449,0.195488475827386,0.1527634497481226,0.049790343986576,15.3581,68.8796,40.334,2.28343,172,12,1,0,0,0,0,run_003
U000287,18149263,MODEL_A,BATCH_02,713515.0,50965.357142857145,9846.090435428545,33958.0,75423.0,14,1.9,4.0,0.0,3.0,14.0,15.154616666666666,68.41555909090908,40.01015555555555,2.1754179545454546,0.09723386682192,0.200629472571382,0.138386323528312,0.0557205263660485,15.3902,68.8504,40.2843,2.27531,160,12,1,0,0,0,0,run_003
U000288,18197305,MODEL_A,BATCH_01,676870.0,48347.857142857145,8906.16211790071,29457.0,62533.0,14,1.925,4.0,0.0,4.0,14.0,15.177436666666669,68.47755263157894,40.061593333333334,2.1743784210526313,0.1186833355043448,0.1875679404647384,0.1890943149701326,0.0543558832702421,15.5243,68.9083,40.4619,2.27879,136,12,1,0,0,0,1,run_003
U000289,18264331,MODEL_A,BATCH_01,714780.0,51055.71428571428,9532.526845801907,36343.0,67026.0,14,1.9,4.0,0.0,4.0,14.0,15.183905405405405,68.50663111111112,39.98911621621622,2.1725326666666667,0.1065399297758199,0.2103859719466084,0.1557220128475263,0.0584203443860254,15.393,68.913,40.291,2.28118,164,12,1,0,0,0,0,run_003
U000290,18327064,MODEL_B,BATCH_01,687228.0,49087.71428571428,7538.749839519623,34877.0,62733.0,14,1.875,4.0,0.0,5.0,14.0,15.194584848484848,68.50757560975609,39.96918484848484,2.187547804878049,0.0879112909458025,0.1856348347973616,0.1117804995326007,0.0411596586181296,15.3645,68.8777,40.1441,2.29102,148,12,1,0,0,0,0,run_003
U000291,18382411,MODEL_A,BATCH_01,709703.0,50693.07142857143,8613.50728587004,33363.0,67745.0,14,1.9,4.0,0.0,5.0,14.0,15.19316,68.49602954545455,39.951525714285715,2.1959802272727273,0.1102835281818427,0.1912943836075407,0.1351029745456866,0.0540961508534243,15.4331,68.9032,40.168,2.35083,158,12,1,0,0,0,0,run_003
U000292,18434357,MODEL_A,BATCH_01,696484.0,49748.857142857145,10764.13055445755,35922.0,75630.0,14,1.85,4.0,0.0,3.0,14.0,15.188755263157894,68.54987173913044,39.98031842105263,2.1935191304347827,0.0882824971094203,0.2127165601483645,0.1716635960011154,0.0453093635564848,15.3748,69.0269,40.3203,2.26358,168,12,1,0,0,0,0,run_003
U000293,18496980,MODEL_A,BATCH_01,731526.0,52251.857142857145,9877.593251372544,36421.0,72772.0,14,1.875,4.0,0.0,5.0,14.0,15.22567027027027,68.64465681818182,39.99310810810811,2.1928979545454546,0.1122838339627278,0.1776824727293652,0.1825062866168022,0.0528928501159961,15.4995,68.9692,40.3514,2.29267,162,12,1,0,0,0,0,run_003
U000294,18546797,MODEL_A,BATCH_02,697354.0,49811.0,8202.759657578663,37349.0,62711.0,14,1.853658536585366,4.0,0.0,3.0,14.0,15.220027027027026,68.61669545454545,39.99867837837838,2.2073754545454545,0.0916507248217948,0.2114053033971457,0.1524334119380491,0.0483532008730787,15.4772,69.2537,40.2619,2.30026,162,12,2,0,0,0,0,run_003
U000295,18621675,MODEL_B,BATCH_01,708671.0,50619.357142857145,11684.032717985046,39279.0,75303.0,14,1.825,4.0,0.0,2.0,14.0,15.191520588235294,68.65911463414635,38.46881764705883,2.393801219512195,0.0874541395988597,0.1970769476130757,0.1188175261803971,0.0518505141823648,15.3713,69.0421,38.743,2.51417,150,12,1,1,1,0,1,run_003
U000296,18682788,MODEL_A,BATCH_01,744564.0,53183.142857142855,12320.176465126957,33124.0,74625.0,14,1.825,4.0,0.0,5.0,14.0,15.207021621621625,68.68527045454545,39.88579459459459,2.1985924999999997,0.1035143123092299,0.1790477948138306,0.1785210117510999,0.0599608733326487,15.354,68.975,40.1977,2.33781,162,12,1,0,0,0,0,run_003
U000297,18756624,MODEL_A,BATCH_01,734363.0,52454.5,11288.06643352582,33342.0,73836.0,14,1.825,4.0,0.0,5.0,14.0,15.194032432432431,68.68635333333334,39.94761621621622,2.215247111111111,0.1017462640702458,0.186575565485848,0.1265537600159486,0.0480560893228954,15.3445,69.0701,40.1825,2.32178,164,12,1,0,0,0,0,run_003
U000298,18833400,MODEL_A,BATCH_01,744733.0,53195.21428571428,12621.679427316083,38806.0,80172.0,14,1.825,4.0,0.0,5.0,14.0,15.22395,68.731375,39.92185833333333,2.235348636363636,0.0702242103144332,0.1972740887817024,0.155435530733116,0.0463951842724935,15.3634,69.1793,40.4336,2.33583,160,12,1,0,0,0,0,run_003
U000299,18906583,MODEL_A,BATCH_01,746282.0,53305.857142857145,10277.117531061556,36236.0,73183.0,14,1.85,4.0,0.0,5.0,14.0,15.20980512820513,68.78685,39.91904871794872,2.2322077083333336,0.1154056961759322,0.1857924098946653,0.1545636214974869,0.040644481148466,15.4428,69.095,40.2336,2.31358,174,12,1,0,0,0,0,run_003
U000300,18966701,MODEL_B,BATCH_01,697990.0,49856.42857142857,10129.736162668538,34928.0,69672.0,14,1.875,4.0,0.0,4.0,14.0,15.192208571428573,68.79549999999999,39.90372857142857,2.2316872093023252,0.1096562365690504,0.2070669709929394,0.1614200249466635,0.0497420186144079,15.4103,69.2813,40.2419,2.32593,156,12,1,0,0,0,0,run_003
U000301,19032141,MODEL_A,BATCH_02,709067.0,50647.642857142855,10459.402781944342,35024.0,65440.0,14,2.025,4.0,0.0,5.0,14.0,15.19255277777778,68.76269555555555,39.91325555555556,2.2329584444444444,0.1101647817359098,0.2085657428023792,0.1351979320307708,0.0468443581038486,15.3879,69.1504,40.1524,2.30409,162,12,1,0,0,0,0,run_003
U000302,19094101,MODEL_A,BATCH_01,658750.0,47053.57142857143,9038.221206157135,34435.0,61960.0,14,1.975,4.0,0.0,1.0,14.0,15.23008125,68.76830512820513,39.903759375,2.2381192307692306,0.0879740813645443,0.2317870846371504,0.1357087485219847,0.0463477705921913,15.3617,69.2998,40.1605,2.34682,142,12,1,0,0,0,0,run_003
U000303,19149500,MODEL_A,BATCH_01,656078.0,46862.71428571428,6556.791727532737,36973.0,61502.0,14,1.9268292682926829,4.0,0.0,2.0,14.0,15.226771428571428,68.88294523809525,39.91716571428571,2.2438626190476194,0.0939338239257344,0.1892109639508487,0.1516848492625368,0.0499949458938052,15.3981,69.2559,40.237,2.33125,154,12,2,0,0,0,0,run_003
U000304,19196281,MODEL_A,BATCH_01,704101.0,50292.92857142857,9567.831419471631,34569.0,64852.0,14,1.853658536585366,4.0,0.0,3.0,14.0,15.200991666666663,68.87791162790698,39.84970833333333,2.243388372093023,0.0826610164639725,0.2102690806803094,0.1543145736567261,0.0360237276256736,15.3566,69.4045,40.2259,2.33392,158,12,2,0,0,0,0,run_003
U000305,19271727,MODEL_B,BATCH_01,735875.0,52562.5,12149.40323795624,38173.0,75687.0,14,1.9,4.0,0.0,4.0,14.0,15.21553783783784,68.8567930232558,39.88361351351352,2.2300523255813953,0.0928339029047495,0.2076629083914478,0.1221927124626453,0.0509445471560901,15.4191,69.2949,40.1684,2.32349,160,12,1,0,0,0,0,run_003
U000306,19335450,MODEL_A,BATCH_01,738405.0,52743.21428571428,10437.406000892775,36747.0,65853.0,14,1.9,4.0,0.0,4.0,14.0,15.206291666666669,68.92043023255815,39.864780555555555,2.2547541860465117,0.1000929664290726,0.2094357675539143,0.1426056617177898,0.0462445256596753,15.4241,69.4393,40.1115,2.35395,158,12,1,0,0,0,0,run_003
U000307,19390994,MODEL_A,BATCH_01,697056.0,49789.71428571428,8200.154270861864,36132.0,62915.0,14,1.9,4.0,0.0,4.0,14.0,15.245722222222222,68.90727727272727,39.865769444444446,2.2541170454545454,0.0763839067235317,0.1592967975322093,0.1655358568311548,0.0500157653554447,15.3716,69.3257,40.1862,2.36419,160,12,1,0,0,0,0,run_003
U000308,19444192,MODEL_A,BATCH_02,690856.0,49346.857142857145,7898.563314904834,38194.0,59502.0,14,1.85,4.0,0.0,4.0,14.0,15.22031142857143,68.98496046511629,39.8664,2.2633148837209305,0.1117140961441787,0.2079629959523876,0.1406435105464291,0.0482849459124878,15.5102,69.5321,40.1177,2.38304,156,12,1,0,0,0,0,run_003
U000309,19506804,MODEL_A,BATCH_01,692011.0,49429.357142857145,11294.33805468061,30943.0,66097.0,14,1.8,4.0,0.0,4.0,14.0,15.234527777777778,68.97516744186046,39.84704444444444,2.267053488372093,0.1030170377340178,0.161664126716812,0.1442941092638692,0.0507142765606032,15.4587,69.3226,40.0916,2.35631,158,12,1,0,0,0,0,run_003
U000310,19583092,MODEL_B,BATCH_01,755102.0,53935.857142857145,11768.856299292916,37467.0,76288.0,14,1.825,4.0,0.0,5.0,14.0,15.265020000000002,69.06489361702128,39.8405425,2.2585240425531916,0.1021733248342849,0.1866902880549071,0.1295924793787745,0.0545779286756092,15.445,69.5758,40.0712,2.39692,174,12,1,0,0,0,0,run_003
U000311,19627680,MODEL_A,BATCH_01,687102.0,49078.71428571428,10171.601374782267,33314.0,68302.0,14,1.853658536585366,4.0,0.0,3.0,14.0,15.217997368421052,69.03707111111112,39.83058947368421,2.264264888888889,0.0928316188178732,0.1642087787242233,0.1312797133202433,0.0627944808526638,15.4074,69.4558,40.1156,2.40799,166,12,2,0,0,0,0,run_003
U000312,19680067,MODEL_A,BATCH_01,729949.0,52139.21428571428,10754.514602489731,35852.0,69269.0,14,1.829268292682927,4.0,0.0,3.0,14.0,15.238858974358976,69.09915957446809,39.85586923076923,2.265596595744681,0.0934531791522218,0.1994965235172437,0.1242464171967748,0.0471638714104342,15.5002,69.5704,40.0769,2.36652,172,12,2,0,0,0,0,run_003
U000313,19750675,MODEL_A,BATCH_01,724930.0,51780.71428571428,12150.809098913607,34389.0,82939.0,14,1.825,4.0,0.0,3.0,14.0,15.284440540540542,69.21478604651162,39.81184864864865,2.2769320930232557,0.0997535447976649,0.1496303629446572,0.1353357565908287,0.0483838956166074,15.5326,69.5015,40.124,2.36494,160,12,1,0,0,0,0,run_003
U000314,19799015,MODEL_A,BATCH_01,691770.0,49412.142857142855,10036.079175095783,35421.0,66272.0,14,1.829268292682927,4.0,0.0,4.0,14.0,15.206394117647058,69.1063487804878,39.85576176470588,2.280541463414634,0.1034794956740487,0.2010249898917367,0.1628321258874723,0.0455390717165477,15.4277,69.5145,40.2235,2.36114,150,12,2,0,0,0,0,run_003
U000315,19845497,MODEL_B,BATCH_02,685467.0,48961.92857142857,9083.578272094908,36080.0,67284.0,14,1.8780487804878048,4.0,0.0,4.0,14.0,15.253758333333334,69.15617674418604,39.807138888888886,2.271651395348837,0.1050870288991801,0.234952334413366,0.1771311883125491,0.0460763861937251,15.4445,69.6751,40.1118,2.3418,158,12,2,0,0,0,0,run_003
U000316,19915344,MODEL_A,BATCH_01,714190.0,51013.57142857143,10258.611622319191,34946.0,73404.0,14,1.9,4.0,0.0,4.0,14.0,15.225845714285713,69.22936511627907,39.799437142857144,2.2895932558139536,0.0958931431728205,0.1945197319942262,0.1582512523613933,0.0482661611582774,15.4118,69.73,40.1439,2.41007,156,12,1,1,1,0,0,run_003
U000317,19979214,MODEL_A,BATCH_01,699527.0,49966.21428571428,9168.968436052046,35874.0,65601.0,14,1.9,4.0,0.0,4.0,14.0,15.231315789473683,69.22205555555556,39.775005263157894,2.278840222222222,0.0918083977973501,0.1802980141013465,0.1400297863050263,0.0417858971690476,15.4203,69.5592,40.0716,2.36272,166,12,1,0,0,0,0,run_003
U000318,20059549,MODEL_A,BATCH_01,743918.0,53137.0,10798.553606849391,41238.0,80335.0,14,1.9,4.0,0.0,4.0,14.0,15.261082857142856,69.21118333333334,39.79906285714286,2.2952957142857144,0.0816189477918911,0.1871154787781452,0.1726082645518374,0.0579846964311192,15.4324,69.5683,40.1988,2.40363,154,12,1,0,0,0,0,run_003
U000319,20103610,MODEL_A,BATCH_01,663040.0,47360.0,7778.024932214724,29485.0,57804.0,14,1.8780487804878048,4.0,0.0,3.0,14.0,15.260445945945945,69.27229318181818,39.77141081081081,2.3009225,0.1064980479596652,0.2382400327573971,0.1512198432448301,0.0540459769870835,15.5315,69.7786,40.0391,2.39901,162,12,2,0,0,0,0,run_003
U000320,20151253,MODEL_B,BATCH_01,681880.0,48705.71428571428,8024.800246050428,31599.0,60162.0,14,1.85,4.0,0.0,4.0,14.0,15.252961764705882,69.3076238095238,39.808247058823525,2.2980019047619047,0.1052858101887167,0.180911831118897,0.1377281319281595,0.0462281282885634,15.4753,69.7216,40.1691,2.37573,152,12,1,0,0,0,0,run_003
U000321,20229463,MODEL_A,BATCH_01,722043.0,51574.5,10997.60729046935,38571.0,78210.0,14,1.85,4.0,0.0,4.0,14.0,15.264622857142855,69.34384444444444,39.75353714285715,2.3019097777777775,0.0928918000741102,0.1989371389472666,0.1319039536617325,0.0479838408637782,15.4832,69.8253,39.9828,2.41962,160,12,1,0,0,0,0,run_003
U000322,20278235,MODEL_A,BATCH_02,709735.0,50695.357142857145,9870.383131891573,37268.0,73173.0,14,1.825,4.0,0.0,4.0,14.0,15.280264864864868,69.3077,39.78012972972973,2.305528888888889,0.1066046726519583,0.1744903552948085,0.1489661442984517,0.0412775961257338,15.614,69.6555,40.1772,2.42142,164,12,1,0,0,0,0,run_003
U000323,20356006,MODEL_A,BATCH_01,722702.0,51621.57142857143,12083.026217443568,29861.0,77771.0,14,1.825,4.0,0.0,6.0,14.0,15.296522222222222,69.37626666666667,39.76408333333333,2.312968666666667,0.0980079387778971,0.2277311463107307,0.1552303403701366,0.0475107838763522,15.472,69.8521,40.0467,2.38542,162,12,1,0,0,0,0,run_003
U000324,20426083,MODEL_A,BATCH_01,738961.0,52782.92857142857,11897.115697410964,34457.0,70964.0,14,1.825,4.0,0.0,6.0,14.0,15.281177777777778,69.37326136363636,39.72764444444445,2.320026590909091,0.081623879948075,0.2216631786102167,0.1169979400171369,0.0419288788719262,15.4597,69.8816,40.0128,2.40668,160,12,1,0,0,0,0,run_003
U000325,20468228,MODEL_B,BATCH_01,680573.0,48612.357142857145,8209.126156129698,38299.0,65869.0,14,1.775,4.0,0.0,5.0,14.0,15.270076470588236,69.39775714285715,39.75336470588235,2.3186747619047616,0.08575727925221,0.2206569439173734,0.1521875793967373,0.0410576575097244,15.4394,69.7933,40.0571,2.38954,152,12,1,0,0,0,0,run_003
U000326,20538658,MODEL_A,BATCH_01,790975.0,56498.21428571428,14323.541951189049,39374.0,85231.0,14,1.8,4.0,0.0,6.0,14.0,15.2837225,69.42441276595744,39.7501475,2.3208993617021276,0.1112549382078879,0.2355080582181018,0.1303780439819695,0.05214663182271,15.4835,69.9495,40.0144,2.49076,174,12,1,0,0,0,0,run_003
U000327,20591508,MODEL_A,BATCH_01,731611.0,52257.92857142857,12131.154821458582,34318.0,78106.0,14,1.775,4.0,0.0,5.0,14.0,15.29004864864865,69.5309409090909,39.73498648648649,2.3338034090909088,0.0851759865142674,0.2156662422702467,0.1460462011415154,0.0557796737148553,15.4709,69.9458,40.0238,2.48868,162,12,1,0,0,0,0,run_003
U000328,20672368,MODEL_A,BATCH_01,761317.0,54379.78571428572,12446.63337971401,38333.0,80860.0,14,1.8,4.0,0.0,5.0,14.0,15.272744736842103,69.4897888888889,39.72665,2.3245073333333335,0.1046563093160589,0.1956371934593378,0.1469410522551045,0.0526496792876358,15.5273,69.941,39.9853,2.4402,166,12,1,0,0,0,0,run_003
U000329,20723549,MODEL_A,BATCH_02,712139.0,50867.07142857143,11277.325552181694,37000.0,81585.0,14,1.775,4.0,0.0,5.0,14.0,15.272242105263157,69.53704888888889,38.78102105263158,2.456464,0.0803990037304785,0.212641755523035,0.7362034182604199,0.1011069377711266,15.4158,70.0475,39.9704,2.66301,166,12,1,1,1,0,0,run_003
U000330,20776817,MODEL_B,BATCH_01,706097.0,50435.5,10567.875113904256,35978.0,70761.0,14,1.8,4.0,0.0,6.0,14.0,15.279865789473684,69.56071777777778,39.752936842105264,2.3259344444444445,0.0937914139916285,0.1867115717902987,0.1225044277656551,0.0488649538643149,15.4556,70.1325,40.0153,2.43432,166,12,1,0,0,0,0,run_003
U000331,20848637,MODEL_A,BATCH_01,719179.0,51369.92857142857,11243.20640321411,36383.0,72821.0,14,1.775,4.0,0.0,5.0,14.0,15.28615142857143,69.60233720930233,39.63541428571428,2.339467441860465,0.0963663456369936,0.2061832968885589,0.1366883469856901,0.0493017917231174,15.5265,70.1004,39.8915,2.46665,156,12,1,0,0,0,0,run_003
U000332,20914739,MODEL_A,BATCH_01,717834.0,51273.857142857145,9777.475612991184,39560.0,72210.0,14,1.8,4.0,0.0,6.0,14.0,15.292505555555556,69.59821162790698,39.68671111111112,2.3458900000000003,0.0969300010889874,0.1925198755469719,0.1575381709351337,0.0367652469181477,15.5043,69.9219,40.0244,2.40679,158,12,1,0,0,0,0,run_003
U000333,20974138,MODEL_A,BATCH_01,706586.0,50470.42857142857,11783.427278070772,34063.0,75911.0,14,1.825,4.0,0.0,5.0,14.0,15.297399999999998,69.62331219512195,39.67892352941176,2.339841463414634,0.0891704054724508,0.2127584841964255,0.2047647668243255,0.0466937352093927,15.4931,69.9885,40.059,2.44507,150,12,1,0,0,0,0,run_003
U000334,21030999,MODEL_A,BATCH_01,692398.0,49457.0,9497.57948110991,32969.0,68673.0,14,1.8,4.0,0.0,5.0,14.0,15.273867647058823,69.68205365853659,39.69201176470588,2.343069756097561,0.1011529526541837,0.2167114199777672,0.1253219702248331,0.0492434430400538,15.4437,70.1933,40.0322,2.47033,150,12,1,0,0,0,0,run_003
U000335,21088562,MODEL_B,BATCH_01,647702.0,46264.42857142857,7968.383773140194,31629.0,59384.0,14,1.775,4.0,0.0,4.0,14.0,15.3277875,69.64524871794872,39.690378125,2.3610110256410257,0.1060036023429273,0.225971278882718,0.1444455377539125,0.0482159255626991,15.5107,70.1094,39.9413,2.50719,142,12,1,0,0,0,0,run_003
U000336,21141510,MODEL_A,BATCH_02,686903.0,49064.5,9171.110223455458,39086.0,72970.0,14,1.75,4.0,0.0,5.0,14.0,15.272278787878788,69.76256904761905,39.61212121212122,2.3555319047619045,0.1096928431962854,0.2035226810493375,0.1554519756178246,0.0486879901672609,15.548,70.181,39.9239,2.45751,150,12,1,0,0,0,0,run_003
U000337,21197681,MODEL_A,BATCH_01,759331.0,54237.92857142857,15696.658848127694,36817.0,94896.0,14,1.75,4.0,0.0,6.0,14.0,15.31775945945946,69.71507045454545,39.6438945945946,2.356375,0.1102689753372267,0.2110664995831893,0.1546288853746038,0.0522732313326188,15.5692,70.1945,40.0998,2.44411,162,12,1,0,0,0,0,run_003
U000338,21261661,MODEL_A,BATCH_01,728025.0,52001.78571428572,9544.02966965028,36173.0,68696.0,14,1.825,4.0,0.0,6.0,14.0,15.32336216216216,69.77420666666667,39.661345945945946,2.3558184444444445,0.0862132702834834,0.1861904809108613,0.1475930772138051,0.0499486229201183,15.5052,70.1062,40.0654,2.47602,164,12,1,0,0,0,0,run_003
U000339,21337050,MODEL_A,BATCH_01,730439.0,52174.21428571428,11082.719120522524,36388.0,75389.0,14,1.85,4.0,0.0,4.0,14.0,15.306488888888888,69.81794545454545,39.18043055555555,2.4272897727272724,0.0923315942762136,0.1773402162636556,0.7869420500790022,0.1065583682937922,15.46,70.2096,39.9595,2.70586,160,12,1,0,0,0,1,run_003
U000340,21380679,MODEL_B,BATCH_01,682474.0,48748.142857142855,9564.741203279587,33380.0,66305.0,14,1.825,4.0,0.0,3.0,14.0,15.339667647058825,69.84528372093024,39.59235,2.376127441860465,0.0948513053873788,0.211147430924047,0.1488439985659186,0.0502471963251503,15.5659,70.4464,39.8442,2.47611,154,12,1,0,0,0,0,run_003
U000341,21438180,MODEL_A,BATCH_01,694116.0,49579.71428571428,10302.529371496566,36187.0,69708.0,14,1.775,4.0,0.0,4.0,14.0,15.319441666666668,69.81364545454545,39.598863888888886,2.3850256818181816,0.1094532003708825,0.212884979813093,0.1505898216116072,0.0469459773840908,15.622,70.1427,39.9933,2.51025,160,12,1,0,0,0,0,run_003
U000342,21499192,MODEL_A,BATCH_01,721436.0,51531.142857142855,10649.640910213056,34725.0,69659.0,14,1.75,4.0,0.0,4.0,14.0,15.333322857142855,69.81607209302325,39.14180857142857,2.4362793023255813,0.0875764609984235,0.1925019558658602,0.7581743813737218,0.0942705619959142,15.5326,70.1789,39.9082,2.62517,156,12,1,0,0,0,1,run_003
U000343,21555243,MODEL_A,BATCH_02,703192.0,50228.0,8361.592119281517,34305.0,65021.0,14,1.829268292682927,4.0,0.0,5.0,14.0,15.289713513513512,69.88774666666667,39.638264864864865,2.3894626666666667,0.1055323914523195,0.1925000739078976,0.1381435188012332,0.0490715249035898,15.4942,70.281,39.8698,2.52102,164,12,2,0,0,0,0,run_003
U000344,21592114,MODEL_A,BATCH_01,683426.0,48816.142857142855,7895.4224504031245,33278.0,57421.0,14,1.804878048780488,4.0,0.0,2.0,14.0,15.331444736842109,69.874775,39.57515263157895,2.392758181818182,0.1033728379227305,0.1789252307464631,0.151130431830654,0.0464042813919259,15.5144,70.2758,39.9385,2.48903,164,12,2,0,0,0,0,run_003
U000345,21665650,MODEL_B,BATCH_01,725185.0,51798.92857142857,14458.520003334132,31577.0,78432.0,14,1.775,4.0,0.0,3.0,14.0,15.300522222222222,69.92988636363636,39.559475,2.382949772727273,0.0894188765980847,0.2064678921948866,0.1908636272690166,0.0609274099728,15.447,70.4677,39.9941,2.52773,160,12,1,0,0,0,0,run_003
U000346,21717299,MODEL_A,BATCH_01,677967.0,48426.21428571428,6858.6846594840445,36142.0,60325.0,14,1.775,4.0,0.0,3.0,14.0,15.323542424242424,69.9437175,39.59428787878788,2.3868275,0.0787957923618985,0.1768979379617766,0.1337789869466994,0.0494078338930173,15.4635,70.2445,39.8462,2.49847,146,12,1,0,0,0,0,run_003
U000347,21766319,MODEL_A,BATCH_01,689677.0,49262.642857142855,8385.795229545505,36673.0,66152.0,14,1.7804878048780488,4.0,0.0,4.0,14.0,15.356605555555555,70.04535581395349,39.57161388888889,2.3916176744186046,0.1006430465824484,0.2096021870368512,0.1453305653679178,0.0506332296702852,15.5752,70.4209,39.7998,2.49569,158,12,2,0,0,0,0,run_003
U000348,21825772,MODEL_A,BATCH_01,710483.0,50748.78571428572,9586.101647526137,35761.0,63817.0,14,1.825,4.0,0.0,4.0,14.0,15.31355,70.02836279069767,39.570905555555555,2.3983760465116277,0.0972635697473622,0.1871027805439147,0.1536018209424147,0.0490359022087526,15.4979,70.4309,39.8993,2.51832,158,12,1,0,0,0,0,run_003
U000349,21897414,MODEL_A,BATCH_01,697725.0,49837.5,10743.8121278465,35683.0,71642.0,14,1.825,4.0,0.0,5.0,14.0,15.325028125,70.0588875,39.52890625,2.4130355000000003,0.0975502988020586,0.1802587615673493,0.1747975915857914,0.0470181646267885,15.5448,70.4722,39.8289,2.53097,144,12,1,0,0,0,0,run_003
U000350,21969951,MODEL_B,BATCH_02,701557.0,50111.21428571428,10407.711491438018,33903.0,72537.0,14,1.9,4.0,0.0,5.0,14.0,15.330858333333332,70.09320697674418,39.518058333333336,2.404097906976744,0.1089560524117081,0.2337758943083936,0.1474481862989743,0.0515812120446111,15.6728,70.6519,39.8307,2.51283,158,12,1,0,0,0,0,run_003
U000351,22032543,MODEL_A,BATCH_01,694109.0,49579.21428571428,9131.852555992982,35279.0,64220.0,14,1.85,4.0,0.0,2.0,14.0,15.337794444444446,70.05793953488372,39.56655277777778,2.4078444186046513,0.0877921602241645,0.1846965466709113,0.1453927989690805,0.0449230723042088,15.5599,70.4603,39.8998,2.48732,158,12,1,0,0,0,0,run_003
U000352,22108297,MODEL_A,BATCH_01,701298.0,50092.71428571428,10943.351472494587,32634.0,75754.0,14,1.875,4.0,0.0,4.0,14.0,15.345942857142855,70.15675714285715,39.560405714285714,2.4158185714285714,0.1116381662697268,0.1914770879025405,0.1549041011549466,0.0502355391434327,15.5747,70.5983,39.9383,2.50339,154,12,1,0,0,0,0,run_003
U000353,22167964,MODEL_A,BATCH_01,676687.0,48334.78571428572,8738.853728551072,32552.0,62173.0,14,1.825,4.0,0.0,3.0,14.0,15.338314285714286,70.15555348837209,39.52981714285714,2.4264746511627906,0.1079915387286189,0.2086468072272209,0.1225305975850016,0.0525849901791121,15.5536,70.7964,39.7557,2.53521,156,12,1,0,0,0,0,run_003
U000354,22223906,MODEL_A,BATCH_01,685719.0,48979.92857142857,7979.277203281834,36410.0,60069.0,14,1.8,4.0,0.0,4.0,14.0,15.337738888888888,70.16197272727273,39.53399722222222,2.4094568181818183,0.0890930790250215,0.2349023194947591,0.1582483463892138,0.0520562493075152,15.5302,70.6196,39.9271,2.51698,160,12,1,0,0,0,0,run_003
U000355,22279506,MODEL_B,BATCH_01,696879.0,49777.07142857143,12602.318483055076,30140.0,81013.0,14,1.875,4.0,0.0,5.0,14.0,15.369597142857142,70.21148333333333,39.53217428571429,2.4017757142857143,0.094053706452638,0.1954815042297738,0.1508185593643557,0.0535426414585178,15.5833,70.6711,39.8672,2.50894,154,12,1,0,0,0,0,run_003
U000356,22352557,MODEL_A,BATCH_01,687385.0,49098.92857142857,10422.276139000656,36791.0,73051.0,14,1.825,4.0,0.0,3.0,14.0,15.344818181818182,70.2602625,39.503190909090904,2.4368747500000003,0.1102548566236017,0.1645232735270366,0.1318908364037189,0.047376023795852,15.6129,70.6602,39.7866,2.54645,146,12,1,0,0,0,0,run_003
U000357,22411583,MODEL_A,BATCH_02,720470.0,51462.142857142855,10545.469511064512,34109.0,74346.0,14,1.825,4.0,0.0,4.0,14.0,15.342737837837836,70.26902222222223,39.49067837837838,2.4287117777777776,0.0964507051738273,0.207708381553749,0.1294908000488719,0.0456577818861985,15.6276,70.7227,39.7893,2.57227,164,12,1,0,0,0,0,run_003
U000358,22476365,MODEL_A,BATCH_01,694886.0,49634.71428571428,8150.829239819915,35893.0,64782.0,14,1.825,4.0,0.0,5.0,14.0,15.373505714285717,70.25861860465116,39.485,2.436810465116279,0.1045233971636107,0.2107590299210082,0.1404816253423317,0.0538240568427967,15.6385,70.8049,39.7524,2.5758,156,12,1,0,0,0,0,run_003
U000359,22529918,MODEL_A,BATCH_01,686230.0,49016.42857142857,9538.214739540226,35174.0,71676.0,14,1.8,4.0,0.0,5.0,14.0,15.35355294117647,70.29695952380952,39.50586470588235,2.4330166666666666,0.0823921636288968,0.2086603086820286,0.1257525417114119,0.0500878689206094,15.498,70.7289,39.7669,2.55019,152,12,1,0,0,0,0,run_003
U000360,22580731,MODEL_B,BATCH_01,739340.0,52810.0,7607.983044145143,39239.0,68200.0,14,1.7804878048780488,4.0,0.0,5.0,14.0,15.378655263157896,70.34078695652174,39.52496578947368,2.45141,0.1075118288837511,0.2390788299645077,0.1381764779847807,0.0462693754250283,15.6185,71.105,39.7857,2.53764,168,12,2,0,0,0,0,run_003
U000361,22633360,MODEL_A,BATCH_01,726290.0,51877.857142857145,14529.93218713141,34968.0,92084.0,14,1.8,4.0,0.0,5.0,14.0,15.380497297297296,70.36943181818182,38.76193783783784,2.515394090909091,0.1077105882716546,0.2133323357479739,0.7966175268496675,0.0992060785205898,15.5942,70.9362,39.7433,2.68467,162,12,1,0,0,0,1,run_003
U000362,22693063,MODEL_A,BATCH_01,708056.0,50575.42857142857,10850.283028667862,33996.0,76873.0,14,1.825,4.0,0.0,5.0,14.0,15.339685714285714,70.37449285714285,39.46651142857143,2.437274761904762,0.0892832213433487,0.2104653779451333,0.150831648986989,0.0467918980499045,15.6023,70.8985,39.8445,2.53928,154,12,1,0,0,0,0,run_003
U000363,22763501,MODEL_A,BATCH_01,743187.0,53084.78571428572,11188.422843268849,36864.0,70636.0,14,1.85,4.0,0.0,4.0,14.0,15.361847368421053,70.34174222222222,39.47784473684211,2.463468888888889,0.1224220982013574,0.20976307466985,0.1523712565952492,0.0442687144926107,15.5883,70.9238,39.8512,2.57857,166,12,1,0,0,0,0,run_003
U000364,22839680,MODEL_A,BATCH_02,713859.0,50989.92857142857,12034.10795303394,28774.0,76179.0,14,1.85,4.0,0.0,3.0,14.0,15.346842857142857,70.48375227272727,39.43706,2.4533354545454547,0.0844134338546063,0.1653121887888391,0.1728510582928015,0.0572940378591628,15.4941,70.8053,39.8293,2.56415,158,12,1,0,0,0,0,run_003
U000365,22894421,MODEL_B,BATCH_01,683686.0,48834.71428571428,6893.131324046384,36592.0,56937.0,14,1.9,4.0,0.0,4.0,14.0,15.39039696969697,70.492345,39.45961515151515,2.4476424999999997,0.105267016097305,0.213159747426845,0.1484864558663774,0.0493162016728365,15.6219,70.9125,39.7473,2.54912,146,12,1,0,0,0,0,run_003
U000366,22969359,MODEL_A,BATCH_01,714090.0,51006.42857142857,10629.87252050549,35768.0,74938.0,14,1.85,4.0,0.0,3.0,14.0,15.3609,70.54872857142857,39.500542857142854,2.4685466666666667,0.1142132087756208,0.1905339727542578,0.1518865894357356,0.0529305616300407,15.6459,70.8751,39.7637,2.59959,154,12,1,0,0,0,0,run_003
U000367,23026575,MODEL_A,BATCH_01,707084.0,50506.0,10955.893784415062,34242.0,68194.0,14,1.85,4.0,0.0,5.0,14.0,15.381205714285716,70.54023023255813,39.47357142857143,2.461214418604651,0.0882733053475098,0.1872230825396781,0.1286885537471988,0.0453225520076624,15.5652,71.0747,39.7277,2.56932,156,12,1,0,0,0,0,run_003
U000368,23082243,MODEL_A,BATCH_01,735976.0,52569.71428571428,7742.349607874178,35180.0,67592.0,14,1.902439024390244,4.0,0.0,6.0,14.0,15.38937837837838,70.52956818181818,39.46036216216216,2.4631070454545454,0.077508046661603,0.1989460284093986,0.1436819604221467,0.061460155161397,15.5558,71.0326,39.6792,2.59124,162,12,2,0,0,0,0,run_003
U000369,23146719,MODEL_A,BATCH_01,734512.0,52465.142857142855,9817.236324696732,38770.0,67348.0,14,1.925,4.0,0.0,3.0,14.0,15.36986842105263,70.55043191489362,39.417394736842105,2.4829323404255317,0.1005621203878429,0.2139171752626271,0.1459868097473166,0.0427251993768856,15.6117,71.0404,39.7385,2.58462,170,12,1,0,0,0,0,run_003
U000370,23197083,MODEL_B,BATCH_01,667723.0,47694.5,6569.662276181091,34718.0,56656.0,14,1.853658536585366,4.0,0.0,2.0,14.0,15.401191428571428,70.64022222222222,39.401877142857145,2.4759682222222223,0.1104663573258408,0.1796530012512599,0.1358250650127378,0.0426982031391618,15.6241,70.9388,39.6107,2.55925,160,12,2,0,0,0,0,run_003
U000371,23253120,MODEL_A,BATCH_02,727316.0,51951.142857142855,11891.673343188457,31808.0,75870.0,14,1.825,4.0,0.0,4.0,14.0,15.378466666666668,70.62478139534883,37.86973888888889,2.6619341860465116,0.0841356014334684,0.14839192998179,0.164010916496918,0.0519277924132824,15.5548,70.9758,38.1478,2.80753,158,12,1,0,0,0,1,run_003
U000372,23303590,MODEL_A,BATCH_01,708488.0,50606.28571428572,9212.254901685385,37219.0,70484.0,14,1.825,4.0,0.0,4.0,14.0,15.4161375,70.64581063829787,39.437445,2.4790993617021275,0.1077595321204603,0.1940011690171449,0.1623771329580963,0.047517807938949,15.6491,71.0467,39.7288,2.59065,174,12,1,0,0,0,0,run_003
U000373,23357665,MODEL_A,BATCH_01,702257.0,50161.21428571428,8072.144050122871,37908.0,62170.0,14,1.825,4.0,0.0,4.0,14.0,15.394482857142858,70.65196363636363,39.38498857142857,2.500578181818182,0.1036466976452847,0.2059522027309376,0.1298457450693132,0.0549033653508588,15.628,71.0227,39.6821,2.60762,158,12,1,0,0,0,0,run_003
U000374,23433398,MODEL_A,BATCH_01,740190.0,52870.71428571428,13171.498497943152,36961.0,75733.0,14,1.8,4.0,0.0,4.0,14.0,15.392113513513513,70.67521590909091,39.38269459459459,2.489763409090909,0.0857130230029972,0.2081597116518184,0.1283475770146271,0.0486869563231754,15.5335,71.0238,39.6634,2.6139,162,12,1,0,0,0,0,run_003
U000375,23482756,MODEL_B,BATCH_01,737987.0,52713.357142857145,12592.790114293071,33815.0,75573.0,14,1.853658536585366,4.0,0.0,5.0,14.0,15.390418421052631,70.67977333333334,39.41247894736842,2.498524222222222,0.1128723552089374,0.1973301898295907,0.1224810700385207,0.0537056813267244,15.6017,71.1091,39.6408,2.65419,166,12,2,0,0,0,0,run_003
U000376,23531806,MODEL_A,BATCH_01,680530.0,48609.28571428572,8925.08661822714,38155.0,73546.0,14,1.804878048780488,4.0,0.0,2.0,14.0,15.373011111111111,70.69969999999999,39.40273055555556,2.4999581818181817,0.102518903560765,0.1587716452923399,0.145877122106135,0.046372721997469,15.5261,71.1223,39.891,2.57259,160,12,2,0,0,0,0,run_003
U000377,23580802,MODEL_A,BATCH_01,714778.0,51055.57142857143,11980.355534176551,36417.0,73413.0,14,1.875,4.0,0.0,4.0,14.0,15.374676315789474,70.8241152173913,39.38836315789474,2.503939347826087,0.0962157301130893,0.1686987939987081,0.1537731945520125,0.0465435144737182,15.5641,71.3476,39.6456,2.63804,168,12,1,0,0,0,0,run_003
U000378,23646045,MODEL_A,BATCH_02,672312.0,48022.28571428572,8704.542619792277,35596.0,65243.0,14,1.825,4.0,0.0,2.0,14.0,15.407111764705885,70.89107073170732,39.384326470588235,2.50404512195122,0.0943111927054191,0.1979569766943084,0.178811097731696,0.0548894575087944,15.5662,71.2957,39.7971,2.60775,150,12,1,0,0,0,0,run_003
U000379,23705093,MODEL_A,BATCH_01,734865.0,52490.357142857145,11327.21340983157,36504.0,77027.0,14,1.775,4.0,0.0,5.0,14.0,15.395415789473684,70.8212,39.36904736842105,2.5130895652173915,0.1118005548657018,0.2127547790297536,0.1689933498401196,0.059887949184995,15.586,71.2863,39.7732,2.61093,168,12,1,0,0,0,0,run_003
U000380,23765202,MODEL_B,BATCH_01,707120.0,50508.57142857143,10311.514547520954,33689.0,66681.0,14,1.825,4.0,0.0,5.0,14.0,15.391457575757576,70.8763487804878,39.36972121212121,2.51217756097561,0.104007983558664,0.1960089922962087,0.164421052023409,0.0496500101097919,15.5999,71.3097,39.7041,2.59166,148,12,1,0,0,0,0,run_003
U000381,23832608,MODEL_A,BATCH_01,716681.0,51191.5,9567.41812893354,38230.0,67406.0,14,1.825,4.0,0.0,4.0,14.0,15.42716216216216,70.83942954545455,39.36400810810811,2.49304,0.1116207177885887,0.2041532308461101,0.1427350155170569,0.0521829745914249,15.6971,71.2411,39.6221,2.59256,162,12,1,0,0,0,0,run_003
U000382,23896799,MODEL_A,BATCH_01,700023.0,50001.642857142855,9227.666890782995,31354.0,64191.0,14,1.85,4.0,0.0,4.0,14.0,15.393513157894736,70.9275711111111,39.38198947368421,2.521655333333334,0.1088006462894474,0.1961247105823487,0.1442257704405662,0.0456782190784823,15.6016,71.4552,39.7598,2.61279,166,12,1,0,0,0,0,run_003
U000383,23961501,MODEL_A,BATCH_01,709220.0,50658.57142857143,9892.820797965527,35644.0,64702.0,14,1.8,4.0,0.0,4.0,14.0,15.397766666666667,70.95289318181818,39.339597222222224,2.52548,0.118481569392519,0.2275241028864675,0.1715985023013418,0.0484836249508232,15.6259,71.4026,39.7083,2.63366,160,12,1,0,0,0,0,run_003
U000384,24029129,MODEL_A,BATCH_01,716117.0,51151.21428571428,10766.542414625694,34522.0,70395.0,14,1.825,4.0,0.0,5.0,14.0,15.39121142857143,70.96322325581396,38.62743428571429,2.62892023255814,0.1156802763487987,0.1534992614178131,0.7640779953038547,0.1073091546817702,15.5914,71.2117,39.5439,2.81694,156,12,1,0,0,0,1,run_003
U000385,24077472,MODEL_B,BATCH_02,666616.0,47615.42857142857,10154.734604071193,35990.0,69180.0,14,1.8,4.0,0.0,5.0,14.0,15.412860606060605,70.97078780487804,39.309333333333335,2.5242063414634144,0.1039799287705142,0.1510615308328432,0.1426729272380228,0.0304399094739206,15.7258,71.3079,39.634,2.61736,148,12,1,0,0,0,0,run_003
U000386,24135798,MODEL_A,BATCH_01,701473.0,50105.21428571428,9793.674404183796,32535.0,67173.0,14,1.825,4.0,0.0,5.0,14.0,15.436322222222222,71.01791818181817,39.344122222222225,2.5280754545454545,0.0843431565895665,0.182082375010985,0.1488755244416561,0.0585693255876194,15.5949,71.3849,39.6167,2.64945,160,12,1,0,0,0,0,run_003
U000387,24188246,MODEL_A,BATCH_01,686088.0,49006.28571428572,9133.70294297715,33669.0,62342.0,14,1.7804878048780488,4.0,0.0,4.0,14.0,15.445191891891891,71.02674666666667,39.260372972972974,2.5449740000000003,0.0963150916361337,0.1788379009555356,0.1133977528893776,0.054169457613879,15.649,71.3605,39.5445,2.66984,164,12,2,0,0,0,0,run_003
U000388,24246761,MODEL_A,BATCH_01,736187.0,52584.78571428572,9591.229456592671,35517.0,66433.0,14,1.875,4.0,0.0,6.0,14.0,15.424515789473686,71.07097608695652,39.300734210526315,2.539868043478261,0.1091824422235574,0.2414420438253656,0.1467187459721161,0.043021426941548,15.7222,71.5584,39.5764,2.65868,168,12,1,0,0,0,0,run_003
U000389,24298157,MODEL_A,BATCH_01,689392.0,49242.28571428572,10817.172696359115,31994.0,72612.0,14,1.875,4.0,0.0,4.0,14.0,15.399242105263156,71.11978444444445,39.23941315789474,2.5471571111111113,0.1042846640317014,0.1765272718507556,0.1416454465378014,0.0462631277497741,15.6479,71.5066,39.4953,2.64895,166,12,1,0,0,0,0,run_003
U000390,24392646,MODEL_B,BATCH_01,726602.0,51900.142857142855,10792.28852081353,34443.0,71603.0,14,1.95,4.0,0.0,5.0,14.0,15.44254871794872,71.13993043478261,39.31686666666667,2.549170652173913,0.1007736804397145,0.2099457949827003,0.1596339387034137,0.0477793920431147,15.6233,71.5234,39.5991,2.65148,170,12,1,0,0,0,0,run_003
U000391,24465647,MODEL_A,BATCH_01,696156.0,49725.42857142857,10555.35769691819,35879.0,73001.0,14,1.925,4.0,0.0,1.0,14.0,15.428183333333331,71.12146136363637,39.248105555555554,2.556137272727273,0.1045050169677445,0.1656251219792914,0.1888197325409228,0.0534976738187457,15.6636,71.5077,39.7439,2.69473,160,12,1,0,0,0,0,run_003
U000392,24521912,MODEL_A,BATCH_02,692280.0,49448.57142857143,8090.147062600623,34220.0,64661.0,14,1.875,4.0,0.0,3.0,14.0,15.47571111111111,71.17557142857143,37.77951111111111,2.732285238095238,0.0855124077138277,0.2055118610139554,0.1365916098192554,0.0585957122895729,15.6485,71.5949,38.0391,2.81587,156,12,1,1,1,0,1,run_003
U000393,24581499,MODEL_A,BATCH_01,692878.0,49491.28571428572,11380.005072518616,33688.0,70044.0,14,1.825,4.0,0.0,4.0,14.0,15.42393157894737,71.25112222222222,39.240776315789475,2.561459111111111,0.1136196240788443,0.1989511770726337,0.1614052436172406,0.0475957685677578,15.6822,71.6317,39.5912,2.65115,166,12,1,0,0,0,0,run_003
U000394,24633477,MODEL_A,BATCH_01,761333.0,54380.92857142857,10600.465965551382,34076.0,69425.0,14,1.875,4.0,0.0,5.0,14.0,15.4528425,71.22558367346939,39.2149625,2.5592944897959184,0.0760424135614882,0.1917916038600858,0.1358480310201502,0.0511025509009915,15.6167,71.6593,39.4929,2.69258,178,12,1,0,0,0,0,run_003
U000395,24706244,MODEL_B,BATCH_01,731725.0,52266.07142857143,10724.222793888935,36953.0,67374.0,14,1.875,4.0,0.0,4.0,14.0,15.435997297297297,71.27765777777778,39.20560810810811,2.5670062222222225,0.1175119650798886,0.1835314371001311,0.1442591945430529,0.0535087537141392,15.8503,71.6647,39.614,2.68624,164,12,1,0,0,0,0,run_003
U000396,24784730,MODEL_A,BATCH_01,715146.0,51081.857142857145,13341.625179848234,33709.0,80252.0,14,1.8,4.0,0.0,3.0,14.0,15.474531578947367,71.24935909090908,39.22074736842105,2.577408636363636,0.1015424344933926,0.1860810992466142,0.1499850023796828,0.0430264251194817,15.6208,71.5927,39.5007,2.6698,164,12,1,0,0,0,0,run_003
U000397,24841687,MODEL_A,BATCH_01,736069.0,52576.357142857145,10753.507761206558,36452.0,73212.0,14,1.875,4.0,0.0,5.0,14.0,15.441956756756756,71.33102978723404,39.18992432432432,2.584332340425532,0.103058407227651,0.1783172379617348,0.1405352178190484,0.0493083128723379,15.7255,71.8756,39.4904,2.72918,168,12,1,0,0,0,0,run_003
U000398,24904429,MODEL_A,BATCH_01,696416.0,49744.0,10883.20840702636,33172.0,69725.0,14,1.825,4.0,0.0,3.0,14.0,15.428344444444445,71.3538311111111,38.35180555555556,2.7111446666666668,0.0801384674688374,0.1998704191836436,0.7610898688983359,0.1116767057911525,15.5706,72.072,39.4665,2.86506,162,12,1,1,1,0,1,run_003
U000399,24966298,MODEL_A,BATCH_02,715016.0,51072.57142857143,9313.69653718722,36664.0,64561.0,14,1.825,4.0,0.0,4.0,14.0,15.460402702702703,71.38046444444444,39.19311891891892,2.5702273333333334,0.0951046017302542,0.1706944707465165,0.1516644978559888,0.0506445468840517,15.6753,71.6875,39.5062,2.6764,164,12,1,0,0,0,0,run_003
U000400,25041008,MODEL_B,BATCH_01,720504.0,51464.57142857143,12834.720330262127,33284.0,74710.0,14,1.825,4.0,0.0,4.0,14.0,15.443186842105264,71.38503913043478,39.22385263157895,2.583121304347826,0.0802036905906003,0.2057287939424274,0.1528771804102386,0.0461164439512124,15.5809,71.782,39.5228,2.6672,168,12,1,1,1,0,0,run_003
U000401,25097355,MODEL_A,BATCH_01,699175.0,49941.07142857143,8222.714491570901,33778.0,61081.0,14,1.9,4.0,0.0,4.0,14.0,15.479794285714288,71.4693465116279,39.178131428571426,2.603496976744186,0.091734136127684,0.2237076390853904,0.1714271063943005,0.0493404408426501,15.677,71.9156,39.4881,2.69879,156,12,1,0,0,0,1,run_003
U000402,25149157,MODEL_A,BATCH_01,674450.0,48175.0,7610.028070301004,35780.0,60678.0,14,1.875,4.0,0.0,2.0,14.0,15.487505714285712,71.45708571428571,39.182188571428576,2.6056330952380953,0.1153044000559776,0.2294981795681356,0.143995320127036,0.0500420046725672,15.663,72.0138,39.489,2.71183,154,12,1,0,0,0,0,run_003
U000403,25200051,MODEL_A,BATCH_01,707188.0,50513.42857142857,10940.168039169908,32128.0,71494.0,14,1.875,4.0,0.0,3.0,14.0,15.475294594594596,71.43876888888889,39.17118108108108,2.602041777777778,0.1001528164188934,0.2008644667682687,0.1411627780610371,0.0542069173415788,15.7351,71.9501,39.5271,2.71465,164,12,1,0,0,0,0,run_003
U000404,25258228,MODEL_A,BATCH_01,729242.0,52088.71428571428,10909.532405043918,36368.0,72610.0,14,1.85,4.0,0.0,3.0,14.0,15.441202777777775,71.51424883720931,39.19489444444445,2.5962676744186046,0.0936205944562905,0.1849589032500805,0.1449006180494436,0.0488344558218404,15.6218,71.9203,39.4572,2.69936,158,12,1,0,0,0,0,run_003
U000405,25314765,MODEL_B,BATCH_01,698852.0,49918.0,9955.965641069371,35009.0,65759.0,14,1.7804878048780488,4.0,0.0,4.0,14.0,15.492686486486487,71.49584090909092,39.18118648648649,2.598596590909091,0.1057542701059663,0.1920811581357786,0.1364512614700095,0.0550672907574325,15.7512,71.8659,39.4097,2.72189,162,12,2,0,0,0,0,run_003
U000406,25366656,MODEL_A,BATCH_02,693339.0,49524.21428571428,10566.13669431061,34644.0,65361.0,14,1.829268292682927,4.0,0.0,5.0,14.0,15.492605714285716,71.54420952380953,39.19092,2.609515476190476,0.1057089120369405,0.1986425676011602,0.1610501087531812,0.0471895426717889,15.7424,71.888,39.6097,2.70959,154,12,2,0,0,0,0,run_003
U000407,25445442,MODEL_A,BATCH_01,733035.0,52359.642857142855,9455.50144793327,37863.0,65676.0,14,1.9,4.0,0.0,5.0,14.0,15.45440512820513,71.54007021276595,39.16816666666667,2.6195712765957446,0.0835105317931688,0.169052011439362,0.1559422587696348,0.0569838178638012,15.6229,71.9061,39.4323,2.73012,172,12,1,0,0,0,0,run_003
U000408,25506026,MODEL_A,BATCH_01,699054.0,49932.42857142857,8130.059453981547,34323.0,60584.0,14,1.9,4.0,0.0,4.0,14.0,15.468625714285713,71.56202727272726,39.183017142857146,2.6036536363636364,0.1320895915720869,0.2074516972231403,0.1717239294122221,0.0549766311069049,15.8361,71.9089,39.5596,2.7399,158,12,1,0,0,0,0,run_003
U000409,25572312,MODEL_A,BATCH_01,710921.0,50780.07142857143,12100.36822366789,28368.0,66286.0,14,1.925,4.0,0.0,3.0,14.0,15.483202857142857,71.57413953488373,39.14888,2.6258248837209304,0.0705324142659593,0.2105541669245758,0.1572306264134098,0.0477421269187312,15.6091,72.0583,39.4902,2.71916,156,12,1,0,0,0,0,run_003
U000410,25628724,MODEL_B,BATCH_01,672079.0,48005.642857142855,6358.72381496044,37243.0,58921.0,14,1.925,4.0,0.0,3.0,14.0,15.48671176470588,71.61418809523809,39.163464705882355,2.6192892857142858,0.0875334698400902,0.1814756749168532,0.128975508321853,0.0533170571888792,15.6479,71.9957,39.4519,2.72414,152,12,1,0,0,0,0,run_003
U000411,25688301,MODEL_A,BATCH_01,686136.0,49009.71428571428,7190.6409838234695,37600.0,60829.0,14,1.925,4.0,0.0,4.0,14.0,15.47385588235294,71.69644146341463,39.13587058823529,2.62642243902439,0.1053308674179418,0.2243411865614625,0.1802984924547676,0.0516995384302648,15.7142,72.1313,39.4352,2.74166,150,12,1,0,0,0,0,run_003
U000412,25763613,MODEL_A,BATCH_01,744361.0,53168.642857142855,10102.204912463743,39184.0,75312.0,14,1.85,4.0,0.0,3.0,14.0,15.485622222222222,71.67452826086956,39.10618611111111,2.636641304347826,0.1207843677470867,0.1829607762008546,0.1673382206410147,0.0514013224044629,15.6697,72.017,39.498,2.74046,164,12,1,0,0,0,0,run_003
U000413,25848560,MODEL_A,BATCH_02,758335.0,54166.78571428572,12984.48026375258,39688.0,84947.0,14,1.85,4.0,0.0,6.0,14.0,15.485981081081082,71.7501,39.16748378378378,2.636150909090909,0.1043979295182027,0.2041094029487455,0.1373419344262767,0.0424243415110087,15.7285,72.208,39.4095,2.73041,162,12,1,0,0,0,0,run_003
U000414,25903645,MODEL_A,BATCH_01,734726.0,52480.42857142857,11236.027930205211,34868.0,67748.0,14,1.95,4.0,0.0,6.0,14.0,15.518131578947369,71.78780425531914,38.90772368421053,2.6696587234042553,0.1071474435135696,0.2281474113064776,0.5488983081292391,0.0834153161730381,15.7147,72.2729,39.4274,2.86991,170,12,1,0,0,0,0,run_003
U000415,25962006,MODEL_B,BATCH_01,718305.0,51307.5,10628.898052370823,34104.0,71370.0,14,1.9,4.0,0.0,3.0,14.0,15.504827027027028,71.75024222222223,39.09744864864865,2.649411111111111,0.0870333066789459,0.1915894278361538,0.1420409362387028,0.0430872932240322,15.699,72.0944,39.3487,2.76521,164,12,1,0,0,0,1,run_003
U000416,26021445,MODEL_A,BATCH_01,723295.0,51663.92857142857,11750.76689781621,32418.0,73869.0,14,1.9,4.0,0.0,4.0,14.0,15.494294444444442,71.7926261904762,39.08973888888889,2.632569523809524,0.0915443528552283,0.1617488041340399,0.1782651240272317,0.0498755583599715,15.6858,72.1204,39.5143,2.7362,156,12,1,0,0,0,0,run_003
U000417,26074357,MODEL_A,BATCH_01,688974.0,49212.42857142857,7763.185475387969,38144.0,61591.0,14,1.875,4.0,0.0,5.0,14.0,15.50216,71.81123720930233,39.035042857142855,2.658542093023256,0.10053112541134,0.1988027534340991,0.1483272897141651,0.0553092110884728,15.651,72.226,39.2888,2.77405,156,12,1,0,0,0,0,run_003
U000418,26124777,MODEL_A,BATCH_01,708069.0,50576.357142857145,9536.09242346105,38253.0,68418.0,14,1.825,4.0,0.0,5.0,14.0,15.490127027027023,71.87214,39.0507027027027,2.6529835555555557,0.0879840536329947,0.2038074809047205,0.1574318062006645,0.0518739252311687,15.6895,72.5155,39.3463,2.75322,164,12,1,0,0,0,0,run_003
U000419,26170806,MODEL_A,BATCH_01,719999.0,51428.5,11763.284952963411,35932.0,70636.0,14,1.9268292682926829,4.0,0.0,6.0,14.0,15.505323684210529,71.84447111111112,39.08452894736842,2.6529975555555554,0.1037488350549004,0.211504095836357,0.1433440199600979,0.0493026282332603,15.72,72.3784,39.3748,2.76471,166,12,2,0,0,0,0,run_003
U000420,26230202,MODEL_B,BATCH_02,689363.0,49240.21428571428,8650.932401313046,35419.0,67614.0,14,1.925,4.0,0.0,3.0,14.0,15.507789189189188,71.84215999999999,39.052908108108106,2.668064444444445,0.089590444008598,0.1712556600259086,0.1374880406483461,0.0492356414489432,15.6515,72.1983,39.3287,2.77272,164,12,1,0,0,0,0,run_003
U000421,26302107,MODEL_A,BATCH_01,716685.0,51191.78571428572,9289.723753271024,36407.0,67186.0,14,1.9,4.0,0.0,5.0,14.0,15.519888571428572,71.9192511627907,39.079925714285714,2.654896046511628,0.0906926638560742,0.1892950070683261,0.1390524284172677,0.0508615015853994,15.6693,72.2578,39.3013,2.75631,156,12,1,0,0,0,0,run_003
U000422,26370240,MODEL_A,BATCH_01,713406.0,50957.57142857143,10537.996370017669,37514.0,68133.0,14,1.875,4.0,0.0,5.0,14.0,15.509413513513511,71.9803976744186,39.06104864864865,2.6645397674418603,0.1096054341773308,0.2242665670350833,0.1729364392255497,0.0472753277286301,15.767,72.5458,39.6275,2.76079,160,12,1,0,0,0,0,run_003
U000423,26430893,MODEL_A,BATCH_01,695057.0,49646.92857142857,8342.483004886086,38070.0,62272.0,14,1.925,4.0,0.0,5.0,14.0,15.527275,71.99272954545455,39.031527777777775,2.6578245454545453,0.0950443817382175,0.2004906639124831,0.1540889327834709,0.0512742055579853,15.756,72.425,39.3087,2.75126,160,12,1,0,0,0,0,run_003
U000424,26502173,MODEL_A,BATCH_01,711312.0,50808.0,11041.155868978434,34838.0,71280.0,14,1.825,4.0,0.0,4.0,14.0,15.520154054054052,71.98560909090908,39.05413243243243,2.6641161363636363,0.0859360634250662,0.1851387824110411,0.1486028114995994,0.0616738079122699,15.7167,72.3008,39.3148,2.81309,162,12,1,0,0,0,0,run_003
U000425,26568829,MODEL_B,BATCH_01,719948.0,51424.857142857145,9812.839155194297,37138.0,66656.0,14,1.875,4.0,0.0,6.0,14.0,15.495619444444444,72.030825,39.03525277777778,2.678879318181818,0.1004937832318693,0.188946987920386,0.1390865947861485,0.0571221909145048,15.6862,72.3938,39.3043,2.782,160,12,1,0,0,0,0,run_003
U000426,26633869,MODEL_A,BATCH_01,699020.0,49930.0,11073.40043666665,35749.0,69103.0,14,1.875,4.0,0.0,3.0,14.0,15.55778,71.9784119047619,39.01862571428572,2.675644523809524,0.1006687485825488,0.1968929351287154,0.1715573688009795,0.0455249208194959,15.8031,72.3853,39.3046,2.77304,154,12,1,0,0,0,0,run_003
U000427,26695906,MODEL_A,BATCH_02,733529.0,52394.92857142857,10215.924171939278,35457.0,71122.0,14,1.875,4.0,0.0,5.0,14.0,15.511415789473684,72.08686086956523,39.01628684210526,2.6880317391304347,0.0893967939636626,0.1944253784054854,0.1571253762962706,0.0438996363085085,15.6826,72.5022,39.4292,2.78076,168,12,1,0,0,0,0,run_003
U000428,26761453,MODEL_A,BATCH_01,723347.0,51667.642857142855,8605.24599037965,34771.0,65547.0,14,1.85,4.0,0.0,4.0,14.0,15.527208108108107,72.08347777777777,38.998983783783785,2.687494,0.1046831339975243,0.1816427674021049,0.1655327367983513,0.0579037883985935,15.7094,72.4781,39.3113,2.80389,164,12,1,0,0,0,0,run_003
U000429,26829876,MODEL_A,BATCH_01,743997.0,53142.642857142855,12426.380682348234,34656.0,69561.0,14,1.825,4.0,0.0,4.0,14.0,15.525222857142856,72.17279302325582,38.979014285714285,2.6842702325581396,0.0976903544089072,0.2154763840726484,0.1574713832879533,0.0598055769611741,15.7108,72.8974,39.2512,2.77459,156,12,1,0,0,0,0,run_003
U000430,26883579,MODEL_B,BATCH_01,690361.0,49311.5,9863.11530400005,31530.0,72412.0,14,1.875,4.0,0.0,5.0,14.0,15.531539999999998,72.14040697674419,38.97723142857143,2.6880462790697672,0.0937235082570003,0.2125224563992584,0.1488827623479958,0.046116659629128,15.7153,72.714,39.3701,2.78731,156,12,1,0,0,0,0,run_003
U000001,711362,MODEL_A,BATCH_01,711362.0,50811.57142857143,9265.353509087045,36202.0,63526.0,14,0.525,1.0,0.0,0.0,14.0,14.505208333333334,60.959886363636365,41.973308333333335,1.1572311363636365,0.1158108861771765,0.1877503148864414,0.1453209440710961,0.0494627667445674,14.6988,61.306,42.1826,1.26517,160,12,1,0,0,0,0,run_004
U000002,779100,MODEL_A,BATCH_01,700638.0,50045.57142857143,8956.854003965436,35858.0,67738.0,14,0.5,1.0,0.0,4.0,14.0,14.470954054054054,61.013637777777774,42.01729189189189,1.1601924444444445,0.0966525811421581,0.1785748522569341,0.1357850678633511,0.049231881584431,14.6776,61.445,42.2932,1.28262,164,12,1,0,0,0,0,run_004
U000003,853996,MODEL_A,BATCH_01,714117.0,51008.357142857145,10843.93207571116,36059.0,74896.0,14,0.475,1.0,0.0,5.0,14.0,14.518408571428573,61.08675,41.95905714285714,1.162703181818182,0.1011361294942402,0.2227316839231803,0.1731522762088402,0.0410880257423988,14.7741,61.608,42.3515,1.26809,158,12,1,0,0,0,0,run_004
U000004,910916,MODEL_A,BATCH_01,733564.0,52397.42857142857,11138.808655495266,36298.0,80048.0,14,0.575,1.0,0.0,6.0,14.0,14.49974,61.0450465116279,41.99934,1.154020465116279,0.1122120241014357,0.1943644090347976,0.1540965648355521,0.0530918053919672,14.7418,61.6569,42.3112,1.26795,156,12,1,0,0,0,0,run_004
U000005,961910,MODEL_B,BATCH_01,687498.0,49107.0,6652.391391880759,35996.0,59622.0,14,0.525,1.0,0.0,2.0,14.0,14.525981081081085,61.12499333333333,41.99218378378379,1.15981,0.1053168337231296,0.2243514120546361,0.1528879555489982,0.0530647375210865,14.7709,61.5784,42.3126,1.27546,164,12,1,0,0,0,0,run_004
U000006,1013289,MODEL_A,BATCH_01,711462.0,50818.71428571428,8412.189072352749,35921.0,65756.0,14,0.525,2.0,0.0,4.0,14.0,14.531348648648647,61.13341777777778,41.95008108108108,1.172722,0.0794440250939181,0.1968948811478402,0.1443253670585193,0.0483385175140337,14.7053,61.4921,42.2863,1.25935,164,12,1,0,0,0,0,run_004
U000007,1103710,MODEL_A,BATCH_02,725632.0,51830.857142857145,10977.606898080803,36283.0,74918.0,14,0.575,2.0,0.0,6.0,14.0,14.523637142857142,61.17131707317073,41.95728571428572,1.1779546341463414,0.0911650832466101,0.2576335914651254,0.1483751646866751,0.0612149334761364,14.7234,61.6404,42.2738,1.28976,152,12,1,0,0,0,0,run_004
U000008,1171893,MODEL_A,BATCH_01,714545.0,51038.92857142857,10098.2825460135,36886.0,68183.0,14,0.6,2.0,0.0,4.0,14.0,14.536458333333334,61.212039534883715,41.94959444444444,1.1692532558139537,0.0954997423332348,0.2543687978202914,0.1540323304549949,0.0551238747308075,14.6968,61.7651,42.2722,1.28664,158,12,1,0,0,0,0,run_004
U000009,1224254,MODEL_A,BATCH_01,700775.0,50055.357142857145,8755.696357731418,38547.0,72123.0,14,0.65,2.0,0.0,4.0,14.0,14.518352941176472,61.21646976744186,41.92394411764706,1.1626804651162792,0.1136636218430562,0.2525827884409611,0.1750400234598771,0.048346639315591,14.7306,61.7086,42.2715,1.29149,154,12,1,0,0,0,0,run_004
U000010,1283115,MODEL_B,BATCH_01,663147.0,47367.642857142855,8410.909185348266,35114.0,64041.0,14,0.625,2.0,0.0,3.0,14.0,14.517552777777777,61.20667674418605,41.92103888888889,1.1847202325581396,0.0866651667910509,0.1647622108159408,0.1572762143087819,0.0470254269360317,14.6929,61.5773,42.2139,1.28447,158,12,1,0,0,0,0,run_004
U000011,1347602,MODEL_A,BATCH_01,683791.0,48842.21428571428,8516.107210895863,32937.0,64487.0,14,0.55,2.0,0.0,3.0,14.0,14.514302857142855,61.24075,41.84580571428572,1.1893414285714283,0.1010188930661118,0.2022780701977534,0.1468122268967634,0.0471738351192759,14.7563,61.59,42.1068,1.29299,154,12,1,0,0,0,0,run_004
U000012,1406870,MODEL_A,BATCH_01,756052.0,54003.71428571428,12975.93958316445,32349.0,82646.0,14,0.675,2.0,0.0,6.0,14.0,14.5086025,61.238943478260865,41.9456775,1.1840184782608696,0.1081879596303324,0.2266365996256008,0.1303920409862653,0.0472402466343825,14.7474,61.8236,42.1855,1.30454,172,12,1,0,0,0,0,run_004
U000013,1471605,MODEL_A,BATCH_01,695462.0,49675.857142857145,10616.39944655396,32013.0,69832.0,14,0.7,2.0,0.0,3.0,14.0,14.562502777777777,61.29879767441861,41.8559,1.1812586046511628,0.1028195881452031,0.2265633533687674,0.1732591156125911,0.0464555456519043,14.7884,61.7908,42.1672,1.26184,158,12,1,0,0,0,0,run_004
U000014,1539843,MODEL_A,BATCH_02,711168.0,50797.71428571428,10071.55178959774,35722.0,68238.0,14,0.75,2.0,0.0,4.0,14.0,14.524894285714286,61.34073863636363,41.904088571428574,1.1812811363636364,0.0815353259523212,0.1988449918858852,0.1259092454938901,0.0464631885908348,14.7265,61.8504,42.2137,1.27994,158,12,1,0,0,0,0,run_004
U000015,1588809,MODEL_B,BATCH_01,705015.0,50358.21428571428,10030.980964212604,35278.0,73371.0,14,0.8,2.0,0.0,5.0,14.0,14.529008108108108,61.386984090909095,41.89324054054054,1.2067452272727273,0.0943472615700414,0.1893308055416779,0.1574213815412847,0.045476724406424,14.7726,61.705,42.292,1.28687,162,12,1,0,0,0,0,run_004
U000016,1663121,MODEL_A,BATCH_01,748006.0,53429.0,11489.407034307733,36572.0,76140.0,14,0.875,2.0,0.0,5.0,14.0,14.52412972972973,61.363933333333335,41.91945405405406,1.207242,0.0850530973531791,0.1678391749156422,0.1396632171304222,0.0494973718126895,14.7599,61.7153,42.2506,1.30405,164,12,1,0,0,0,0,run_004
U000017,1724563,MODEL_A,BATCH_01,688373.0,49169.5,6661.179887977804,40323.0,60892.0,14,0.95,3.0,0.0,3.0,14.0,14.555382352941177,61.40045250000001,41.4725205882353,1.2642785,0.1151879504182994,0.1865732893564392,0.6834308197036919,0.0945417610222039,14.7729,61.8729,42.1985,1.44029,148,12,1,0,0,0,1,run_004
U000018,1800252,MODEL_A,BATCH_01,703208.0,50229.142857142855,10913.780617303855,30281.0,68962.0,14,0.925,3.0,0.0,2.0,14.0,14.547863157894737,61.43322391304348,41.891465789473685,1.210294347826087,0.0901237150331687,0.1680095171706151,0.1490939668805251,0.0550794154996895,14.7428,61.7689,42.2603,1.31093,168,12,1,0,0,0,0,run_004
U000019,1861194,MODEL_A,BATCH_01,735871.0,52562.21428571428,10220.930818506858,41943.0,73198.0,14,0.925,3.0,0.0,5.0,14.0,14.555718421052632,61.46560212765957,41.88561578947368,1.213268085106383,0.1043464806779408,0.2200016654970179,0.1387096218847627,0.0614590632803409,14.7936,61.9608,42.1309,1.33277,170,12,1,0,0,0,0,run_004
U000020,1918391,MODEL_B,BATCH_01,730788.0,52199.142857142855,14480.242437713016,36580.0,84189.0,14,1.025,3.0,0.0,6.0,14.0,14.558077142857142,61.48593636363636,41.90198,1.2146656818181818,0.0963615650915379,0.2152802836011679,0.1461519994429648,0.0514533298308973,14.8115,62.204,42.26,1.32857,158,12,1,0,0,0,0,run_004
U000021,1998988,MODEL_A,BATCH_02,712794.0,50913.857142857145,11951.720666962516,36491.0,74213.0,14,1.05,3.0,0.0,4.0,14.0,14.54101111111111,61.50770930232559,41.85477222222222,1.2249646511627907,0.1154614735442774,0.2191963001664127,0.1502154559502767,0.0528701448901811,14.7473,61.8968,42.2678,1.31695,158,12,1,0,0,0,0,run_004
U000022,2063066,MODEL_A,BATCH_01,706804.0,50486.0,9683.834753777115,37155.0,66539.0,14,1.075,3.0,0.0,4.0,14.0,14.534547222222225,61.57217272727273,41.85671388888889,1.2367947727272728,0.1028028362202162,0.1885911615522978,0.1249118961572009,0.0537219309722668,14.7938,61.9037,42.0756,1.3607,160,12,1,1,1,0,0,run_004
U000023,2123125,MODEL_A,BATCH_01,698639.0,49902.78571428572,8653.128204284289,35926.0,61586.0,14,1.05,3.0,0.0,4.0,14.0,14.564255882352942,61.55514390243903,41.840241176470585,1.2273982926829268,0.1122736812873077,0.1924568315866972,0.1304524739132579,0.0562385158900214,14.7902,61.9918,42.0121,1.34497,150,12,1,0,0,0,0,run_004
U000024,2183674,MODEL_A,BATCH_01,739525.0,52823.21428571428,11627.308155826502,33536.0,69822.0,14,1.05,3.0,0.0,5.0,14.0,14.547244444444445,61.59203488372093,41.83130833333334,1.2290911627906975,0.1003667259730019,0.2099269350032697,0.1525786118226089,0.0479482385201704,14.8076,62.0792,42.1099,1.40037,158,12,1,0,0,0,0,run_004
U000025,2227462,MODEL_B,BATCH_01,715899.0,51135.642857142855,11220.7090863768,36683.0,74073.0,14,1.0731707317073171,3.0,0.0,5.0,14.0,14.551411111111111,61.59965777777777,41.82241666666667,1.2329042222222222,0.1242057872536603,0.2085299090046674,0.1566771047181353,0.0456043266731691,14.7616,61.9274,42.1182,1.35842,162,12,2,0,0,0,0,run_004
U000026,2288065,MODEL_A,BATCH_01,717636.0,51259.71428571428,9693.385392814338,38778.0,68988.0,14,1.225,4.0,0.0,4.0,14.0,14.532202564102564,61.719654347826086,41.792110256410254,1.242738043478261,0.1036702172305082,0.1934174813500254,0.165127680734241,0.0489564611838162,14.8196,62.0955,42.0976,1.33429,170,12,1,0,0,0,0,run_004
U000027,2355014,MODEL_A,BATCH_01,689362.0,49240.142857142855,9186.811297951854,33041.0,61674.0,14,1.175,4.0,0.0,3.0,14.0,14.578966666666666,61.66274523809524,41.834691666666664,1.231609761904762,0.0979331842197963,0.1961733929428802,0.1779270450413393,0.0563630205913933,14.7823,62.0622,42.1949,1.36557,156,12,1,0,0,0,0,run_004
U000028,2426886,MODEL_A,BATCH_02,723017.0,51644.07142857143,12544.059338460303,33177.0,78067.0,14,1.225,4.0,0.0,6.0,14.0,14.57288888888889,61.73695581395349,41.83195,1.2377058139534884,0.1052748098421536,0.1962947738458726,0.1410442777489191,0.0509153595607716,14.8602,62.195,42.1058,1.33631,158,12,1,0,0,0,0,run_004
U000029,2485934,MODEL_A,BATCH_01,705573.0,50398.07142857143,9848.94608547054,35305.0,69252.0,14,1.25,4.0,0.0,6.0,14.0,14.590416216216218,61.730156521739126,41.82818108108108,1.249545652173913,0.0976863362261337,0.221867773086359,0.1488652780906993,0.0578023606458411,14.7928,62.3263,42.1971,1.36543,166,12,1,0,0,0,0,run_004
U000030,2557370,MODEL_B,BATCH_01,717931.0,51280.78571428572,10700.20844641371,34870.0,64709.0,14,1.35,4.0,0.0,6.0,14.0,14.55718888888889,61.76439333333333,41.77663611111112,1.2535677777777778,0.087585539503726,0.197683810207568,0.1554062310807712,0.045715443973309,14.7266,62.046,42.1259,1.34185,162,12,1,0,0,0,0,run_004
U000031,2602663,MODEL_A,BATCH_01,710513.0,50750.92857142857,11527.0555748324,34621.0,75504.0,14,1.375,4.0,0.0,5.0,14.0,14.571792105263158,61.79912222222222,41.80821842105263,1.2633284444444446,0.101415579008939,0.1743545771864305,0.1414042352958422,0.0493558060946483,14.8315,62.155,42.0572,1.37788,166,12,1,0,0,0,0,run_004
U000032,2669500,MODEL_A,BATCH_01,713753.0,50982.357142857145,9184.797846334017,37393.0,64398.0,14,1.425,4.0,0.0,6.0,14.0,14.580923529411765,61.82581904761905,41.80754705882353,1.2648640476190476,0.1057475583465484,0.1730048726764732,0.1665565555695975,0.061082557849693,14.7928,62.274,42.1449,1.39019,152,12,1,0,0,0,0,run_004
U000033,2727293,MODEL_A,BATCH_01,724342.0,51738.71428571428,9993.87650536045,35159.0,75970.0,14,1.45,4.0,0.0,6.0,14.0,14.567883783783785,61.77338888888888,41.759502702702704,1.2670595555555555,0.1295289511042769,0.2069086318141218,0.1489531311193902,0.0483659481526732,14.7944,62.4899,42.0718,1.35037,164,12,1,0,0,0,0,run_004
U000034,2812092,MODEL_A,BATCH_01,729699.0,52121.357142857145,13027.082609862264,32967.0,78005.0,14,1.575,4.0,0.0,7.0,14.0,14.56795588235294,61.812757142857144,41.770329411764706,1.2685116666666667,0.0759509179276085,0.2265967430748412,0.1594957670748507,0.0494483783016861,14.7485,62.253,42.1898,1.35587,152,12,1,0,0,0,0,run_004
U000035,2882284,MODEL_B,BATCH_02,713108.0,50936.28571428572,7999.044447053288,34058.0,62916.0,14,1.575,4.0,0.0,4.0,14.0,14.556497368421052,61.96322444444444,40.27541578947368,1.4648642222222223,0.0924666469798618,0.2098485169609423,0.1662480587593494,0.0437234967249714,14.763,62.4342,40.5842,1.56319,166,12,1,0,0,0,1,run_004
U000036,2952664,MODEL_A,BATCH_01,692334.0,49452.42857142857,10104.324395747866,31855.0,70380.0,14,1.6,4.0,0.0,4.0,14.0,14.611965714285711,61.96982142857143,41.75122857142858,1.277327380952381,0.1063894978863246,0.2057535709742133,0.1420804402886096,0.0546475230536583,14.8819,62.3841,41.9236,1.41472,154,12,1,0,0,0,0,run_004
U000037,3018973,MODEL_A,BATCH_01,695176.0,49655.42857142857,11736.103957868225,32510.0,71623.0,14,1.6,4.0,0.0,4.0,14.0,14.579228571428573,61.935673809523806,41.77103142857143,1.2757040476190475,0.114522647571224,0.2380942783749533,0.1321059395989097,0.0555539498742602,14.8652,62.3811,42.0085,1.38999,154,12,1,1,1,0,0,run_004
U000038,3073367,MODEL_A,BATCH_01,689844.0,49274.57142857143,9858.480907431824,32944.0,64981.0,14,1.55,4.0,0.0,4.0,14.0,14.573510810810811,61.993890697674416,41.72322162162162,1.283641627906977,0.0845610718941046,0.1983230407260721,0.1470537791556682,0.0439151106400168,14.7629,62.4128,42.0642,1.35027,160,12,1,0,0,0,0,run_004
U000039,3137016,MODEL_A,BATCH_01,761810.0,54415.0,13332.348266816776,39817.0,92193.0,14,1.625,4.0,0.0,7.0,14.0,14.597847222222224,61.99189777777778,41.71995,1.2932913333333331,0.0960562676949924,0.1883499058677859,0.151881678571559,0.0514948460174767,14.7461,62.4307,42.0457,1.43155,162,12,1,0,0,0,0,run_004
U000040,3187827,MODEL_B,BATCH_01,702440.0,50174.28571428572,9389.573500829129,33797.0,68957.0,14,1.65,4.0,0.0,5.0,14.0,14.574066666666663,62.04590465116279,41.672491666666666,1.2803062790697677,0.0917403914781894,0.1791168160373989,0.1428719774083486,0.0465815773426554,14.7231,62.3984,41.9697,1.39698,158,12,1,0,0,0,0,run_004
U000041,3253676,MODEL_A,BATCH_01,689496.0,49249.71428571428,11391.17791186584,34630.0,70440.0,14,1.6,4.0,0.0,4.0,14.0,14.611951351351353,62.01879555555555,41.70276756756757,1.2956526666666666,0.0883346057192055,0.1688030050835964,0.1438176508523783,0.0520525986775963,14.7897,62.3333,41.987,1.42486,164,12,1,0,0,0,0,run_004
U000042,3312532,MODEL_A,BATCH_02,705136.0,50366.857142857145,10442.065783367572,30138.0,67060.0,14,1.65,4.0,0.0,6.0,14.0,14.613614705882354,62.01996428571428,41.70554705882353,1.271634523809524,0.090829647850791,0.2175314575753227,0.1223634408545051,0.0494916654822479,14.7803,62.5223,41.9853,1.38515,152,12,1,0,0,0,0,run_004
U000043,3372356,MODEL_A,BATCH_01,695698.0,49692.71428571428,9644.17738589194,34185.0,68200.0,14,1.625,4.0,0.0,5.0,14.0,14.612517142857143,62.12433571428571,41.705537142857146,1.2931883333333334,0.0998755681297666,0.2146820301264949,0.1192064350950379,0.0442790317009528,14.8287,62.5629,41.9546,1.40215,154,12,1,0,0,0,0,run_004
U000044,3436859,MODEL_A,BATCH_01,718968.0,51354.857142857145,6663.800750289614,39231.0,61614.0,14,1.7,4.0,0.0,5.0,14.0,14.598955263157896,62.14697555555555,41.75684736842105,1.3068448888888888,0.1211506471129016,0.1936055293110157,0.1401499790028855,0.0476556631482661,14.8587,62.6425,42.0199,1.39063,166,12,1,0,0,0,0,run_004
U000045,3496323,MODEL_B,BATCH_01,694441.0,49602.92857142857,9092.33258947243,31836.0,63237.0,14,1.725,4.0,0.0,3.0,14.0,14.609554285714289,62.12165813953488,41.667405714285714,1.3046067441860465,0.1097803859660602,0.171863320877734,0.1827045476475412,0.0538719650441555,14.9129,62.4419,42.0562,1.40916,156,12,1,0,0,0,0,run_004
U000046,3544979,MODEL_A,BATCH_01,671418.0,47958.42857142857,8621.747642884382,33013.0,62233.0,14,1.675,4.0,0.0,2.0,14.0,14.597313888888888,62.16346511627907,41.698569444444445,1.3104762790697675,0.0922182044401144,0.189438360227229,0.1516742200892498,0.0399200280932752,14.8207,62.6745,41.9889,1.39991,158,12,1,0,0,0,0,run_004
U000047,3628219,MODEL_A,BATCH_01,740621.0,52901.5,10784.240751064634,35408.0,71465.0,14,1.7,4.0,0.0,5.0,14.0,14.634421621621623,62.17231136363637,41.74866216216216,1.326464090909091,0.0978838658114099,0.2323936097827661,0.145290256137597,0.0447434718282718,14.9111,62.7069,42.0907,1.42774,162,12,1,0,0,0,0,run_004
U000048,3682411,MODEL_A,BATCH_01,691422.0,49387.28571428572,8367.767236692982,35997.0,58786.0,14,1.725,4.0,0.0,2.0,14.0,14.611391176470589,62.24348571428571,41.60105882352941,1.322382380952381,0.0794203216786718,0.1765735562493728,0.1830027307589697,0.0553307496129357,14.8329,62.5975,42.0109,1.42483,152,12,1,0,0,0,0,run_004
U000049,3735402,MODEL_A,BATCH_02,704342.0,50310.142857142855,9435.699834280304,35470.0,67819.0,14,1.7,4.0,0.0,5.0,14.0,14.606294285714286,62.22036097560975,41.66808857142857,1.3249160975609755,0.0956007504980913,0.1899559986918657,0.1342498127316653,0.052025412726765,14.8048,62.6673,41.9633,1.42571,152,12,1,0,0,0,0,run_004
U000050,3811612,MODEL_B,BATCH_01,723811.0,51700.78571428572,11074.671727578492,37619.0,74647.0,14,1.8,4.0,0.0,6.0,14.0,14.627175,62.25260952380953,41.62745833333334,1.3340271428571429,0.0953067869716379,0.1836123498815802,0.1626644229694988,0.0495080987849075,14.8005,62.6251,42.0842,1.46512,156,12,1,0,0,0,0,run_004
U000051,3878413,MODEL_A,BATCH_01,707802.0,50557.28571428572,10384.726139336124,38051.0,68394.0,14,1.85,4.0,0.0,3.0,14.0,14.64875,62.312175,41.66426388888889,1.3408886363636363,0.1053118864543384,0.2038765576416625,0.178390323492822,0.0482706955057504,14.8298,62.7204,42.0137,1.45835,160,12,1,0,0,0,0,run_004
U000052,3924977,MODEL_A,BATCH_01,712919.0,50922.78571428572,8548.629068485161,32979.0,62451.0,14,1.825,4.0,0.0,2.0,14.0,14.612541666666669,62.30683636363636,41.61926666666667,1.329261590909091,0.0864403390454116,0.1665612089333931,0.1800354346074295,0.0540932899137149,14.7682,62.7729,42.0489,1.45447,160,12,1,0,0,0,0,run_004
U000053,3972235,MODEL_A,BATCH_01,675168.0,48226.28571428572,6886.139483702826,40257.0,59901.0,14,1.7560975609756098,4.0,0.0,4.0,14.0,14.628530303030304,62.30738292682926,41.67880606060606,1.346230731707317,0.100984344346192,0.1849901387945297,0.134658651642295,0.0475128875353963,14.8556,62.7203,41.9875,1.44521,148,12,2,0,0,0,0,run_004
U000054,4016614,MODEL_A,BATCH_01,712909.0,50922.07142857143,10956.359821262127,35229.0,65975.0,14,1.7317073170731707,4.0,0.0,6.0,14.0,14.629463888888887,62.34544318181818,41.596525,1.3439949999999998,0.1037295608859271,0.1912041687267257,0.1537505704983616,0.0520331678880415,14.8599,62.7651,41.947,1.46843,160,12,2,0,0,0,0,run_004
U000055,4094797,MODEL_B,BATCH_01,718835.0,51345.357142857145,8883.799919881329,36687.0,65255.0,14,1.75,4.0,0.0,6.0,14.0,14.64726,62.48634186046511,41.65358,1.3443111627906976,0.0802756178645135,0.1701161497226415,0.1503421329540614,0.0518991187286085,14.8317,62.8373,41.9254,1.50019,156,12,1,0,0,0,0,run_004
U000056,4169856,MODEL_A,BATCH_02,738898.0,52778.42857142857,7528.649206804689,42054.0,69095.0,14,1.75,4.0,0.0,6.0,14.0,14.638736111111111,62.44924418604651,41.63131666666666,1.356516046511628,0.0927276077021225,0.1794547950802594,0.1464553418037633,0.049734769678266,14.8268,62.8628,41.9585,1.43248,158,12,1,0,0,0,0,run_004
U000057,4241876,MODEL_A,BATCH_01,759333.0,54238.07142857143,10972.91128513434,36215.0,72020.0,14,1.775,4.0,0.0,4.0,14.0,14.650885,62.46297021276595,40.6670975,1.4521123404255318,0.1171082067018493,0.2031198488737023,0.7309801219674433,0.1034610789077282,14.9299,62.952,41.9285,1.6181,174,12,1,0,0,0,1,run_004
U000058,4304426,MODEL_A,BATCH_01,691562.0,49397.28571428572,8053.909365391076,38897.0,63712.0,14,1.7560975609756098,4.0,0.0,4.0,14.0,14.61621111111111,62.4613534883721,41.60990833333333,1.3567023255813953,0.0955653965401339,0.182494973640942,0.1432424146583084,0.0481379383516641,14.8193,62.858,41.9172,1.45678,158,12,2,0,0,0,0,run_004
U000059,4368426,MODEL_A,BATCH_01,722190.0,51585.0,8917.692612916277,38366.0,71060.0,14,1.85,4.0,0.0,4.0,14.0,14.628580555555557,62.496360465116275,41.55506388888889,1.3613953488372093,0.0935447939131513,0.191069247157417,0.1485545155399245,0.0394613991225444,14.7934,62.9039,41.8064,1.43563,158,12,1,0,0,0,0,run_004
U000060,4427961,MODEL_B,BATCH_01,703666.0,50261.857142857145,7172.338454165342,40433.0,63792.0,14,1.8,4.0,0.0,3.0,14.0,14.610383333333331,62.53087954545454,41.59986111111111,1.3444938636363637,0.1009990169683418,0.2006268926066437,0.1414701710665075,0.0437578800991509,14.8156,62.8814,42.0331,1.45421,160,12,1,0,0,0,0,run_004
U000061,4508461,MODEL_A,BATCH_01,732087.0,52291.92857142857,11532.270297962788,37666.0,80500.0,14,1.8,4.0,0.0,5.0,14.0,14.65718717948718,62.56938085106383,41.571356410256406,1.357528510638298,0.1072975773000812,0.2428173751378287,0.1766606243842329,0.0450037065129916,14.9411,63.1434,41.9826,1.45058,172,12,1,0,0,0,0,run_004
U000062,4576991,MODEL_A,BATCH_01,746533.0,53323.78571428572,9921.247930024276,40208.0,68530.0,14,1.75,4.0,0.0,5.0,14.0,14.637802702702704,62.59233409090909,41.5592972972973,1.3661275000000002,0.0904403839446077,0.1781292357383682,0.1389515132988767,0.0565323612252104,14.8179,63.0417,41.8298,1.50638,162,12,1,0,0,0,0,run_004
U000063,4625774,MODEL_A,BATCH_02,733575.0,52398.21428571428,12542.231976428657,38464.0,82191.0,14,1.75,4.0,0.0,6.0,14.0,14.635624324324324,62.62016956521739,41.57280540540541,1.3724791304347823,0.0897851553104084,0.1984332587149933,0.1556161747983117,0.0453337894989837,14.8405,62.9579,41.875,1.46677,166,12,1,0,0,0,0,run_004
U000064,4668445,MODEL_A,BATCH_01,724813.0,51772.357142857145,12206.33148195037,34537.0,80507.0,14,1.75,4.0,0.0,5.0,14.0,14.673326470588236,62.599142857142866,41.559732352941175,1.381902857142857,0.0894641905976182,0.1879599557026307,0.1694663526460169,0.0389593928237929,14.811,62.9912,41.8866,1.46867,152,12,1,0,0,0,0,run_004
U000065,4718569,MODEL_B,BATCH_01,677778.0,48412.71428571428,9280.536335865438,32522.0,69299.0,14,1.7317073170731707,4.0,0.0,5.0,14.0,14.691986111111111,62.68677674418604,41.52898055555555,1.3890083720930233,0.0770300318160865,0.1779329365870214,0.1508828378377363,0.0430599825785818,14.8481,63.0787,41.903,1.48852,158,12,2,0,0,0,0,run_004
U000066,4779800,MODEL_A,BATCH_01,732272.0,52305.142857142855,11126.913663290898,38027.0,78128.0,14,1.7073170731707317,4.0,0.0,5.0,14.0,14.644215789473684,62.72292173913043,41.57520263157895,1.3817073913043478,0.0849349052058846,0.1944877258772588,0.1398233489507608,0.0516923776644006,14.8284,63.0827,41.8725,1.54606,168,12,2,0,0,0,0,run_004
U000067,4862137,MODEL_A,BATCH_01,757953.0,54139.5,11220.636535831236,39349.0,79141.0,14,1.825,4.0,0.0,6.0,14.0,14.654783783783785,62.73644565217391,41.52464864864865,1.400546739130435,0.0832908675583261,0.1746952759095703,0.1413986869765021,0.0530686213230609,14.8156,63.0784,41.7847,1.50106,166,12,1,0,0,0,0,run_004
U000068,4911044,MODEL_A,BATCH_01,669068.0,47790.57142857143,7569.112362492973,35784.0,59388.0,14,1.8,4.0,0.0,3.0,14.0,14.65865294117647,62.72148372093023,41.53062941176471,1.38925,0.0934088252118132,0.2403230890065193,0.1527078663398435,0.0549236411497167,14.9265,63.245,41.8508,1.51389,154,12,1,0,0,0,0,run_004
U000069,4956789,MODEL_A,BATCH_01,691041.0,49360.07142857143,10582.512166954322,34405.0,70574.0,14,1.8,4.0,0.0,5.0,14.0,14.626418421052632,62.75752222222222,41.527594736842104,1.3871244444444444,0.0997348805997699,0.1875288764296024,0.1229084936421745,0.0461273382041277,14.7737,63.1952,41.7509,1.47777,166,12,1,0,0,0,0,run_004
U000070,5030371,MODEL_B,BATCH_02,714578.0,51041.28571428572,9562.737815472748,32256.0,67754.0,14,1.85,4.0,0.0,6.0,14.0,14.654502564102566,62.773739130434784,41.46508974358974,1.4051071739130434,0.0925422335652883,0.2058050150325782,0.1678571052615129,0.0405124811858734,14.827,63.2636,41.7268,1.49994,170,12,1,0,0,0,0,run_004
U000071,5094405,MODEL_A,BATCH_01,712641.0,50902.92857142857,10468.719703252864,37729.0,69279.0,14,1.825,4.0,0.0,3.0,14.0,14.647714285714285,62.79564186046511,41.48934285714286,1.4028502325581396,0.086073816278468,0.2213439719537563,0.1766049684293999,0.0519867447614967,14.7913,63.241,41.7994,1.54773,156,12,1,0,0,0,0,run_004
U000072,5156892,MODEL_A,BATCH_01,705836.0,50416.857142857145,11173.17815717033,31518.0,69368.0,14,1.875,4.0,0.0,5.0,14.0,14.655885294117647,62.857012195121946,41.528361764705885,1.4173719512195122,0.1128073905067447,0.2310779221335531,0.1470278164048943,0.0484625624177835,14.8419,63.5083,41.9058,1.51569,150,12,1,0,0,0,0,run_004
U000073,5236262,MODEL_A,BATCH_01,713137.0,50938.357142857145,10972.707222272647,34914.0,73013.0,14,1.825,4.0,0.0,4.0,14.0,14.643488235294118,62.909967441860466,41.50970294117647,1.39139511627907,0.1093420370649764,0.1921191838924227,0.150033718402744,0.0382805731765376,14.9075,63.2881,41.7466,1.45361,154,12,1,0,0,0,0,run_004
U000074,5298146,MODEL_A,BATCH_01,698295.0,49878.21428571428,12194.787740156553,32721.0,70572.0,14,1.825,4.0,0.0,4.0,14.0,14.681088235294116,62.897914285714286,41.52503529411765,1.4203883333333334,0.0786985147320701,0.2177513334185918,0.157331423747437,0.050778022849177,14.8449,63.4918,41.7557,1.546,152,12,1,0,0,0,0,run_004
U000075,5345275,MODEL_B,BATCH_01,683747.0,48839.07142857143,9348.268325567746,34883.0,72258.0,14,1.85,4.0,0.0,4.0,14.0,14.699751351351352,62.88525652173912,41.447227027027026,1.4056280434782609,0.1267752377276448,0.203957258760178,0.1466909708056918,0.0603001492763793,15.0035,63.4129,41.7696,1.52611,166,12,1,0,0,0,0,run_004
U000076,5398972,MODEL_A,BATCH_01,688927.0,49209.07142857143,10066.56751876677,35079.0,67011.0,14,1.804878048780488,4.0,0.0,2.0,14.0,14.695956756756756,62.92116818181818,41.473102702702704,1.4172072727272729,0.109203071641121,0.189429090583807,0.1233763539529146,0.0450958490516736,14.9644,63.4523,41.7329,1.55976,162,12,2,0,0,0,0,run_004
U000077,5493701,MODEL_A,BATCH_02,737904.0,52707.42857142857,12862.21901368671,35586.0,85239.0,14,1.85,4.0,0.0,5.0,14.0,14.709615384615384,62.99332888888888,41.487884615384615,1.415928,0.0969022989745789,0.2129467428321662,0.1507748243302639,0.0534988424513687,14.9246,63.4567,41.7973,1.52606,168,12,1,0,0,0,0,run_004
U000078,5544073,MODEL_A,BATCH_01,703057.0,50218.357142857145,7542.115440920789,35443.0,68513.0,14,1.825,4.0,0.0,4.0,14.0,14.68784,63.04263409090909,41.50264285714286,1.4282218181818185,0.0896479821629151,0.1786969943438509,0.1344562476086862,0.0489171799978588,14.958,63.333,41.858,1.5411,158,12,1,0,0,0,0,run_004
U000079,5594181,MODEL_A,BATCH_01,712178.0,50869.857142857145,10617.92504615258,31432.0,67331.0,14,1.775,4.0,0.0,4.0,14.0,14.677815384615384,63.04205957446808,40.58817179487179,1.544852765957447,0.0903595057722253,0.2051744058319906,0.7839181069436152,0.0982006999156436,14.8893,63.364,41.7084,1.73252,172,12,1,1,1,0,1,run_004
U000080,5650836,MODEL_B,BATCH_01,702743.0,50195.92857142857,10337.509471406958,35252.0,71220.0,14,1.725,4.0,0.0,5.0,14.0,14.698494444444444,63.07310681818182,41.475902777777776,1.426125909090909,0.0946323923534624,0.2179278922751771,0.1161738192441734,0.0451019923407805,14.9254,63.7207,41.6513,1.52383,160,12,1,0,0,0,0,run_004
U000081,5720074,MODEL_A,BATCH_01,728155.0,52011.07142857143,9793.954457602018,36666.0,69238.0,14,1.75,4.0,0.0,5.0,14.0,14.690405714285715,63.115895348837206,41.458211428571424,1.428762558139535,0.0858368148868302,0.2102350282914538,0.1285081269378543,0.0516901447313482,14.8443,63.5325,41.6537,1.56354,156,12,1,0,0,0,0,run_004
U000082,5773913,MODEL_A,BATCH_01,726276.0,51876.857142857145,9321.10493497371,33731.0,64698.0,14,1.775,4.0,0.0,4.0,14.0,14.65588,63.131510416666664,41.41167,1.442995625,0.1014814122174155,0.2030192991974691,0.1430915758419174,0.0548460137579111,14.8853,63.6777,41.6952,1.55671,176,12,1,0,0,0,0,run_004
U000083,5834658,MODEL_A,BATCH_01,699482.0,49963.0,8819.511184780114,38607.0,64856.0,14,1.85,4.0,0.0,4.0,14.0,14.699166666666668,63.15610769230769,41.4020303030303,1.444051282051282,0.1221079636701337,0.1783494446667977,0.1260648010073793,0.0581216741970754,14.9862,63.4577,41.5999,1.562,144,12,1,0,0,0,0,run_004
U000084,5890385,MODEL_A,BATCH_02,677229.0,48373.5,10658.773386998364,34656.0,67853.0,14,1.75,4.0,0.0,2.0,14.0,14.683051351351352,63.185406818181825,41.39622162162162,1.447430681818182,0.0816061769912251,0.1424184799834745,0.1660615483874973,0.0449305741140928,14.9208,63.4144,41.6667,1.53665,162,12,1,0,0,0,0,run_004
U000085,5950537,MODEL_B,BATCH_01,713721.0,50980.07142857143,12130.700261759805,35222.0,71103.0,14,1.825,4.0,0.0,5.0,14.0,14.68272564102564,63.16751739130435,41.411589743589744,1.4454604347826088,0.0761077757904044,0.1801201294252106,0.1154829511109789,0.0593640451959684,14.8398,63.4847,41.7146,1.56735,170,12,1,0,0,0,0,run_004
U000086,6027273,MODEL_A,BATCH_01,748894.0,53492.42857142857,12147.94597841567,35833.0,71445.0,14,1.825,4.0,0.0,5.0,14.0,14.716833333333334,63.29150652173912,41.44161025641026,1.441789565217391,0.078031833360135,0.1924088464149816,0.1364262241245425,0.0574759592624612,14.8628,63.6137,41.7466,1.58021,170,12,1,0,0,0,0,run_004
U000087,6088863,MODEL_A,BATCH_01,699047.0,49931.92857142857,7339.710238089844,38196.0,62246.0,14,1.85,4.0,0.0,5.0,14.0,14.709921621621625,63.20438695652174,41.40581081081081,1.4648489130434783,0.0999592504060618,0.1777295681130265,0.1483195813546314,0.0526592146723,14.8865,63.6397,41.7445,1.56376,166,12,1,0,0,0,0,run_004
U000088,6155625,MODEL_A,BATCH_01,707959.0,50568.5,10165.05538030243,31874.0,64102.0,14,1.85,4.0,0.0,5.0,14.0,14.680928947368422,63.22621304347826,41.386957894736845,1.456222608695652,0.0930392678153627,0.2175591460920672,0.1336452133228009,0.0477622388473377,14.9139,63.6653,41.6257,1.55633,168,12,1,0,0,0,0,run_004
U000089,6232603,MODEL_A,BATCH_01,700810.0,50057.857142857145,10551.204151893991,35661.0,76978.0,14,1.875,4.0,0.0,4.0,14.0,14.704276470588235,63.315070000000006,41.38194705882353,1.462313,0.0971155015520758,0.2317772208448547,0.1258119598190557,0.0514295383148832,14.961,63.8086,41.5889,1.54554,148,12,1,0,0,0,0,run_004
U000090,6292425,MODEL_B,BATCH_01,657483.0,46963.07142857143,8240.008191410097,32418.0,59822.0,14,1.8,4.0,0.0,3.0,14.0,14.732790625,63.3622025,41.381346875,1.4578457500000002,0.0996221421150779,0.1658751499719138,0.1386363844259282,0.0515436936821318,14.994,63.6807,41.6916,1.56993,144,12,1,0,0,0,0,run_004
U000091,6348824,MODEL_A,BATCH_02,741061.0,52932.92857142857,9335.005520696202,37179.0,70917.0,14,1.875,4.0,0.0,5.0,14.0,14.747807894736845,63.38482,39.8466,1.654271111111111,0.073196552797205,0.2295550504384908,0.1654271440846385,0.0559650271160571,14.9167,63.8017,40.1115,1.80464,166,12,1,1,1,0,1,run_004
U000092,6406605,MODEL_A,BATCH_01,707084.0,50506.0,8223.705359882117,34840.0,60840.0,14,1.875,4.0,0.0,2.0,14.0,14.723805714285715,63.39470465116279,41.42722857142857,1.478322093023256,0.136012520926345,0.1888441962413514,0.1495399072674115,0.0430357339648797,14.9719,64.033,41.6989,1.54386,156,12,1,0,0,0,0,run_004
U000093,6462230,MODEL_A,BATCH_01,688359.0,49168.5,9459.460000444,33396.0,67197.0,14,1.829268292682927,4.0,0.0,2.0,14.0,14.711714285714285,63.39695813953488,41.33880857142857,1.4714955813953488,0.0899263068977537,0.1659670552973553,0.155567421304811,0.0479735504161916,14.8756,63.7925,41.7679,1.56419,156,12,2,0,0,0,0,run_004
U000094,6539869,MODEL_A,BATCH_01,732058.0,52289.857142857145,9454.877193663213,38714.0,71759.0,14,1.9,4.0,0.0,4.0,14.0,14.720024324324324,63.40948478260869,41.335497297297294,1.4724039130434785,0.0974952489024902,0.1871519821694432,0.1520453121175951,0.0435567261537952,14.8682,63.844,41.6797,1.55273,166,12,1,0,0,0,0,run_004
U000095,6609766,MODEL_B,BATCH_01,698501.0,49892.92857142857,10413.804288718711,36201.0,69897.0,14,1.825,4.0,0.0,2.0,14.0,14.705838235294117,63.44185,41.34243235294118,1.490232,0.1093878116713462,0.188705843535952,0.1347168809484457,0.0588541593937822,14.9357,63.8119,41.6955,1.61905,148,12,1,0,0,0,0,run_004
U000096,6660947,MODEL_A,BATCH_01,696496.0,49749.71428571428,8593.523772886467,39919.0,66560.0,14,1.8,4.0,0.0,4.0,14.0,14.732416666666666,63.43658372093023,41.31174166666667,1.4809304651162791,0.095958519312104,0.1584077798868537,0.1360464907406908,0.0459440177956508,14.9788,63.7695,41.6449,1.60058,158,12,1,0,0,0,0,run_004
U000097,6708162,MODEL_A,BATCH_01,697772.0,49840.857142857145,8493.869896824168,37245.0,67803.0,14,1.7804878048780488,4.0,0.0,4.0,14.0,14.7413,63.525417073170736,41.29313428571429,1.4842175609756096,0.1260940382039855,0.1632388616451962,0.1562808594332975,0.0505261858238125,15.008,64.0118,41.7013,1.60333,152,12,2,0,0,0,0,run_004
U000098,6758267,MODEL_A,BATCH_02,699146.0,49939.0,10004.779242557412,36643.0,62815.0,14,1.825,4.0,0.0,4.0,14.0,14.73722777777778,63.53074090909091,41.348283333333335,1.5033761363636364,0.0974891865391414,0.2009163233418366,0.1465592820085346,0.0511949753264776,14.9197,63.9547,41.6954,1.61219,160,12,1,0,0,0,0,run_004
U000099,6833452,MODEL_A,BATCH_01,699285.0,49948.92857142857,11019.32201226056,34435.0,75185.0,14,1.825,4.0,0.0,3.0,14.0,14.747408333333333,63.54180909090909,41.30949444444445,1.498081818181818,0.0897954703757375,0.1730982619425369,0.1434144801305334,0.0487513038238395,14.9665,63.9633,41.8119,1.59695,160,12,1,0,0,0,0,run_004
U000100,6885304,MODEL_B,BATCH_01,730339.0,52167.07142857143,9783.624595479669,37138.0,67390.0,14,1.8,4.0,0.0,4.0,14.0,14.730710526315791,63.55204680851064,41.26421315789474,1.504155744680851,0.1021128093441171,0.2131715494630142,0.1439747484823955,0.0495034919165647,14.9143,63.9421,41.5617,1.60545,170,12,1,0,0,0,0,run_004
U000101,6948410,MODEL_A,BATCH_01,722139.0,51581.357142857145,7597.8686141589715,38598.0,63106.0,14,1.875,4.0,0.0,4.0,14.0,14.730564864864863,63.570656818181824,41.306086486486485,1.5149411363636365,0.0930191085990647,0.1984661079351891,0.1654312699887488,0.0474709572027825,14.8891,64.234,41.562,1.62976,162,12,1,0,0,0,0,run_004
U000102,7020497,MODEL_A,BATCH_01,707441.0,50531.5,9715.79065035566,35949.0,72087.0,14,1.75,4.0,0.0,2.0,14.0,14.790521212121211,63.62979249999999,41.31486363636363,1.4985165,0.0853900563501678,0.1891456058139274,0.1465319564510219,0.0587063450705157,14.9595,63.9355,41.6243,1.60482,146,12,1,1,1,0,0,run_004
U000103,7099349,MODEL_A,BATCH_01,775699.0,55407.07142857143,18350.639382968,37183.0,101718.0,14,1.75,4.0,0.0,6.0,14.0,14.778448648648649,63.647551111111106,41.24756486486487,1.512066666666667,0.1114059484289119,0.170681329359481,0.1322864342087865,0.0518018163510964,15.082,63.9868,41.5435,1.61636,164,12,1,0,0,0,0,run_004
U000104,7149756,MODEL_A,BATCH_01,718928.0,51352.0,9926.27963461716,36888.0,71200.0,14,1.85,4.0,0.0,5.0,14.0,14.742516216216217,63.660534090909096,41.30102162162162,1.529677272727273,0.0760412479934171,0.1982517402993274,0.1541780340586371,0.048327326968537,14.9273,64.034,41.6724,1.63473,162,12,1,0,0,0,0,run_004
U000105,7214144,MODEL_B,BATCH_02,700105.0,50007.5,9435.93942777376,37313.0,64467.0,14,1.9,4.0,0.0,5.0,14.0,14.75738857142857,63.73716904761905,41.25528,1.528439285714286,0.0858666126015452,0.2388337706317792,0.1278005380638575,0.0549340256810488,14.9597,64.2871,41.537,1.65554,154,12,1,0,0,0,0,run_004
U000106,7263539,MODEL_A,BATCH_01,672627.0,48044.78571428572,8922.301903558395,35070.0,61821.0,14,1.829268292682927,4.0,0.0,4.0,14.0,14.756331428571428,63.72234285714286,41.30734857142857,1.5322890476190476,0.0969039663227242,0.1666853076218871,0.2131654016339923,0.0549694177861997,14.9899,64.0825,41.7642,1.64239,154,12,2,1,1,0,0,run_004
U000107,7317619,MODEL_A,BATCH_01,714437.0,51031.21428571428,7842.965090581999,39844.0,65603.0,14,1.85,4.0,0.0,5.0,14.0,14.779933333333332,63.79698181818182,40.803916666666666,1.5853047727272729,0.1065831774450626,0.1726550954571413,0.7143308867144724,0.100104075364584,15.0748,64.2175,41.4563,1.81942,160,12,1,0,0,0,1,run_004
U000108,7379645,MODEL_A,BATCH_01,744605.0,53186.07142857143,11788.04381543034,37429.0,73426.0,14,1.8,4.0,0.0,5.0,14.0,14.73505945945946,63.74382272727273,41.2012972972973,1.5497527272727274,0.1199606404420019,0.186476029837663,0.1487438336471395,0.039253742607146,15.0027,64.1056,41.5394,1.64044,162,12,1,0,0,0,0,run_004
U000109,7435031,MODEL_A,BATCH_01,697459.0,49818.5,12717.449609765436,34766.0,76270.0,14,1.825,4.0,0.0,5.0,14.0,14.764128947368423,63.821017777777776,41.268815789473685,1.528276,0.102197622302417,0.2024614770191301,0.1778103233653936,0.044941599498177,14.9261,64.3288,41.6295,1.62671,166,12,1,0,0,0,0,run_004
U000110,7480487,MODEL_B,BATCH_01,706285.0,50448.92857142857,8742.350911284902,36776.0,65445.0,14,1.825,4.0,0.0,5.0,14.0,14.74350857142857,63.83895,41.232974285714285,1.5458279545454543,0.0986795925366195,0.1932783154140744,0.115158229617945,0.0553075368336227,15.0163,64.2705,41.48,1.63677,158,12,1,0,0,0,0,run_004
U000111,7555569,MODEL_A,BATCH_01,690399.0,49314.21428571428,10266.273904081578,34773.0,75082.0,14,1.8,4.0,0.0,4.0,14.0,14.78348,63.890233333333335,41.24552857142857,1.5610583333333332,0.0821573733757353,0.2148237628980825,0.1383125415848606,0.0433426581352326,14.9631,64.3344,41.6793,1.65664,154,12,1,0,0,0,0,run_004
U000112,7618921,MODEL_A,BATCH_02,716676.0,51191.142857142855,11922.651930461823,33327.0,73412.0,14,1.825,4.0,0.0,5.0,14.0,14.767945714285714,63.94541162790698,41.238528571428574,1.5423167441860466,0.0947521328111875,0.1911834910302786,0.1597423100817447,0.0452631781242677,14.9766,64.514,41.4978,1.6306,156,12,1,0,0,0,0,run_004
U000113,7688676,MODEL_A,BATCH_01,721868.0,51562.0,11388.885790035016,36826.0,78063.0,14,1.925,4.0,0.0,5.0,14.0,14.763894594594596,63.88043409090909,41.174997297297296,1.5506375,0.0992787963989011,0.207100191395126,0.1401418100958357,0.0468827212245471,14.977,64.3536,41.4262,1.67825,162,12,1,0,0,0,0,run_004
U000114,7762571,MODEL_A,BATCH_01,699972.0,49998.0,11347.47322602634,30615.0,73895.0,14,1.925,4.0,0.0,3.0,14.0,14.76383783783784,63.937079545454544,41.24110810810811,1.5621336363636364,0.0988190021969222,0.1593258991188205,0.172396671755671,0.038401981180173,15.0004,64.3154,41.6138,1.65574,162,12,1,0,0,0,0,run_004
U000115,7814195,MODEL_B,BATCH_01,694934.0,49638.142857142855,9549.816968500922,36864.0,64397.0,14,1.85,4.0,0.0,4.0,14.0,14.7717,63.974204761904765,41.2131,1.5596483333333333,0.0898266377445178,0.1867358731423441,0.1438293264654846,0.0434799238178179,14.9458,64.4099,41.4336,1.66283,152,12,1,0,0,0,0,run_004
U000116,7871920,MODEL_A,BATCH_01,726452.0,51889.42857142857,11257.533058864565,33870.0,73246.0,14,1.875,4.0,0.0,5.0,14.0,14.775347368421054,64.00743555555556,40.51001842105263,1.6536864444444446,0.0793846698279873,0.2421334363110494,0.7693859702861191,0.0960934125581494,14.932,64.6539,41.3972,1.82667,166,12,1,1,1,0,1,run_004
U000117,7928951,MODEL_A,BATCH_01,686401.0,49028.642857142855,8525.923614367064,36731.0,65488.0,14,1.95,4.0,0.0,6.0,14.0,14.775708333333334,63.97991627906976,41.18815277777778,1.5688806976744187,0.0810971670282012,0.2174145950879439,0.1581985506274775,0.0479439033512007,14.9898,64.4161,41.6267,1.65253,158,12,1,0,0,0,0,run_004
U000118,7996609,MODEL_A,BATCH_01,686092.0,49006.57142857143,10227.332532252714,34386.0,66250.0,14,1.925,4.0,0.0,4.0,14.0,14.7999,64.01997391304347,41.157963157894734,1.5722876086956523,0.0925386843871691,0.1891656375123635,0.1492233812942646,0.0512340242063495,14.9659,64.4986,41.4964,1.69029,168,12,1,0,0,0,0,run_004
U000119,8055681,MODEL_A,BATCH_02,719236.0,51374.0,11709.559414952711,31198.0,71701.0,14,1.925,4.0,0.0,5.0,14.0,14.798575,64.07308837209303,41.162930555555555,1.573669069767442,0.0802935129028847,0.1984406414898569,0.1212479438870006,0.0509873987146381,14.9394,64.4431,41.4326,1.68284,158,12,1,0,0,0,0,run_004
U000120,8105011,MODEL_B,BATCH_01,684555.0,48896.78571428572,8309.746068309201,37819.0,65861.0,14,1.925,4.0,0.0,3.0,14.0,14.790788571428571,64.11057674418605,41.163737142857144,1.5797732558139534,0.0872100263104858,0.2001314887258461,0.1576544155940537,0.0391681791230324,14.9566,64.5729,41.6941,1.66275,156,12,1,0,0,0,0,run_004
U000121,8173960,MODEL_A,BATCH_01,703243.0,50231.642857142855,9045.421915636003,32507.0,63249.0,14,1.95,4.0,0.0,5.0,14.0,14.79874857142857,64.09141162790698,41.16553714285714,1.57026,0.1231342437471937,0.1711731290234212,0.1192271141825651,0.0438647616462886,15.071,64.5184,41.4628,1.68711,156,12,1,0,0,0,0,run_004
U000122,8229811,MODEL_A,BATCH_01,703631.0,50259.357142857145,11475.59300701438,32221.0,70033.0,14,1.875,4.0,0.0,4.0,14.0,14.792414285714289,64.19064999999999,41.15452857142857,1.5901861904761905,0.1019271716439134,0.2200375624806801,0.1365403981835953,0.0523370449855213,14.9401,64.7943,41.3773,1.68114,154,12,1,0,0,0,0,run_004
U000123,8321540,MODEL_A,BATCH_01,732154.0,52296.71428571428,13138.757068182033,32842.0,75772.0,14,1.9,4.0,0.0,6.0,14.0,14.783457142857143,64.17180697674418,41.13524857142857,1.593279534883721,0.1024751341021014,0.2236355872900016,0.1244125191625408,0.051472991898826,14.9779,64.5958,41.3733,1.71589,156,12,1,0,0,0,0,run_004
U000124,8381184,MODEL_A,BATCH_01,716360.0,51168.57142857143,8782.61362635805,41166.0,69390.0,14,1.925,4.0,0.0,5.0,14.0,14.813680555555557,64.29275476190476,40.504641666666664,1.6866335714285714,0.1233971817678752,0.2078582340552732,0.7742912679624282,0.0933909720612411,15.1254,64.7806,41.5348,1.85127,156,12,1,1,1,0,1,run_004
U000125,8448471,MODEL_B,BATCH_01,722265.0,51590.357142857145,13155.323857120138,31718.0,72772.0,14,2.0,4.0,0.0,5.0,14.0,14.797075675675677,64.27688409090909,41.09914594594595,1.5833831818181816,0.0940577435095813,0.1963313809261365,0.1215862647455484,0.0562355747197376,14.9809,64.6854,41.3019,1.70198,162,12,1,0,0,0,0,run_004
U000126,8507665,MODEL_A,BATCH_02,672685.0,48048.92857142857,8924.585863817958,30535.0,63011.0,14,1.975,4.0,0.0,3.0,14.0,14.795632432432432,64.2910046511628,41.109991891891895,1.6004448837209302,0.1000901678322935,0.1937448837462571,0.1530852528973798,0.05481502298302,15.0394,64.7038,41.4601,1.70658,160,12,1,0,0,0,0,run_004
U000127,8569259,MODEL_A,BATCH_01,701391.0,50099.357142857145,9838.457951459535,36446.0,67958.0,14,1.9,4.0,0.0,3.0,14.0,14.782582857142858,64.27006744186046,41.12554,1.6090118604651165,0.1022746546882299,0.1711625567099603,0.1797828595507239,0.0602618092459819,15.07,64.6549,41.5015,1.73578,156,12,1,0,0,0,0,run_004
U000128,8619712,MODEL_A,BATCH_01,703489.0,50249.21428571428,7869.628572787053,40270.0,65741.0,14,1.9,4.0,0.0,4.0,14.0,14.835116216216218,64.32289782608696,41.1171,1.6096678260869566,0.0987968356260955,0.1977809748058906,0.1360796478374172,0.0456895866041483,15.0938,64.7902,41.3321,1.7335,166,12,1,1,1,0,0,run_004
U000129,8671794,MODEL_A,BATCH_01,705316.0,50379.71428571428,10574.94034482953,32021.0,70269.0,14,1.975,4.0,0.0,5.0,14.0,14.818799999999998,64.31284468085106,41.1145641025641,1.5958046808510638,0.0888467545241449,0.1893473823983088,0.1452191709962266,0.0443699277738514,15.0017,64.6663,41.422,1.69231,172,12,1,1,1,0,0,run_004
U000130,8731228,MODEL_B,BATCH_01,693429.0,49530.642857142855,8696.1459510003,38147.0,64823.0,14,1.925,4.0,0.0,4.0,14.0,14.79344864864865,64.35830227272727,41.139202702702704,1.61583,0.0953855993720617,0.2129914328320063,0.133429293565473,0.0535303414505638,14.9685,64.7809,41.4699,1.73057,162,12,1,0,0,0,0,run_004
U000131,8786261,MODEL_A,BATCH_01,697182.0,49798.71428571428,10461.94152762634,34206.0,68291.0,14,1.9,4.0,0.0,6.0,14.0,14.78334857142857,64.43183571428571,41.08808571428572,1.6102059523809522,0.0936165029802552,0.2165853471401481,0.1249155906599176,0.0553122662733173,14.961,64.9631,41.3288,1.79196,154,12,1,0,0,0,0,run_004
U000132,8858654,MODEL_A,BATCH_01,681454.0,48675.28571428572,7951.05073296868,33638.0,63359.0,14,1.975,4.0,0.0,6.0,14.0,14.810954285714288,64.43611395348837,41.09005714285714,1.632112790697675,0.0879918222900056,0.2081355631741175,0.1376209933662953,0.0460394532840393,14.9965,64.9371,41.3756,1.73725,156,12,1,0,0,0,0,run_004
U000133,8909018,MODEL_A,BATCH_02,692546.0,49467.57142857143,8743.990496460858,36500.0,64867.0,14,1.95,4.0,0.0,3.0,14.0,14.820418421052633,64.42942222222223,41.067721052631576,1.6311913333333334,0.0955384622003187,0.1992510566743834,0.1468003408897572,0.0546819066635722,15.1021,64.8311,41.4924,1.79442,166,12,1,0,0,0,0,run_004
U000134,8998858,MODEL_A,BATCH_01,716966.0,51211.857142857145,10618.059592810898,36307.0,72517.0,14,1.925,4.0,0.0,4.0,14.0,14.83527027027027,64.46483863636364,41.05161081081081,1.6242629545454543,0.0831894386488012,0.1842949345237668,0.1425571908311114,0.0439440211336335,15.0319,64.796,41.4121,1.70293,162,12,1,0,0,0,0,run_004
U000135,9070080,MODEL_B,BATCH_01,783633.0,55973.78571428572,12164.33476747351,39626.0,75942.0,14,2.0,4.0,0.0,6.0,14.0,14.828117142857144,64.57892954545456,41.02972,1.6341006818181818,0.1140623062079629,0.2172299709284093,0.1201334865399111,0.04655533573685,15.0538,65.0019,41.2612,1.75696,158,12,1,0,0,0,0,run_004
U000136,9124676,MODEL_A,BATCH_01,670766.0,47911.857142857145,10176.270307074068,34256.0,73923.0,14,1.9268292682926829,4.0,0.0,2.0,14.0,14.8256825,64.49703749999999,41.0276,1.6266060416666666,0.1070552598439534,0.1953494377241682,0.1416365047831233,0.0471142699952967,15.057,65.0496,41.3757,1.72231,176,12,2,0,0,0,0,run_004
U000137,9176324,MODEL_A,BATCH_01,702250.0,50160.71428571428,12565.13289548975,32544.0,72810.0,14,1.95,4.0,0.0,4.0,14.0,14.84356111111111,64.55576744186047,41.07805277777778,1.6415983720930232,0.1277969601198443,0.1914782105232957,0.148489819730148,0.0435321807035971,15.1216,64.9912,41.389,1.72499,158,12,1,0,0,0,0,run_004
U000138,9258416,MODEL_A,BATCH_01,691302.0,49378.71428571428,8568.81620428733,37061.0,60846.0,14,1.95,4.0,0.0,5.0,14.0,14.832135294117649,64.56676279069768,41.022441176470586,1.6466520930232558,0.1002815185315912,0.190994437744059,0.1555894580787539,0.0395777121958534,15.0413,65.0068,41.4847,1.70752,154,12,1,0,0,0,0,run_004
U000139,9320801,MODEL_A,BATCH_01,709273.0,50662.357142857145,9864.61961220029,34416.0,69729.0,14,1.95,4.0,0.0,4.0,14.0,14.845567567567564,64.52869777777778,40.55898648648648,1.6940799999999998,0.106470238549074,0.2096174551294525,0.7035103545641463,0.1024429788179302,15.0401,64.9738,41.3886,1.90741,164,12,1,0,0,0,1,run_004
U000140,9381922,MODEL_B,BATCH_02,740174.0,52869.57142857143,9424.667222970596,35400.0,67935.0,14,1.975,4.0,0.0,5.0,14.0,14.842302702702703,64.644075,41.01296756756757,1.6411004545454546,0.0975567711827508,0.1581763912719427,0.1285888777246097,0.0508115197044164,15.0514,64.9867,41.2404,1.72694,162,12,1,0,0,0,0,run_004
U000141,9440502,MODEL_A,BATCH_01,748467.0,53461.92857142857,9376.97608682922,40422.0,73175.0,14,1.975,4.0,0.0,5.0,14.0,14.836949999999998,64.59292765957447,40.9913947368421,1.6637506382978724,0.117276355880666,0.1727106259188273,0.1590296265911228,0.0525486486155718,15.0391,64.94,41.2611,1.77697,170,12,1,0,0,0,0,run_004
U000142,9495348,MODEL_A,BATCH_01,687463.0,49104.5,11278.994136480844,35805.0,77019.0,14,1.975,4.0,0.0,4.0,14.0,14.846391891891892,64.69419777777777,41.00105675675675,1.6771422222222223,0.1058476194514709,0.213428582358779,0.1388247647226546,0.0583407545798774,15.0612,65.0318,41.2754,1.80065,164,12,1,0,0,0,0,run_004
U000143,9546959,MODEL_A,BATCH_01,705697.0,50406.92857142857,9885.25628992908,37570.0,70789.0,14,2.0,4.0,0.0,5.0,14.0,14.875764705882354,64.71107441860465,40.95808823529412,1.654201627906977,0.0691989747793775,0.1909627987867974,0.157195116673141,0.0374169327552463,15.0093,65.1251,41.2417,1.72482,154,12,1,0,0,0,0,run_004
U000144,9612427,MODEL_A,BATCH_01,721954.0,51568.142857142855,9977.258856304888,35275.0,65468.0,14,2.0,4.0,0.0,4.0,14.0,14.82115,64.71340909090908,41.02431111111111,1.6694738636363635,0.1116530327142337,0.1716998609231091,0.183922599835254,0.0528875997782708,15.1239,65.0292,41.5101,1.7845,160,12,1,0,0,0,0,run_004
U000145,9654866,MODEL_B,BATCH_01,686178.0,49012.71428571428,10018.0270084911,35581.0,65384.0,14,1.975,4.0,0.0,3.0,14.0,14.819689189189187,64.76948863636363,40.9777,1.658425681818182,0.1064350109059352,0.183532181090325,0.1318192280696875,0.0469575848393304,15.0741,65.2112,41.2946,1.76849,162,12,1,0,0,0,0,run_004
U000146,9718045,MODEL_A,BATCH_01,678406.0,48457.57142857143,7746.904450903508,34801.0,62097.0,14,2.0,4.0,0.0,5.0,14.0,14.838225,64.72973953488372,41.00635555555555,1.6794360465116278,0.1105394548178547,0.202814436815357,0.1420223452125843,0.0566288217101813,15.0736,65.2918,41.2896,1.79884,158,12,1,0,0,0,0,run_004
U000147,9781950,MODEL_A,BATCH_02,678688.0,48477.71428571428,9379.999003022507,32542.0,63788.0,14,1.975,4.0,0.0,4.0,14.0,14.85753888888889,64.81624772727272,40.928919444444446,1.6705186363636364,0.1023481014626839,0.1742491886987035,0.1891333268501267,0.0539829292824241,15.0926,65.1694,41.3365,1.77799,160,12,1,0,0,0,0,run_004
U000148,9849718,MODEL_A,BATCH_01,710632.0,50759.42857142857,12889.33427125094,32793.0,79295.0,14,1.95,4.0,0.0,5.0,14.0,14.835213888888893,64.79313636363636,40.94165,1.6737929545454546,0.0935050683203177,0.1913778644959492,0.1274222665000113,0.0507454066465017,15.0016,65.2603,41.1951,1.77587,160,12,1,0,0,0,0,run_004
U000149,9914864,MODEL_A,BATCH_01,705605.0,50400.357142857145,10172.928415896038,31332.0,67759.0,14,1.95,4.0,0.0,6.0,14.0,14.83823243243243,64.82957045454545,40.98255405405405,1.6760463636363634,0.0997520121046133,0.1952300379332458,0.1649279937066716,0.0478326915594155,15.0845,65.1512,41.2849,1.77898,162,12,1,0,0,0,0,run_004
U000150,9963253,MODEL_B,BATCH_01,700019.0,50001.357142857145,8944.340803049654,32892.0,67689.0,14,2.05,4.0,0.0,5.0,14.0,14.85590294117647,64.89088333333333,40.99592058823529,1.6848464285714284,0.1025889842432267,0.1965812683886761,0.1567331408543441,0.0456493444946086,15.03,65.2832,41.2137,1.77626,152,12,1,0,0,0,0,run_004
U000151,10010660,MODEL_A,BATCH_01,672696.0,48049.71428571428,8978.497882150456,34679.0,62901.0,14,2.0,4.0,0.0,1.0,14.0,14.877589189189193,64.8972847826087,40.966856756756755,1.696465,0.092486845262159,0.2390719993524862,0.1459683670840681,0.0637383343139049,15.0904,65.351,41.2293,1.82946,166,12,1,0,0,0,0,run_004
U000152,10089187,MODEL_A,BATCH_01,713309.0,50950.642857142855,11526.290781093876,33908.0,65089.0,14,1.95,4.0,0.0,5.0,14.0,14.88973611111111,64.9021976744186,40.883188888888895,1.6976672093023255,0.0889171272358313,0.1968551999728929,0.1518940961474301,0.0526266778864095,15.0705,65.3104,41.2302,1.79463,158,12,1,0,0,0,0,run_004
U000153,10155492,MODEL_A,BATCH_01,697386.0,49813.28571428572,12504.779907198388,31012.0,72765.0,14,1.975,4.0,0.0,6.0,14.0,14.854977142857145,64.94213095238095,40.92605714285715,1.7195119047619047,0.0987080963534109,0.2055542720905604,0.1821101691215484,0.0446585669949169,15.081,65.3766,41.2155,1.84994,154,12,1,0,0,0,0,run_004
U000154,10203251,MODEL_A,BATCH_02,670421.0,47887.21428571428,5299.136158608546,39179.0,55882.0,14,1.925,4.0,0.0,4.0,14.0,14.873005882352942,64.98859268292682,40.93788823529412,1.7024465853658537,0.109338803284759,0.1836565944776358,0.1185591343686585,0.0507603745361358,15.1194,65.4469,41.2523,1.8408,150,12,1,0,0,0,0,run_004
U000155,10283685,MODEL_B,BATCH_01,729349.0,52096.357142857145,13421.644755377802,34025.0,79946.0,14,1.925,4.0,0.0,7.0,14.0,14.87717027027027,64.9928,40.90094594594595,1.7016037209302326,0.1085912516040076,0.1889507091179899,0.1412236260423608,0.0430149162956324,15.1085,65.3774,41.1505,1.79343,160,12,1,0,0,0,0,run_004
U000156,10334845,MODEL_A,BATCH_01,694707.0,49621.92857142857,7056.693499674733,38147.0,64314.0,14,1.925,4.0,0.0,3.0,14.0,14.888463636363635,65.06224047619047,40.90957272727273,1.711894761904762,0.100873128291749,0.1809876603522112,0.158151632683493,0.0540529813368822,15.1643,65.3672,41.3277,1.85518,150,12,1,0,0,0,0,run_004
U000157,10394896,MODEL_A,BATCH_01,728608.0,52043.42857142857,12502.581811611712,32725.0,75618.0,14,1.925,4.0,0.0,5.0,14.0,14.876477777777776,65.07913333333333,40.91587222222222,1.7006066666666666,0.0989882276149503,0.1786302465989463,0.1615461236411829,0.0468909537214705,15.0492,65.4152,41.276,1.79014,162,12,1,0,0,0,0,run_004
U000158,10445804,MODEL_A,BATCH_01,733365.0,52383.21428571428,16582.54869145258,39635.0,104765.0,14,1.95,4.0,0.0,7.0,14.0,14.894097297297296,65.10364090909091,40.63515945945946,1.7424204545454545,0.0844460165710306,0.1775568357327727,0.5683908052365725,0.0858013769866885,15.0899,65.5041,41.1924,1.95724,162,12,1,0,0,0,0,run_004
U000159,10511443,MODEL_A,BATCH_01,717162.0,51225.857142857145,9833.723583489804,34734.0,69859.0,14,1.95,4.0,0.0,6.0,14.0,14.889094594594596,65.08954,40.85706486486487,1.7145304444444445,0.0993320104664319,0.2093501866165018,0.1513413841768491,0.0504841358050209,15.153,65.5517,41.2202,1.82516,164,12,1,0,0,0,0,run_004
U000160,10577027,MODEL_B,BATCH_01,718845.0,51346.07142857143,8408.899200474236,36252.0,63342.0,14,1.95,4.0,0.0,5.0,14.0,14.90977894736842,65.15547272727272,40.94389210526316,1.711174090909091,0.0959872771915412,0.1893523580998405,0.1532121323641064,0.0554889591497843,15.1201,65.6553,41.2897,1.82622,164,12,1,0,0,0,0,run_004
U000161,10639821,MODEL_A,BATCH_02,680152.0,48582.28571428572,7441.925365310856,37565.0,62794.0,14,1.95,4.0,0.0,3.0,14.0,14.910348571428573,65.1622409090909,40.86147428571428,1.719668409090909,0.0939374459302529,0.1835758449406306,0.1475223519312521,0.0484631262821338,15.0861,65.5001,41.1736,1.83021,158,12,1,0,0,0,0,run_004
U000162,10729363,MODEL_A,BATCH_01,721209.0,51514.92857142857,13318.825713219649,33632.0,89542.0,14,1.875,4.0,0.0,4.0,14.0,14.894977777777775,65.17399761904763,40.84695555555555,1.7312426190476191,0.0978365929529185,0.1795473474997438,0.1287026016929726,0.0492541626845262,15.0839,65.6091,41.0658,1.83441,156,12,1,0,0,0,0,run_004
U000163,10797719,MODEL_A,BATCH_01,714613.0,51043.78571428572,10931.363537853058,33230.0,70985.0,14,1.875,4.0,0.0,5.0,14.0,14.88067837837838,65.2020909090909,40.88364324324324,1.7411470454545457,0.0838666240564778,0.1954377410151561,0.1665647580781539,0.0511253334818052,15.1019,65.5426,41.1774,1.83683,162,12,1,0,0,0,0,run_004
U000164,10868682,MODEL_A,BATCH_01,745608.0,53257.71428571428,15334.582502548694,29901.0,88844.0,14,1.95,4.0,0.0,5.0,14.0,14.909225,65.22846136363636,40.87373055555556,1.7332959090909092,0.1145239148450163,0.1581504762044004,0.1521282575788206,0.0510581331388002,15.1913,65.5532,41.173,1.88224,160,12,1,0,0,0,0,run_004
U000165,10926511,MODEL_B,BATCH_01,700996.0,50071.142857142855,8174.631065372007,39825.0,61611.0,14,1.925,4.0,0.0,2.0,14.0,14.8829,65.26254523809523,40.86836666666667,1.7344052380952382,0.0929038027823865,0.2063248199277887,0.1512719178924412,0.0469145272751855,15.0331,65.6612,41.1717,1.82772,156,12,1,0,0,0,0,run_004
U000166,10977127,MODEL_A,BATCH_01,714404.0,51028.857142857145,10316.410093089127,33471.0,69791.0,14,1.875,4.0,0.0,4.0,14.0,14.884881578947368,65.2653488888889,40.840507894736845,1.7489604444444444,0.1017232038034296,0.1837319708189339,0.1830006060860999,0.0474054295871626,15.1428,65.5971,41.1995,1.8666,166,12,1,0,0,0,0,run_004
U000167,11026042,MODEL_A,BATCH_01,690945.0,49353.21428571428,15158.992640463492,35300.0,92023.0,14,1.925,4.0,0.0,5.0,14.0,14.89999705882353,65.2949025,40.854482352941176,1.75124225,0.0848338893306566,0.2307385449972227,0.1628714206948071,0.0495912009610214,15.0488,65.7896,41.242,1.87423,148,12,1,0,0,0,0,run_004
U000168,11085602,MODEL_A,BATCH_02,675069.0,48219.21428571428,9097.67905464458,33085.0,63371.0,14,1.925,4.0,0.0,4.0,14.0,14.89558,65.376,40.89104285714286,1.756907906976744,0.0940288372537602,0.1841098662677878,0.159833141460849,0.0481033006271839,15.0649,65.7364,41.2062,1.89338,156,12,1,0,0,0,0,run_004
U000169,11150870,MODEL_A,BATCH_01,725364.0,51811.71428571428,11772.005485169344,30735.0,75403.0,14,2.0,4.0,0.0,5.0,14.0,14.887750000000002,65.38405454545455,40.81934722222222,1.7485588636363636,0.1085747234462449,0.1972653772171535,0.1154380909804312,0.0479312691167651,15.1207,65.7792,41.085,1.86991,160,12,1,0,0,0,0,run_004
U000170,11210741,MODEL_B,BATCH_01,725308.0,51807.71428571428,9854.358625100262,39185.0,69791.0,14,1.95,4.0,0.0,3.0,14.0,14.928575000000002,65.3463465116279,40.84903611111111,1.7499283720930234,0.0962269530848813,0.2212336314621317,0.1447135972538835,0.0453096050959781,15.1175,65.8136,41.2386,1.85984,158,12,1,0,0,0,0,run_004
U000171,11269923,MODEL_A,BATCH_01,706424.0,50458.857142857145,11294.9503207076,36066.0,73583.0,14,1.975,4.0,0.0,4.0,14.0,14.90474411764706,65.37865952380952,40.82837941176471,1.7767614285714286,0.1051570288755112,0.2100899726650512,0.1400270878110925,0.0559970498600717,15.1287,65.9258,41.1327,1.89269,152,12,1,0,0,0,0,run_004
U000172,11330298,MODEL_A,BATCH_01,703125.0,50223.21428571428,10276.653392547085,36497.0,69844.0,14,1.95,4.0,0.0,4.0,14.0,14.902402564102564,65.43088723404254,40.79440512820513,1.7473540425531917,0.0962685347490346,0.1655472421960117,0.1352372923278465,0.0496342022531086,15.1745,65.791,41.0293,1.85216,172,12,1,0,0,0,0,run_004
U000173,11403913,MODEL_A,BATCH_01,722672.0,51619.42857142857,11626.174856856309,35822.0,73615.0,14,2.025,4.0,0.0,5.0,14.0,14.940626470588237,65.46995813953488,40.81682352941176,1.7674965116279069,0.103674076444209,0.2072893574928298,0.1348384107194525,0.0521016306245016,15.183,65.9592,41.0679,1.85892,154,12,1,0,0,0,0,run_004
U000174,11475880,MODEL_A,BATCH_01,707525.0,50537.5,11137.409647393157,33310.0,71967.0,14,2.025,4.0,0.0,3.0,14.0,14.921548648648647,65.47581590909091,40.82074324324324,1.7807097727272727,0.0893640513779378,0.1973209626450148,0.1325777016204721,0.0502610785422101,15.104,65.8929,41.0405,1.88824,162,12,1,0,0,0,0,run_004
U000175,11525304,MODEL_B,BATCH_02,688711.0,49193.642857142855,9545.270480973551,37053.0,64413.0,14,2.0,4.0,0.0,3.0,14.0,14.902791666666666,65.56464772727273,40.75474444444445,1.774100227272727,0.1014540948268865,0.181129454526425,0.1484127207571497,0.0562168137758619,15.2125,66.0848,40.9863,1.89382,160,12,1,0,0,0,0,run_004
U000176,11598345,MODEL_A,BATCH_01,708035.0,50573.92857142857,12021.865268458429,33076.0,73041.0,14,2.0,4.0,0.0,3.0,14.0,14.892778378378376,65.5386976744186,40.79934054054054,1.7719816279069769,0.1262674237374676,0.1790147473153124,0.0985011011203527,0.0528625117383464,15.1429,65.892,40.9642,1.85382,160,12,1,0,0,0,0,run_004
U000177,11647068,MODEL_A,BATCH_01,694177.0,49584.07142857143,7257.319959496445,34581.0,61738.0,14,2.0,4.0,0.0,3.0,14.0,14.935475,65.60372222222222,40.76043333333334,1.773378,0.0835145030176541,0.2048358820760139,0.1417288114675354,0.0472302141642402,15.1323,66.2263,41.034,1.87779,162,12,1,0,0,0,0,run_004
U000178,11712975,MODEL_A,BATCH_01,668168.0,47726.28571428572,10245.028673823834,29963.0,65907.0,14,1.95,4.0,0.0,2.0,14.0,14.921422857142858,65.5722512195122,40.71602285714285,1.7886331707317074,0.1018997808856219,0.1738757057813869,0.1322506423551944,0.0459194344716387,15.1493,65.9691,40.9095,1.87758,152,12,1,0,0,0,0,run_004
U000179,11774162,MODEL_A,BATCH_01,709537.0,50681.21428571428,10173.16107123635,33607.0,69948.0,14,1.875,4.0,0.0,4.0,14.0,14.93244,65.56870697674418,40.747234285714285,1.8017613953488372,0.0842374347411215,0.2097238971729373,0.1453193237279178,0.0575827100199767,15.11,66.0444,40.9714,1.93081,156,12,1,0,0,0,0,run_004
U000180,11824976,MODEL_B,BATCH_01,705124.0,50366.0,12130.468974382711,33390.0,78876.0,14,1.9268292682926829,4.0,0.0,4.0,14.0,14.940783783783782,65.66745333333334,40.7548972972973,1.804922,0.0956097638944471,0.2214192645802841,0.1142216084015004,0.053451342852423,15.1265,66.1478,40.9868,1.93183,164,12,2,0,0,0,0,run_004
U000181,11895684,MODEL_A,BATCH_01,719932.0,51423.71428571428,11329.79558121363,33767.0,74350.0,14,1.95,4.0,0.0,2.0,14.0,14.93985294117647,65.65393953488372,40.737258823529416,1.7964465116279071,0.1037937063406824,0.2103194714391541,0.1835999869902416,0.0482533979007706,15.1597,66.0298,41.0416,1.88539,154,12,1,0,0,0,0,run_004
U000182,11952568,MODEL_A,BATCH_02,689326.0,49237.57142857143,9309.109696456442,35104.0,69880.0,14,1.975,4.0,0.0,5.0,14.0,14.934671875,65.7164675,40.720559375,1.8105265,0.0795573894476545,0.173470261084627,0.1552626616505808,0.0447314526267878,15.0916,66.0456,41.007,1.89938,144,12,1,0,0,0,0,run_004
U000183,12015316,MODEL_A,BATCH_01,752897.0,53778.357142857145,11631.816973001536,39822.0,81354.0,14,2.0,4.0,0.0,5.0,14.0,14.927288888888889,65.80441304347826,40.69459722222222,1.7967882608695651,0.0774545831080667,0.2132438975119512,0.163710384496721,0.0506369286985231,15.1025,66.367,41.066,1.89544,164,12,1,0,0,0,0,run_004
U000184,12084498,MODEL_A,BATCH_01,719018.0,51358.42857142857,9946.90321901001,35882.0,69182.0,14,1.95,4.0,0.0,4.0,14.0,14.94001891891892,65.78249130434783,40.72123243243243,1.8105715217391305,0.1084972192112615,0.2023736113957829,0.1500835971755117,0.0472412325066139,15.1606,66.1805,41.0368,1.92062,166,12,1,0,0,0,0,run_004
U000185,12142178,MODEL_B,BATCH_01,726908.0,51922.0,5948.029964747864,41490.0,62789.0,14,2.025,4.0,0.0,5.0,14.0,14.93664358974359,65.77102291666667,40.67695641025641,1.8060997916666668,0.1060820804225417,0.205022707864881,0.1723728834378223,0.0425897206402084,15.1341,66.1375,41.0745,1.89995,174,12,1,0,0,0,0,run_004
U000186,12208724,MODEL_A,BATCH_01,702802.0,50200.142857142855,10723.731274120984,35653.0,68988.0,14,1.925,4.0,0.0,2.0,14.0,14.918867567567569,65.78133488372093,40.704770270270274,1.8168162790697673,0.1028425605099963,0.2131100496878589,0.15767198522542,0.0543412749829943,15.1728,66.2884,40.9615,1.92239,160,12,1,0,0,0,0,run_004
U000187,12263206,MODEL_A,BATCH_01,701102.0,50078.71428571428,8578.911293923662,37624.0,62568.0,14,2.025,4.0,0.0,5.0,14.0,14.936394285714288,65.89093953488371,40.69311714285714,1.8301167441860464,0.0833051193358669,0.2129712434640747,0.1472343419932476,0.043637160262945,15.0919,66.3737,40.977,1.92408,156,12,1,0,0,0,0,run_004
U000188,12323908,MODEL_A,BATCH_01,731161.0,52225.78571428572,11209.013674982025,34875.0,70566.0,14,1.95,4.0,0.0,2.0,14.0,14.95555641025641,65.80722765957447,40.71561025641025,1.8396970212765955,0.1178727565391725,0.198669563654489,0.1489694348637212,0.0523666944401352,15.2275,66.3429,41.0192,1.93759,172,12,1,0,0,0,0,run_004
U000189,12401133,MODEL_A,BATCH_02,755842.0,53988.71428571428,13036.440137190422,34772.0,77895.0,14,2.025,4.0,0.0,5.0,14.0,14.964564864864863,65.87722222222222,39.16220270270271,2.0106433333333333,0.1004241012910751,0.2303219524224204,0.1536241942144793,0.0492659720755152,15.1801,66.311,39.5147,2.10321,164,12,1,0,0,0,1,run_004
U000190,12467637,MODEL_B,BATCH_01,720029.0,51430.642857142855,10821.821356778257,36952.0,66504.0,14,2.0,4.0,0.0,3.0,14.0,14.932705405405404,65.89506444444444,40.64044324324325,1.822145111111111,0.1073115840954793,0.2216225816722465,0.1626804340836156,0.0577449526571261,15.1159,66.2913,41.1163,1.92796,164,12,1,0,0,0,0,run_004
U000191,12554628,MODEL_A,BATCH_01,727318.0,51951.28571428572,13064.786615046693,35176.0,86991.0,14,2.05,4.0,0.0,4.0,14.0,14.97306842105263,65.9209,40.639755263157895,1.8246125,0.1075944038162519,0.1709358984980894,0.1596882041326719,0.050833075852061,15.1861,66.2309,40.9448,1.92472,164,12,1,0,0,0,0,run_004
U000192,12639427,MODEL_A,BATCH_01,731730.0,52266.42857142857,13376.256615098526,38068.0,84799.0,14,2.05,4.0,0.0,4.0,14.0,14.964722222222225,65.9651,40.66925833333333,1.839460238095238,0.0967804322344764,0.1980209079870124,0.1529922413999199,0.0601860040649633,15.1195,66.4264,40.9971,1.99139,156,12,1,0,0,0,0,run_004
U000193,12693315,MODEL_A,BATCH_01,687974.0,49141.0,8011.076092126836,32192.0,60343.0,14,2.073170731707317,4.0,0.0,4.0,14.0,14.953567647058822,65.99586341463414,40.681988235294114,1.843386829268293,0.1142490918221002,0.2220803252835532,0.1478303096914092,0.0555039116837283,15.2444,66.518,41.023,1.97497,150,12,2,0,0,0,0,run_004
U000194,12766412,MODEL_A,BATCH_01,745725.0,53266.07142857143,13558.665678985726,31648.0,81145.0,14,2.05,4.0,0.0,3.0,14.0,14.964513157894736,66.00647555555555,40.64993157894737,1.8404773333333333,0.0988482406877101,0.2017769033042946,0.1575324850330335,0.0471533494616717,15.1635,66.4559,41.0261,1.93011,166,12,1,0,0,0,0,run_004
U000195,12834654,MODEL_B,BATCH_01,726633.0,51902.357142857145,11428.621409609112,34936.0,69333.0,14,2.025,4.0,0.0,4.0,14.0,14.953817142857142,66.0115880952381,40.66988,1.843303095238095,0.1234322354828856,0.2053586383442997,0.1490268744022952,0.0550886369358883,15.209,66.3978,40.9334,1.96525,154,12,1,0,0,0,0,run_004
U000196,12884795,MODEL_A,BATCH_02,724492.0,51749.42857142857,11700.395113080487,36494.0,84342.0,14,2.048780487804878,4.0,0.0,5.0,14.0,14.983963888888889,66.07324186046512,40.34046666666667,1.8884618604651164,0.1067357917015599,0.1632155399822402,0.6174045397584047,0.0881301997656987,15.1456,66.3768,40.8488,2.1174,158,12,2,0,0,0,1,run_004
U000197,12947989,MODEL_A,BATCH_01,724055.0,51718.21428571428,7406.568832706976,38978.0,65523.0,14,2.05,4.0,0.0,5.0,14.0,14.972265714285715,66.1531840909091,40.59399714285714,1.8585445454545455,0.1141270704157461,0.1578758018531742,0.1507341006847622,0.048490693254961,15.2037,66.4244,40.9983,1.9659,158,12,1,0,0,0,0,run_004
U000198,13021984,MODEL_A,BATCH_01,697557.0,49825.5,12204.293064012669,32776.0,73995.0,14,2.05,4.0,0.0,3.0,14.0,14.960345945945944,66.15254782608696,40.670786486486485,1.8675689130434785,0.1054220765267843,0.1869451966505821,0.119606377947188,0.0503647444251878,15.1916,66.539,41.0175,1.98329,166,12,1,0,0,0,0,run_004
U000199,13073664,MODEL_A,BATCH_01,711035.0,50788.21428571428,8330.788171951925,40880.0,69638.0,14,2.075,4.0,0.0,3.0,14.0,14.990733333333331,66.1935,40.57370512820513,1.8609840425531916,0.1007346810433842,0.1675825247712168,0.1478092493165954,0.0493479398124914,15.2237,66.5404,40.8493,1.96126,172,12,1,0,0,0,0,run_004
U000200,13159566,MODEL_B,BATCH_01,762609.0,54472.07142857143,13822.804599447443,36063.0,85902.0,14,2.0,4.0,0.0,3.0,14.0,14.989589473684212,66.21661999999999,40.61560263157895,1.8650242222222224,0.0990932942599199,0.2401293530200298,0.1255309232643097,0.052407022841708,15.1931,66.6871,40.9031,1.97041,166,12,1,0,0,0,0,run_004
U000201,13219173,MODEL_A,BATCH_01,693286.0,49520.42857142857,10113.622311701,33522.0,67457.0,14,2.0,4.0,0.0,4.0,14.0,14.954085294117649,66.19038571428571,40.5908,1.8700214285714285,0.1131599809664844,0.2194668946327036,0.1457545903430159,0.0541851546842242,15.2358,66.6032,40.8267,1.97777,152,12,1,0,0,0,0,run_004
U000202,13298588,MODEL_A,BATCH_01,765005.0,54643.21428571428,14261.582807715233,33912.0,79415.0,14,2.0,4.0,0.0,4.0,14.0,14.97294358974359,66.26994893617022,40.588287179487175,1.8788965957446808,0.1035236250556819,0.1802608687820551,0.1411288403132094,0.048805862944162,15.1666,66.6723,40.8443,1.98545,172,12,1,0,0,0,0,run_004
U000203,13353712,MODEL_A,BATCH_02,689697.0,49264.07142857143,6195.717273485534,40945.0,61385.0,14,1.951219512195122,4.0,0.0,4.0,14.0,14.991927272727274,66.22061951219513,40.56739393939394,1.8773246341463417,0.0951975914635163,0.2073377332029952,0.1719600388524056,0.0518124185933045,15.1904,66.6132,40.9126,1.9772,148,12,2,0,0,0,0,run_004
U000204,13411445,MODEL_A,BATCH_01,754869.0,53919.21428571428,12872.47958409168,37802.0,76731.0,14,2.05,4.0,0.0,4.0,14.0,14.97320487804878,66.27991224489796,39.04919268292683,2.0576675510204083,0.0840922260117407,0.1657224218292142,0.1403973920524236,0.048745482719368,15.1779,66.5832,39.3863,2.15006,180,12,1,1,1,0,1,run_004
U000205,13457353,MODEL_B,BATCH_01,677669.0,48404.92857142857,8245.425402696246,37522.0,59433.0,14,2.0,4.0,0.0,1.0,14.0,14.98699705882353,66.302825,40.59994117647059,1.8816595,0.0916755328559411,0.172888224970164,0.151886137811126,0.0480631986168424,15.2114,66.7055,40.9175,2.00571,148,12,2,0,0,0,0,run_004
U000206,13502851,MODEL_A,BATCH_01,684559.0,48897.07142857143,9473.00488809597,31673.0,69471.0,14,2.0,4.0,0.0,2.0,14.0,14.996864864864865,66.31514772727273,40.588124324324326,1.8811445454545457,0.0988601290719372,0.2219853865802426,0.1401238428545836,0.0551733855394211,15.1981,66.761,40.9388,2.03416,162,12,2,0,0,0,0,run_004
U000207,13544675,MODEL_A,BATCH_01,711749.0,50839.21428571428,8289.829488629392,41717.0,65548.0,14,2.024390243902439,4.0,0.0,3.0,14.0,14.99498108108108,66.40766,40.51942702702703,1.899610888888889,0.1255700376457473,0.2263979886675845,0.1516153899558741,0.0438254985358887,15.1834,66.9904,40.8584,2.0088,164,12,2,0,0,0,0,run_004
U000208,13601425,MODEL_A,BATCH_01,688923.0,49208.78571428572,8554.064847316035,35909.0,60291.0,14,2.025,4.0,0.0,3.0,14.0,15.000177142857144,66.34146666666666,40.56219142857143,1.9041473809523812,0.1031275055616167,0.1698815378743946,0.1526484048806435,0.0530850713964709,15.2259,66.7113,40.8652,2.00142,154,12,1,0,0,0,0,run_004
U000209,13665505,MODEL_A,BATCH_01,714517.0,51036.92857142857,10423.374032686092,29438.0,64528.0,14,2.025,4.0,0.0,3.0,14.0,14.98923076923077,66.44928085106383,40.54908205128205,1.9037340425531917,0.1050518973346183,0.2012946041721556,0.1346119449454508,0.0504059848784186,15.1815,66.8826,40.9313,2.03336,172,12,1,0,0,0,0,run_004
U000210,13726980,MODEL_B,BATCH_02,688013.0,49143.78571428572,9753.559974764015,35919.0,65578.0,14,2.025,4.0,0.0,2.0,14.0,14.99075,66.4408575,39.60663125,2.0227325,0.1115363617839493,0.2082204513311912,0.7693672999405027,0.096468952937042,15.2124,67.0574,40.7737,2.16892,144,12,1,1,1,0,1,run_004
U000211,13793426,MODEL_A,BATCH_01,711537.0,50824.07142857143,7987.4951061912125,41826.0,66446.0,14,1.975,4.0,0.0,3.0,14.0,15.003164864864866,66.41482272727272,40.5012027027027,1.900649318181818,0.0896413508755126,0.2218884570644352,0.1429205130415083,0.0480488232509744,15.1635,66.8872,40.8482,2.01001,162,12,1,0,0,0,0,run_004
U000212,13881111,MODEL_A,BATCH_01,747164.0,53368.857142857145,11531.981515348074,40942.0,87685.0,14,2.0,4.0,0.0,4.0,14.0,15.011554054054054,66.49471136363637,40.54187837837838,1.9132586363636364,0.1156836457148802,0.1777863353316415,0.1603542227125361,0.056088227989726,15.2128,66.8537,40.8921,1.99802,162,12,1,0,0,0,0,run_004
U000213,13932090,MODEL_A,BATCH_01,682831.0,48773.642857142855,10693.386105490576,31455.0,65874.0,14,1.975,4.0,0.0,3.0,14.0,15.015997297297298,66.54112888888889,40.50374054054054,1.91453,0.1001007533729183,0.2069847497920242,0.1426906861779064,0.050259730265528,15.2065,67.0432,40.8247,2.03622,164,12,1,0,0,0,0,run_004
U000214,13992552,MODEL_A,BATCH_01,700144.0,50010.28571428572,11605.018128303022,34248.0,71472.0,14,2.025,4.0,0.0,4.0,14.0,15.003217647058824,66.53348780487805,40.52984411764706,1.9089275609756096,0.1028256113320558,0.1700913331053671,0.1510355771677993,0.0475438136238821,15.2372,66.938,40.8341,2.03763,150,12,1,0,0,0,0,run_004
U000215,14049190,MODEL_B,BATCH_01,711897.0,50849.78571428572,9350.97939073411,37733.0,64523.0,14,2.025,4.0,0.0,2.0,14.0,14.998375675675677,66.56461333333333,40.504132432432435,1.9149357777777776,0.0779668996911348,0.1764227355993659,0.1440440462228552,0.0511984733654187,15.1558,66.8905,40.7297,2.02868,164,12,1,0,0,0,0,run_004
U000216,14132766,MODEL_A,BATCH_01,731779.0,52269.92857142857,11086.732052768755,37931.0,83576.0,14,2.075,4.0,0.0,3.0,14.0,15.02699411764706,66.58578095238096,40.476,1.928045714285714,0.0933914049032561,0.2273612836145924,0.1321566288365974,0.0515931589406711,15.2111,67.0873,40.7985,2.0175,152,12,1,0,0,0,0,run_004
U000217,14208700,MODEL_A,BATCH_02,735355.0,52525.357142857145,11499.6154156907,33943.0,75934.0,14,2.025,4.0,0.0,3.0,14.0,15.015588888888889,66.63285952380953,39.84284722222222,1.9986680952380955,0.1167874351797871,0.1713339287794108,0.7699417308142299,0.0917105947609399,15.3208,66.9775,40.7831,2.16513,156,12,1,1,1,0,1,run_004
U000218,14287137,MODEL_A,BATCH_01,736536.0,52609.71428571428,11897.458632501644,38601.0,78437.0,14,2.0,4.0,0.0,3.0,14.0,15.006432432432431,66.5667340909091,40.461886486486485,1.9207959090909092,0.1131022277363223,0.214610884163595,0.1462811565334257,0.0552050138992777,15.2341,67.0432,40.7766,2.03079,162,12,1,0,0,0,0,run_004
U000219,14348647,MODEL_A,BATCH_01,693084.0,49506.0,7489.478969245407,38208.0,61915.0,14,2.0,4.0,0.0,2.0,14.0,14.991957575757576,66.6494525,40.47552121212121,1.92550875,0.1114243269844578,0.2198166228607365,0.1566319945716219,0.0506684677743718,15.187,67.059,40.7662,2.03987,146,12,1,0,0,0,0,run_004
U000220,14395437,MODEL_B,BATCH_01,694005.0,49571.78571428572,10394.199419192131,32257.0,72953.0,14,2.0,4.0,0.0,4.0,14.0,15.028694444444444,66.68935454545455,40.48291666666667,1.9435,0.096205693162231,0.2272573241376514,0.1481448277868635,0.0438086106010074,15.184,67.1531,40.8135,2.03491,160,12,2,0,0,0,0,run_004
U000221,14458024,MODEL_A,BATCH_01,738688.0,52763.42857142857,11312.377745802878,33955.0,70173.0,14,2.1,4.0,0.0,5.0,14.0,15.041044736842103,66.69267608695652,40.464294736842106,1.9385560869565217,0.0976420398420856,0.2032710606115021,0.1508557588279295,0.0397012407014782,15.248,67.149,40.8086,2.04345,168,12,1,0,0,0,0,run_004
U000222,14516867,MODEL_A,BATCH_01,708275.0,50591.07142857143,10144.265378598322,34756.0,65200.0,14,2.025,4.0,0.0,2.0,14.0,15.040133333333332,66.70094186046512,40.42778055555556,1.9464583720930233,0.1062794671743189,0.177524759148527,0.1498175458338639,0.0448433368161941,15.2613,67.0605,40.7388,2.02752,158,12,1,0,0,0,0,run_004
U000223,14600525,MODEL_A,BATCH_01,753401.0,53814.357142857145,12294.939657043042,34777.0,83658.0,14,2.075,4.0,0.0,4.0,14.0,15.0081575,66.78941458333334,40.1860525,1.9831995833333331,0.106456115642514,0.2076871142906473,0.5290960985795016,0.0932015976476692,15.2511,67.0788,40.6311,2.27669,176,12,1,0,0,0,1,run_004
U000224,14661026,MODEL_A,BATCH_02,698964.0,49926.0,9913.449644102391,36405.0,65109.0,14,2.05,4.0,0.0,3.0,14.0,15.030324242424244,66.79611904761904,40.46141818181818,1.967972619047619,0.0968618992119157,0.1768256992663176,0.1329429352545324,0.0522129493824778,15.1874,67.1469,40.7757,2.09844,150,12,1,0,0,0,0,run_004
U000225,14733751,MODEL_B,BATCH_01,717920.0,51280.0,10937.36259166434,33639.0,72725.0,14,2.075,4.0,0.0,4.0,14.0,15.024716666666668,66.8420159090909,40.43875277777778,1.9612922727272728,0.1180648937781979,0.1685508727884812,0.152239173644838,0.0430774634795372,15.2691,67.1324,40.7192,2.03895,160,12,1,0,0,0,0,run_004
U000226,14797568,MODEL_A,BATCH_01,712393.0,50885.21428571428,10732.695304023637,32811.0,70498.0,14,2.075,4.0,0.0,3.0,14.0,15.018827027027026,66.82363333333333,40.422175675675675,1.9641802222222224,0.1079905773889779,0.1877400233398215,0.1486746231155762,0.0427518944550408,15.1822,67.2807,40.7413,2.0727,164,12,1,0,0,0,0,run_004
U000227,14852443,MODEL_A,BATCH_01,727298.0,51949.857142857145,9763.182621517377,34622.0,73395.0,14,2.15,4.0,0.0,3.0,14.0,15.020958536585365,66.87828333333333,40.35075853658537,1.9627008333333336,0.07584679616045,0.2122537505202875,0.1298582669213051,0.0495173361360865,15.1862,67.3392,40.552,2.08372,178,12,1,0,0,0,0,run_004
U000228,14903930,MODEL_A,BATCH_01,685655.0,48975.357142857145,8768.182897509372,37779.0,65923.0,14,2.097560975609756,4.0,0.0,0.0,14.0,15.089817142857145,66.91665714285715,40.39608571428572,1.970102619047619,0.1027364832549595,0.2047417053835033,0.1384041931166426,0.0562663581876861,15.2717,67.3679,40.7045,2.08736,154,12,2,0,0,0,0,run_004
U000229,14965126,MODEL_A,BATCH_01,710732.0,50766.57142857143,9404.41631701491,37186.0,63805.0,14,2.025,4.0,0.0,4.0,14.0,15.042863888888888,66.9289534883721,40.39889166666667,1.9652153488372093,0.093810207037638,0.1912712451303979,0.17375311939646,0.048820213190305,15.2087,67.3674,40.7094,2.07943,158,12,1,0,0,0,0,run_004
U000230,15031614,MODEL_B,BATCH_01,707393.0,50528.07142857143,13108.487793230566,29078.0,70291.0,14,2.05,4.0,0.0,5.0,14.0,15.097705405405405,66.96542045454545,39.73397567567567,2.0747240909090907,0.0983669630232346,0.2239988564957798,0.8053556703598603,0.1037363637733738,15.3056,67.5159,40.7161,2.26364,162,12,1,1,1,0,0,run_004
U000231,15095791,MODEL_A,BATCH_02,749807.0,53557.642857142855,12387.064435296032,35260.0,73985.0,14,2.05,4.0,0.0,4.0,14.0,15.043786842105265,66.94009333333334,40.40527368421053,1.9774382222222224,0.0885599115305495,0.2393309921806621,0.1728568735926396,0.04614773845975,15.2794,67.4915,40.8169,2.07009,166,12,1,0,0,0,0,run_004
U000232,15152642,MODEL_A,BATCH_01,718550.0,51325.0,10155.460107744995,35642.0,73823.0,14,2.05,4.0,0.0,3.0,14.0,15.06285,67.01440930232557,39.47891944444444,2.0869497674418604,0.1027794935077731,0.2335623714128139,0.7601969762857282,0.1017934208859244,15.263,67.6293,40.6303,2.24644,158,12,1,0,0,0,1,run_004
U000233,15213489,MODEL_A,BATCH_01,713408.0,50957.71428571428,11569.812274446547,34897.0,70934.0,14,2.075,4.0,0.0,4.0,14.0,15.082,67.03231041666668,40.36958,1.98304125,0.0897101915143335,0.1964473544761391,0.1137908634969629,0.050262651403043,15.3078,67.4911,40.6791,2.09893,176,12,1,0,0,0,0,run_004
U000234,15272134,MODEL_A,BATCH_01,677026.0,48359.0,12052.350795272583,30635.0,70023.0,14,2.025,4.0,0.0,2.0,14.0,15.045584848484848,67.08290731707316,40.37117575757576,1.996320243902439,0.0943682915536654,0.204686537649944,0.1318448354845185,0.0471396462909833,15.2526,67.5513,40.6373,2.10221,148,12,1,0,0,0,0,run_004
U000235,15343284,MODEL_B,BATCH_01,718863.0,51347.357142857145,10531.099567158531,36632.0,72574.0,14,2.025,4.0,0.0,4.0,14.0,15.06115789473684,67.00148260869565,40.367105263157896,1.9799634782608695,0.1023251854854769,0.190831730769806,0.16991975999399,0.042275642959426,15.2954,67.4145,40.7875,2.08531,168,12,1,0,0,0,0,run_004
U000236,15410908,MODEL_A,BATCH_01,721486.0,51534.71428571428,10943.739498899826,38546.0,71106.0,14,2.025,4.0,0.0,5.0,14.0,15.104017647058823,67.09256190476191,40.39484705882353,1.991937857142857,0.1114612216045051,0.1829716784060371,0.1437107664200082,0.0479750051048289,15.3762,67.486,40.7453,2.11665,152,12,1,0,0,0,0,run_004
U000237,15466471,MODEL_A,BATCH_01,721525.0,51537.5,10748.55366835643,37055.0,69085.0,14,1.975,4.0,0.0,4.0,14.0,15.064669444444442,67.11303181818181,40.337786111111114,2.003773181818182,0.1057655056364768,0.1675260504181684,0.1264486437881926,0.0570802806243296,15.336,67.5122,40.6239,2.09226,160,12,1,0,0,0,1,run_004
U000238,15515686,MODEL_A,BATCH_02,711900.0,50850.0,10077.241472362746,33541.0,66009.0,14,2.0,4.0,0.0,5.0,14.0,15.07173157894737,67.13614565217392,40.328486842105264,2.0050156521739133,0.1162455023373196,0.2078884569576462,0.1323380155614079,0.0437329552652446,15.2924,67.6128,40.6524,2.0819,168,12,1,0,0,0,0,run_004
U000239,15568925,MODEL_A,BATCH_01,734354.0,52453.857142857145,12039.473537283307,37648.0,86875.0,14,2.0,4.0,0.0,4.0,14.0,15.067872222222222,67.25502045454544,40.34974444444444,2.00607,0.0999983474466626,0.2331925230956069,0.1123741415208133,0.0479136215520445,15.2954,67.7023,40.5296,2.10871,160,12,1,0,0,0,0,run_004
U000240,15629880,MODEL_B,BATCH_01,743188.0,53084.857142857145,14942.655354887398,35878.0,95597.0,14,2.125,4.0,0.0,4.0,14.0,15.050535135135137,67.21621555555555,40.34578648648649,2.0078542222222224,0.1098200022668821,0.206756520129744,0.1415009111909462,0.046156148831434,15.24,67.6806,40.6454,2.11008,164,12,1,0,0,0,0,run_004
U000241,15684732,MODEL_A,BATCH_01,674178.0,48155.57142857143,7922.122624595057,36261.0,65838.0,14,2.05,4.0,0.0,0.0,14.0,15.050179411764706,67.23770731707317,40.32350588235294,2.0149141463414635,0.0948069322980373,0.1947868968773883,0.1814806809004945,0.0468844989295828,15.1834,67.7167,40.6912,2.11336,150,12,1,0,0,0,0,run_004
U000242,15751169,MODEL_A,BATCH_01,695558.0,49682.71428571428,10124.845802651638,33175.0,66547.0,14,2.025,4.0,0.0,3.0,14.0,15.058458823529412,67.25715238095238,40.3109,2.009825476190476,0.0900132418462133,0.1713237147568727,0.1432451003974628,0.0565326184368695,15.2483,67.4953,40.5799,2.09785,152,12,1,0,0,0,0,run_004
U000243,15799284,MODEL_A,BATCH_01,680520.0,48608.57142857143,10427.65616938021,28242.0,67171.0,14,2.05,4.0,0.0,4.0,14.0,15.102057575757575,67.36433170731708,40.32967878787879,2.015325121951219,0.1142794656486432,0.1976474025114232,0.1234628480494617,0.0517120900332769,15.38,67.8036,40.563,2.12565,148,12,1,0,0,0,0,run_004
U000244,15881709,MODEL_A,BATCH_01,733861.0,52418.642857142855,13240.371070835085,30611.0,82425.0,14,2.0,4.0,0.0,1.0,14.0,15.087136842105265,67.30035208333334,40.25293157894737,2.0193025,0.0998886499546277,0.2066495862200762,0.1511344060945349,0.0497746380561127,15.327,67.7963,40.5606,2.11764,172,12,1,0,0,0,0,run_004
U000245,15943990,MODEL_B,BATCH_02,701128.0,50080.57142857143,8880.15960281281,33090.0,62281.0,14,2.025,4.0,0.0,2.0,14.0,15.07457027027027,67.33722045454546,40.30094594594595,2.020913181818182,0.0922689271907123,0.1927605148455219,0.1420287971476888,0.0481786642816732,15.2655,67.8359,40.6359,2.11039,162,12,1,0,0,0,0,run_004
U000246,16013419,MODEL_A,BATCH_01,747101.0,53364.357142857145,12449.966009265574,35253.0,73117.0,14,2.025,4.0,0.0,2.0,14.0,15.08832307692308,67.34245652173914,40.32446923076923,2.0213626086956524,0.0904077036236063,0.187259333726341,0.1689958519482315,0.0400092096861477,15.2373,67.7067,40.7094,2.12358,170,12,1,0,0,0,0,run_004
U000247,16085649,MODEL_A,BATCH_01,695413.0,49672.357142857145,9990.582916751331,34953.0,72230.0,14,2.025,4.0,0.0,3.0,14.0,15.116770588235294,67.33083414634146,40.33056764705882,2.029269024390244,0.0958360706731434,0.1921846177634357,0.180487328054451,0.0498944223237867,15.3001,67.8359,40.7826,2.12161,150,12,1,0,0,0,0,run_004
U000248,16148144,MODEL_A,BATCH_01,714523.0,51037.357142857145,11169.345023198664,33965.0,65658.0,14,2.025,4.0,0.0,2.0,14.0,15.10128378378378,67.4000909090909,40.24827567567568,2.0409343181818183,0.1067773111394656,0.2524238377588806,0.191238648763216,0.0480084083428865,15.2996,68.1044,40.7436,2.19748,162,12,1,0,0,0,0,run_004
U000249,16207121,MODEL_A,BATCH_01,693047.0,49503.357142857145,8028.24914916689,36580.0,61640.0,14,2.025,4.0,0.0,2.0,14.0,15.064136111111113,67.45646279069767,40.29613888888889,2.03024511627907,0.1062005492393055,0.2159716549118438,0.1218753679033931,0.0519596294467931,15.2548,67.9791,40.5722,2.15398,158,12,1,0,0,0,1,run_004
U000250,16258104,MODEL_B,BATCH_01,658825.0,47058.92857142857,6795.304594568741,33665.0,58662.0,14,1.975609756097561,4.0,0.0,2.0,14.0,15.06040606060606,67.51416904761905,40.27179696969697,2.041639761904762,0.1030909032704688,0.1888699507250302,0.1511756790228852,0.053113661257129,15.272,67.884,40.5871,2.19513,150,12,2,0,0,0,0,run_004
U000251,16328020,MODEL_A,BATCH_01,706253.0,50446.642857142855,11448.095619978718,36460.0,72146.0,14,2.025,4.0,0.0,3.0,14.0,15.089944444444445,67.49304545454545,40.29356388888888,2.054643863636364,0.1122105099341528,0.1915647931611078,0.1408494376534819,0.0499142228048632,15.2685,67.8295,40.5299,2.14593,160,12,1,0,0,0,0,run_004
U000252,16387583,MODEL_A,BATCH_02,709547.0,50681.92857142857,10909.737784794235,34041.0,70602.0,14,2.025,4.0,0.0,3.0,14.0,15.09984,67.53246904761905,40.27076857142857,2.0637509523809525,0.1022786165909803,0.1951928820774643,0.1538348728372091,0.0587908040266097,15.286,67.9762,40.7177,2.19941,154,12,1,0,0,0,0,run_004
U000253,16454521,MODEL_A,BATCH_01,708805.0,50628.92857142857,10472.171609808289,36866.0,70162.0,14,2.025,4.0,0.0,3.0,14.0,15.086505555555554,67.53383255813954,40.241997222222224,2.0484655813953485,0.0810081157995719,0.181607568440111,0.1577483121686679,0.0492441481320285,15.223,67.9288,40.6312,2.14146,158,12,1,0,0,0,0,run_004
U000254,16521866,MODEL_A,BATCH_01,764033.0,54573.78571428572,10580.041240130266,42851.0,82408.0,14,2.1,4.0,0.0,4.0,14.0,15.09677222222222,67.5535488888889,40.254127777777775,2.0729166666666665,0.0816441253633668,0.1931143345065799,0.151248589341448,0.0472770794937097,15.2546,67.8963,40.5419,2.15802,162,12,1,0,0,0,0,run_004
U000255,16577112,MODEL_B,BATCH_01,712713.0,50908.07142857143,11611.705410187044,35476.0,72860.0,14,2.05,4.0,0.0,1.0,14.0,15.109441666666664,67.60167142857142,40.213211111111114,2.065762142857143,0.1135289903190247,0.2237685915815631,0.1126426023892201,0.04905371757055,15.2866,68.0196,40.4361,2.15296,156,12,1,0,0,0,0,run_004
U000256,16620147,MODEL_A,BATCH_01,679372.0,48526.57142857143,11120.98414788828,32090.0,72252.0,14,2.024390243902439,4.0,0.0,4.0,14.0,15.11353783783784,67.6320090909091,40.20862972972973,2.0620322727272726,0.0812318880713714,0.1575356583011092,0.1303720229549616,0.0570487224186335,15.2697,67.8793,40.5432,2.18572,162,12,2,0,0,0,0,run_004
U000257,16668440,MODEL_A,BATCH_01,681115.0,48651.07142857143,8675.912405702848,33898.0,64705.0,14,2.025,4.0,0.0,4.0,14.0,15.113547222222223,67.73615714285714,39.27132222222222,2.1864340476190476,0.1053184598826978,0.2258140224888969,0.7741278997726085,0.1046648361072785,15.3679,68.1104,40.466,2.36051,156,12,1,0,0,0,1,run_004
U000258,16725555,MODEL_A,BATCH_01,712282.0,50877.28571428572,7972.224093000082,35944.0,62642.0,14,2.025,4.0,0.0,4.0,14.0,15.105138888888888,67.70697111111112,40.20630833333334,2.060659333333333,0.1045477506153538,0.1948201998839631,0.1650706210340642,0.0428974325042251,15.3343,68.1142,40.5695,2.14595,162,12,1,0,0,0,0,run_004
U000259,16813260,MODEL_A,BATCH_02,746818.0,53344.142857142855,13433.879254488476,32522.0,87705.0,14,2.125,4.0,0.0,4.0,14.0,15.106845945945944,67.73082790697674,40.2041945945946,2.075008604651163,0.116869667661114,0.1984581115999033,0.1672276806996758,0.0451884269097527,15.3183,68.0925,40.6319,2.1712,160,12,1,0,0,0,0,run_004
U000260,16872771,MODEL_B,BATCH_01,681290.0,48663.57142857143,8839.911874902597,37553.0,62353.0,14,2.025,4.0,0.0,0.0,14.0,15.140879411764706,67.7377023255814,40.17930882352942,2.086104418604651,0.0921542573028366,0.1967788648740749,0.1713342725495666,0.0431321329395595,15.2921,68.1738,40.5469,2.15097,154,12,1,0,0,0,0,run_004
U000261,16927108,MODEL_A,BATCH_01,719844.0,51417.42857142857,9553.041527052126,31419.0,65975.0,14,2.075,4.0,0.0,3.0,14.0,15.12478108108108,67.73461111111111,40.16856756756757,2.0680564444444443,0.0804699662325357,0.180657054843275,0.1647208177730073,0.0436073863194775,15.3075,68.1206,40.444,2.16038,164,12,1,0,0,0,0,run_004
U000262,16988586,MODEL_A,BATCH_01,727228.0,51944.857142857145,11824.89127520121,33865.0,71553.0,14,2.025,4.0,0.0,1.0,14.0,15.132986486486486,67.75781818181818,40.17207567567568,2.097909090909091,0.096458955468583,0.1788907686371612,0.1814537076033527,0.0424700765693387,15.3567,68.2628,40.6677,2.18131,162,12,1,0,0,0,0,run_004
U000263,17071338,MODEL_A,BATCH_01,739136.0,52795.42857142857,11659.88839974489,34413.0,82752.0,14,2.075,4.0,0.0,2.0,14.0,15.129684615384614,67.83710851063829,40.12046410256411,2.096965319148936,0.1003845934353987,0.1788103790755044,0.1585916993367415,0.0491080918618202,15.3659,68.314,40.4627,2.20669,172,12,1,0,0,0,0,run_004
U000264,17150263,MODEL_A,BATCH_01,730305.0,52164.642857142855,12758.64072581126,37040.0,78925.0,14,2.025,4.0,0.0,0.0,14.0,15.094897058823529,67.85466590909091,40.07492647058824,2.1048281818181818,0.0908398040018105,0.1933130632903237,0.1428290508367383,0.0443493417414104,15.3257,68.1673,40.414,2.19716,156,12,1,0,0,0,0,run_004
U000265,17197539,MODEL_B,BATCH_01,694682.0,49620.142857142855,10276.87338607451,35257.0,72333.0,14,2.025,4.0,0.0,2.0,14.0,15.125646153846157,67.87652045454546,40.12040256410256,2.0976175,0.1019149977242485,0.152582233382443,0.1559060133325608,0.0461755975081271,15.3452,68.2163,40.3729,2.19575,166,12,1,0,0,0,0,run_004
U000266,17256355,MODEL_A,BATCH_02,714156.0,51011.142857142855,9566.20247664536,34587.0,63616.0,14,2.025,4.0,0.0,3.0,14.0,15.12412162162162,67.85825555555556,40.15922972972973,2.110494222222222,0.0894739103349719,0.1798758493006123,0.1674548046237893,0.0500402393756033,15.3317,68.2835,40.472,2.20814,164,12,1,0,0,0,0,run_004
U000267,17318190,MODEL_A,BATCH_01,729813.0,52129.5,10608.41580103704,27979.0,67663.0,14,2.075,4.0,0.0,3.0,14.0,15.163225,67.91353863636363,40.165419444444446,2.1087688636363637,0.1133182355139717,0.215560249189537,0.1132245577083624,0.0449255735021001,15.4469,68.3894,40.3947,2.23352,160,12,1,0,0,0,0,run_004
U000268,17403552,MODEL_A,BATCH_01,720831.0,51487.92857142857,14108.696327847892,32511.0,85362.0,14,2.125,4.0,0.0,2.0,14.0,15.13541891891892,67.97924545454545,40.14555945945946,2.103968863636364,0.1015568610238668,0.2028073314744529,0.1694385736934048,0.0537115674266059,15.3864,68.5884,40.4971,2.21155,162,12,1,0,0,0,0,run_004
U000269,17456756,MODEL_A,BATCH_01,678254.0,48446.71428571428,8330.255259073318,34072.0,63754.0,14,2.075,4.0,0.0,2.0,14.0,15.148855555555556,67.99188604651162,40.085947222222224,2.1216411627906977,0.1001612940481343,0.2199369266526793,0.114510145492156,0.053621007441971,15.326,68.5376,40.3195,2.22131,158,12,1,0,0,0,0,run_004
U000270,17509348,MODEL_B,BATCH_01,686271.0,49019.357142857145,9050.211494402029,31900.0,64549.0,14,2.05,4.0,0.0,4.0,14.0,15.137726470588234,67.96956428571428,40.08213235294118,2.1121559523809523,0.1068853004855817,0.2074852540413434,0.1056626872033034,0.0539503576271301,15.3937,68.4621,40.3308,2.21877,152,12,1,0,0,0,0,run_004
U000271,17556691,MODEL_A,BATCH_01,704003.0,50285.92857142857,8309.953387486466,35997.0,63877.0,14,2.075,4.0,0.0,4.0,14.0,15.139835135135137,68.04840444444444,40.06894594594594,2.1207053333333334,0.1081351577533519,0.1886225366795672,0.1337261226757349,0.0468063568720784,15.4083,68.4071,40.3031,2.21433,164,12,1,0,0,0,0,run_004
U000272,17628060,MODEL_A,BATCH_01,681862.0,48704.42857142857,10456.196085165417,31934.0,71369.0,14,2.075,4.0,0.0,3.0,14.0,15.162947222222222,68.02195853658537,40.06911388888889,2.1300292682926827,0.0971081355606393,0.1996261605797323,0.1437573355202199,0.0584423788611588,15.3743,68.4227,40.3557,2.28436,154,12,1,0,0,0,0,run_004
U000273,17683089,MODEL_A,BATCH_02,689517.0,49251.21428571428,8368.116074891477,35277.0,63236.0,14,2.075,4.0,0.0,4.0,14.0,15.15652,68.04079999999999,40.143728571428575,2.132842093023256,0.0819273020642653,0.2290689249569907,0.1004554527300207,0.0603016097296842,15.3259,68.4507,40.3326,2.26402,156,12,1,0,0,0,1,run_004
U000274,17739419,MODEL_A,BATCH_01,717264.0,51233.142857142855,9051.84482562824,35766.0,66991.0,14,2.075,4.0,0.0,3.0,14.0,15.197751282051282,68.11616304347827,40.083712820512815,2.138734565217391,0.1128141132263601,0.192461391636171,0.1495016989508947,0.0558624700773255,15.3919,68.6911,40.3304,2.24965,170,12,1,0,0,0,0,run_004
U000275,17825144,MODEL_B,BATCH_01,751889.0,53706.357142857145,15675.4119641958,36332.0,85953.0,14,2.05,4.0,0.0,3.0,14.0,15.16708125,68.05065897435897,40.035378125,2.146477435897436,0.0982751976635326,0.2395238508264077,0.1692852826603738,0.0505575235547509,15.3582,68.6482,40.3821,2.23592,142,12,1,0,0,0,0,run_004
U000276,17876181,MODEL_A,BATCH_01,754213.0,53872.357142857145,11362.815913233038,34955.0,72852.0,14,2.1,4.0,0.0,4.0,14.0,15.137878378378378,68.13074888888889,40.06115135135135,2.1345884444444443,0.101957562345907,0.1791647675163596,0.1667334160029491,0.0598251639801557,15.3227,68.5094,40.4491,2.25494,164,12,1,0,0,0,0,run_004
U000277,17925504,MODEL_A,BATCH_01,700690.0,50049.28571428572,8329.226286244872,35587.0,60669.0,14,2.075,4.0,0.0,1.0,14.0,15.176048648648647,68.22425111111112,40.07269189189189,2.1410166666666663,0.1084247655740594,0.172055136012507,0.152786392970307,0.0443872735651274,15.4528,68.9456,40.4837,2.22917,164,12,1,0,0,0,0,run_004
U000278,18002836,MODEL_A,BATCH_01,704000.0,50285.71428571428,11588.614275881511,34471.0,77332.0,14,2.1,4.0,0.0,2.0,14.0,15.16938,68.24363255813954,40.06373428571429,2.146086046511628,0.0967366887027692,0.2061375231211882,0.1832130485059888,0.0546351320401571,15.3316,68.7904,40.4618,2.27324,156,12,1,0,0,0,1,run_004
U000279,18065027,MODEL_A,BATCH_01,704782.0,50341.57142857143,8848.579040329978,33073.0,63451.0,14,2.15,4.0,0.0,2.0,14.0,15.173913888888888,68.22306428571429,40.08981111111111,2.144358095238095,0.1020211943044266,0.1904569445249229,0.1461258748531125,0.0456756036839486,15.4573,68.6914,40.4166,2.25229,156,12,1,0,0,0,0,run_004
U000280,18128627,MODEL_B,BATCH_02,711959.0,50854.21428571428,7029.506298219194,41294.0,63600.0,14,2.2,4.0,0.0,2.0,14.0,15.14615882352941,68.21580487804879,40.06364705882353,2.1570260975609754,0.1182063837625121,0.2176475590848858,0.1391560759576678,0.0479844528403758,15.442,68.8596,40.4955,2.2608,150,12,1,0,0,0,0,run_004
U000281,18176002,MODEL_A,BATCH_01,675561.0,48254.357142857145,8058.5384207076895,36053.0,69993.0,14,2.05,4.0,0.0,0.0,14.0,15.158327027027028,68.31002444444445,40.05412702702703,2.1623955555555554,0.1014683821817544,0.1811059310252591,0.1647695489137763,0.0565646432916098,15.3806,68.6587,40.4245,2.33339,164,12,1,0,0,0,0,run_004
U000282,18236250,MODEL_A,BATCH_01,717774.0,51269.57142857143,14556.58937079322,30482.0,93707.0,14,2.1,4.0,0.0,4.0,14.0,15.192297142857145,68.28860697674419,40.03094,2.1634413953488374,0.0830793047271679,0.2029847653154445,0.1876128526263284,0.0346691785432505,15.3387,68.7205,40.4618,2.23075,156,12,1,0,0,0,0,run_004
U000283,18281404,MODEL_A,BATCH_01,693058.0,49504.142857142855,9353.785041009152,34783.0,64035.0,14,2.1219512195121952,4.0,0.0,4.0,14.0,15.181288888888888,68.3462488888889,40.06448888888889,2.157126,0.1018622424868235,0.1739408802676421,0.1631539654573066,0.0492585454238421,15.4039,68.7082,40.4356,2.26405,162,12,2,0,0,0,0,run_004
U000284,18325616,MODEL_A,BATCH_01,680111.0,48579.357142857145,8872.467999440682,36035.0,62347.0,14,2.225,4.0,0.0,3.0,14.0,15.17036176470588,68.34536097560975,39.99322941176471,2.172369756097561,0.0994172718812305,0.1974145598455792,0.1514189222581682,0.0505277648173657,15.3735,68.987,40.2761,2.26352,150,12,1,0,0,0,0,run_004
U000285,18396772,MODEL_B,BATCH_01,709399.0,50671.357142857145,10007.551868519038,37750.0,71156.0,14,2.225,4.0,0.0,2.0,14.0,15.197097297297296,68.43166086956522,40.02821891891893,2.1783654347826085,0.1012196689452269,0.2019583273607169,0.1617522296563446,0.0493388728289265,15.357,68.7854,40.3002,2.29058,166,12,1,0,0,0,0,run_004
U000286,18448152,MODEL_A,BATCH_01,702636.0,50188.28571428572,7267.327002291954,37067.0,60313.0,14,2.125,4.0,0.0,1.0,14.0,15.163642105263158,68.42297659574469,39.993586842105266,2.1870317021276597,0.0943273874178101,0.1729685221585848,0.1449026964683965,0.0575981238869865,15.3496,68.7311,40.2449,2.32293,170,12,1,0,0,0,0,run_004
U000287,18519315,MODEL_A,BATCH_02,714727.0,51051.92857142857,11275.331975084002,33320.0,73708.0,14,2.1,4.0,0.0,3.0,14.0,15.177182352941175,68.4984675,39.986347058823526,2.17537875,0.083630190541774,0.224591790825959,0.1697018351988986,0.0511302069475569,15.3642,68.9703,40.3613,2.28508,148,12,1,0,0,0,0,run_004
U000288,18572411,MODEL_A,BATCH_01,707282.0,50520.142857142855,10690.213337852112,38125.0,71806.0,14,2.15,4.0,0.0,3.0,14.0,15.187048648648648,68.42308,40.007129729729726,2.1851706666666666,0.0945262151222895,0.2044456936116875,0.1445118466210088,0.0471238026807143,15.418,68.8859,40.3076,2.30049,164,12,1,0,0,0,0,run_004
U000289,18635931,MODEL_A,BATCH_01,691033.0,49359.5,9614.853531025678,28911.0,67846.0,14,2.275,4.0,0.0,4.0,14.0,15.187651515151517,68.50408292682927,40.00684545454545,2.195094146341463,0.0974152231468859,0.1923610848150409,0.1694543524280748,0.0434521124328615,15.4405,68.8831,40.358,2.29249,148,12,1,0,0,0,0,run_004
U000290,18694792,MODEL_B,BATCH_01,713648.0,50974.857142857145,10014.2223927706,32178.0,63511.0,14,2.225,4.0,0.0,2.0,14.0,15.205613513513514,68.48685227272728,39.98621081081081,2.195694090909091,0.0941686199271236,0.1961615725692815,0.1672958951873793,0.051844963394595,15.3891,68.8499,40.331,2.27756,162,12,1,0,0,0,0,run_004
U000291,18752364,MODEL_A,BATCH_01,676658.0,48332.71428571428,6660.341506935736,38736.0,57572.0,14,2.225,4.0,0.0,2.0,14.0,15.18952,68.53455813953488,39.98392285714286,2.19168488372093,0.0998610823329382,0.1946006903435096,0.1360562839539636,0.0443251443943659,15.4719,69.0022,40.2946,2.29763,156,12,1,0,0,0,0,run_004
U000292,18802337,MODEL_A,BATCH_01,660207.0,47157.642857142855,8153.288110724624,33979.0,60220.0,14,2.2,4.0,0.0,2.0,14.0,15.217217647058824,68.54403658536586,40.005767647058825,2.194068048780488,0.111300805819698,0.215167257913583,0.1328261354361447,0.051171169090588,15.4193,69.0583,40.2461,2.33126,150,12,1,0,0,0,0,run_004
U000293,18867778,MODEL_A,BATCH_01,697568.0,49826.28571428572,11120.70208373396,32152.0,71298.0,14,2.1,4.0,0.0,2.0,14.0,15.173148571428571,68.51395,39.97269714285714,2.1924030952380953,0.0972478076916921,0.1663662712797045,0.1595391294169753,0.0508667462646441,15.4554,68.9201,40.3344,2.27177,154,12,1,0,0,0,0,run_004
U000294,18924107,MODEL_A,BATCH_02,711604.0,50828.857142857145,8882.197587197776,33721.0,63116.0,14,2.2,4.0,0.0,3.0,14.0,15.19605294117647,68.63152857142856,39.93869117647059,2.1959888095238096,0.0938114040857606,0.16031135602658,0.1690528828281651,0.059073252054583,15.4236,68.9324,40.2862,2.30912,152,12,1,0,0,0,0,run_004
U000295,18986944,MODEL_B,BATCH_01,696657.0,49761.21428571428,10604.296583341706,34286.0,66522.0,14,2.225,4.0,0.0,1.0,14.0,15.198050000000002,68.66950714285714,39.93268055555555,2.2137864285714284,0.0914833895930216,0.2225566558647168,0.1276434785295024,0.044243656831919,15.3612,69.034,40.187,2.33722,156,12,1,0,0,0,0,run_004
U000296,19040331,MODEL_A,BATCH_01,673301.0,48092.92857142857,10139.265854657751,27118.0,66856.0,14,2.1707317073170733,4.0,0.0,0.0,14.0,15.202330303030305,68.72819523809524,39.97510606060606,2.203765,0.0798676111013109,0.2429838105139797,0.1066459825174905,0.0488228287891597,15.3755,69.2214,40.2415,2.33203,150,12,2,0,0,0,0,run_004
U000297,19092986,MODEL_A,BATCH_01,708947.0,50639.07142857143,12524.05184781719,33149.0,75399.0,14,2.1707317073170733,4.0,0.0,2.0,14.0,15.208958333333335,68.6849511111111,39.95852777777778,2.219609111111111,0.1135383393396255,0.1723570799535118,0.1172396071814606,0.0506442814155853,15.4801,69.0881,40.1924,2.3509,162,12,2,0,0,0,0,run_004
U000298,19149345,MODEL_A,BATCH_01,711525.0,50823.21428571428,10563.861671381726,34111.0,71144.0,14,2.1463414634146343,4.0,0.0,2.0,14.0,15.215447368421051,68.73234347826087,39.941526315789474,2.216646956521739,0.1028593995411635,0.2101640741602453,0.1373077677065144,0.0470036278916408,15.5904,69.1256,40.2142,2.34523,168,12,2,0,0,0,0,run_004
U000299,19197486,MODEL_A,BATCH_01,706888.0,50492.0,8293.21721000407,37513.0,70483.0,14,2.073170731707317,4.0,0.0,2.0,14.0,15.237210256410258,68.78605434782608,39.909135897435895,2.2228252173913043,0.1332741866957212,0.1958626408782119,0.133756661392756,0.0557963647457482,15.4515,69.1238,40.1526,2.31594,170,12,2,0,0,0,0,run_004
U000300,19245127,MODEL_B,BATCH_01,704250.0,50303.57142857143,8159.631031574196,37753.0,68020.0,14,2.097560975609756,4.0,0.0,4.0,14.0,15.215576470588235,68.81277073170732,39.87056764705883,2.2300768292682926,0.0851787356406958,0.2235964559691216,0.120831695421931,0.0464621427314229,15.3987,69.2495,40.1487,2.36694,150,12,2,0,0,0,0,run_004
U000301,19293993,MODEL_A,BATCH_02,725931.0,51852.21428571428,9227.663127612715,36916.0,65017.0,14,2.025,4.0,0.0,3.0,14.0,15.24144705882353,68.83506666666666,39.91183529411765,2.2230466666666664,0.1225155555622375,0.1946258044038275,0.1196646650014581,0.043270477609108,15.5843,69.3015,40.1291,2.31323,152,12,1,0,0,0,0,run_004
U000302,19355880,MODEL_A,BATCH_01,770864.0,55061.71428571428,11717.224057104806,38892.0,81704.0,14,2.025,4.0,0.0,4.0,14.0,15.240052631578946,68.81002391304348,39.897647368421055,2.239906304347826,0.1043307882231604,0.214738375377819,0.1147801464536208,0.0554554605810902,15.4465,69.2463,40.1417,2.36412,168,12,1,0,0,0,0,run_004
U000303,19424889,MODEL_A,BATCH_01,735835.0,52559.642857142855,13392.701529088625,30114.0,73343.0,14,2.0,4.0,0.0,4.0,14.0,15.204352631578947,68.8210888888889,39.85640263157895,2.243682222222222,0.078455140347473,0.2092954938295912,0.1354920671595121,0.0608337992510177,15.4188,69.2415,40.1029,2.44653,166,12,1,0,0,0,0,run_004
U000304,19475771,MODEL_A,BATCH_01,730218.0,52158.42857142857,11817.01095692324,37044.0,80721.0,14,2.0,4.0,0.0,4.0,14.0,15.235165714285715,68.83290930232558,39.88522857142857,2.2551081395348835,0.1069003795262538,0.1907741731721085,0.1367224917411158,0.0509395718219994,15.4779,69.2768,40.1616,2.38322,156,12,1,0,0,0,0,run_004
U000305,19542832,MODEL_B,BATCH_01,712064.0,50861.71428571428,10696.652513240344,32963.0,67061.0,14,2.0,4.0,0.0,1.0,14.0,15.23771891891892,68.91301162790698,39.902259459459465,2.2506579069767443,0.1035456792323449,0.2296373955456763,0.1540973185639141,0.0544490315869166,15.3987,69.4491,40.2736,2.34065,160,12,1,0,0,0,0,run_004
U000306,19590879,MODEL_A,BATCH_01,704708.0,50336.28571428572,12196.186329710245,33054.0,74006.0,14,2.024390243902439,4.0,0.0,3.0,14.0,15.237531428571428,68.95183809523809,39.85517142857143,2.2439842857142858,0.1149546912571069,0.1780297439555204,0.1307209861441039,0.0472705888627228,15.4531,69.3641,40.1306,2.3232,154,12,2,0,0,0,0,run_004
U000307,19645151,MODEL_A,BATCH_01,717366.0,51240.42857142857,8250.57732911681,38227.0,67345.0,14,2.025,4.0,0.0,3.0,14.0,15.220826315789472,68.96421555555555,39.85957368421053,2.2422715555555555,0.0931954751372606,0.2153658873506733,0.1353588717211662,0.0430842309243583,15.3538,69.4784,40.1384,2.35541,166,12,1,0,0,0,0,run_004
U000308,19696270,MODEL_A,BATCH_02,697373.0,49812.357142857145,9143.36964991272,34362.0,61754.0,14,2.05,4.0,0.0,3.0,14.0,15.251263157894735,69.00015555555555,39.85059210526316,2.2638386666666666,0.0913419279146417,0.1939246732339314,0.1096981149449482,0.0424340903155597,15.523,69.3472,40.0572,2.33966,166,12,1,0,0,0,0,run_004
U000309,19753823,MODEL_A,BATCH_01,672760.0,48054.28571428572,10887.038853104685,34056.0,69567.0,14,2.025,4.0,0.0,1.0,14.0,15.221325714285712,69.00376428571428,39.85084285714286,2.274277380952381,0.1089479242651312,0.1755005994311603,0.124061697852113,0.0491483220595166,15.43,69.5131,40.1508,2.37162,154,12,1,0,0,0,0,run_004
U000310,19808336,MODEL_B,BATCH_01,712752.0,50910.857142857145,8251.851585759803,36599.0,65834.0,14,2.025,4.0,0.0,2.0,14.0,15.202805555555557,69.01448863636364,39.857419444444446,2.238812272727273,0.0938501113309164,0.187611534846338,0.1372285306017333,0.0500533769445359,15.4312,69.4128,40.321,2.33351,160,12,1,0,0,0,0,run_004
U000311,19878320,MODEL_A,BATCH_01,721532.0,51538.0,13059.43113379988,36017.0,75302.0,14,2.075,4.0,0.0,3.0,14.0,15.243178947368422,69.06450869565218,39.82482105263158,2.260182608695652,0.0716589752508165,0.177512763642612,0.1390440376631545,0.0529084870081154,15.4018,69.4665,40.1766,2.39176,168,12,1,0,0,0,0,run_004
U000312,19955078,MODEL_A,BATCH_01,702924.0,50208.857142857145,11518.546769029925,34435.0,76758.0,14,2.05,4.0,0.0,1.0,14.0,15.243237142857142,69.12809285714286,39.2876,2.3392780952380954,0.1050716620600778,0.1914404249086355,0.7555636485821883,0.0975328166720862,15.41,69.5686,40.0339,2.53562,154,12,1,0,0,0,1,run_004
U000313,20007644,MODEL_A,BATCH_01,662989.0,47356.357142857145,10723.488092157204,30647.0,64831.0,14,2.075,4.0,0.0,3.0,14.0,15.236348484848486,69.11470256410256,38.98150303030303,2.3912153846153847,0.0913006610094231,0.2216338653193823,0.7902610069167173,0.0947727878123071,15.3822,69.5603,40.0317,2.54101,144,12,1,0,0,0,1,run_004
U000314,20065638,MODEL_A,BATCH_01,683507.0,48821.92857142857,8344.340960880529,36193.0,62126.0,14,2.05,4.0,0.0,3.0,14.0,15.271548571428571,69.14561428571429,39.85054,2.2654185714285715,0.1039442847689782,0.2075686763476066,0.1260327343099682,0.041976789438545,15.5014,69.5096,40.1226,2.36511,154,12,1,0,0,0,0,run_004
U000315,20137938,MODEL_B,BATCH_02,732681.0,52334.357142857145,9869.775241826725,34817.0,72300.0,14,2.025,4.0,0.0,3.0,14.0,15.270594285714289,69.13151666666667,39.8293,2.279040238095238,0.1206829656649217,0.1919271608743819,0.1389858964491179,0.0508285412662904,15.6238,69.6394,40.1002,2.39819,154,12,1,0,0,0,0,run_004
U000316,20201802,MODEL_A,BATCH_01,733712.0,52408.0,10165.957883657971,37982.0,67411.0,14,2.05,4.0,0.0,2.0,14.0,15.26204857142857,69.20631162790697,39.80856857142857,2.2728546511627905,0.0914620376775766,0.1954564331060113,0.1320480745152829,0.0525017485581302,15.4794,69.6189,40.0376,2.38097,156,12,1,0,0,0,0,run_004
U000317,20272175,MODEL_A,BATCH_01,737680.0,52691.42857142857,11733.557174022037,35064.0,71886.0,14,1.95,4.0,0.0,2.0,14.0,15.274933333333331,69.23672244897959,39.81653076923077,2.283870612244898,0.116130134203726,0.2230236807916968,0.1274362134639296,0.0469065504668663,15.6068,69.6984,40.0978,2.37284,176,12,1,0,0,0,0,run_004
U000318,20318641,MODEL_A,BATCH_01,708008.0,50572.0,10155.057277420565,39795.0,69258.0,14,1.975609756097561,4.0,0.0,4.0,14.0,15.257465789473684,69.20451458333334,39.78585,2.30396125,0.1024012491380627,0.1668142080146875,0.1580949829964525,0.0523368097396412,15.4661,69.5728,40.1273,2.41388,172,12,2,0,0,0,0,run_004
U000319,20366187,MODEL_A,BATCH_01,721028.0,51502.0,10088.77411170074,37208.0,69524.0,14,2.05,4.0,0.0,4.0,14.0,15.237602702702702,69.26171333333333,39.75946486486486,2.284289777777778,0.0990981037112173,0.1556559413928953,0.1640124423061595,0.0420701740865993,15.4547,69.5304,40.1162,2.36899,164,12,1,0,0,0,0,run_004
U000320,20427835,MODEL_B,BATCH_01,774648.0,55332.0,13521.59699830665,38851.0,88863.0,14,2.05,4.0,0.0,4.0,14.0,15.262218421052632,69.24928666666666,39.77004210526316,2.2968982222222225,0.104263872251605,0.1984393605567742,0.1256104373171908,0.0491231281525815,15.478,69.7779,40.0264,2.40274,166,12,1,0,0,0,0,run_004
U000321,20521777,MODEL_A,BATCH_01,723389.0,51670.642857142855,15454.362712924703,34433.0,93942.0,14,2.075,4.0,0.0,3.0,14.0,15.25939375,69.35470512820514,39.057940625,2.402481538461539,0.0791522703095826,0.2129414139205477,0.7673694748144522,0.0994402694172809,15.376,69.7073,40.0175,2.5756,142,12,1,0,0,0,1,run_004
U000322,20576062,MODEL_A,BATCH_02,648445.0,46317.5,8067.193056304797,34865.0,58481.0,14,2.075,4.0,0.0,2.0,14.0,15.244905714285713,69.33690952380952,39.77028571428571,2.3102711904761906,0.0654871066917536,0.191098568372224,0.1293168001070083,0.0479954927356564,15.3701,69.7274,40.0223,2.42095,154,12,1,0,0,0,0,run_004
U000323,20636917,MODEL_A,BATCH_01,716805.0,51200.357142857145,7844.299454990257,39549.0,60907.0,14,1.975,4.0,0.0,2.0,14.0,15.258337142857142,69.3631,39.71174285714286,2.3135825,0.0977082213583304,0.1926781784871242,0.1192470058465273,0.0425079108437749,15.4256,69.7375,39.9606,2.40062,158,12,1,0,0,0,0,run_004
U000324,20692819,MODEL_A,BATCH_01,720032.0,51430.857142857145,7705.232236874878,36662.0,61133.0,14,2.075,4.0,0.0,4.0,14.0,15.267776315789472,69.41034255319148,39.749144736842105,2.3243844680851065,0.1211456649104715,0.166569066161863,0.1829564188208955,0.0430920381432736,15.4757,69.6658,40.0745,2.42176,170,12,1,0,0,0,0,run_004
U000325,20767088,MODEL_B,BATCH_01,720282.0,51448.71428571428,11461.211678651482,34092.0,74269.0,14,2.05,4.0,0.0,1.0,14.0,15.289643243243244,69.4287829787234,39.74115405405406,2.3174821276595745,0.098298735553472,0.1872204029191122,0.1383234908036526,0.0535793850256092,15.4827,69.8132,40.1273,2.44222,168,12,1,0,0,0,0,run_004
U000326,20815480,MODEL_A,BATCH_01,721045.0,51503.21428571428,10459.224395267052,34657.0,77931.0,14,2.125,4.0,0.0,4.0,14.0,15.258347058823531,69.48365476190477,39.27966764705883,2.358686666666667,0.0989054131413602,0.1761976110720668,0.7172101939145181,0.0901517102543741,15.503,69.9251,40.0681,2.55878,152,12,1,0,0,0,1,run_004
U000327,20867968,MODEL_A,BATCH_01,664770.0,47483.57142857143,8503.05991723238,31959.0,64250.0,14,2.1,4.0,0.0,1.0,14.0,15.259464864864864,69.49343488372094,39.71091081081081,2.3185288372093025,0.0981483916668367,0.2334255218058718,0.1601157355439129,0.0534079264765116,15.4038,69.9874,40.0445,2.43237,160,12,1,0,0,0,0,run_004
U000328,20931813,MODEL_A,BATCH_01,733124.0,52366.0,10840.049765710344,37207.0,71633.0,14,2.075,4.0,0.0,3.0,14.0,15.25344864864865,69.51530869565218,39.710121621621624,2.3334132608695652,0.0818801414725669,0.1980453952743454,0.1386186778643224,0.0464751482003183,15.3945,70.1388,39.983,2.44587,166,12,1,0,0,0,0,run_004
U000329,20984823,MODEL_A,BATCH_02,706659.0,50475.642857142855,10248.206159032028,33077.0,67689.0,14,2.024390243902439,4.0,0.0,4.0,14.0,15.261894444444444,69.50722325581395,39.683952777777776,2.3282197674418605,0.0797987860431991,0.1987835683987396,0.155538808177272,0.0480758046010659,15.392,69.9528,39.9874,2.39618,158,12,2,0,0,0,0,run_004
U000330,21038340,MODEL_B,BATCH_01,697709.0,49836.357142857145,9353.661862995305,32201.0,68529.0,14,2.097560975609756,4.0,0.0,3.0,14.0,15.2999275,69.59167234042553,39.7159275,2.320907659574468,0.1209123861388683,0.1582765599692765,0.144621536126328,0.048688581877817,15.5693,69.9116,40.0368,2.47292,174,12,2,0,0,0,0,run_004
U000331,21100871,MODEL_A,BATCH_01,724972.0,51783.71428571428,13404.121366370702,35459.0,76500.0,14,2.05,4.0,0.0,2.0,14.0,15.301339473684212,69.51634222222222,39.68904736842105,2.3431844444444443,0.0986432297630905,0.2023498169113051,0.1459511946134869,0.0549622405324186,15.5018,70.1227,39.9472,2.45292,166,12,1,0,0,0,0,run_004
U000332,21148645,MODEL_A,BATCH_01,731363.0,52240.21428571428,10767.960739574184,31535.0,73952.0,14,2.0,4.0,0.0,4.0,14.0,15.281568421052633,69.54342765957446,39.63963947368421,2.3415236170212763,0.1112345248399003,0.167050041581046,0.1564767032819452,0.0390879908403731,15.6111,69.9031,40.0151,2.44384,170,12,1,0,0,0,0,run_004
U000333,21209434,MODEL_A,BATCH_01,716449.0,51174.92857142857,9935.029901734148,37156.0,68625.0,14,1.975,4.0,0.0,2.0,14.0,15.307291428571428,69.63099761904762,39.64512,2.3435838095238095,0.1081634938181916,0.1972942404411928,0.1355460151951887,0.0440192173638819,15.5343,69.9651,39.9215,2.46149,154,12,1,0,0,0,0,run_004
U000334,21267354,MODEL_A,BATCH_01,740922.0,52923.0,11354.156785410898,35399.0,74452.0,14,2.05,4.0,0.0,4.0,14.0,15.293254285714289,69.62567209302325,39.65273142857143,2.3612823255813953,0.1071579849152289,0.1845994832134102,0.1807678536808186,0.0538524078622129,15.521,70.0276,40.0681,2.45024,156,12,1,0,0,0,0,run_004
U000335,21333523,MODEL_B,BATCH_01,741353.0,52953.78571428572,9638.918884306564,37029.0,66169.0,14,2.05,4.0,0.0,2.0,14.0,15.329676923076924,69.69194468085107,39.7009717948718,2.3494778723404255,0.1067771547159346,0.1851543290579987,0.135656611666363,0.0432383074386274,15.5092,70.1305,39.986,2.44208,172,12,1,0,0,0,0,run_004
U000336,21390329,MODEL_A,BATCH_02,713050.0,50932.142857142855,8975.82357787289,39419.0,70457.0,14,2.05,4.0,0.0,2.0,14.0,15.29537105263158,69.7153090909091,39.17370526315789,2.4170504545454543,0.1062875343124179,0.1873919531396146,0.7170879813136763,0.0941178675905305,15.5416,70.0652,39.9606,2.59694,164,12,1,0,0,0,1,run_004
U000337,21446687,MODEL_A,BATCH_01,694375.0,49598.21428571428,8893.29980446448,36384.0,62161.0,14,2.025,4.0,0.0,2.0,14.0,15.28039393939394,69.66847857142858,39.63398484848484,2.3649514285714286,0.0961204678365695,0.1744374044355225,0.1567213134061768,0.0600826194409416,15.4951,70.0172,39.9591,2.47362,150,12,1,0,0,0,0,run_004
U000338,21499962,MODEL_A,BATCH_01,703825.0,50273.21428571428,9853.11860180921,35158.0,69261.0,14,2.025,4.0,0.0,2.0,14.0,15.311270270270272,69.72557727272728,39.139202702702704,2.4306679545454544,0.1033361232549848,0.2160277866102809,0.7554049015397457,0.1035069683662409,15.5329,70.1782,40.0129,2.63529,162,12,1,0,0,0,1,run_004
U000339,21565338,MODEL_A,BATCH_01,698421.0,49887.21428571428,8965.90364555178,35027.0,65376.0,14,2.025,4.0,0.0,2.0,14.0,15.317165714285716,69.81440714285715,39.67106571428572,2.3805988095238098,0.1052391700250579,0.2177289323827131,0.1499140615444051,0.0421418834127354,15.5365,70.1775,40.018,2.45999,154,12,1,0,0,0,0,run_004
U000340,21623042,MODEL_B,BATCH_01,716807.0,51200.5,9402.861403685743,38607.0,66825.0,14,2.0,4.0,0.0,3.0,14.0,15.315477142857144,69.82156511627907,39.642674285714286,2.3910604651162792,0.1022322387442213,0.1577833005885888,0.1756626485170748,0.0457864829270182,15.5831,70.13,40.1416,2.46786,156,12,1,0,0,0,0,run_004
U000341,21682951,MODEL_A,BATCH_01,731633.0,52259.5,11785.820318370848,33521.0,77344.0,14,2.0,4.0,0.0,4.0,14.0,15.300113888888887,69.85143720930233,39.626866666666665,2.367386046511628,0.1014784935773595,0.1921489092979976,0.1555427382701344,0.0462152680470907,15.5123,70.2132,39.9881,2.48915,158,12,1,0,0,0,0,run_004
U000342,21760871,MODEL_A,BATCH_01,741398.0,52957.0,12172.167893632146,34604.0,77920.0,14,1.975,4.0,0.0,4.0,14.0,15.30255945945946,69.85379777777779,39.63539189189189,2.377980888888889,0.1062369428825632,0.2143228485347285,0.1359578230726527,0.0455466319392564,15.5354,70.2839,39.9268,2.46717,164,12,1,0,0,0,0,run_004
U000343,21817036,MODEL_A,BATCH_02,754853.0,53918.07142857143,12536.169771224664,36510.0,87115.0,14,2.0,4.0,0.0,4.0,14.0,15.32768205128205,69.87885319148936,39.56856153846154,2.3722078723404256,0.1139845069615186,0.1593619858810143,0.1426504129818316,0.0539541590827916,15.5283,70.2703,39.869,2.46967,172,12,1,1,1,0,0,run_004
U000344,21893088,MODEL_A,BATCH_01,735319.0,52522.78571428572,9266.810074159794,40998.0,76052.0,14,2.075,4.0,0.0,3.0,14.0,15.348363157894736,69.91879787234043,39.59858947368421,2.3864780851063827,0.0892611274645614,0.1807115170283288,0.1693933895603449,0.0596194243091052,15.5795,70.2569,39.9999,2.50997,170,12,1,0,0,0,0,run_004
U000345,21947321,MODEL_B,BATCH_01,675751.0,48267.92857142857,9109.198600774474,32034.0,60953.0,14,2.025,4.0,0.0,1.0,14.0,15.331975,69.95528666666667,39.58536388888889,2.378763333333333,0.1100356315667145,0.1604018768310102,0.1533526042496793,0.0509039722507888,15.5422,70.3064,39.8862,2.47692,162,12,1,0,0,0,0,run_004
U000346,22000996,MODEL_A,BATCH_01,699422.0,49958.71428571428,9637.178564357862,32944.0,65740.0,14,1.975,4.0,0.0,2.0,14.0,15.325954285714287,70.01666818181819,39.56276571428571,2.383184090909091,0.0956388560675833,0.1730939747083605,0.1687182317685097,0.0575027269451726,15.4995,70.2792,39.9637,2.52953,158,12,1,0,0,0,0,run_004
U000347,22085819,MODEL_A,BATCH_01,745969.0,53283.5,12572.683966257347,35041.0,84823.0,14,2.0,4.0,0.0,4.0,14.0,15.3237,70.00145454545454,39.59394864864865,2.384713181818182,0.0970365223339475,0.2065995603842163,0.1372305412670846,0.0405372293297607,15.4887,70.4499,39.9014,2.47484,162,12,1,0,0,0,0,run_004
U000348,22135922,MODEL_A,BATCH_01,713731.0,50980.78571428572,8677.068090251289,37680.0,65887.0,14,2.05,4.0,0.0,3.0,14.0,15.319165789473685,70.05301276595745,39.58410263157894,2.388531914893617,0.1115824292966338,0.2045767588663743,0.1511077787663441,0.0530860460515181,15.6227,70.4713,39.932,2.48709,170,12,1,0,0,0,0,run_004
U000349,22207044,MODEL_A,BATCH_01,737345.0,52667.5,11393.821468403225,34423.0,73970.0,14,2.05,4.0,0.0,2.0,14.0,15.342431428571428,70.05014047619048,38.07734,2.573872619047619,0.1023458547435763,0.1856460795662114,0.1630757893092169,0.0478715732676463,15.5545,70.3756,38.4476,2.66975,154,12,1,0,0,0,1,run_004
U000350,22264242,MODEL_B,BATCH_02,692010.0,49429.28571428572,9077.970922289522,35948.0,65329.0,14,2.025,4.0,0.0,3.0,14.0,15.318528571428573,70.05335952380953,38.03850857142857,2.596657857142857,0.0659671155662764,0.2111732614951506,0.1227472519673916,0.0487216622596658,15.4619,70.4711,38.4044,2.71326,154,12,1,1,1,0,1,run_004
U000351,22310641,MODEL_A,BATCH_01,696470.0,49747.857142857145,9346.507828777902,36160.0,63483.0,14,2.097560975609756,4.0,0.0,4.0,14.0,15.338137837837836,70.09644888888889,39.55512702702703,2.4062184444444443,0.0811328826040318,0.2243223194648747,0.1771759540504676,0.0461273081686856,15.5164,70.4984,39.9832,2.50537,164,12,2,0,0,0,0,run_004
U000352,22364363,MODEL_A,BATCH_01,729729.0,52123.5,8986.817077937421,37369.0,64008.0,14,2.075,4.0,0.0,2.0,14.0,15.340626315789471,70.13880638297873,39.53200263157895,2.4195074468085105,0.0866142322872422,0.219123014293694,0.1638458578299214,0.0471890194241104,15.5269,70.4958,39.8964,2.52707,170,12,1,0,0,0,0,run_004
U000353,22412792,MODEL_A,BATCH_01,686815.0,49058.21428571428,7994.677298327657,34973.0,63853.0,14,2.048780487804878,4.0,0.0,3.0,14.0,15.343864705882352,70.19120952380952,39.56151764705882,2.429114285714286,0.0953749884065379,0.1885653833807355,0.161022440503837,0.0558890867283677,15.5165,70.7266,39.8706,2.5719,152,12,2,0,0,0,0,run_004
U000354,22469367,MODEL_A,BATCH_01,731812.0,52272.28571428572,10992.53773757852,36577.0,73854.0,14,2.025,4.0,0.0,4.0,14.0,15.36515135135135,70.19092888888889,39.52894864864865,2.432109111111111,0.1002019616730287,0.2177998879520374,0.1428649724227232,0.0514258771004983,15.5788,70.6443,39.871,2.5541,164,12,1,0,0,0,0,run_004
U000355,22527439,MODEL_B,BATCH_01,720010.0,51429.28571428572,8749.263418918554,35690.0,65387.0,14,2.075,4.0,0.0,4.0,14.0,15.362726315789471,70.18727391304347,39.53901842105263,2.4199254347826087,0.0913539113919064,0.1664580606970233,0.1354653159065289,0.0532842461482241,15.5731,70.5354,39.862,2.52218,168,12,1,0,0,0,0,run_004
U000356,22603074,MODEL_A,BATCH_01,699540.0,49967.142857142855,10447.41328203849,33606.0,75635.0,14,2.025,4.0,0.0,2.0,14.0,15.357569444444444,70.24572325581396,39.547291666666666,2.4235532558139536,0.0897855375545988,0.1634712525145349,0.1340106443000496,0.0493043672711093,15.5738,70.6785,39.8266,2.55617,158,12,1,0,0,0,0,run_004
U000357,22661127,MODEL_A,BATCH_02,670493.0,47892.357142857145,7935.58210367556,33573.0,61937.0,14,1.975,4.0,0.0,3.0,14.0,15.35459714285714,70.24983023255814,38.541111428571426,2.5580697674418604,0.1014963502262207,0.1914453801689677,0.7902539215048384,0.0912552429932338,15.6039,70.5541,39.7609,2.70721,156,12,1,0,0,0,1,run_004
U000358,22719524,MODEL_A,BATCH_01,745174.0,53226.71428571428,10312.200514465836,31161.0,65315.0,14,2.0,4.0,0.0,5.0,14.0,15.373391891891892,70.25348043478262,39.4659972972973,2.4228021739130434,0.1082296975530858,0.2383556974305066,0.1657049226226591,0.0478689756134408,15.5681,70.7995,39.8403,2.51699,166,12,1,0,0,0,0,run_004
U000359,22797731,MODEL_A,BATCH_01,750157.0,53582.642857142855,11550.059917308074,40545.0,78207.0,14,2.025,4.0,0.0,4.0,14.0,15.383622222222222,70.36956086956522,39.488930555555555,2.419738043478261,0.1219457797808078,0.1659343598177156,0.1364911882439795,0.0397939749554329,15.5523,70.7767,39.711,2.48898,164,12,1,0,0,0,0,run_004
U000360,22853229,MODEL_B,BATCH_01,729970.0,52140.71428571428,10113.457747199798,34602.0,65376.0,14,2.05,4.0,0.0,3.0,14.0,15.372305405405406,70.34721304347826,39.47851891891892,2.4303015217391306,0.1093923848302921,0.165677748266121,0.1647658875122168,0.0551700596325133,15.5807,70.6555,39.7804,2.53251,166,12,1,0,0,0,0,run_004
U000361,22916592,MODEL_A,BATCH_01,692805.0,49486.07142857143,9597.83029539077,36898.0,66108.0,14,1.975,4.0,0.0,2.0,14.0,15.353273529411766,70.3142625,39.4674,2.45853825,0.1180440321257244,0.2235995524140048,0.1564684109856149,0.0569323580151626,15.5934,70.8153,39.7753,2.57935,148,12,1,0,0,0,0,run_004
U000362,22970318,MODEL_A,BATCH_01,711153.0,50796.642857142855,10074.2939558458,32542.0,69095.0,14,2.025,4.0,0.0,4.0,14.0,15.35608,70.3878619047619,38.48697428571429,2.5715659523809524,0.0889677099388575,0.1902142796214144,0.743565023598697,0.1025339962434713,15.5328,70.8287,39.5914,2.71054,154,12,1,0,0,0,1,run_004
U000363,23031224,MODEL_A,BATCH_01,703945.0,50281.78571428572,10190.19548524328,34305.0,70853.0,14,2.05,4.0,0.0,2.0,14.0,15.350418181818185,70.46384634146341,39.03079696969697,2.4962134146341466,0.1060144048424124,0.2222786135659017,0.678923782764337,0.0848151857455302,15.6231,70.9786,39.6788,2.67066,148,12,1,0,0,0,1,run_004
U000364,23093558,MODEL_A,BATCH_02,709943.0,50710.21428571428,9210.486332925697,35640.0,62334.0,14,2.025,4.0,0.0,3.0,14.0,15.38164,70.47264545454546,39.44728,2.450529772727273,0.0903045311872067,0.2141032324952276,0.1205223088941491,0.0482726537969305,15.5868,70.8105,39.7525,2.54867,158,12,1,0,0,0,0,run_004
U000365,23146968,MODEL_B,BATCH_01,702873.0,50205.21428571428,5846.209530424511,40518.0,60996.0,14,2.15,4.0,0.0,4.0,14.0,15.380262857142858,70.47393181818182,39.47184571428571,2.4583143181818183,0.0944525186838034,0.1733331216388914,0.1636712511010246,0.0485497596764454,15.6101,70.8709,39.7571,2.56657,158,12,1,0,0,0,1,run_004
U000366,23217230,MODEL_A,BATCH_01,702328.0,50166.28571428572,10306.722253189691,35172.0,70262.0,14,2.025,4.0,0.0,1.0,14.0,15.393176315789471,70.43362173913044,39.44486315789474,2.470545652173913,0.0916330857107332,0.180924277485295,0.1349202816101361,0.0515434362090061,15.6017,70.8217,39.6931,2.60109,168,12,1,0,0,0,0,run_004
U000367,23280277,MODEL_A,BATCH_01,708518.0,50608.42857142857,11729.467472430842,28948.0,73503.0,14,2.025,4.0,0.0,3.0,14.0,15.367552777777778,70.52408636363636,39.44551388888889,2.454905,0.0827577238039228,0.1662386692636925,0.1724451915458971,0.0545657479027462,15.5779,70.8162,39.8614,2.55609,160,12,1,0,0,0,0,run_004
U000368,23336576,MODEL_A,BATCH_01,693975.0,49569.642857142855,8026.588695916004,35024.0,62791.0,14,2.0,4.0,0.0,4.0,14.0,15.339582857142858,70.48264418604651,39.419737142857144,2.476830465116279,0.0869142900513263,0.1550529821926098,0.1818870077268641,0.0472235017132807,15.4937,70.7409,39.713,2.60944,156,12,1,1,1,0,1,run_004
U000369,23398368,MODEL_A,BATCH_01,689945.0,49281.78571428572,8431.479924650252,35273.0,61792.0,14,1.975,4.0,0.0,5.0,14.0,15.389502857142858,70.57910238095238,38.47649428571429,2.5736980952380955,0.1114664483566412,0.1776062670396297,0.7320751387596222,0.0951845999082729,15.5566,71.0069,39.6327,2.74191,154,12,1,0,0,0,1,run_004
U000370,23469486,MODEL_B,BATCH_01,744182.0,53155.857142857145,10158.351212802074,37299.0,71118.0,14,2.075,4.0,0.0,5.0,14.0,15.377708333333333,70.57447727272728,39.36946666666667,2.474569318181818,0.0933167275618746,0.2222551674797644,0.1303595664745335,0.0519882999984959,15.5919,71.0817,39.5965,2.57705,160,12,1,0,0,0,0,run_004
U000371,23535144,MODEL_A,BATCH_02,710033.0,50716.642857142855,10501.518510029087,35712.0,65658.0,14,2.025,4.0,0.0,1.0,14.0,15.38032777777778,70.64960232558138,39.43078611111111,2.4826325581395348,0.1077414593528977,0.1728043119617031,0.1266839625722833,0.0483009274333232,15.5379,71.0048,39.7405,2.60412,158,12,1,0,0,0,0,run_004
U000372,23595718,MODEL_A,BATCH_01,700440.0,50031.42857142857,9187.024928287014,37689.0,62312.0,14,2.0,4.0,0.0,3.0,14.0,15.40855294117647,70.59544047619048,39.38439411764706,2.4826835714285713,0.0840608446135774,0.2091177286106585,0.144886019864679,0.0435953346587334,15.5992,71.1214,39.6933,2.55996,152,12,1,0,0,0,0,run_004
U000373,23666732,MODEL_A,BATCH_01,706681.0,50477.21428571428,9394.92880538441,37814.0,71014.0,14,2.0,4.0,0.0,4.0,14.0,15.383054545454543,70.65051219512195,39.34981212121212,2.488925853658537,0.0955424843031526,0.1672027230566569,0.1785046406217079,0.0481543347984171,15.5984,70.9598,39.7243,2.6113,148,12,1,0,0,0,0,run_004
U000374,23735697,MODEL_A,BATCH_01,730475.0,52176.78571428572,9334.128579313918,38636.0,68965.0,14,2.025,4.0,0.0,4.0,14.0,15.397355263157896,70.70986444444445,39.40706052631579,2.4864568888888887,0.1111067704103124,0.2204781963612425,0.1261671446919343,0.0471149001630454,15.6566,71.1283,39.6772,2.59012,166,12,1,0,0,0,0,run_004
U000375,23793715,MODEL_B,BATCH_01,746903.0,53350.21428571428,10630.573471603724,39840.0,75207.0,14,2.0,4.0,0.0,2.0,14.0,15.356383783783784,70.70087045454545,39.385916216216216,2.498086363636364,0.0969451004822191,0.1831167534275219,0.1597667684009575,0.0491489470464186,15.5529,71.0811,39.7914,2.6146,162,12,1,0,0,0,0,run_004
U000376,23862752,MODEL_A,BATCH_01,733672.0,52405.142857142855,11965.1371322441,32382.0,69037.0,14,2.025,4.0,0.0,3.0,14.0,15.372176315789474,70.76830666666667,39.36254210526315,2.5068657777777776,0.1164429878691612,0.195165075117078,0.1135902751632565,0.0516014184305083,15.5515,71.2543,39.5794,2.63601,166,12,1,0,0,0,0,run_004
U000377,23918008,MODEL_A,BATCH_01,709684.0,50691.71428571428,8595.590939801383,34723.0,67088.0,14,2.024390243902439,4.0,0.0,3.0,14.0,15.412982857142856,70.77411363636364,37.841205714285714,2.683163409090909,0.121120031581981,0.1616436744328189,0.1445094337300331,0.0493994816347523,15.619,71.0978,38.1998,2.80509,158,12,2,0,0,0,1,run_004
U000378,23972759,MODEL_A,BATCH_02,680727.0,48623.357142857145,8400.286392619122,33971.0,63794.0,14,2.05,4.0,0.0,2.0,14.0,15.379220588235295,70.79454390243903,39.38070294117647,2.519488780487805,0.0823737078508557,0.1752989233406468,0.101906711603678,0.0497991637577942,15.5477,71.3773,39.5842,2.63268,150,12,1,0,0,0,0,run_004
U000379,24022924,MODEL_A,BATCH_01,697324.0,49808.857142857145,10921.247828516123,37869.0,77787.0,14,2.0,4.0,0.0,2.0,14.0,15.394994594594593,70.82008043478261,39.37828108108109,2.516051304347826,0.0952227124690848,0.1710134804557362,0.1580613907418337,0.0574203964771596,15.6667,71.1746,39.7126,2.62141,166,12,2,0,0,0,0,run_004
U000380,24070880,MODEL_B,BATCH_01,690395.0,49313.92857142857,10430.30758056898,38202.0,70837.0,14,1.975609756097561,4.0,0.0,3.0,14.0,15.394139393939394,70.8810775,39.30847575757576,2.5154225,0.0960953756021651,0.1746153685007873,0.1351307885677404,0.0521869890824062,15.6341,71.2323,39.5534,2.64025,146,12,2,0,0,0,0,run_004
U000381,24113367,MODEL_A,BATCH_01,728141.0,52010.07142857143,11465.081062240086,36353.0,76234.0,14,2.024390243902439,4.0,0.0,5.0,14.0,15.423297435897435,70.8917347826087,39.34617435897436,2.5166752173913043,0.0990216735637085,0.1838400128340969,0.1319643247603175,0.0455136445836303,15.7384,71.2157,39.5722,2.63581,170,12,2,0,0,0,0,run_004
U000382,24159674,MODEL_A,BATCH_01,687255.0,49089.642857142855,8463.658716101292,31542.0,62414.0,14,2.05,4.0,0.0,4.0,14.0,15.388927272727273,70.9351725,39.363366666666664,2.5134525,0.1050078308768188,0.2027725933378899,0.1073003863770607,0.0540454678832365,15.6007,71.5142,39.5702,2.66511,146,12,1,0,0,0,0,run_004
U000383,24231360,MODEL_A,BATCH_01,710969.0,50783.5,11779.050319235288,34184.0,71686.0,14,1.975,4.0,0.0,3.0,14.0,15.43183714285714,70.93901860465117,39.35542285714286,2.5138806976744186,0.1088718352973277,0.1509108444710276,0.1804574645754742,0.041117301849786,15.6023,71.4919,39.9051,2.59172,156,12,1,0,0,0,0,run_004
U000384,24288050,MODEL_A,BATCH_01,726502.0,51893.0,7592.187462223154,36161.0,60145.0,14,1.95,4.0,0.0,5.0,14.0,15.42887027027027,70.93587608695653,38.82024054054054,2.5817858695652176,0.1159970614207892,0.193753561899626,0.7123991536660792,0.0916392260158423,15.7085,71.2727,39.5999,2.7775,166,12,1,0,0,0,0,run_004
U000385,24345492,MODEL_B,BATCH_02,695799.0,49699.92857142857,9677.4175072635,35322.0,68104.0,14,1.925,4.0,0.0,5.0,14.0,15.432273529411766,70.96461190476191,39.30344705882353,2.5446521428571427,0.0992619836558133,0.1671305305593964,0.1697477758774175,0.0556131738883001,15.6346,71.3267,39.7087,2.67198,152,12,1,0,0,0,0,run_004
U000386,24399025,MODEL_A,BATCH_01,716175.0,51155.357142857145,14119.116471633784,27896.0,78314.0,14,1.9,4.0,0.0,4.0,14.0,15.4515,71.00897954545455,39.31708571428571,2.5486195454545455,0.0902169933125291,0.1958238501040063,0.1595944661115963,0.0436388115581439,15.6439,71.3728,39.6855,2.6514,158,12,1,0,0,0,0,run_004
U000387,24487590,MODEL_A,BATCH_01,757214.0,54086.71428571428,12659.977059333762,38380.0,88565.0,14,1.975,4.0,0.0,4.0,14.0,15.43614054054054,71.01661333333334,39.30587297297297,2.542629333333333,0.1189491125076867,0.1889266880420691,0.1461773706621302,0.0507699909305773,15.8418,71.4431,39.6486,2.64823,164,12,1,0,0,0,0,run_004
U000388,24547645,MODEL_A,BATCH_01,707363.0,50525.92857142857,11274.39003613114,30948.0,68704.0,14,1.95,4.0,0.0,2.0,14.0,15.440980555555557,71.00047727272728,39.26812777777778,2.5406486363636365,0.080932772169938,0.1790219472885759,0.13833583485977,0.0529190769484313,15.6098,71.5305,39.5737,2.67233,160,12,1,0,0,0,0,run_004
U000389,24616908,MODEL_A,BATCH_01,744640.0,53188.57142857143,12694.718985069743,39462.0,80846.0,14,2.0,4.0,0.0,4.0,14.0,15.429958333333335,71.07038181818183,39.04005277777778,2.561400681818182,0.0977204537004848,0.2151628450599494,0.559248621167527,0.0716658555915147,15.6029,71.4972,39.5396,2.75966,160,12,1,0,0,0,0,run_004
U000390,24669847,MODEL_B,BATCH_01,710679.0,50762.78571428572,9515.84401186998,35362.0,67230.0,14,1.975,4.0,0.0,2.0,14.0,15.482489743589744,71.08343695652174,39.25921794871795,2.553783260869565,0.1033342654609476,0.233454858219073,0.1613972377507624,0.0441478016593425,15.744,71.5576,39.6613,2.69215,170,12,1,0,0,0,0,run_004
U000391,24735825,MODEL_A,BATCH_01,700774.0,50055.28571428572,9996.8696287201,34460.0,65978.0,14,2.0,4.0,0.0,1.0,14.0,15.418186486486483,71.16276521739131,39.29924594594595,2.5498332608695655,0.0851242039028272,0.2088364093600459,0.1626792611152287,0.057345374125337,15.5546,71.6045,39.6497,2.67134,166,12,1,0,0,0,0,run_004
U000392,24784713,MODEL_A,BATCH_02,722667.0,51619.07142857143,10563.7500077044,35378.0,79022.0,14,2.05,4.0,0.0,3.0,14.0,15.398997222222224,71.17405581395349,39.287194444444445,2.5508893023255816,0.1092271329088705,0.2021596767554545,0.1809312070443899,0.0425117163903556,15.6037,71.6915,39.6389,2.63195,158,12,1,0,0,0,0,run_004
U000393,24841217,MODEL_A,BATCH_01,677851.0,48417.92857142857,7854.156728610808,33218.0,58759.0,14,2.0,4.0,0.0,1.0,14.0,15.433752941176472,71.20347441860466,39.23329411764706,2.555538837209302,0.0796691272675444,0.2011446578401463,0.1581758513944194,0.0555834757994591,15.5946,71.5826,39.6825,2.67308,154,12,1,0,0,0,0,run_004
U000394,24916903,MODEL_A,BATCH_01,667323.0,47665.92857142857,10996.551777466677,30843.0,75686.0,14,1.975,4.0,0.0,2.0,14.0,15.43016875,71.21229736842106,38.745596875,2.635036315789474,0.0894827193174837,0.2271562594539352,0.7268337851807951,0.1045520905583134,15.6325,71.6392,39.4597,2.81396,140,12,1,0,0,0,1,run_004
U000395,24979303,MODEL_B,BATCH_01,712878.0,50919.857142857145,10246.252124235798,33153.0,70869.0,14,2.0,4.0,0.0,3.0,14.0,15.430164864864864,71.26095454545454,39.23982432432432,2.5520029545454546,0.0885544691645148,0.1864452328770564,0.1766066571121726,0.0402376119072427,15.6324,71.7796,39.6286,2.64603,162,12,1,0,0,0,0,run_004
U000396,25055364,MODEL_A,BATCH_01,701177.0,50084.07142857143,12244.482301863944,30096.0,76061.0,14,2.0,4.0,0.0,2.0,14.0,15.428594444444444,71.23850930232558,39.22705555555555,2.5650202325581395,0.1057837712220936,0.189212895732312,0.1391663843738226,0.0441193880547493,15.7401,71.6878,39.4972,2.64592,158,12,1,0,0,0,0,run_004
U000397,25101002,MODEL_A,BATCH_01,715544.0,51110.28571428572,10635.069833979764,35369.0,71066.0,14,2.075,4.0,0.0,3.0,14.0,15.486467567567566,71.31948181818183,39.21377837837838,2.563020227272727,0.0737596398748967,0.2238529441217306,0.1490860510934228,0.058329559560756,15.6306,71.7708,39.5297,2.70676,162,12,1,0,0,0,0,run_004
U000398,25153481,MODEL_A,BATCH_01,674558.0,48182.71428571428,6127.3991650187545,37608.0,56050.0,14,2.075,4.0,0.0,2.0,14.0,15.430020588235296,71.334245,39.233520588235294,2.5802544999999997,0.0972650324267506,0.1834949198626055,0.159492949933317,0.04309028011941,15.6142,71.9626,39.4708,2.67476,148,12,1,0,0,0,0,run_004
U000399,25228211,MODEL_A,BATCH_02,687359.0,49097.07142857143,10669.2573129478,35252.0,74730.0,14,2.0,4.0,0.0,2.0,14.0,15.41960294117647,71.35938333333333,39.18186764705882,2.5840823809523807,0.0941697580140284,0.2607409656706483,0.1201964622092923,0.0569767114517092,15.5951,71.9089,39.5173,2.73859,152,12,1,0,0,0,0,run_004
U000400,25280378,MODEL_B,BATCH_01,706991.0,50499.357142857145,10347.530129732131,32140.0,70811.0,14,2.075,4.0,0.0,4.0,14.0,15.455302777777778,71.36480909090909,39.19164722222222,2.6018506818181817,0.084271403338469,0.1500319994056825,0.1620916310276594,0.0506592921019282,15.6537,71.6479,39.4945,2.70925,160,12,1,0,0,0,0,run_004
U000401,25333760,MODEL_A,BATCH_01,664951.0,47496.5,6532.900224720553,33431.0,54062.0,14,2.0,4.0,0.0,1.0,14.0,15.431558823529413,71.43789268292683,39.18590588235294,2.578480487804878,0.1003029022138113,0.218609011010805,0.1568990622085578,0.0406984507660438,15.715,72.0493,39.4509,2.70342,150,12,1,0,0,0,0,run_004
U000402,25391145,MODEL_A,BATCH_01,729239.0,52088.5,10839.73311302167,36757.0,69660.0,14,2.05,4.0,0.0,5.0,14.0,15.48782972972973,71.41161590909091,39.15148378378378,2.5832095454545456,0.1285183447019334,0.2096165757061746,0.1407757426893211,0.0459258852862246,15.7444,71.8465,39.4545,2.69228,162,12,1,0,0,0,0,run_004
U000403,25454328,MODEL_A,BATCH_01,704546.0,50324.71428571428,9603.914301579742,34351.0,68224.0,14,2.05,4.0,0.0,2.0,14.0,15.476383333333334,71.41149111111112,39.177255555555554,2.5870568888888887,0.0982152752157944,0.2206797760456379,0.1339867593553168,0.0490505548954908,15.6752,71.822,39.5107,2.71605,162,12,1,0,0,0,0,run_004
U000404,25526263,MODEL_A,BATCH_01,718369.0,51312.07142857143,12953.97371444398,34171.0,71935.0,14,2.025,4.0,0.0,2.0,14.0,15.435286111111113,71.4595590909091,39.229486111111115,2.594121590909091,0.0920966329546709,0.2206210929617065,0.1421738777549274,0.0423850775047607,15.6568,71.9811,39.5553,2.67953,160,12,1,0,0,0,0,run_004
U000405,25574533,MODEL_B,BATCH_01,668011.0,47715.07142857143,7795.504350035896,34798.0,61130.0,14,2.024390243902439,4.0,0.0,2.0,14.0,15.456166666666666,71.49954634146341,39.14690909090909,2.6055680487804875,0.0986861301889314,0.1979606313103202,0.1217162770638041,0.049708987930731,15.667,71.869,39.4619,2.71049,148,12,2,0,0,0,0,run_004
U000406,25622091,MODEL_A,BATCH_02,707020.0,50501.42857142857,8896.29946156772,37925.0,70324.0,14,1.975,4.0,0.0,3.0,14.0,15.461307894736844,71.56748222222222,39.15415789473684,2.600026,0.1022398620668479,0.1930059152283454,0.1115239657472276,0.0550120743523225,15.7208,72.0155,39.3785,2.7107,166,12,1,0,0,0,0,run_004
U000407,25689712,MODEL_A,BATCH_01,712207.0,50871.92857142857,11218.16892685382,35198.0,68693.0,14,2.025,4.0,0.0,4.0,14.0,15.47201714285714,71.54825714285714,39.198368571428574,2.615547619047619,0.0901423106430448,0.1919405194233769,0.1835776206587357,0.050616783720351,15.6948,71.9012,39.5793,2.73698,154,12,1,0,0,0,0,run_004
U000408,25759477,MODEL_A,BATCH_01,743844.0,53131.71428571428,11427.601494280763,36955.0,69829.0,14,2.0,4.0,0.0,4.0,14.0,15.45815641025641,71.59185918367346,39.1727641025641,2.6253144897959184,0.0890841258080537,0.189345770481728,0.1586785769495261,0.0495962373430529,15.655,72.0322,39.4224,2.72246,176,12,1,0,0,0,0,run_004
U000409,25809410,MODEL_A,BATCH_01,682427.0,48744.78571428572,11765.99314961144,29432.0,70035.0,14,2.0,4.0,0.0,4.0,14.0,15.452982857142858,71.57637073170731,39.164451428571425,2.622824390243902,0.0851433962957381,0.1751576307842466,0.1593417901896435,0.0432958078252836,15.6344,72.038,39.5028,2.7226,152,11,2,0,0,0,0,run_004
U000410,25857937,MODEL_B,BATCH_01,672923.0,48065.92857142857,8220.539739572465,36974.0,60835.0,14,1.951219512195122,4.0,0.0,3.0,14.0,15.44844722222222,71.60423181818182,39.11074166666666,2.619918863636364,0.0921415261931683,0.2098699295662754,0.1481876076850845,0.0589792980714777,15.7289,72.0337,39.4255,2.73727,160,12,2,0,0,0,0,run_004
U000411,25904212,MODEL_A,BATCH_01,727152.0,51939.42857142857,8855.615912335697,37137.0,72591.0,14,1.951219512195122,4.0,0.0,4.0,14.0,15.491708571428571,71.64438372093024,39.14279428571429,2.6274513953488374,0.1111338498002682,0.2009674872190954,0.1220001107590076,0.0510202999086495,15.7205,71.9869,39.3677,2.73751,156,12,2,1,0,1,0,run_004
U000412,25964622,MODEL_A,BATCH_01,752853.0,53775.21428571428,12248.941255211668,33873.0,72667.0,14,2.025,4.0,0.0,4.0,14.0,15.4879825,71.67608260869565,39.1251025,2.616688043478261,0.1024206031143524,0.1974218678694031,0.1416561012425199,0.0493943740215001,15.733,72.0678,39.435,2.7099,172,12,1,0,0,0,0,run_004
U000413,26012012,MODEL_A,BATCH_02,667392.0,47670.857142857145,9122.961216767138,32709.0,64306.0,14,1.975609756097561,4.0,0.0,2.0,14.0,15.48543611111111,71.68893571428572,38.63939444444444,2.6833190476190474,0.1244553555130228,0.2028874057823463,0.6801156119973528,0.1031440004712693,15.7652,72.0337,39.4041,2.91821,156,12,2,0,0,0,1,run_004
U000414,26063335,MODEL_A,BATCH_01,691681.0,49405.78571428572,7466.235208009366,37041.0,62485.0,14,1.9268292682926829,4.0,0.0,2.0,14.0,15.513085714285712,71.72048372093023,39.119457142857144,2.634537441860465,0.1070614148730615,0.2287101148472529,0.1504373355679135,0.0526584964922463,15.7247,72.161,39.4971,2.77679,156,12,2,0,0,0,0,run_004
U000415,26109206,MODEL_B,BATCH_01,716480.0,51177.142857142855,14250.39155660235,33664.0,93184.0,14,1.9,4.0,0.0,4.0,14.0,15.485032352941175,71.74920243902439,39.102158823529415,2.6447234146341465,0.1119467262925951,0.2201801745023892,0.1296526410993177,0.0538464017651019,15.6725,72.1015,39.3621,2.74398,150,12,1,0,0,0,0,run_004
U000416,26176444,MODEL_A,BATCH_01,734571.0,52469.357142857145,13573.536348957978,30549.0,76875.0,14,1.875,4.0,0.0,4.0,14.0,15.503782051282052,71.80208913043478,39.079528205128206,2.630136739130435,0.1029037283141124,0.1737547226897899,0.1296597124231012,0.0489120154769696,15.7267,72.2326,39.3432,2.72568,170,12,1,0,0,0,0,run_004
U000417,26230683,MODEL_A,BATCH_01,728373.0,52026.642857142855,9394.319728981429,39618.0,65298.0,14,1.9,4.0,0.0,4.0,14.0,15.500730769230769,71.83734468085106,38.644592307692314,2.7180840425531914,0.101254843039068,0.2006824755769679,0.7165066629817034,0.0981585367981103,15.6791,72.2134,39.3271,2.87829,172,12,1,0,0,0,1,run_004
U000418,26281128,MODEL_A,BATCH_01,706964.0,50497.42857142857,8944.857884361752,34683.0,63407.0,14,1.95,4.0,0.0,4.0,14.0,15.4868,71.86918837209303,39.07893333333333,2.6523702325581393,0.1039081160036524,0.1330111796398788,0.1724208389791851,0.0495559334532286,15.8456,72.1406,39.4281,2.76733,158,12,1,0,0,0,0,run_004
U000419,26340434,MODEL_A,BATCH_01,691258.0,49375.57142857143,7955.542226013895,40061.0,64768.0,14,1.9,4.0,0.0,2.0,14.0,15.48275,71.88812272727273,39.06731388888889,2.6650795454545455,0.1089298529198626,0.2248948290259731,0.151331858892545,0.0495320608858802,15.7229,72.3595,39.3467,2.75965,160,12,1,0,0,0,0,run_004
U000420,26411927,MODEL_B,BATCH_02,744584.0,53184.57142857143,11111.922230125248,34731.0,71493.0,14,1.925,4.0,0.0,4.0,14.0,15.503219444444444,71.84887727272726,38.620075,2.7169970454545456,0.0929545659201138,0.1895756054167634,0.6893795062538863,0.1096262932639274,15.7636,72.317,39.3786,2.98861,160,12,1,0,0,0,0,run_004
U000421,26467972,MODEL_A,BATCH_01,716213.0,51158.07142857143,6911.243353175548,38150.0,60482.0,14,1.925,4.0,0.0,4.0,14.0,15.52457837837838,71.96886304347827,39.07791621621622,2.6648358695652172,0.1205466418149125,0.1815794057812339,0.1814348972826113,0.0621090960443739,15.7985,72.3904,39.5202,2.78289,166,12,1,0,0,0,0,run_004
U000422,26534480,MODEL_A,BATCH_01,717375.0,51241.07142857143,10252.699925567716,35677.0,68208.0,14,1.9,4.0,0.0,4.0,14.0,15.538091666666666,71.93213409090909,39.041183333333336,2.66991,0.1163722312851554,0.1508979093405222,0.1536368993996648,0.0537141539962688,15.7733,72.2252,39.4634,2.80988,160,12,1,0,0,0,0,run_004
U000423,26611578,MODEL_A,BATCH_01,754371.0,53883.642857142855,10739.05640180267,32332.0,77098.0,14,1.925,4.0,0.0,5.0,14.0,15.534055263157894,71.95341777777777,39.05287894736842,2.660823111111111,0.0769268718992206,0.188843620116184,0.1415137089298371,0.0570074146223032,15.6431,72.4739,39.312,2.77722,166,12,1,0,0,0,0,run_004
U000424,26654500,MODEL_A,BATCH_01,700154.0,50011.0,10033.30674074336,33627.0,68750.0,14,1.902439024390244,4.0,0.0,2.0,14.0,15.520362162162163,71.98608863636365,39.00585945945946,2.666349090909091,0.0956057307422036,0.1653436916833917,0.1375378744997963,0.0489662649804034,15.7078,72.2221,39.3491,2.81251,162,12,2,0,0,0,0,run_004
U000425,26708641,MODEL_B,BATCH_01,725416.0,51815.42857142857,10688.936003135244,36750.0,78074.0,14,1.8780487804878048,4.0,0.0,3.0,14.0,15.515983783783785,72.00299333333334,39.01261081081081,2.677905333333334,0.0958234502541973,0.1599076173636171,0.1523392318037182,0.055011447428529,15.6848,72.35,39.3485,2.80385,164,12,2,0,0,0,0,run_004
U000426,26764572,MODEL_A,BATCH_01,691087.0,49363.357142857145,8715.552214352163,35733.0,65856.0,14,2.0,4.0,0.0,4.0,14.0,15.514752941176472,72.08486666666666,39.03385,2.6722990476190476,0.0896813153584442,0.1974106128892262,0.1442501557165273,0.0427644911858883,15.7277,72.47,39.3361,2.75535,152,12,2,0,0,0,0,run_004
U000427,26812441,MODEL_A,BATCH_02,679905.0,48564.642857142855,7995.119084186907,35360.0,62286.0,14,1.975609756097561,4.0,0.0,1.0,14.0,15.514116666666666,72.01916666666666,39.034955555555555,2.6845833333333333,0.0940428488965079,0.2149622061695965,0.1443349110218408,0.0557753494229488,15.6775,72.4716,39.3593,2.84706,156,12,2,0,0,0,0,run_004
U000428,26874745,MODEL_A,BATCH_01,707325.0,50523.21428571428,11342.665384620692,31474.0,71122.0,14,1.9,4.0,0.0,2.0,14.0,15.517266666666664,72.09498372093023,38.990047222222216,2.6878146511627907,0.0795273430067565,0.2346170181484549,0.1532710586530758,0.0433636577786842,15.7201,72.7643,39.3281,2.7852,158,12,1,0,0,0,0,run_004
U000001,715323,MODEL_A,BATCH_01,715323.0,51094.5,9656.34976224294,36683.0,72397.0,14,0.45,1.0,0.0,0.0,14.0,14.495454285714285,61.02564186046512,42.004468571428575,1.151336069767442,0.0967391591216453,0.1603648418191924,0.1245543414867308,0.0576524818316797,14.7267,61.4799,42.227,1.25265,156,12,1,0,0,0,0,run_005
U000002,791442,MODEL_A,BATCH_01,701993.0,50142.357142857145,10700.481747653612,32655.0,71866.0,14,0.45,1.0,0.0,8.0,14.0,14.49775135135135,61.01741136363636,42.00825945945946,1.1569361363636363,0.1116447182947905,0.2371956941213851,0.1596037862601906,0.0441605671315068,14.7555,61.4734,42.3804,1.25196,162,12,1,0,0,0,0,run_005
U000003,851246,MODEL_A,BATCH_01,719853.0,51418.07142857143,9454.163937849622,36679.0,70344.0,14,0.475,1.0,0.0,8.0,14.0,14.495074285714288,61.031147619047616,41.97011142857143,1.166262619047619,0.0957224982554722,0.2580125675121131,0.1283322543735806,0.0491412691825895,14.6909,61.5078,42.3094,1.3073,154,12,1,0,0,0,0,run_005
U000004,906356,MODEL_A,BATCH_01,656293.0,46878.07142857143,8102.533036642931,33244.0,58018.0,14,0.4634146341463415,1.0,0.0,6.0,14.0,14.538054838709678,61.04650256410256,41.9947,1.1663671794871795,0.0839668975994298,0.172150967233903,0.1483295699897136,0.0556758301972332,14.7303,61.5207,42.2841,1.25728,140,12,2,0,0,0,0,run_005
U000005,990186,MODEL_B,BATCH_01,742902.0,53064.42857142857,11054.744012722012,35558.0,71848.0,14,0.55,1.0,0.0,7.0,14.0,14.536970270270269,61.11594782608695,42.01488918918919,1.1482117391304347,0.109854532260887,0.1950200795805737,0.1588792252411032,0.0526329155273409,14.7681,61.5101,42.3421,1.25817,166,12,1,0,0,0,0,run_005
U000006,1061612,MODEL_A,BATCH_01,711876.0,50848.28571428572,9477.671488037811,39997.0,70580.0,14,0.55,2.0,0.0,4.0,14.0,14.531336842105262,61.16594666666666,42.03028157894737,1.1682482222222224,0.1063124676043998,0.1941654947812204,0.1465356922765003,0.0487305738119346,14.7579,61.5042,42.4526,1.25507,166,12,1,0,0,0,0,run_005
U000007,1119683,MODEL_A,BATCH_02,719342.0,51381.57142857143,7599.483845977615,35134.0,58232.0,14,0.6,2.0,0.0,4.0,14.0,14.49525,61.200804545454545,41.97603333333333,1.178064318181818,0.0957312861234881,0.2242396993610999,0.1458180608057283,0.053502600866914,14.7027,61.6626,42.2703,1.30322,160,12,1,0,0,0,0,run_005
U000008,1179920,MODEL_A,BATCH_01,686621.0,49044.357142857145,8860.483999691622,33313.0,61072.0,14,0.625,2.0,0.0,3.0,14.0,14.51898,61.23100930232558,41.98555428571429,1.161771395348837,0.0981527764732701,0.2198358249044175,0.1497140614694599,0.0427725649487187,14.7814,61.5901,42.3068,1.3038,156,12,1,0,0,0,0,run_005
U000009,1243062,MODEL_A,BATCH_01,718455.0,51318.21428571428,6639.34570662561,40752.0,63142.0,14,0.65,2.0,0.0,4.0,14.0,14.53024871794872,61.228263043478265,41.93112051282051,1.1685534782608695,0.1020480714168183,0.1839594222873867,0.1478529464660003,0.0497575524682721,14.7548,61.5013,42.2418,1.25084,170,12,1,0,0,0,0,run_005
U000010,1296198,MODEL_B,BATCH_01,741268.0,52947.71428571428,8252.78277942632,37287.0,68693.0,14,0.725,2.0,0.0,4.0,14.0,14.5785675,61.22428958333333,41.9228525,1.1707485416666668,0.0900662729996712,0.2137096242713598,0.1513475283992566,0.0487061867707061,14.7406,61.6765,42.1986,1.29328,176,12,1,0,0,0,0,run_005
U000011,1366411,MODEL_A,BATCH_01,716329.0,51166.357142857145,9652.757880978432,37652.0,70747.0,14,0.65,3.0,0.0,3.0,14.0,14.522208333333332,61.24582727272728,41.92458055555556,1.1876022727272728,0.104429627364214,0.192652976804042,0.1517058993474712,0.0506162322003173,14.7719,61.5872,42.2361,1.27698,160,12,1,0,0,0,0,run_005
U000012,1461226,MODEL_A,BATCH_01,769285.0,54948.92857142857,15977.385626442268,36749.0,94815.0,14,0.725,3.0,0.0,6.0,14.0,14.522762162162165,61.29586170212766,41.92777027027027,1.1744806382978723,0.0547836520189053,0.1833919010506005,0.1581701209051425,0.045761591660724,14.6683,61.7458,42.3369,1.25684,168,12,1,0,0,0,0,run_005
U000013,1516605,MODEL_A,BATCH_01,705117.0,50365.5,8022.297807697281,38866.0,66820.0,14,0.7317073170731707,3.0,0.0,4.0,14.0,14.515767567567568,61.32298260869565,41.9201,1.182159347826087,0.1045070679535708,0.2050126861162469,0.1406580645079084,0.0541960733059825,14.6955,61.7869,42.2353,1.34822,166,12,2,0,0,0,0,run_005
U000014,1575571,MODEL_A,BATCH_02,711755.0,50839.642857142855,10487.233943500749,32825.0,70413.0,14,0.75,3.0,0.0,4.0,14.0,14.512317142857142,61.318188372093026,41.87900285714286,1.2086623255813953,0.084060795526439,0.2703821521382396,0.1776246347609181,0.0529100069226808,14.6502,61.9424,42.2397,1.31033,156,12,1,0,0,0,0,run_005
U000015,1635358,MODEL_B,BATCH_01,722745.0,51624.642857142855,7619.0519560369985,38463.0,63268.0,14,0.775,3.0,0.0,5.0,14.0,14.525983783783785,61.39901304347826,41.932759459459454,1.2055447826086958,0.0862217313207752,0.2014606668075211,0.1426726876834194,0.0448945947619597,14.7336,61.7772,42.2797,1.34776,166,12,1,0,0,0,0,run_005
U000016,1686767,MODEL_A,BATCH_01,695214.0,49658.142857142855,9494.45220080688,38218.0,71699.0,14,0.8536585365853658,3.0,0.0,5.0,14.0,14.54069393939394,61.37524878048781,41.9267,1.206633658536585,0.1139081097293831,0.2126072671875891,0.1382883219943037,0.043494658393652,14.8745,61.6799,42.1579,1.30583,148,12,2,0,0,0,0,run_005
U000017,1741596,MODEL_A,BATCH_01,716062.0,51147.28571428572,8803.22474506291,35419.0,63127.0,14,0.926829268292683,4.0,0.0,4.0,14.0,14.551335135135137,61.41699565217391,41.9113,1.209923695652174,0.1270893347571265,0.2189596766089056,0.1263410243920984,0.0499245500667955,14.9047,61.8375,42.1772,1.32367,166,12,2,0,0,0,0,run_005
U000018,1800397,MODEL_A,BATCH_01,723728.0,51694.857142857145,10579.515117994217,34353.0,74821.0,14,1.024390243902439,4.0,0.0,5.0,14.0,14.540778378378375,61.36124418604651,41.90747567567568,1.213656046511628,0.0962657206068906,0.1769946828664984,0.1629723432661797,0.0507892815435705,14.7083,61.6308,42.1747,1.34134,160,12,2,0,0,0,0,run_005
U000019,1858016,MODEL_A,BATCH_01,724397.0,51742.642857142855,12845.87616922042,34462.0,72869.0,14,1.1,4.0,0.0,5.0,14.0,14.536597368421054,61.46910444444445,41.84823947368421,1.2195282222222223,0.1063045764107103,0.1949127146787356,0.1661487603380704,0.0401489427738587,14.7031,61.9227,42.133,1.32324,166,12,1,0,0,0,0,run_005
U000020,1921090,MODEL_B,BATCH_01,700606.0,50043.28571428572,11006.778893227372,33014.0,68928.0,14,1.125,4.0,0.0,4.0,14.0,14.56140277777778,61.49963720930232,40.37788611111111,1.4021048837209302,0.0819450913237854,0.1958486040934668,0.1425151583973306,0.0467873735700284,14.7802,61.9125,40.6839,1.51624,158,12,1,0,0,0,1,run_005
U000021,1993314,MODEL_A,BATCH_02,715656.0,51118.28571428572,11338.113873999511,35027.0,72224.0,14,1.15,4.0,0.0,5.0,14.0,14.539351428571427,61.601441860465115,41.88734,1.2284102325581396,0.0905345120136306,0.1832281172961313,0.1440533749119709,0.047278518503115,14.7217,61.96,42.1913,1.32225,156,12,1,0,0,0,0,run_005
U000022,2055597,MODEL_A,BATCH_01,703526.0,50251.857142857145,10752.594762747647,35500.0,70474.0,14,1.175,4.0,0.0,5.0,14.0,14.56926111111111,61.538316279069775,41.851263888888894,1.2319895348837209,0.0752938786272179,0.1616680313102438,0.1234170702543158,0.0445297370386452,14.7182,61.9778,42.0835,1.33451,158,12,1,0,0,0,0,run_005
U000023,2104086,MODEL_A,BATCH_01,683615.0,48829.642857142855,8992.856991114524,32833.0,62122.0,14,1.195121951219512,4.0,0.0,5.0,14.0,14.533213888888888,61.58173636363636,41.86626666666667,1.2361327272727272,0.0909428396703204,0.2076530694489863,0.149857804982875,0.047700174606654,14.7669,62.0921,42.1941,1.34432,160,12,2,0,0,0,0,run_005
U000024,2169513,MODEL_A,BATCH_01,702530.0,50180.71428571428,11053.198809036592,37717.0,75334.0,14,1.225,4.0,0.0,5.0,14.0,14.551141666666666,61.53429761904762,41.864583333333336,1.2220773809523808,0.0887577163647512,0.2108575435044466,0.1600995877571221,0.0521125004459523,14.7266,62.0659,42.2094,1.3328,156,12,1,0,0,0,0,run_005
U000025,2236446,MODEL_B,BATCH_01,700630.0,50045.0,10472.583760246782,34649.0,66933.0,14,1.275,4.0,0.0,5.0,14.0,14.576324242424244,61.62276904761905,41.84696666666667,1.2342314285714284,0.0840620307804865,0.1921408343848219,0.174694624034819,0.0519285189547732,14.7499,62.0559,42.2163,1.37144,150,12,1,0,0,0,0,run_005
U000026,2301188,MODEL_A,BATCH_01,707721.0,50551.5,9496.448937528012,36871.0,68740.0,14,1.25,4.0,0.0,3.0,14.0,14.569851351351351,61.64664782608696,41.85022162162162,1.2442221739130437,0.1074881172285817,0.185353794720776,0.1536385406927124,0.0597228033841176,14.7784,61.9845,42.0845,1.36794,166,12,1,0,0,0,0,run_005
U000027,2360918,MODEL_A,BATCH_01,725731.0,51837.92857142857,9693.423261828972,37191.0,65086.0,14,1.35,4.0,0.0,5.0,14.0,14.568266666666666,61.656072093023255,41.79241388888889,1.2524518604651165,0.1023361687213833,0.1764505546896259,0.1330335685946053,0.0499608549745657,14.7842,62.0693,42.0982,1.38385,158,12,1,0,0,0,0,run_005
U000028,2419674,MODEL_A,BATCH_02,675676.0,48262.57142857143,8726.294056244262,34561.0,62342.0,14,1.35,4.0,0.0,2.0,14.0,14.589685714285714,61.704024390243895,41.770988571428575,1.239020487804878,0.0886561472035347,0.1811360728575162,0.1456823049762503,0.0426671195976022,14.7633,62.0939,42.0072,1.34665,152,12,1,0,0,0,0,run_005
U000029,2491689,MODEL_A,BATCH_01,691402.0,49385.857142857145,12993.573546814729,28227.0,72015.0,14,1.35,4.0,0.0,3.0,14.0,14.553116216216216,61.68586444444444,41.792521621621624,1.266594888888889,0.1058091376896088,0.1832852411302158,0.1265361765028649,0.0611071832417218,14.8578,62.1184,42.0923,1.47532,164,12,1,0,0,0,1,run_005
U000030,2551422,MODEL_B,BATCH_01,729500.0,52107.142857142855,13184.945102754024,39015.0,86021.0,14,1.425,4.0,0.0,5.0,14.0,14.570548484848484,61.74693846153846,41.771854545454545,1.2541151282051284,0.1038798227557094,0.2242205934663737,0.1607294234321102,0.0410470857912813,14.7946,62.2975,42.1142,1.35566,144,12,1,0,0,0,0,run_005
U000031,2620032,MODEL_A,BATCH_01,691245.0,49374.642857142855,11245.028977676811,32766.0,68610.0,14,1.35,4.0,0.0,2.0,14.0,14.561524324324324,61.77015555555556,41.78731351351351,1.2658144444444444,0.1217149730709809,0.1899827080116342,0.156960467708985,0.0576128309791694,14.8252,62.1638,42.0891,1.37214,164,12,1,0,0,0,0,run_005
U000032,2672299,MODEL_A,BATCH_01,713576.0,50969.71428571428,10801.54569016413,33106.0,69084.0,14,1.325,4.0,0.0,4.0,14.0,14.593411764705882,61.78964418604651,40.26629117647059,1.4468658139534882,0.1004010224646294,0.2051943600152281,0.1346889871263391,0.0538430094605983,14.7804,62.2933,40.5174,1.57215,154,12,1,0,0,0,0,run_005
U000033,2736129,MODEL_A,BATCH_01,710178.0,50727.0,9979.552209778369,34361.0,67089.0,14,1.35,4.0,0.0,5.0,14.0,14.60838108108108,61.821797777777775,41.8020027027027,1.2620057777777778,0.0984602368636353,0.1972987668588952,0.1506556918688854,0.038501148831082,14.838,62.2253,42.1188,1.33729,164,12,1,0,0,0,0,run_005
U000034,2789454,MODEL_A,BATCH_01,721498.0,51535.57142857143,11436.310410363903,33209.0,68655.0,14,1.475,4.0,0.0,5.0,14.0,14.5667,61.91710714285715,41.704634285714285,1.2617130952380953,0.1105784124235721,0.1848595305773989,0.152978398980451,0.0462514228383957,14.7792,62.2609,42.0337,1.36376,154,12,1,0,0,0,0,run_005
U000035,2845763,MODEL_B,BATCH_02,699397.0,49956.92857142857,9836.90602127664,36852.0,68406.0,14,1.4878048780487805,4.0,0.0,3.0,14.0,14.593862162162162,61.93484545454546,41.7161054054054,1.263375,0.0887206832685569,0.1542716231190594,0.1199478542857171,0.0411886225823655,14.8256,62.2343,42.0086,1.3361,162,12,2,0,0,0,0,run_005
U000036,2905556,MODEL_A,BATCH_01,723332.0,51666.57142857143,11493.279787064102,35025.0,72255.0,14,1.525,4.0,0.0,5.0,14.0,14.566051515151516,61.91924634146341,41.47400909090909,1.3174939024390244,0.1125862367288181,0.1963619796416319,0.5891004468486416,0.0732503263773632,14.8404,62.2677,41.9727,1.51602,148,12,1,0,0,0,1,run_005
U000037,2966760,MODEL_A,BATCH_01,695333.0,49666.642857142855,8318.889502508437,36830.0,64022.0,14,1.5,4.0,0.0,4.0,14.0,14.605215384615384,61.94798260869565,41.73993076923077,1.2736417391304349,0.0965124468069481,0.1783869418543706,0.1630422695497073,0.0512303842701162,14.7592,62.3496,42.1568,1.38457,170,12,1,0,0,0,0,run_005
U000038,3037018,MODEL_A,BATCH_01,705078.0,50362.71428571428,11818.887761210352,30566.0,75351.0,14,1.525,4.0,0.0,5.0,14.0,14.61419696969697,61.95787,41.737921212121215,1.3045304999999998,0.125241435547626,0.2097617955486535,0.1625208251224598,0.0538762670717798,14.9511,62.4627,42.0492,1.40652,146,12,1,0,0,0,0,run_005
U000039,3102868,MODEL_A,BATCH_01,718656.0,51332.57142857143,9708.67396248788,36853.0,66206.0,14,1.6,4.0,0.0,6.0,14.0,14.61385,61.949817777777774,41.7263,1.28778,0.0970616403479099,0.1754868996520676,0.1407338200579662,0.0506356323066169,14.8622,62.3582,42.0492,1.38547,166,12,1,0,0,0,0,run_005
U000040,3155296,MODEL_B,BATCH_01,685292.0,48949.42857142857,8134.152839576007,31591.0,60190.0,14,1.575,4.0,0.0,4.0,14.0,14.580725,62.01725,41.7506625,1.29798125,0.0955633719817178,0.2137198825685817,0.156243965044745,0.0425065917173217,14.8272,62.5446,42.0644,1.36687,144,12,1,0,0,0,0,run_005
U000041,3222796,MODEL_A,BATCH_01,742256.0,53018.28571428572,9601.095429717876,38100.0,67500.0,14,1.6,4.0,0.0,6.0,14.0,14.60882972972973,62.02011777777778,41.738616216216215,1.2967264444444444,0.1011315036773215,0.1827060459377914,0.1457800712517804,0.0348448401133546,14.8423,62.3571,42.0079,1.37314,164,12,1,0,0,0,0,run_005
U000042,3277584,MODEL_A,BATCH_02,750064.0,53576.0,13846.452014310937,36284.0,90462.0,14,1.6341463414634143,4.0,0.0,6.0,14.0,14.586718421052632,62.085695744680855,40.19732894736842,1.4869668085106382,0.0837939746761912,0.1931390521353964,0.1601754745674746,0.0512499270034001,14.741,62.7279,40.4978,1.57091,170,12,2,2,1,1,1,run_005
U000043,3337456,MODEL_A,BATCH_01,710506.0,50750.42857142857,8772.645129687427,36002.0,62395.0,14,1.7,4.0,0.0,6.0,14.0,14.59643783783784,62.09630444444445,41.679316216216215,1.319686666666667,0.0871616899514643,0.2062431419857681,0.1409626300232207,0.0536978006998425,14.7735,62.4956,42.1169,1.42033,164,12,1,0,0,0,0,run_005
U000044,3403015,MODEL_A,BATCH_01,697949.0,49853.5,8745.909837439178,37712.0,64233.0,14,1.75,4.0,0.0,6.0,14.0,14.607425714285714,62.12830238095238,41.69969714285714,1.291300238095238,0.116506486420934,0.1898141292231143,0.1401084422147077,0.0469067068109067,14.7877,62.4511,41.8851,1.40934,154,12,1,0,0,0,0,run_005
U000045,3463263,MODEL_B,BATCH_01,704986.0,50356.142857142855,8024.3005816193,39633.0,66846.0,14,1.675,4.0,0.0,4.0,14.0,14.609855555555557,62.14199772727272,41.72213333333333,1.3008636363636363,0.1057039705821186,0.2074043533985452,0.1418177824836203,0.0575735523943638,14.8856,62.5977,41.9972,1.44492,160,12,1,0,0,0,0,run_005
U000046,3530690,MODEL_A,BATCH_01,717903.0,51278.78571428572,8641.957792596013,36366.0,67427.0,14,1.75,4.0,0.0,5.0,14.0,14.6213,62.11876744186046,41.610413888888885,1.3004476744186046,0.0926457831898305,0.1736529416762763,0.145738562702979,0.0494452937159177,14.881,62.6403,41.884,1.41908,158,12,1,0,0,0,0,run_005
U000047,3588862,MODEL_A,BATCH_01,687014.0,49072.42857142857,10252.016294850984,32414.0,64935.0,14,1.675,4.0,0.0,3.0,14.0,14.631070588235293,62.20929268292683,41.679258823529416,1.311520487804878,0.1268347613412503,0.1901072741772959,0.1215950485376641,0.0551688385300624,14.8575,62.5787,41.8783,1.4193,150,12,1,0,0,0,0,run_005
U000048,3654432,MODEL_A,BATCH_01,742011.0,53000.78571428572,12164.737818026277,32269.0,74416.0,14,1.675,4.0,0.0,6.0,14.0,14.606763157894738,62.21559347826087,41.69217105263158,1.3157791304347826,0.0987494301620306,0.1716633791299105,0.151148416247069,0.0530474584091594,14.8313,62.6113,42.0331,1.44039,168,12,1,0,0,0,0,run_005
U000049,3709730,MODEL_A,BATCH_02,716808.0,51200.57142857143,7184.137502049333,39125.0,60107.0,14,1.775,4.0,0.0,6.0,14.0,14.64407105263158,62.25100212765957,41.62922894736842,1.3241310638297874,0.0849861066798083,0.2224925719222825,0.1417490777087955,0.0501385637501775,14.792,62.7167,41.911,1.49764,170,12,1,0,0,0,0,run_005
U000050,3774395,MODEL_B,BATCH_01,710126.0,50723.28571428572,8791.292793953058,34088.0,64665.0,14,1.8,4.0,0.0,3.0,14.0,14.588183783783784,62.24195777777778,41.6492972972973,1.3220162222222225,0.0998286351524272,0.2051354070418424,0.1159598888660461,0.0535146782026325,14.7451,62.6435,41.8685,1.48471,164,12,1,0,0,0,0,run_005
U000051,3869524,MODEL_A,BATCH_01,716003.0,51143.07142857143,14201.451526377292,33975.0,95129.0,14,1.75,4.0,0.0,2.0,14.0,14.61418108108108,62.25374888888889,41.66736216216216,1.3431966666666666,0.0799515889559214,0.1755152073471159,0.1573455492280019,0.0418779833129967,14.7617,62.6533,42.0566,1.44745,164,12,1,0,0,0,0,run_005
U000052,3960975,MODEL_A,BATCH_01,773514.0,55251.0,14603.313475425311,38681.0,91451.0,14,1.85,4.0,0.0,4.0,14.0,14.627659459459458,62.27338444444444,41.63892702702703,1.3270613333333332,0.0933895201694359,0.1890366221800747,0.1615415575163389,0.0416936960353829,14.8247,62.7338,42.0404,1.42075,164,12,1,0,0,0,0,run_005
U000053,4026145,MODEL_A,BATCH_01,687424.0,49101.71428571428,8167.392366351337,38586.0,65170.0,14,1.85,4.0,0.0,2.0,14.0,14.62570294117647,62.3190976744186,41.58947647058824,1.3323,0.0967064269911278,0.2325894251868485,0.1341483892511599,0.0515950220928522,14.8563,62.9008,41.8457,1.41853,154,12,1,0,0,0,0,run_005
U000054,4088002,MODEL_A,BATCH_01,743132.0,53080.857142857145,9619.715547186996,35914.0,65888.0,14,1.775,4.0,0.0,3.0,14.0,14.622685,62.38194081632653,41.61967,1.341852448979592,0.1082802904858142,0.2225261247943404,0.1396660085658563,0.0555107206061215,14.9815,63.2021,41.94,1.47394,178,12,1,0,0,0,0,run_005
U000055,4146463,MODEL_B,BATCH_01,744794.0,53199.57142857143,9987.667277615512,35358.0,65882.0,14,1.8,4.0,0.0,5.0,14.0,14.618997435897436,62.39146458333334,41.62046923076923,1.3539991666666669,0.0902311198714302,0.1968453507787955,0.1261900971046757,0.0578348998234513,14.8337,62.7595,41.9031,1.48117,174,12,1,0,0,0,0,run_005
U000056,4212853,MODEL_A,BATCH_02,715058.0,51075.57142857143,10358.821604457093,34524.0,66526.0,14,1.875,4.0,0.0,5.0,14.0,14.637064864864866,62.42259772727273,41.60558108108109,1.33802,0.1014141240881391,0.2354601822741481,0.1484712819927682,0.0442444570171697,14.812,62.8551,41.933,1.44465,162,12,1,0,0,0,0,run_005
U000057,4269087,MODEL_A,BATCH_01,713787.0,50984.78571428572,9436.013004022829,41818.0,72789.0,14,1.875,4.0,0.0,4.0,14.0,14.63149117647059,62.4137875,41.58801176470588,1.35145525,0.0937054714215318,0.2143226362376274,0.1652998611609271,0.0461982108648741,14.8039,62.9071,41.873,1.50836,148,12,1,0,0,0,0,run_005
U000058,4353878,MODEL_A,BATCH_01,731807.0,52271.92857142857,11899.219020683578,38654.0,84791.0,14,1.875,4.0,0.0,4.0,14.0,14.625169444444444,62.43562325581395,41.64297222222222,1.359679534883721,0.0914483673819569,0.1800174923209627,0.1501706792973744,0.04667277262538,14.8556,62.785,41.942,1.50135,158,12,1,0,0,0,0,run_005
U000059,4415527,MODEL_A,BATCH_01,697811.0,49843.642857142855,11016.603696987722,34187.0,73590.0,14,1.85,4.0,0.0,4.0,14.0,14.635036111111113,62.47609285714285,41.60945833333333,1.3379292857142857,0.0975086139865972,0.1838801483905367,0.1657864760553656,0.0509880030075395,14.8628,63.0396,41.9268,1.44925,156,12,1,0,0,0,0,run_005
U000060,4477743,MODEL_B,BATCH_01,695327.0,49666.21428571428,10240.651851086668,35208.0,70174.0,14,1.825,4.0,0.0,5.0,14.0,14.655138235294118,62.5543175,41.59927352941176,1.3659265,0.0854553295134127,0.1801902027666229,0.1707932070695588,0.0505378800073867,14.8052,62.9247,41.8721,1.47782,148,12,1,1,1,0,0,run_005
U000061,4538139,MODEL_A,BATCH_01,711414.0,50815.28571428572,10621.444023430013,33297.0,65362.0,14,1.925,4.0,0.0,5.0,14.0,14.635614285714285,62.582055813953495,41.59967714285714,1.3801788372093022,0.0958437243422766,0.17011050232454,0.1376496513653727,0.0533098119803252,14.8346,63.0482,41.8482,1.47796,156,12,1,0,0,0,0,run_005
U000062,4595803,MODEL_A,BATCH_01,662334.0,47309.57142857143,8954.735487346996,35363.0,62166.0,14,1.9268292682926829,4.0,0.0,1.0,14.0,14.66874722222222,62.61002093023256,41.589475,1.357842558139535,0.0988512489583962,0.2169841189691741,0.1509250000591603,0.0493850188433421,14.854,63.0061,41.9015,1.45931,158,12,2,0,0,0,0,run_005
U000063,4645608,MODEL_A,BATCH_02,696065.0,49718.92857142857,9592.307105691005,33858.0,65321.0,14,1.8780487804878048,4.0,0.0,2.0,14.0,14.644635294117649,62.578524390243906,41.56915882352941,1.3631475609756096,0.1101507228613624,0.1623377047707768,0.1615747676026388,0.0575229682727033,14.9208,62.9401,41.913,1.45567,150,12,2,0,0,0,0,run_005
U000064,4695870,MODEL_A,BATCH_01,714058.0,51004.142857142855,9233.40134725879,36593.0,63983.0,14,1.85,4.0,0.0,3.0,14.0,14.66582162162162,62.59816363636364,41.51941351351351,1.37567,0.117070249886162,0.1613140647437273,0.1238829558767347,0.0477690698800939,14.967,62.9696,41.7916,1.47924,162,12,1,0,0,0,0,run_005
U000065,4753878,MODEL_B,BATCH_01,733312.0,52379.42857142857,11268.93825258881,37629.0,83905.0,14,1.85,4.0,0.0,5.0,14.0,14.644280555555556,62.58922391304347,41.55948333333333,1.385901956521739,0.0961623948461129,0.1801661507051299,0.1306812709282724,0.0460009658168929,14.8176,62.9774,41.7929,1.48551,164,12,1,0,0,0,1,run_005
U000066,4805275,MODEL_A,BATCH_01,719149.0,51367.78571428572,9638.030441781311,35847.0,66730.0,14,1.9,4.0,0.0,5.0,14.0,14.661922857142857,62.73416976744186,41.539271428571425,1.3943625581395347,0.0910727701466521,0.1849600015124038,0.1394733066837916,0.0522944963002811,14.8604,63.0598,41.8223,1.48367,156,12,1,0,0,0,0,run_005
U000067,4871226,MODEL_A,BATCH_01,728899.0,52064.21428571428,9773.680947229746,35450.0,65951.0,14,1.85,4.0,0.0,4.0,14.0,14.65092222222222,62.69627333333334,41.54304444444445,1.389019111111111,0.1215590793720395,0.1799782580303418,0.1356449007928836,0.0460147647165472,14.9042,63.1806,41.9601,1.4911,162,12,1,0,0,0,0,run_005
U000068,4927224,MODEL_A,BATCH_01,728972.0,52069.42857142857,11482.572753218985,36614.0,70887.0,14,1.875,4.0,0.0,6.0,14.0,14.679551428571427,62.70490930232558,41.551294285714285,1.3993941860465116,0.0849164792827723,0.208808684153875,0.1568796334077547,0.0507402672925256,14.8265,63.18,41.8682,1.53728,156,12,1,0,0,0,0,run_005
U000069,4987929,MODEL_A,BATCH_01,709530.0,50680.71428571428,10204.669198487009,36892.0,68877.0,14,1.95,4.0,0.0,5.0,14.0,14.661911428571427,62.75445813953488,41.53378,1.3936765116279068,0.1026843872989365,0.1820042912007936,0.1562941340963924,0.0544637629151242,14.8249,63.1062,42.0419,1.49884,156,12,1,0,0,0,0,run_005
U000070,5046984,MODEL_B,BATCH_02,676189.0,48299.21428571428,8670.566933629512,36753.0,63591.0,14,1.875,4.0,0.0,2.0,14.0,14.646026470588236,62.87352727272727,41.520608823529415,1.4027475,0.0948739524518321,0.2044657193802701,0.1240526436825698,0.0483224637985082,14.8624,63.5532,41.8252,1.50851,156,12,1,0,0,0,0,run_005
U000071,5095743,MODEL_A,BATCH_01,703106.0,50221.857142857145,10949.225999038565,37190.0,71488.0,14,1.804878048780488,4.0,0.0,4.0,14.0,14.648717948717948,62.85463617021277,41.523930769230766,1.4081068085106383,0.1059684334124652,0.206632915877756,0.1455491708447793,0.0577870256277074,14.868,63.2236,41.7679,1.50785,172,12,2,0,0,0,0,run_005
U000072,5157130,MODEL_A,BATCH_01,725380.0,51812.857142857145,9499.505751168506,37642.0,67511.0,14,1.85,4.0,0.0,5.0,14.0,14.650488235294118,62.83037209302326,41.51879411764706,1.401703023255814,0.1015791429459802,0.241496522035077,0.1767359028558964,0.044102125180134,14.8366,63.4628,41.9027,1.50196,154,12,1,0,0,0,0,run_005
U000073,5209881,MODEL_A,BATCH_01,693492.0,49535.142857142855,10381.670955302709,32632.0,68097.0,14,1.8,4.0,0.0,5.0,14.0,14.688511428571427,62.87721428571428,41.51738,1.4255435714285714,0.1004353926703147,0.2232694965364133,0.1626448382573656,0.0410967256912707,14.9028,63.3306,41.792,1.52059,154,12,1,0,0,0,0,run_005
U000074,5276201,MODEL_A,BATCH_01,711773.0,50840.92857142857,11136.901112029364,32940.0,73008.0,14,1.825,4.0,0.0,6.0,14.0,14.658908333333333,62.880813636363634,41.531327777777776,1.4124063636363635,0.1338748058555352,0.1685272079212282,0.1884800627745333,0.0584002758073651,14.9601,63.1398,41.8946,1.5478,160,12,1,0,0,0,0,run_005
U000075,5335671,MODEL_B,BATCH_01,694087.0,49577.642857142855,9859.870748155356,33909.0,66885.0,14,1.8,4.0,0.0,5.0,14.0,14.678582857142857,62.921413953488376,41.471317142857146,1.423474418604651,0.0853664642988728,0.22325462569878,0.1366350430584961,0.0495862685150754,14.8465,63.4129,41.7497,1.54432,156,12,1,0,0,0,0,run_005
U000076,5411850,MODEL_A,BATCH_01,761956.0,54425.42857142857,12442.258889113997,32271.0,76179.0,14,1.85,4.0,0.0,6.0,14.0,14.68321282051282,62.95571956521739,41.47297948717949,1.405055869565217,0.0948977848432254,0.169352809404333,0.1437867759447023,0.0464575294017658,14.8571,63.2638,41.849,1.48061,170,12,1,0,0,0,0,run_005
U000077,5465173,MODEL_A,BATCH_02,721787.0,51556.21428571428,8461.09936645416,39270.0,62317.0,14,1.85,4.0,0.0,4.0,14.0,14.668011428571427,62.972569047619054,41.36936285714285,1.4226478571428571,0.0942924105592579,0.2120220392226819,0.1537018486737039,0.045223039537964,14.8483,63.3983,41.7309,1.53015,154,12,1,0,0,0,0,run_005
U000078,5513498,MODEL_A,BATCH_01,673475.0,48105.357142857145,9761.674861078223,34121.0,70444.0,14,1.85,4.0,0.0,3.0,14.0,14.685662162162163,62.97949090909091,41.45306216216216,1.4360275,0.100454133677878,0.1864160697961,0.1856662243432053,0.0539661971774063,14.936,63.3805,41.8555,1.57766,162,12,1,0,0,0,0,run_005
U000079,5568470,MODEL_A,BATCH_01,729133.0,52080.92857142857,9924.320627508085,33683.0,68651.0,14,1.85,4.0,0.0,3.0,14.0,14.675175675675677,63.088725,41.453197297297294,1.4282452272727273,0.1062639308655716,0.2043353936091229,0.1482645411390032,0.0486450199410322,14.855,63.4455,41.6503,1.53366,162,12,1,0,0,0,0,run_005
U000080,5629550,MODEL_B,BATCH_01,706897.0,50492.642857142855,9713.230759418531,34355.0,65379.0,14,1.85,4.0,0.0,3.0,14.0,14.68985,63.05825217391304,41.4765552631579,1.431907608695652,0.1060394005049982,0.2013082531168226,0.1655909135406453,0.0496597117360758,14.8926,63.5396,41.828,1.54443,168,12,1,0,0,0,0,run_005
U000081,5691097,MODEL_A,BATCH_01,745407.0,53243.357142857145,10755.772350818765,37305.0,72201.0,14,1.825,4.0,0.0,5.0,14.0,14.70068108108108,63.03340222222222,41.436008108108105,1.4284955555555556,0.0954704312509548,0.2389611003802701,0.1493195629409509,0.0557489490139645,14.9488,63.5783,41.6735,1.52271,164,12,1,0,0,0,0,run_005
U000082,5739040,MODEL_A,BATCH_01,696907.0,49779.07142857143,9905.471871370162,37949.0,69671.0,14,1.8,4.0,0.0,5.0,14.0,14.730075,63.08339534883721,41.391925,1.437669069767442,0.1066085720890078,0.1718538927520773,0.1393249405936688,0.0508852069818945,14.9574,63.5024,41.8042,1.54896,158,12,1,0,0,0,0,run_005
U000083,5799397,MODEL_A,BATCH_01,739546.0,52824.71428571428,9161.4514757683,33782.0,64336.0,14,1.875,4.0,0.0,7.0,14.0,14.707775000000002,63.14743863636363,41.38931388888889,1.4423529545454543,0.0931524997747546,0.1958280097502592,0.1607411799895847,0.0482362186405824,14.9021,63.7189,41.7111,1.54704,160,12,1,0,0,0,0,run_005
U000084,5897481,MODEL_A,BATCH_02,745292.0,53235.142857142855,14302.459104628142,33663.0,91758.0,14,1.825,4.0,0.0,4.0,14.0,14.690247058823529,63.22925853658537,41.38902647058824,1.439730975609756,0.1135724498050637,0.1791307441167044,0.1708930221970761,0.0511863472912884,14.8994,63.705,41.6985,1.55585,150,12,1,0,0,0,0,run_005
U000085,5948504,MODEL_B,BATCH_01,704657.0,50332.642857142855,8228.201491560247,36284.0,62930.0,14,1.829268292682927,4.0,0.0,5.0,14.0,14.7072,63.17805333333334,41.40615526315789,1.4548906666666666,0.0936051367266863,0.2589346641002835,0.1585519468073953,0.0461721682401855,14.9329,63.8251,41.7171,1.53545,166,12,2,0,0,0,0,run_005
U000086,6006590,MODEL_A,BATCH_01,723442.0,51674.42857142857,12465.13691932754,34937.0,75012.0,14,1.825,4.0,0.0,4.0,14.0,14.678056756756757,63.224500000000006,41.41728378378378,1.4493379545454546,0.0847334564008433,0.1883155009737039,0.1652367266706803,0.0491454909606703,14.8303,63.6403,41.7506,1.56969,162,12,1,0,0,0,0,run_005
U000087,6076469,MODEL_A,BATCH_01,733025.0,52358.92857142857,9859.83659143954,39589.0,69879.0,14,1.825,4.0,0.0,4.0,14.0,14.722608108108108,63.241006666666664,41.40749459459459,1.4647584444444444,0.0947952219212504,0.1902201827070158,0.1954570071310735,0.0452115044669121,14.8938,63.6622,41.9525,1.56507,164,12,1,0,0,0,0,run_005
U000088,6134301,MODEL_A,BATCH_01,719400.0,51385.71428571428,11409.885635701185,34350.0,70951.0,14,1.775,4.0,0.0,5.0,14.0,14.689422222222223,63.266434090909094,41.40773055555556,1.4677652272727273,0.0924375993726458,0.1962746828716408,0.1357773972762445,0.04005535265968,14.853,63.8058,41.6849,1.56985,160,12,1,0,0,0,0,run_005
U000089,6196419,MODEL_A,BATCH_01,752816.0,53772.57142857143,11094.512806679815,36779.0,82263.0,14,1.85,4.0,0.0,7.0,14.0,14.740899999999998,63.32378,41.39787105263158,1.470454666666667,0.1018595190525739,0.1791753985750988,0.1537759811630079,0.0498865006152602,14.9594,63.7229,41.7517,1.587,166,12,1,0,0,0,0,run_005
U000090,6274580,MODEL_B,BATCH_01,732619.0,52329.92857142857,12206.741456855125,34201.0,74366.0,14,1.925,4.0,0.0,4.0,14.0,14.69642894736842,63.277682978723405,41.37378947368421,1.4676112765957443,0.0984431017112817,0.173050979318547,0.1354903303410684,0.0512514479802669,14.9006,63.5793,41.6993,1.57177,170,12,1,0,0,0,0,run_005
U000091,6346472,MODEL_A,BATCH_02,676718.0,48337.0,10080.192336382352,32499.0,71892.0,14,1.85,4.0,0.0,1.0,14.0,14.706288235294116,63.36174047619048,41.332073529411765,1.482715238095238,0.1211699551836825,0.1945829625052737,0.1736593274354928,0.0442466472334948,14.9678,63.8908,41.6087,1.57462,152,12,1,0,0,0,0,run_005
U000092,6399226,MODEL_A,BATCH_01,710811.0,50772.21428571428,10708.520081466197,33445.0,65684.0,14,1.825,4.0,0.0,4.0,14.0,14.738844736842106,63.388452173913045,41.38851842105263,1.469412608695652,0.0870342079295773,0.2349185274743663,0.1525079135833537,0.0507479273987194,14.9303,63.9386,41.7276,1.61695,168,12,1,0,0,0,0,run_005
U000093,6448648,MODEL_A,BATCH_01,700137.0,50009.78571428572,12374.979690293025,34040.0,82060.0,14,1.7560975609756098,4.0,0.0,4.0,14.0,14.70793823529412,63.373645,41.34473235294118,1.49327425,0.1059974356885534,0.1858559546309859,0.1460140336148465,0.0596886476724136,14.9327,63.7482,41.6448,1.64488,148,12,2,0,0,0,0,run_005
U000094,6521755,MODEL_A,BATCH_01,717779.0,51269.92857142857,10816.19477709439,32983.0,69675.0,14,1.8,4.0,0.0,6.0,14.0,14.700543243243244,63.41312444444444,41.35115675675676,1.490192888888889,0.1098345486542284,0.2045918432964379,0.1575257960189749,0.047110651981277,15.049,63.7781,41.6011,1.60428,164,12,1,0,0,0,0,run_005
U000095,6582970,MODEL_B,BATCH_01,737497.0,52678.357142857145,9105.320165934629,42111.0,72261.0,14,1.875,4.0,0.0,7.0,14.0,14.737891891891891,63.49330666666667,41.376259459459455,1.4870475555555556,0.100353808482174,0.1775090489370752,0.1299367248989947,0.0513243038811915,14.9407,64.0563,41.6798,1.5994,164,12,1,0,0,0,0,run_005
U000096,6635028,MODEL_A,BATCH_01,703289.0,50234.92857142857,10747.40087695114,30978.0,70998.0,14,1.925,4.0,0.0,4.0,14.0,14.72642894736842,63.46010681818182,41.341144736842104,1.4893886363636364,0.091560902513749,0.200205097625465,0.1686105006145702,0.0489371269431102,14.9032,63.8286,41.7069,1.58334,164,12,1,0,0,0,0,run_005
U000097,6704681,MODEL_A,BATCH_01,686227.0,49016.21428571428,8813.11381433348,36759.0,66780.0,14,1.875,4.0,0.0,2.0,14.0,14.710249999999998,63.52921111111111,41.320194444444446,1.4927924444444445,0.1149628573558811,0.1778287074460124,0.1462358407200877,0.0471192029063019,14.8825,63.9136,41.6745,1.58197,162,12,1,0,0,0,0,run_005
U000098,6773306,MODEL_A,BATCH_02,698824.0,49916.0,7656.239999051552,38480.0,63218.0,14,1.85,4.0,0.0,4.0,14.0,14.711580555555557,63.476239534883725,41.31492222222222,1.5031453488372093,0.0941262915128825,0.1893508800632607,0.1720830166951993,0.0481435805120295,14.895,63.8495,41.7001,1.58914,158,12,1,0,0,0,0,run_005
U000099,6823063,MODEL_A,BATCH_01,703840.0,50274.28571428572,6899.636059839806,37640.0,64474.0,14,1.8,4.0,0.0,4.0,14.0,14.745361764705883,63.53314523809524,41.309626470588235,1.5059119047619047,0.0609640928331857,0.1910669352799144,0.1662605828189208,0.0421362548394271,14.9184,63.9599,41.7714,1.59766,152,12,1,0,0,0,0,run_005
U000100,6892868,MODEL_B,BATCH_01,748941.0,53495.78571428572,13063.108772290896,36614.0,81980.0,14,1.775,4.0,0.0,5.0,14.0,14.752535897435896,63.55731063829787,41.32890512820513,1.509158085106383,0.0840305348235154,0.2330419352391724,0.169650726259506,0.0459708430580825,14.94,64.0781,41.6822,1.60243,172,12,1,0,0,0,0,run_005
U000101,6991879,MODEL_A,BATCH_01,791770.0,56555.0,16854.331855866974,35006.0,97779.0,14,1.825,4.0,0.0,7.0,14.0,14.74974054054054,63.64197173913043,41.32441891891892,1.512694347826087,0.081340028616022,0.2196827082286744,0.1233284702596143,0.0562642997390065,14.9222,64.1362,41.5801,1.65403,166,12,1,0,0,0,0,run_005
U000102,7055403,MODEL_A,BATCH_01,709096.0,50649.71428571428,11067.26780562026,35694.0,75804.0,14,1.804878048780488,4.0,0.0,5.0,14.0,14.749720588235292,63.65924390243902,41.304950000000005,1.5077943902439024,0.0947414049173016,0.2361864168922293,0.1397728443951223,0.0600083079268521,14.8984,64.0666,41.6018,1.649,150,12,2,0,0,0,0,run_005
U000103,7114300,MODEL_A,BATCH_01,712684.0,50906.0,9698.156628968209,34723.0,72819.0,14,1.825,4.0,0.0,5.0,14.0,14.761130555555557,63.63587441860465,41.26495833333334,1.5232579069767442,0.0908628379778927,0.1943840762303214,0.159644154964363,0.0366912758255341,14.9912,64.0139,41.5864,1.6304,158,12,1,0,0,0,0,run_005
U000104,7163161,MODEL_A,BATCH_01,684282.0,48877.28571428572,9580.853731259038,35640.0,67618.0,14,1.804878048780488,4.0,0.0,5.0,14.0,14.716654285714286,63.70598571428572,41.31403714285714,1.5181257142857143,0.0966021444861745,0.209981421444652,0.1203956787521249,0.0509290726854446,14.8704,64.1316,41.5107,1.63037,154,12,2,0,0,0,0,run_005
U000105,7219821,MODEL_B,BATCH_02,718794.0,51342.42857142857,10378.939116634858,37848.0,68443.0,14,1.8,4.0,0.0,5.0,14.0,14.738117142857144,63.694833333333335,41.27417142857143,1.510142380952381,0.0996392979575781,0.2265891658515504,0.1825322317571658,0.0591075381189698,14.9839,64.21,41.7997,1.63912,154,12,1,1,1,0,0,run_005
U000106,7272339,MODEL_A,BATCH_01,690261.0,49304.357142857145,9710.837131046648,34417.0,64082.0,14,1.85,4.0,0.0,6.0,14.0,14.776394594594594,63.74370454545454,41.28764594594595,1.5274827272727272,0.0969869434109162,0.1924809805820701,0.1325495370598285,0.0509067412433452,14.9554,64.1456,41.6174,1.68963,162,12,1,0,0,0,0,run_005
U000107,7321523,MODEL_A,BATCH_01,693693.0,49549.5,8777.81197329161,35990.0,70842.0,14,1.7804878048780488,4.0,0.0,4.0,14.0,14.738572727272729,63.7101,41.247233333333334,1.5232105,0.1044987448271721,0.2133883086216536,0.1490957822732299,0.0510474736786685,14.9894,64.0814,41.5771,1.6378,146,12,2,0,0,0,0,run_005
U000108,7389404,MODEL_A,BATCH_01,708217.0,50586.92857142857,8942.7435771587,37544.0,68618.0,14,1.825,4.0,0.0,5.0,14.0,14.760171052631575,63.79756458333333,41.2672447368421,1.52701875,0.0929847325680614,0.2021535675895538,0.1134305685892006,0.0561615338422183,14.9883,64.1875,41.5594,1.66639,172,12,1,0,0,0,0,run_005
U000109,7441879,MODEL_A,BATCH_01,701539.0,50109.92857142857,8676.318746709661,37679.0,63665.0,14,1.825,4.0,0.0,5.0,14.0,14.769380000000002,63.70670952380952,41.22176571428571,1.54717,0.1165340768137099,0.1652958955262245,0.1528458584227088,0.0530237048691317,15.0667,64.0892,41.6208,1.63349,154,12,1,0,0,0,0,run_005
U000110,7506496,MODEL_B,BATCH_01,702233.0,50159.5,11207.128004773776,32827.0,64617.0,14,1.9,4.0,0.0,5.0,14.0,14.760977142857142,63.863816279069766,41.24578,1.5507227906976744,0.1175888852433474,0.1868939372379464,0.1583284519784181,0.0450222366395382,15.0305,64.2642,41.5892,1.64764,156,12,1,0,0,0,0,run_005
U000111,7552709,MODEL_A,BATCH_01,690032.0,49288.0,8988.872668257896,38275.0,75099.0,14,1.829268292682927,4.0,0.0,2.0,14.0,14.774837837837838,63.86397173913043,41.20423243243243,1.5449310869565216,0.093588586529173,0.19129240638125,0.1572526171024997,0.0518297432509455,14.9505,64.2832,41.6832,1.65335,166,12,2,0,0,0,0,run_005
U000112,7604685,MODEL_A,BATCH_02,665468.0,47533.42857142857,8308.983578626818,33824.0,63993.0,14,1.7804878048780488,4.0,0.0,3.0,14.0,14.786930303030305,63.86322750000001,41.217151515151514,1.5471595,0.1081501632131468,0.2000106471364685,0.1624068273680564,0.0516644901088273,14.9413,64.2164,41.527,1.67631,146,12,2,0,0,0,0,run_005
U000113,7688640,MODEL_A,BATCH_01,747465.0,53390.357142857145,12020.987880863542,36125.0,75927.0,14,1.85,4.0,0.0,5.0,14.0,14.76371891891892,63.977384444444446,41.23388108108109,1.559898,0.1171349147062618,0.2011274301571428,0.1600705362537909,0.052076080340559,14.9771,64.5021,41.5491,1.67807,164,12,1,0,0,0,0,run_005
U000114,7749314,MODEL_A,BATCH_01,704347.0,50310.5,9459.298654681625,35650.0,69289.0,14,1.825,4.0,0.0,3.0,14.0,14.772223529411765,63.91819523809524,41.21827647058824,1.5536835714285715,0.1045879535876414,0.2207117753579299,0.1718550694164582,0.049867921250646,15.0033,64.4119,41.6201,1.665,152,12,1,0,0,0,0,run_005
U000115,7803228,MODEL_B,BATCH_01,722216.0,51586.857142857145,10807.942384811578,36229.0,68762.0,14,1.875,4.0,0.0,4.0,14.0,14.747284210526317,64.01270444444444,41.22708421052632,1.5605571111111112,0.0697891865174346,0.1936552524409814,0.1579314280318223,0.0549599818306764,14.8994,64.494,41.5993,1.68433,166,12,1,0,0,0,0,run_005
U000116,7851583,MODEL_A,BATCH_01,707797.0,50556.92857142857,9769.44102380389,34656.0,64584.0,14,1.85,4.0,0.0,3.0,14.0,14.7794975,63.99139183673469,41.170425,1.5611695918367348,0.1077536970333686,0.1853602256831442,0.1391889911466069,0.0474642447427176,15.0248,64.4634,41.5473,1.72777,178,12,1,0,0,0,1,run_005
U000117,7901338,MODEL_A,BATCH_01,673296.0,48092.57142857143,10078.991675103873,32909.0,67637.0,14,1.775,4.0,0.0,4.0,14.0,14.796014705882351,64.00937380952381,41.18535294117647,1.5713840476190477,0.1057496017109857,0.2102130905620987,0.1493423081082087,0.0451037451292085,15.018,64.6522,41.5532,1.67104,152,12,1,0,0,0,0,run_005
U000118,7995460,MODEL_A,BATCH_01,713025.0,50930.357142857145,11039.400106382196,35353.0,73914.0,14,1.775,4.0,0.0,5.0,14.0,14.745341176470587,64.06217142857142,41.15080588235294,1.5716409523809525,0.1203292934375501,0.1890096904029053,0.1234171638305871,0.0503776708090401,14.9662,64.3794,41.428,1.69186,152,12,1,0,0,0,0,run_005
U000119,8068509,MODEL_A,BATCH_02,699682.0,49977.28571428572,11366.93909430443,34343.0,73049.0,14,1.8,4.0,0.0,3.0,14.0,14.815564705882352,64.05868536585366,41.19411176470588,1.5675346341463414,0.0992733657171952,0.1934698110313023,0.1385004928657812,0.0421982852789992,15.005,64.4851,41.5274,1.64872,150,12,1,0,0,0,0,run_005
U000120,8122963,MODEL_B,BATCH_01,699420.0,49958.57142857143,9468.860760930542,36336.0,71280.0,14,1.775,4.0,0.0,4.0,14.0,14.814083783783785,64.08367555555556,41.17465135135135,1.5802753333333337,0.074491325048676,0.2222286999257878,0.1588569825374428,0.0485711917797895,15.011,64.6551,41.4112,1.69584,164,12,1,0,0,0,0,run_005
U000121,8183763,MODEL_A,BATCH_01,708397.0,50599.78571428572,11380.22966632228,37587.0,78607.0,14,1.775,4.0,0.0,4.0,14.0,14.798551428571429,64.11249047619047,41.16490571428571,1.5824664285714285,0.1172346625398833,0.1833673585995283,0.1692336045457965,0.0373971637649903,15.0774,64.4668,41.515,1.67439,154,12,1,0,0,0,0,run_005
U000122,8234728,MODEL_A,BATCH_01,671989.0,47999.21428571428,12849.123000175008,32249.0,81050.0,14,1.7317073170731707,4.0,0.0,5.0,14.0,14.774536363636363,64.151495,41.13557272727272,1.58100325,0.1159600087804568,0.2350974865443852,0.1290943314807223,0.0494110320593151,14.957,64.5944,41.3878,1.69837,146,12,2,0,0,0,0,run_005
U000123,8291982,MODEL_A,BATCH_01,705950.0,50425.0,10573.25368014101,32729.0,71693.0,14,1.8,4.0,0.0,5.0,14.0,14.760980000000002,64.18991363636364,41.15663714285714,1.589967272727273,0.1064477109968578,0.2001663326834909,0.1225493708091323,0.0477945059781072,14.994,64.6643,41.4157,1.69128,158,12,1,0,0,0,0,run_005
U000124,8353635,MODEL_A,BATCH_01,697324.0,49808.857142857145,10756.539727119449,33423.0,65200.0,14,1.75,4.0,0.0,4.0,14.0,14.803827777777778,64.13424222222223,41.15660277777778,1.598767111111111,0.0853008544961755,0.2577802257111203,0.1605871681159248,0.0455397124208501,14.978,64.8457,41.4275,1.68866,162,12,1,0,0,0,0,run_005
U000125,8402544,MODEL_B,BATCH_01,707755.0,50553.92857142857,11259.27284483796,33042.0,70325.0,14,1.8780487804878048,4.0,0.0,6.0,14.0,14.7875375,64.21831875,41.13542,1.5957920833333334,0.100727071419091,0.1748746428296204,0.1596267396146388,0.0454036020203072,14.9825,64.5413,41.4396,1.70341,176,12,2,0,0,0,0,run_005
U000126,8458965,MODEL_A,BATCH_02,676323.0,48308.78571428572,7708.736603845829,35024.0,63613.0,14,1.85,4.0,0.0,1.0,14.0,14.785977142857142,64.24207,41.125017142857146,1.59169975,0.1022651371959881,0.2244305719839127,0.1464433949783083,0.0511059263705522,15.0055,64.7031,41.4193,1.7019,150,12,1,0,0,0,0,run_005
U000127,8521048,MODEL_A,BATCH_01,681624.0,48687.42857142857,9927.962334230026,33151.0,62083.0,14,1.75,4.0,0.0,2.0,14.0,14.784417647058824,64.29628095238095,41.111732352941175,1.6030159523809526,0.1060494094981291,0.2123384645578319,0.1467472981953297,0.0601463361842426,14.9531,64.7376,41.4373,1.76877,152,12,1,0,0,0,0,run_005
U000128,8572469,MODEL_A,BATCH_01,747251.0,53375.07142857143,12680.183858557146,35200.0,78368.0,14,1.825,4.0,0.0,6.0,14.0,14.819094594594596,64.30638936170212,41.0695,1.6049072340425532,0.0998661714105041,0.1750283247065577,0.1356578273123642,0.0535461684458061,15.021,64.8104,41.3077,1.76282,168,12,1,0,0,0,0,run_005
U000129,8655661,MODEL_A,BATCH_01,727023.0,51930.21428571428,9053.244069465854,37283.0,66103.0,14,1.825,4.0,0.0,4.0,14.0,14.783344444444444,64.33557777777779,41.113725,1.618794888888889,0.1047912549362353,0.2005189107936157,0.1299097915038391,0.0474102819027793,15.0106,64.8806,41.4149,1.72566,162,12,1,0,0,0,0,run_005
U000130,8708909,MODEL_B,BATCH_01,684019.0,48858.5,7712.779731867604,38113.0,63753.0,14,1.8,4.0,0.0,4.0,14.0,14.82665,64.37105,41.048849999999995,1.6249622727272728,0.0751579373089795,0.1709911632423621,0.1577454719442652,0.0518341919955435,14.9947,64.7186,41.3664,1.76178,164,12,1,0,0,0,0,run_005
U000131,8774891,MODEL_A,BATCH_01,715399.0,51099.92857142857,8898.55992207802,37326.0,64108.0,14,1.8,4.0,0.0,6.0,14.0,14.81741081081081,64.34797727272728,41.12252162162162,1.6138740909090907,0.1013793557326579,0.1797961595984255,0.1647158886202674,0.0447930408485141,15.0142,64.7238,41.4787,1.72243,162,12,1,0,0,0,0,run_005
U000132,8838227,MODEL_A,BATCH_01,700188.0,50013.42857142857,9535.318910517612,34350.0,63336.0,14,1.8,4.0,0.0,5.0,14.0,14.792833333333334,64.4376511627907,41.10084166666667,1.6298632558139534,0.0809454101760653,0.1940608966426714,0.1561363952721206,0.0522017359554864,14.9879,64.8416,41.3938,1.73877,158,12,1,0,0,0,0,run_005
U000133,8912615,MODEL_A,BATCH_02,726229.0,51873.5,9779.029798895814,33640.0,74388.0,14,1.8,4.0,0.0,5.0,14.0,14.79075675675676,64.43615581395349,41.0447054054054,1.6121337209302324,0.0967377685077336,0.2134830185086959,0.177226700311504,0.0496001822204436,15.0651,64.8517,41.5589,1.7298,160,12,1,0,0,0,0,run_005
U000134,8973796,MODEL_A,BATCH_01,726362.0,51883.0,9353.39039312237,38312.0,68744.0,14,1.825,4.0,0.0,5.0,14.0,14.816122857142858,64.43322272727272,41.07117714285714,1.6212284090909093,0.09784062396305,0.2174129281618823,0.1499609323353594,0.0510839015256721,14.9985,65.0464,41.3775,1.71486,158,12,1,0,0,0,0,run_005
U000135,9033642,MODEL_B,BATCH_01,711242.0,50803.0,7857.124018758635,36834.0,61382.0,14,1.8,4.0,0.0,4.0,14.0,14.80380810810811,64.46306666666666,41.05795675675675,1.6380211111111111,0.0852398751836331,0.1980579219686634,0.1288946135857169,0.0486196044551344,14.94,64.9142,41.3658,1.72886,164,12,1,0,0,0,0,run_005
U000136,9092162,MODEL_A,BATCH_01,703051.0,50217.92857142857,9004.55336494808,34621.0,62319.0,14,1.775,4.0,0.0,5.0,14.0,14.824041666666666,64.52184523809524,41.04001944444445,1.6349707142857142,0.1065242624945134,0.2047005072287272,0.1617142467784181,0.0489532196999293,15.0542,64.8545,41.343,1.75041,156,12,1,0,0,0,0,run_005
U000137,9146016,MODEL_A,BATCH_01,692340.0,49452.857142857145,9033.488753241743,38440.0,64375.0,14,1.8,4.0,0.0,5.0,14.0,14.841554285714285,64.56888222222223,41.033111428571424,1.650065111111111,0.1049703357056231,0.2224147153087195,0.1272051071196067,0.0500991344791061,15.0797,64.9258,41.3788,1.76885,160,12,1,0,0,0,0,run_005
U000138,9205653,MODEL_A,BATCH_01,706581.0,50470.07142857143,8502.764776274795,36869.0,66889.0,14,1.875,4.0,0.0,5.0,14.0,14.806626470588236,64.54039268292684,41.03886764705882,1.653496585365854,0.0990895380491914,0.1549318195049715,0.1110727572648546,0.0379220117220695,15.0358,64.952,41.2572,1.74829,150,12,1,0,0,0,0,run_005
U000139,9266609,MODEL_A,BATCH_01,707365.0,50526.07142857143,11352.29557581458,32484.0,68817.0,14,1.875,4.0,0.0,2.0,14.0,14.850627027027029,64.61837954545454,41.04861891891892,1.6399020454545457,0.1145600610273168,0.1715791302693152,0.1733917527159526,0.054882816117808,15.1012,65.0835,41.4514,1.77459,162,12,1,0,0,0,0,run_005
U000140,9325088,MODEL_B,BATCH_02,715155.0,51082.5,11603.615290403775,32003.0,74103.0,14,1.85,4.0,0.0,2.0,14.0,14.841046153846154,64.61444347826087,39.52544358974359,1.8213504347826088,0.0703028742623988,0.2155034144119009,0.1723562739072648,0.0632075390002919,15.0218,65.0439,39.9615,1.95788,170,12,1,0,0,0,1,run_005
U000141,9385647,MODEL_A,BATCH_01,707362.0,50525.857142857145,9218.097424732943,35282.0,64692.0,14,1.825,4.0,0.0,4.0,14.0,14.81987142857143,64.63724651162791,41.01988285714285,1.651476976744186,0.1113375301964801,0.239182749765027,0.1315738743191876,0.0465659065725989,15.0125,65.0785,41.2224,1.78373,156,12,1,0,0,0,0,run_005
U000142,9447740,MODEL_A,BATCH_01,701548.0,50110.57142857143,9605.671847838215,33344.0,62360.0,14,1.825,4.0,0.0,5.0,14.0,14.821351351351352,64.62811777777777,41.00926486486486,1.656808,0.0943942872024381,0.1906443658286873,0.1458628659929445,0.0426792703886686,15.0522,65.0012,41.4137,1.752,164,12,1,0,0,0,0,run_005
U000143,9516709,MODEL_A,BATCH_01,709328.0,50666.28571428572,10764.855627518593,34485.0,68969.0,14,1.9,4.0,0.0,4.0,14.0,14.85016285714286,64.68770238095237,41.02925714285714,1.6736161904761906,0.1273533599309977,0.1509016243719557,0.1833976013149225,0.0523670848470436,15.1199,64.9755,41.391,1.80788,154,12,1,0,0,0,0,run_005
U000144,9565886,MODEL_A,BATCH_01,687492.0,49106.57142857143,9686.339609623808,34038.0,66733.0,14,1.875,4.0,0.0,4.0,14.0,14.859542105263158,64.73834782608695,40.98897894736842,1.6563141304347826,0.0815280340827251,0.2116735660178784,0.1321223289799198,0.0491838347687569,15.0352,65.2124,41.2632,1.78487,168,12,1,0,0,0,0,run_005
U000145,9631602,MODEL_B,BATCH_01,724290.0,51735.0,8922.883105985245,35389.0,63214.0,14,1.85,4.0,0.0,6.0,14.0,14.829707692307691,64.75471276595745,40.98529230769231,1.6690044680851062,0.1164907097823129,0.2413774012485157,0.1357230856999019,0.0414561485348235,15.0055,65.3642,41.239,1.76872,172,12,1,0,0,0,0,run_005
U000146,9713100,MODEL_A,BATCH_01,749860.0,53561.42857142857,12556.705586530774,34187.0,71241.0,14,1.8,4.0,0.0,6.0,14.0,14.828818918918918,64.766025,40.97765675675676,1.6715579545454546,0.1172614856678059,0.2143698229424384,0.1221463296863905,0.0550388699679301,15.1549,65.2049,41.249,1.78797,162,12,1,0,0,0,0,run_005
U000147,9777134,MODEL_A,BATCH_02,717110.0,51222.142857142855,11958.658008432109,34710.0,70337.0,14,1.9,4.0,0.0,5.0,14.0,14.855677777777778,64.78862325581396,41.00428333333333,1.6793737209302326,0.0907143243094533,0.1940282942513806,0.1432775338784337,0.051558793717799,15.017,65.2275,41.3765,1.79435,158,12,1,0,0,0,0,run_005
U000148,9848583,MODEL_A,BATCH_01,666213.0,47586.642857142855,9324.611079595454,34213.0,71449.0,14,1.85,4.0,0.0,4.0,14.0,14.875800000000002,64.83358205128205,40.9072,1.6785807692307697,0.0865952346648858,0.2235815992237976,0.1657090381763566,0.0517966070004699,15.0114,65.3567,41.266,1.77159,140,12,1,0,0,0,0,run_005
U000149,9897364,MODEL_A,BATCH_01,693024.0,49501.71428571428,10002.755854329282,35131.0,73187.0,14,1.853658536585366,4.0,0.0,4.0,14.0,14.824447222222224,64.84302045454545,40.98981944444444,1.6886024999999998,0.1079688565840327,0.2146526253552054,0.1078499322986594,0.0518425830682272,15.0766,65.2806,41.2184,1.78716,160,12,2,0,0,0,0,run_005
U000150,9949622,MODEL_B,BATCH_01,698928.0,49923.42857142857,9633.478896450217,34442.0,67226.0,14,1.925,4.0,0.0,4.0,14.0,14.834854285714288,64.82868571428571,40.92388285714286,1.6841104761904764,0.087069493350248,0.1817081411809277,0.1472698892703934,0.0508963656737109,14.9829,65.1993,41.2422,1.79109,154,12,1,0,0,0,0,run_005
U000151,10010678,MODEL_A,BATCH_01,671224.0,47944.57142857143,8947.34076277833,34572.0,65098.0,14,1.875,4.0,0.0,2.0,14.0,14.878280555555556,64.86944418604652,40.94228055555555,1.6927960465116278,0.109826553696387,0.1896625754462809,0.1380766015544463,0.0457858901190944,15.0704,65.2471,41.1991,1.77389,158,12,1,0,0,0,0,run_005
U000152,10062358,MODEL_A,BATCH_01,719675.0,51405.357142857145,10560.740195555516,35167.0,73559.0,14,1.902439024390244,4.0,0.0,4.0,14.0,14.875005405405403,64.86798444444445,40.94623783783784,1.6880673333333334,0.1149545367766122,0.2173063170603706,0.1451567684175207,0.0503478584179379,15.0663,65.2695,41.2979,1.8077,164,12,2,0,0,0,0,run_005
U000153,10128057,MODEL_A,BATCH_01,713060.0,50932.857142857145,7608.7033248585985,39890.0,65804.0,14,1.85,4.0,0.0,2.0,14.0,14.8689,64.93507272727273,40.944472222222224,1.6947234090909091,0.0949860591274919,0.2145200964875847,0.1181149600083644,0.0443926749113211,15.1353,65.454,41.1626,1.78422,160,12,1,0,0,0,0,run_005
U000154,10183849,MODEL_A,BATCH_02,728433.0,52030.92857142857,10660.594755123517,37669.0,73301.0,14,1.853658536585366,4.0,0.0,5.0,14.0,14.839268571428573,64.96278666666667,40.910177142857144,1.7031851111111111,0.0807719293531391,0.2168304916078644,0.1822131171195419,0.055233420573805,15.0231,65.4581,41.2796,1.80889,160,12,2,0,0,0,0,run_005
U000155,10232699,MODEL_B,BATCH_01,722324.0,51594.57142857143,9547.760161937988,35268.0,70212.0,14,1.9,4.0,0.0,4.0,14.0,14.901834210526316,64.9713511111111,40.96317894736842,1.707373111111111,0.1083824815711564,0.2298071509907038,0.1594039661039616,0.0509381990447168,15.1945,65.4575,41.3212,1.83202,166,12,1,0,0,0,0,run_005
U000156,10313434,MODEL_A,BATCH_01,720020.0,51430.0,10425.011499716958,33867.0,70700.0,14,1.925,4.0,0.0,5.0,14.0,14.865955263157897,65.04009333333333,40.9459052631579,1.706584,0.0994390121316207,0.2435014788082772,0.1452306905755942,0.0478908811020143,15.1258,65.6973,41.2877,1.79455,166,12,1,0,0,0,0,run_005
U000157,10380162,MODEL_A,BATCH_01,692460.0,49461.42857142857,9027.261052494832,35850.0,66728.0,14,1.9,4.0,0.0,4.0,14.0,14.900148484848485,65.03020487804878,40.88638484848485,1.7040187804878046,0.0889924298789372,0.2196672232619377,0.1483914567984194,0.0552038619208439,15.0817,65.4429,41.2034,1.80906,148,12,1,0,0,0,0,run_005
U000158,10429765,MODEL_A,BATCH_01,703808.0,50272.0,9905.62899024124,31409.0,67419.0,14,1.902439024390244,4.0,0.0,4.0,14.0,14.887068421052632,65.06986304347825,40.89373157894737,1.7205695652173911,0.078941182706932,0.1798697125498158,0.139532373663399,0.0501633497001555,15.0615,65.5688,41.2114,1.89163,168,12,2,0,0,0,0,run_005
U000159,10492666,MODEL_A,BATCH_01,714826.0,51059.0,8549.50287353688,42187.0,70936.0,14,1.9,4.0,0.0,3.0,14.0,14.885770270270273,65.14506170212766,40.88351351351351,1.7082174468085107,0.105991584741601,0.2109115965158499,0.1286399328059234,0.0492566712086484,15.0928,65.6155,41.1512,1.82561,168,12,1,0,0,0,0,run_005
U000160,10566631,MODEL_B,BATCH_01,712700.0,50907.142857142855,9987.41583468642,37739.0,73965.0,14,1.875,4.0,0.0,3.0,14.0,14.87309393939394,65.14977619047619,40.86911818181818,1.7202938095238096,0.0945682126146053,0.1965116030950506,0.1523340315198506,0.0506663786607744,15.0384,65.5378,41.1542,1.82143,150,12,1,0,0,0,0,run_005
U000161,10621502,MODEL_A,BATCH_02,695491.0,49677.92857142857,10141.838450120948,33496.0,69919.0,14,1.825,4.0,0.0,4.0,14.0,14.86206388888889,65.19048863636364,40.876669444444445,1.7372834090909093,0.0840623583258381,0.1982513605524253,0.1615816517508715,0.0514558932346232,15.005,65.8442,41.3056,1.82937,160,12,1,0,0,0,0,run_005
U000162,10682158,MODEL_A,BATCH_01,737297.0,52664.07142857143,11518.698614154997,35838.0,72901.0,14,1.85,4.0,0.0,5.0,14.0,14.89002894736842,65.20910652173913,40.84181315789474,1.7335545652173914,0.0776762508763998,0.2050412949217494,0.1293306681111737,0.057966160615254,15.0274,65.5892,41.1429,1.87181,168,12,1,0,0,0,0,run_005
U000163,10736810,MODEL_A,BATCH_01,695070.0,49647.857142857145,9896.599391532603,38253.0,65405.0,14,1.804878048780488,4.0,0.0,4.0,14.0,14.886110810810813,65.20567045454546,40.887572972972976,1.727586590909091,0.1121390005102395,0.1878118870591527,0.1525261719775939,0.0470858013429507,15.1191,65.7428,41.1892,1.82977,162,12,2,0,0,0,0,run_005
U000164,10798447,MODEL_A,BATCH_01,741738.0,52981.28571428572,9840.83246501004,38505.0,75015.0,14,1.8,4.0,0.0,5.0,14.0,14.88611282051282,65.23125,40.88758974358974,1.7478119565217392,0.1112602713874265,0.1794732288919114,0.14275107114516,0.0427959001992566,15.1844,65.626,41.18,1.87557,170,12,1,0,0,0,0,run_005
U000165,10861353,MODEL_B,BATCH_01,740407.0,52886.21428571428,8550.633347469482,34582.0,68223.0,14,1.9,4.0,0.0,5.0,14.0,14.902007894736842,65.28462608695652,40.86159736842105,1.743765,0.082364222033136,0.19569456749944,0.1180471172235043,0.0566365051789822,15.0321,65.6393,41.1387,1.87027,168,12,1,0,0,0,0,run_005
U000166,10919438,MODEL_A,BATCH_01,683572.0,48826.57142857143,9786.476766155709,35105.0,63927.0,14,1.85,4.0,0.0,2.0,14.0,14.88996,65.33512666666667,40.83051142857143,1.7487175555555556,0.1013750642271501,0.2044678385468003,0.1488417789455106,0.0517063118687719,15.0716,65.8663,41.1619,1.87502,160,12,1,0,0,0,0,run_005
U000167,10993315,MODEL_A,BATCH_01,735913.0,52565.21428571428,11709.440466028787,37588.0,73877.0,14,1.9,4.0,0.0,3.0,14.0,14.907127027027029,65.31245333333332,40.86067297297298,1.7554893333333337,0.1063079662757862,0.1573256879562556,0.1229782312458614,0.0564408363767679,15.1374,65.5815,41.1419,1.86181,164,12,1,0,0,0,0,run_005
U000168,11071390,MODEL_A,BATCH_02,714774.0,51055.28571428572,11690.40763537862,36879.0,78075.0,14,1.875,4.0,0.0,2.0,14.0,14.871926315789471,65.31950681818182,40.85172894736842,1.7433420454545454,0.0966967024346507,0.1879435818335696,0.1319661932709637,0.0416972815230979,15.1449,65.668,41.1188,1.81015,164,12,1,0,0,0,0,run_005
U000169,11118232,MODEL_A,BATCH_01,672153.0,48010.92857142857,7746.277919742494,37482.0,63761.0,14,1.9,4.0,0.0,2.0,14.0,14.911114705882351,65.33796904761905,40.81536176470588,1.7616992857142857,0.0897389518222343,0.2065292225092867,0.1457769924372983,0.0500496159870679,15.0774,65.9552,41.2973,1.90142,152,12,1,0,0,0,0,run_005
U000170,11177518,MODEL_B,BATCH_01,685983.0,48998.78571428572,7898.356763652428,36036.0,62295.0,14,1.85,4.0,0.0,2.0,14.0,14.896441176470589,65.3875756097561,40.163917647058824,1.8427324390243904,0.0857416702117191,0.2040010315911255,0.8122856366061936,0.1062710179159985,15.1058,65.8571,41.0403,2.02731,150,12,1,0,0,0,1,run_005
U000171,11237594,MODEL_A,BATCH_01,744233.0,53159.5,12300.202786008167,33628.0,79114.0,14,1.9,4.0,0.0,4.0,14.0,14.90926052631579,65.38507333333334,40.781694736842105,1.7828904444444444,0.1026476985681467,0.2413983094766442,0.1306353227083629,0.0568047018682734,15.0795,65.9604,40.974,1.90754,166,12,1,0,0,0,0,run_005
U000172,11336923,MODEL_A,BATCH_01,745105.0,53221.78571428572,15599.59299852981,32300.0,99329.0,14,1.925,4.0,0.0,2.0,14.0,14.904691891891892,65.47043043478261,40.80058648648649,1.753364130434783,0.1043243057286544,0.1905307031187305,0.1501428507976508,0.0496093808591384,15.1143,65.885,41.1019,1.85595,166,12,1,0,0,0,0,run_005
U000173,11396737,MODEL_A,BATCH_01,671775.0,47983.92857142857,8208.335167698424,38262.0,60843.0,14,1.9,4.0,0.0,3.0,14.0,14.916615151515153,65.4499525,40.76117272727273,1.77102675,0.1060080985149603,0.1733386192302973,0.13921493111536,0.0552976334814958,15.248,65.8346,41.0134,1.90141,146,12,1,0,0,0,0,run_005
U000174,11444178,MODEL_A,BATCH_01,673905.0,48136.07142857143,7640.278151041016,36446.0,61630.0,14,1.9268292682926829,4.0,0.0,4.0,14.0,14.888154054054056,65.51268409090909,40.783816216216216,1.7805902272727272,0.0979284137481015,0.2347733106965821,0.1461474379475007,0.0465537202814143,15.1165,65.9133,41.0712,1.89911,162,12,2,0,0,0,0,run_005
U000175,11499804,MODEL_B,BATCH_02,718155.0,51296.78571428572,10583.449911417,32870.0,67965.0,14,1.925,4.0,0.0,4.0,14.0,14.89138108108108,65.54907272727273,40.744443243243246,1.7676515909090909,0.1028198501096778,0.1886295722254845,0.1369076747717658,0.0508127337978857,15.0814,65.8795,40.9343,1.87891,162,12,1,0,0,0,0,run_005
U000176,11566728,MODEL_A,BATCH_01,684380.0,48884.28571428572,10399.857302486796,33290.0,66924.0,14,1.975,4.0,0.0,4.0,14.0,14.916625,65.57208947368422,40.775425,1.7772447368421054,0.1068115494540464,0.1695088896488564,0.1438045739323718,0.0442023949905641,15.1253,65.979,41.089,1.85622,140,12,1,0,0,0,0,run_005
U000177,11631686,MODEL_A,BATCH_01,706642.0,50474.42857142857,9955.649294703027,32076.0,64958.0,14,1.95,4.0,0.0,3.0,14.0,14.92197027027027,65.63212727272727,40.791935135135134,1.774975,0.0973319059965688,0.1725854468030372,0.1545263483757448,0.0520639631428451,15.1304,66.0465,41.0591,1.87389,162,12,1,0,0,0,0,run_005
U000178,11684671,MODEL_A,BATCH_01,697219.0,49801.357142857145,7565.142792969739,38271.0,61918.0,14,1.875,4.0,0.0,2.0,14.0,14.932761764705884,65.66973095238096,40.77951176470589,1.777505,0.1017581178794457,0.1616118045194937,0.157298045152864,0.0558982303594404,15.1287,65.9586,41.1384,1.89336,152,12,1,0,0,0,0,run_005
U000179,11749692,MODEL_A,BATCH_01,733893.0,52420.92857142857,13479.410398337652,34574.0,75052.0,14,1.825,4.0,0.0,5.0,14.0,14.924047368421052,65.59469130434782,40.76379210526316,1.8009580434782608,0.0820319573088118,0.185762250472162,0.1461900787508448,0.047774271114601,15.1123,66.0864,41.0232,1.90394,168,12,1,0,0,0,0,run_005
U000180,11815356,MODEL_B,BATCH_01,703084.0,50220.28571428572,11404.105538921372,38155.0,74866.0,14,1.85,4.0,0.0,5.0,14.0,14.931252777777775,65.59727380952381,40.78187777777778,1.795335,0.1206239030709233,0.1918987233647882,0.173940811133495,0.0516186487027938,15.1766,66.0805,41.1546,1.90524,156,12,1,0,0,0,0,run_005
U000181,11871756,MODEL_A,BATCH_01,655693.0,46835.21428571428,7167.843589237995,33520.0,58983.0,14,1.9,4.0,0.0,5.0,14.0,14.928514705882352,65.66986097560977,40.77140882352941,1.7938858536585365,0.1101110902744414,0.2097503371606951,0.1490352335150223,0.0507604803452257,15.1376,66.0505,41.0583,1.93224,150,12,1,0,0,0,0,run_005
U000182,11919329,MODEL_A,BATCH_02,728855.0,52061.07142857143,10224.7701231582,40653.0,79956.0,14,1.925,4.0,0.0,6.0,14.0,14.960713888888888,65.73015116279069,40.73289722222222,1.802772558139535,0.0935766245316111,0.1580938199028454,0.1782741844721407,0.0569478885052367,15.1716,66.0356,41.075,1.95051,158,12,1,0,0,0,0,run_005
U000183,11974894,MODEL_A,BATCH_01,704055.0,50289.642857142855,9786.831306223865,38300.0,68446.0,14,1.829268292682927,4.0,0.0,2.0,14.0,14.933521052631578,65.72760652173913,40.69512105263158,1.7977517391304347,0.0759930301138797,0.2101470611021115,0.1648912010795501,0.052694054579424,15.1395,66.1709,41.0698,1.91154,168,12,2,0,0,0,0,run_005
U000184,12048487,MODEL_A,BATCH_01,745751.0,53267.92857142857,11002.278900050913,39157.0,74339.0,14,1.875,4.0,0.0,4.0,14.0,14.946138888888887,65.72951627906977,40.726038888888894,1.8255237209302324,0.0948123176981847,0.1969089926726256,0.1302077247604821,0.0561354509846816,15.1017,66.1316,40.9236,1.95033,158,12,1,0,0,0,0,run_005
U000185,12102807,MODEL_B,BATCH_01,707994.0,50571.0,8624.07823391088,33612.0,61866.0,14,1.9,4.0,0.0,5.0,14.0,14.926165714285714,65.82002142857144,40.70902,1.799979523809524,0.074888336258479,0.2208465138967517,0.1220732803061578,0.0578488613608195,15.0876,66.37,41.0338,1.90373,154,12,1,0,0,0,0,run_005
U000186,12158803,MODEL_A,BATCH_01,722704.0,51621.71428571428,10249.480860613769,32876.0,78272.0,14,1.875,4.0,0.0,3.0,14.0,14.94612162162162,65.837975,40.69774864864865,1.8201629545454543,0.0993804869488284,0.2234102745081622,0.1562042157306003,0.0514736971250251,15.2556,66.2674,41.0103,1.93001,162,12,1,0,0,0,0,run_005
U000187,12208102,MODEL_A,BATCH_01,721974.0,51569.57142857143,8206.537157040728,34993.0,64838.0,14,1.804878048780488,4.0,0.0,5.0,14.0,14.9312575,65.85309791666667,40.7399025,1.827125625,0.0876788366930477,0.2381717621663776,0.1749983977765477,0.0510387495222263,15.177,66.3131,41.0919,1.98785,176,12,2,0,0,0,0,run_005
U000188,12256649,MODEL_A,BATCH_01,684178.0,48869.857142857145,11771.33995285644,35543.0,76281.0,14,1.829268292682927,4.0,0.0,5.0,14.0,14.953308571428572,65.86490238095237,40.670657142857145,1.822763095238095,0.0905834369077304,0.2005212579060909,0.1577539116429629,0.0543440736773051,15.154,66.4714,40.9791,1.92891,154,12,2,0,0,0,0,run_005
U000189,12307110,MODEL_A,BATCH_02,721798.0,51557.0,11862.739591484957,34577.0,73801.0,14,1.825,4.0,0.0,5.0,14.0,14.953478378378378,65.86688,39.7226918918919,1.9700284444444445,0.0901421998077825,0.1845046508406212,0.702410315500367,0.0976523581839624,15.2562,66.2565,40.9062,2.14744,164,12,1,1,1,0,1,run_005
U000190,12356816,MODEL_B,BATCH_01,704794.0,50342.42857142857,11820.124460585695,34661.0,72529.0,14,1.825,4.0,0.0,5.0,14.0,14.98869696969697,65.88599756097561,40.59818181818182,1.824780487804878,0.0955543153291903,0.2006924369374727,0.1709110284887743,0.0510001221053057,15.1269,66.3851,40.9507,1.93242,148,12,1,0,0,0,0,run_005
U000191,12409972,MODEL_A,BATCH_01,668510.0,47750.71428571428,8959.902200947812,33516.0,62371.0,14,1.8,4.0,0.0,6.0,14.0,14.953211111111113,65.95291999999999,39.16753888888889,2.022564888888889,0.1095211624110747,0.2034212574929185,0.144141986106514,0.0614311281259613,15.173,66.453,39.4083,2.16837,162,12,1,1,1,0,1,run_005
U000192,12479886,MODEL_A,BATCH_01,699107.0,49936.21428571428,13345.327227037307,31189.0,85298.0,14,1.8,4.0,0.0,6.0,14.0,14.974925714285714,65.93693720930233,40.63999428571428,1.8403162790697676,0.1019438205808564,0.1837330348802641,0.1541608822413948,0.0507099837555849,15.1613,66.4053,41.0396,1.95091,156,12,1,0,0,0,0,run_005
U000193,12549584,MODEL_A,BATCH_01,705314.0,50379.57142857143,9997.678820716226,35892.0,64170.0,14,1.8,4.0,0.0,6.0,14.0,14.949985714285717,65.97542727272727,40.64360285714286,1.8411536363636365,0.1068342563007188,0.1857141731872442,0.1549491747519252,0.049921069564557,15.1381,66.4094,40.9396,1.94742,158,12,1,0,0,0,0,run_005
U000194,12606792,MODEL_A,BATCH_01,687986.0,49141.857142857145,8313.60163418167,35244.0,64638.0,14,1.85,4.0,0.0,4.0,14.0,14.952983333333334,66.00985227272727,40.64886388888888,1.842770227272727,0.0962298275706948,0.1851188298296657,0.1283018230641595,0.0483405193075528,15.1007,66.4652,40.9259,1.99401,160,12,1,0,0,0,0,run_005
U000195,12669027,MODEL_B,BATCH_01,707225.0,50516.07142857143,9049.667656152527,33994.0,65624.0,14,1.85,4.0,0.0,4.0,14.0,14.963771428571429,66.0323619047619,40.64886571428571,1.8411554761904765,0.0982730367287951,0.2030389845449982,0.139574812203637,0.0604054708474679,15.2269,66.4994,40.8856,2.02955,154,12,1,0,0,0,0,run_005
U000196,12724792,MODEL_A,BATCH_02,697286.0,49806.142857142855,12259.668560315618,34073.0,79250.0,14,1.825,4.0,0.0,4.0,14.0,14.96419142857143,66.07879756097562,40.64396285714286,1.8482826829268293,0.1188596512239358,0.205495465263598,0.1384707106123125,0.0507677834863996,15.1839,66.4647,40.8849,1.97434,152,12,1,0,0,0,0,run_005
U000197,12789333,MODEL_A,BATCH_01,717079.0,51219.92857142857,6962.6025468408525,41822.0,66417.0,14,1.875,4.0,0.0,5.0,14.0,15.016408333333333,66.08901555555556,40.62536388888888,1.864443111111111,0.116796456343014,0.2095870810075183,0.1451909523996929,0.0546686308932039,15.2691,66.6166,40.9182,1.99235,162,12,1,0,0,0,0,run_005
U000198,12845393,MODEL_A,BATCH_01,728457.0,52032.642857142855,9693.96030531892,35480.0,66709.0,14,1.85,4.0,0.0,3.0,14.0,14.973380487804878,66.201178,40.62093170731708,1.8711852,0.0750352824327066,0.222370673527105,0.1906047329410035,0.0510914946490058,15.1023,66.6914,40.9695,1.98378,182,12,1,0,0,0,0,run_005
U000199,12911164,MODEL_A,BATCH_01,699409.0,49957.78571428572,9622.153790390908,35501.0,65771.0,14,1.9,4.0,0.0,4.0,14.0,14.993033333333331,66.17811904761905,40.623451515151515,1.862969523809524,0.1142907440113446,0.244568171191691,0.1210584056385915,0.0515736828782021,15.1721,66.6661,40.9199,1.96575,150,12,1,0,0,0,0,run_005
U000200,12962743,MODEL_B,BATCH_01,666838.0,47631.28571428572,7680.802266075433,33108.0,59469.0,14,1.9,4.0,0.0,4.0,14.0,14.958512121212122,66.1535375,40.590169696969696,1.87174975,0.1056002685767648,0.2140608752231054,0.1368766038372887,0.043849148662174,15.1545,66.5924,40.9245,1.97744,146,12,1,0,0,0,0,run_005
U000201,13036114,MODEL_A,BATCH_01,686216.0,49015.42857142857,10838.670410328765,34799.0,73371.0,14,1.9,4.0,0.0,3.0,14.0,14.9826,66.23735500000001,40.61407352941177,1.8802245,0.111047816618597,0.184059708748584,0.1675298115647586,0.0508716820602683,15.1954,66.6119,40.8999,2.01231,148,12,1,0,0,0,0,run_005
U000202,13095601,MODEL_A,BATCH_01,728479.0,52034.21428571428,9073.305675090329,38870.0,68050.0,14,1.9,4.0,0.0,4.0,14.0,14.99813947368421,66.18882173913043,40.61039736842105,1.8792180434782608,0.1043871627695037,0.1730860234591675,0.1857939638952636,0.0513199245526234,15.2415,66.5897,40.9695,1.96585,168,12,1,0,0,0,0,run_005
U000203,13156542,MODEL_A,BATCH_02,712441.0,50888.642857142855,9981.196372002883,33372.0,71333.0,14,1.925,4.0,0.0,4.0,14.0,14.994551282051283,66.20644468085106,40.59849487179487,1.8757136170212767,0.113017862751623,0.1907843328365163,0.151590030481659,0.050120550086572,15.2581,66.6608,40.9494,2.01472,172,12,1,0,0,0,0,run_005
U000204,13206876,MODEL_A,BATCH_01,687645.0,49117.5,8593.372112810592,31787.0,64357.0,14,1.8780487804878048,4.0,0.0,4.0,14.0,14.97131212121212,66.28551707317074,40.57032424242424,1.8799634146341464,0.1092914960025934,0.2359194109250429,0.1672636205782344,0.0517417885567244,15.2408,66.9042,40.901,2.0266,148,12,2,0,0,0,0,run_005
U000205,13265126,MODEL_B,BATCH_01,703067.0,50219.07142857143,10836.601769816149,34735.0,74520.0,14,1.925,4.0,0.0,5.0,14.0,14.97655,66.32987111111112,40.57281944444444,1.8775388888888889,0.1131540403924798,0.2129144585190566,0.1497332062025075,0.0535408795060636,15.2886,66.9672,40.8536,2.0062,162,12,1,0,0,0,0,run_005
U000206,13317637,MODEL_A,BATCH_01,647535.0,46252.5,6915.559199259416,35788.0,54523.0,14,1.902439024390244,4.0,0.0,3.0,14.0,14.98305,66.22921219512195,40.56319411764706,1.8879360975609751,0.1279508742139779,0.2035349223046565,0.1487801264448826,0.0450228200959274,15.2787,66.747,40.8471,1.99507,150,12,2,0,0,0,0,run_005
U000207,13384211,MODEL_A,BATCH_01,699678.0,49977.0,8122.997703576413,39893.0,69496.0,14,1.85,4.0,0.0,3.0,14.0,14.99521052631579,66.33951777777777,40.58591578947368,1.8861722222222224,0.0958722539392458,0.1723672351918326,0.1530747327223154,0.0532955527263207,15.178,66.6919,40.7906,1.97262,166,12,1,0,0,0,0,run_005
U000208,13435737,MODEL_A,BATCH_01,714118.0,51008.42857142857,11183.481381135203,39126.0,78104.0,14,1.95,4.0,0.0,7.0,14.0,15.017524324324324,66.33766666666666,40.583483783783784,1.895176888888889,0.0942607447615548,0.1926709311942837,0.1639733676097613,0.0531966168961139,15.1712,66.9161,40.9475,2.01958,164,12,1,0,0,0,0,run_005
U000209,13522988,MODEL_A,BATCH_01,714757.0,51054.07142857143,9367.995380872258,36656.0,67511.0,14,1.875,4.0,0.0,3.0,14.0,14.97191388888889,66.45402045454546,40.53590277777778,1.8961522727272728,0.111413400457877,0.1895334155720135,0.1419400305684686,0.047069032473277,15.1867,66.913,40.9071,2.00677,160,12,1,0,0,0,0,run_005
U000210,13601441,MODEL_B,BATCH_02,723182.0,51655.857142857145,11486.067204407947,35846.0,78453.0,14,1.85,4.0,0.0,5.0,14.0,14.975831428571428,66.46242888888888,39.03334571428571,2.0757355555555557,0.1115698798997306,0.2018749237232851,0.1676471651009541,0.0445750445141038,15.1706,66.8486,39.4495,2.14704,160,12,1,0,0,0,0,run_005
U000211,13648259,MODEL_A,BATCH_01,698254.0,49875.28571428572,10041.666536744027,36999.0,72489.0,14,1.85,4.0,0.0,5.0,14.0,14.98913783783784,66.46311111111112,40.54945135135135,1.9024011111111112,0.0964332162441714,0.2002253698644938,0.1330501484854945,0.0488332447408442,15.1591,66.8672,40.8116,2.006,164,12,1,0,0,0,0,run_005
U000212,13699515,MODEL_A,BATCH_01,713681.0,50977.21428571428,8576.004979714502,38748.0,66593.0,14,1.925,4.0,0.0,6.0,14.0,15.037783783783784,66.49474666666666,40.50780810810811,1.919291111111111,0.1061626124644891,0.218648089611845,0.1688423449032624,0.0367571793990471,15.1951,66.9678,40.9223,1.99541,164,12,1,0,0,0,0,run_005
U000213,13756229,MODEL_A,BATCH_01,710208.0,50729.142857142855,8385.66252469189,37944.0,67012.0,14,1.9,4.0,0.0,3.0,14.0,15.034955555555555,66.49370222222223,40.500211111111106,1.9060144444444445,0.1113734783623982,0.1774377246566055,0.1400638462126233,0.0575076918790219,15.2207,67.0153,40.7294,2.03529,162,12,1,0,0,0,1,run_005
U000214,13836024,MODEL_A,BATCH_01,735107.0,52507.642857142855,13429.98617106306,32369.0,79795.0,14,1.925,4.0,0.0,4.0,14.0,15.025067567567568,66.55151395348837,40.51708648648648,1.910546046511628,0.107545259346044,0.2262553178342609,0.1714323549167811,0.0514962113788843,15.1991,67.0508,40.9044,1.99525,160,12,1,0,0,0,0,run_005
U000215,13910112,MODEL_B,BATCH_01,714635.0,51045.357142857145,9348.183596557412,39500.0,74088.0,14,1.875,4.0,0.0,4.0,14.0,15.015580555555552,66.55903636363637,40.51325555555556,1.925694090909091,0.0873209967204569,0.2231482905539877,0.1571172582035379,0.0458597487958607,15.1849,67.1383,40.7933,2.0385,160,12,1,0,0,0,0,run_005
U000216,13960351,MODEL_A,BATCH_01,705524.0,50394.57142857143,9541.688866106588,34347.0,64640.0,14,1.975,4.0,0.0,5.0,14.0,15.005360606060606,66.5869325,40.523672727272725,1.92051525,0.1114978837786672,0.180835819272763,0.124108378224254,0.0478963640816668,15.2231,66.8816,40.7725,2.04318,146,12,1,0,0,0,0,run_005
U000217,14017536,MODEL_A,BATCH_02,673488.0,48106.28571428572,8269.355992305118,34160.0,63263.0,14,1.875,4.0,0.0,1.0,14.0,14.978594444444449,66.5799488372093,40.46811666666667,1.9190867441860464,0.1025368503638552,0.1742380683516125,0.1732858390059612,0.0592543378649525,15.1898,66.9222,40.7678,2.02248,158,12,1,0,0,0,0,run_005
U000218,14089611,MODEL_A,BATCH_01,724832.0,51773.71428571428,10672.51495433712,35913.0,72075.0,14,1.875,4.0,0.0,4.0,14.0,15.011525,66.63119777777777,40.50037777777778,1.9350595555555556,0.0863069418661426,0.2036835507805832,0.1653809595382063,0.0487254818043978,15.2127,66.9829,40.8134,2.04526,162,12,1,0,0,0,0,run_005
U000219,14159553,MODEL_A,BATCH_01,733061.0,52361.5,11101.685220306385,33146.0,69942.0,14,1.9,4.0,0.0,5.0,14.0,15.025946153846151,66.68913478260869,40.48050256410256,1.958541304347826,0.0868638252067836,0.2165217876821236,0.118319944235024,0.0467889400325758,15.2438,67.329,40.7188,2.05987,170,12,1,0,0,0,0,run_005
U000220,14224452,MODEL_B,BATCH_01,728809.0,52057.78571428572,10541.41581629754,36686.0,75706.0,14,1.925,4.0,0.0,5.0,14.0,15.00546216216216,66.71586444444445,40.47727567567568,1.931337111111111,0.1064348584068396,0.2075475292285811,0.1608282959580832,0.0507455224904452,15.1848,67.1092,40.8356,2.06971,164,12,1,0,0,0,0,run_005
U000221,14276891,MODEL_A,BATCH_01,704317.0,50308.357142857145,10101.040529852076,35556.0,70557.0,14,1.925,4.0,0.0,3.0,14.0,15.03374375,66.69407435897436,40.417328125,1.94377,0.0869378344361742,0.1977793969339353,0.129853188154122,0.0538753052012358,15.2808,67.0967,40.6656,2.05533,142,12,1,0,0,0,0,run_005
U000222,14339993,MODEL_A,BATCH_01,691913.0,49422.357142857145,9892.169425336406,34299.0,65712.0,14,1.9,4.0,0.0,2.0,14.0,15.051056756756756,66.8045652173913,40.441108108108104,1.9554128260869563,0.0957398429209201,0.1857868422770706,0.1609242720080519,0.0514989798243311,15.2576,67.341,40.7576,2.07048,166,12,1,0,0,0,0,run_005
U000223,14408633,MODEL_A,BATCH_01,698753.0,49910.92857142857,12298.689945645468,34105.0,74081.0,14,1.9,4.0,0.0,5.0,14.0,15.020645714285717,66.7555976744186,40.49122571428571,1.9508788372093024,0.1032988706243631,0.209257090098207,0.137574579438074,0.054291616787287,15.3104,67.312,40.7866,2.04721,156,12,1,0,0,0,0,run_005
U000224,14467362,MODEL_A,BATCH_02,725828.0,51844.857142857145,13515.813159504589,32343.0,80804.0,14,1.975,4.0,0.0,5.0,14.0,15.032797297297297,66.78354090909092,40.40821621621622,1.94224,0.1238757004386216,0.2155182313749072,0.1784188167603802,0.0469006021679992,15.3272,67.1357,40.9153,2.051,162,12,1,0,0,0,0,run_005
U000225,14539560,MODEL_B,BATCH_01,702706.0,50193.28571428572,11349.84236710985,36275.0,72198.0,14,1.925,4.0,0.0,3.0,14.0,15.052640540540542,66.80728444444445,40.41665945945946,1.9602244444444443,0.1014333044677892,0.2460989240820501,0.1265079673807564,0.056742066548211,15.3078,67.5829,40.6633,2.10957,164,12,1,0,0,0,0,run_005
U000226,14593273,MODEL_A,BATCH_01,674229.0,48159.21428571428,9037.980987762969,29067.0,60723.0,14,1.875,4.0,0.0,4.0,14.0,15.035045454545454,66.86306829268293,40.416,1.954289268292683,0.0900980649449151,0.2181213520486078,0.1430914982624766,0.0484419527058026,15.2433,67.2205,40.6881,2.05028,148,12,1,0,0,0,0,run_005
U000227,14650059,MODEL_A,BATCH_01,723325.0,51666.07142857143,8723.162054282537,33376.0,63959.0,14,2.0,4.0,0.0,5.0,14.0,15.03492972972973,66.87597333333333,40.461443243243245,1.9721539999999995,0.0918206823254037,0.2287534524329642,0.1522534264174574,0.0435378135230013,15.2508,67.3029,40.8249,2.04312,164,12,1,0,0,0,0,run_005
U000228,14716573,MODEL_A,BATCH_01,692232.0,49445.142857142855,8475.031416843452,38630.0,66514.0,14,2.0,4.0,0.0,2.0,14.0,15.06060606060606,66.8787380952381,40.4063393939394,1.9652314285714287,0.095661342569092,0.1825499369733268,0.1615094829634511,0.0542815900413906,15.3445,67.2292,40.6902,2.0567,150,12,1,0,0,0,0,run_005
U000229,14770166,MODEL_A,BATCH_01,717151.0,51225.07142857143,9101.560140684976,35813.0,66496.0,14,1.975609756097561,4.0,0.0,3.0,14.0,15.017433333333331,66.91935744680852,40.397166666666664,1.9625159574468083,0.1021667453707373,0.1603861166395994,0.1683220414833517,0.0546073232331873,15.2467,67.3507,40.7778,2.09211,172,12,2,0,0,0,0,run_005
U000230,14830259,MODEL_B,BATCH_01,746366.0,53311.857142857145,8092.920028852785,38847.0,68447.0,14,2.0,4.0,0.0,4.0,14.0,15.037400000000002,66.89319583333334,40.40117179487179,1.9790414583333331,0.0821311371174816,0.1788540602722965,0.142476827199371,0.0481597977477544,15.2626,67.2577,40.7025,2.09615,174,12,1,0,0,0,0,run_005
U000231,14895712,MODEL_A,BATCH_02,696643.0,49760.21428571428,9380.412596949613,33496.0,65453.0,14,1.925,4.0,0.0,3.0,14.0,15.05995,66.970855,40.37817647058824,1.9891445,0.0892190163518286,0.2250685479057671,0.1284882026392643,0.0462900464435237,15.2326,67.4792,40.6234,2.09198,148,12,1,0,0,0,0,run_005
U000232,14970908,MODEL_A,BATCH_01,747238.0,53374.142857142855,13030.845287282744,37313.0,76153.0,14,1.9,4.0,0.0,5.0,14.0,15.060247222222223,67.02049772727273,40.353725,1.9731904545454544,0.1013865347106555,0.1884580151733721,0.1435293426943976,0.0614841670280847,15.3007,67.4056,40.7224,2.12328,160,12,1,0,0,0,0,run_005
U000233,15032360,MODEL_A,BATCH_01,714116.0,51008.28571428572,12011.725267924166,36483.0,73533.0,14,1.9,4.0,0.0,5.0,14.0,15.07008181818182,67.04614634146341,39.7404393939394,2.06308,0.1109231700732131,0.1667954797012841,0.7840353025133032,0.1002277923282758,15.3007,67.51,40.6136,2.26269,148,12,1,0,0,0,1,run_005
U000234,15091652,MODEL_A,BATCH_01,708431.0,50602.21428571428,12037.94245247131,38641.0,80019.0,14,1.9,4.0,0.0,5.0,14.0,15.043570588235294,67.02904523809524,40.387350000000005,2.000150476190476,0.0956927296228598,0.1831359513697065,0.1456453772321337,0.0519805810810519,15.2252,67.4627,40.6022,2.1417,152,12,1,0,0,0,0,run_005
U000235,15152137,MODEL_B,BATCH_01,694814.0,49629.57142857143,8664.876400328341,33030.0,62701.0,14,1.875,4.0,0.0,4.0,14.0,15.090882857142857,67.08288809523809,40.38608,1.989866666666667,0.0884990943314057,0.216829089941972,0.1326954358894173,0.0453287295247198,15.2679,67.4485,40.7186,2.10771,154,12,1,0,0,0,0,run_005
U000236,15218778,MODEL_A,BATCH_01,735481.0,52534.357142857145,9783.397212445354,35145.0,69772.0,14,1.875,4.0,0.0,5.0,14.0,15.069862857142857,67.11931627906976,40.331219999999995,1.991317441860465,0.0812251630299606,0.1652636060679637,0.1571567048596807,0.0535062892205883,15.2544,67.4988,40.6495,2.11561,156,12,1,0,0,0,0,run_005
U000237,15272326,MODEL_A,BATCH_01,712929.0,50923.5,7119.136699499023,40220.0,67462.0,14,1.925,4.0,0.0,5.0,14.0,15.09660277777778,67.12690909090908,40.37032222222222,1.9886934090909092,0.0797663856381733,0.2105209571605752,0.1559251049356914,0.0483870923564588,15.2482,67.4567,40.6906,2.09431,160,12,1,0,0,0,0,run_005
U000238,15331407,MODEL_A,BATCH_02,689939.0,49281.357142857145,9760.82154177248,34055.0,66724.0,14,1.85,4.0,0.0,2.0,14.0,15.0683972972973,67.13227727272728,40.30741081081081,2.001359318181818,0.1126164939727513,0.1887361698166006,0.1478591950016852,0.0472152334699017,15.2944,67.5344,40.6492,2.11176,162,12,1,0,0,0,0,run_005
U000239,15379902,MODEL_A,BATCH_01,712215.0,50872.5,10327.692211867903,37351.0,74293.0,14,1.9,4.0,0.0,5.0,14.0,15.065673529411765,67.198065,40.38240294117647,2.00878725,0.1202109744115902,0.2452836155900404,0.130190674816857,0.0423142504326792,15.3377,67.5952,40.5926,2.08835,148,12,1,0,0,0,0,run_005
U000240,15433867,MODEL_B,BATCH_01,696488.0,49749.142857142855,9764.340655649024,36765.0,70212.0,14,1.902439024390244,4.0,0.0,3.0,14.0,15.086997368421052,67.18154222222222,39.36908947368421,2.123853111111111,0.1158855667781028,0.2129189543730509,0.7326847169695779,0.1043281881159426,15.3211,67.5968,40.6461,2.29675,166,12,2,0,0,0,1,run_005
U000241,15513516,MODEL_A,BATCH_01,728334.0,52023.857142857145,12522.957974838071,35597.0,82887.0,14,1.9,4.0,0.0,4.0,14.0,15.058377777777777,67.26888181818182,40.29880555555556,2.0203302272727273,0.0933322761844893,0.2354240945886727,0.1400578511992085,0.0420486086094849,15.3118,67.9371,40.646,2.10988,160,12,1,0,0,0,0,run_005
U000242,15570358,MODEL_A,BATCH_01,721113.0,51508.07142857143,10651.808755499522,36871.0,71329.0,14,1.9,4.0,0.0,4.0,14.0,15.084205555555554,67.29652093023256,39.79965277777777,2.0859190697674417,0.0904581511590365,0.2179110385959637,0.748026116612864,0.1004748099635387,15.301,67.8289,40.6093,2.27573,158,12,1,0,0,0,1,run_005
U000243,15646833,MODEL_A,BATCH_01,706387.0,50456.21428571428,12790.366556235094,37296.0,78665.0,14,1.85,4.0,0.0,4.0,14.0,15.07292894736842,67.36019999999999,40.28177631578947,2.023428043478261,0.1071725330581727,0.2069999355877516,0.1131347855178416,0.0633344152054811,15.2513,67.909,40.4942,2.15456,168,12,1,0,0,0,0,run_005
U000244,15697355,MODEL_A,BATCH_01,697828.0,49844.857142857145,10501.84983600613,33358.0,70104.0,14,1.875,4.0,0.0,5.0,14.0,15.088417142857145,67.32916279069768,40.30482,2.0257502325581394,0.1010061427535455,0.2230958197120235,0.1378328117684616,0.0510938999941411,15.2936,67.804,40.5821,2.12134,156,12,1,0,0,0,0,run_005
U000245,15770280,MODEL_B,BATCH_02,710771.0,50769.357142857145,10183.80921332517,41707.0,72925.0,14,1.85,4.0,0.0,4.0,14.0,15.066017142857143,67.37375476190476,38.79952285714286,2.1975880952380953,0.092632228179392,0.2028387924152554,0.1317740827095725,0.0478508152306166,15.3177,67.7617,39.1691,2.28848,154,12,1,0,0,0,1,run_005
U000246,15842768,MODEL_A,BATCH_01,720806.0,51486.142857142855,10457.127204095652,34181.0,72488.0,14,1.95,4.0,0.0,6.0,14.0,15.085280555555556,67.35797209302326,40.343272222222225,2.038107209302326,0.0959172852572004,0.2060989259988888,0.1707187136969739,0.0499586992436935,15.333,67.8377,40.7036,2.15745,158,12,1,0,0,0,0,run_005
U000247,15912033,MODEL_A,BATCH_01,746515.0,53322.5,10513.625304264058,37699.0,69265.0,14,1.9,4.0,0.0,3.0,14.0,15.106435897435896,67.43572127659574,40.276,2.0315987234042554,0.1043397600129889,0.1913376323086088,0.1568852413306248,0.048641491351968,15.3175,67.935,40.6419,2.14229,172,12,1,0,0,0,0,run_005
U000248,15957204,MODEL_A,BATCH_01,694319.0,49594.21428571428,12996.533799313696,32901.0,72459.0,14,1.9268292682926829,4.0,0.0,4.0,14.0,15.079917647058824,67.4335238095238,40.28572058823529,2.0303909523809525,0.0737107675641893,0.2010541206224814,0.157163089928923,0.0554984328413996,15.2451,67.8062,40.5742,2.13971,152,12,2,0,0,0,0,run_005
U000249,16029232,MODEL_A,BATCH_01,743619.0,53115.642857142855,11044.011155422602,38643.0,72901.0,14,1.925,4.0,0.0,5.0,14.0,15.117991666666668,67.44249069767442,40.3185,2.0457058139534885,0.0818297583837497,0.1804427779155571,0.1388765124644393,0.0601725421177877,15.2762,67.8632,40.553,2.15437,158,12,1,0,0,0,0,run_005
U000250,16080296,MODEL_B,BATCH_01,698629.0,49902.07142857143,10312.410868346084,36860.0,70187.0,14,1.9,4.0,0.0,2.0,14.0,15.076676315789472,67.46362391304348,40.23069210526316,2.0511028260869564,0.1042713804226688,0.1730437146886201,0.165910179837844,0.0495303828041398,15.3226,67.7861,40.4326,2.17956,168,12,1,0,0,0,0,run_005
U000251,16139459,MODEL_A,BATCH_01,701252.0,50089.42857142857,9462.1266329289,35261.0,61989.0,14,1.875,4.0,0.0,3.0,14.0,15.105968571428573,67.45751904761904,40.22564857142857,2.053067857142857,0.1123027310218142,0.1893561082349864,0.1237787622461695,0.0554760031855441,15.3199,67.8153,40.5195,2.20356,154,12,1,0,0,0,0,run_005
U000252,16201708,MODEL_A,BATCH_02,716961.0,51211.5,9954.90144254423,36435.0,66201.0,14,1.9,4.0,0.0,4.0,14.0,15.111734210526317,67.51162666666667,40.24647105263158,2.0491984444444444,0.0985183349002715,0.1645295861760796,0.1216831439344882,0.0464179160138702,15.2919,67.7627,40.4794,2.15633,166,12,1,0,0,0,0,run_005
U000253,16257145,MODEL_A,BATCH_01,701214.0,50086.71428571428,9803.149975928623,35659.0,66657.0,14,1.925,4.0,0.0,5.0,14.0,15.141089473684213,67.51381304347827,40.24591315789474,2.0550734782608693,0.0904646228882325,0.2262595978160122,0.1275957090082809,0.0543612632188028,15.361,67.9136,40.4919,2.1873,168,12,1,0,0,0,0,run_005
U000254,16318153,MODEL_A,BATCH_01,713908.0,50993.42857142857,9582.7631049335,34010.0,62636.0,14,1.975,4.0,0.0,5.0,14.0,15.075238235294115,67.61471627906977,40.25990588235294,2.076057441860465,0.0942214477761504,0.2064747983356079,0.1168280812579327,0.045772372312451,15.2914,68.0297,40.5431,2.19956,154,12,1,0,0,0,0,run_005
U000255,16377890,MODEL_B,BATCH_01,686502.0,49035.857142857145,7948.764576065532,39164.0,62331.0,14,1.95,4.0,0.0,2.0,14.0,15.09330625,67.591135,40.194978125,2.06496875,0.1028797887216888,0.173295197308686,0.1331946689197017,0.0615295168353138,15.285,68.0454,40.4092,2.20463,144,12,1,0,0,0,0,run_005
U000256,16436489,MODEL_A,BATCH_01,680659.0,48618.5,7706.391760190918,32952.0,58599.0,14,1.875,4.0,0.0,4.0,14.0,15.121708108108107,67.65893777777778,40.173251351351354,2.072146,0.1025516790544011,0.2088202122410667,0.1636744526688756,0.0442553907553543,15.3457,68.1743,40.4903,2.15553,164,12,1,0,0,0,0,run_005
U000257,16491648,MODEL_A,BATCH_01,701678.0,50119.857142857145,10519.811915963744,29128.0,68733.0,14,1.9,4.0,0.0,6.0,14.0,15.128019444444444,67.64769285714286,40.21685277777778,2.068614523809524,0.0988827756760343,0.1912477902220292,0.1680905784495148,0.0564563586775977,15.3496,68.0532,40.5339,2.20731,156,12,1,0,0,0,0,run_005
U000258,16538344,MODEL_A,BATCH_01,740368.0,52883.42857142857,12762.877573495874,35155.0,78667.0,14,2.025,4.0,0.0,5.0,14.0,15.105394444444446,67.66668666666666,40.25320833333333,2.0741853333333333,0.1004779121269785,0.2321076323605069,0.1697754321365227,0.038093497691386,15.3061,68.1899,40.636,2.19283,162,12,1,0,0,0,0,run_005
U000259,16609523,MODEL_A,BATCH_02,704278.0,50305.57142857143,10329.432546140892,30589.0,71179.0,14,1.975,4.0,0.0,2.0,14.0,15.12783611111111,67.70486976744186,39.764725,2.125332093023256,0.1126711679503751,0.1975451287016576,0.7125520052699946,0.0811692606476513,15.4012,68.1489,40.5896,2.30982,158,12,1,0,0,0,0,run_005
U000260,16668524,MODEL_B,BATCH_01,709177.0,50655.5,10070.312635510532,35772.0,70031.0,14,1.925,4.0,0.0,3.0,14.0,15.107957142857144,67.71608095238096,40.20750571428571,2.0923045238095237,0.0977633826726377,0.2004646361831575,0.1526177326503303,0.0491425588840278,15.3334,68.1995,40.5056,2.18557,154,12,1,0,0,0,0,run_005
U000261,16741421,MODEL_A,BATCH_01,722866.0,51633.28571428572,10999.37955892598,34938.0,72897.0,14,1.9,4.0,0.0,4.0,14.0,15.114145714285714,67.72722558139534,40.16981142857143,2.0868802325581397,0.091430765651191,0.2056836962460544,0.1629099079271743,0.0551079642713746,15.2903,68.1506,40.5244,2.21168,156,12,1,0,0,0,0,run_005
U000262,16814722,MODEL_A,BATCH_01,748513.0,53465.21428571428,11907.157544800662,40152.0,80850.0,14,1.975,4.0,0.0,5.0,14.0,15.113686486486488,67.82116888888889,40.18965405405405,2.088357777777778,0.1032847443886242,0.1747980728807614,0.1513761679367635,0.0492182094854079,15.3538,68.1753,40.6165,2.21538,164,12,1,0,0,0,0,run_005
U000263,16865236,MODEL_A,BATCH_01,681545.0,48681.78571428572,7317.166277676409,35482.0,63288.0,14,1.975,4.0,0.0,2.0,14.0,15.120177777777778,67.81645681818182,38.675647222222224,2.2774872727272726,0.1146706890213662,0.1783705802701758,0.136093046922445,0.0477842140598674,15.358,68.1471,38.9328,2.38145,160,12,1,0,0,0,1,run_005
U000264,16908187,MODEL_A,BATCH_01,695300.0,49664.28571428572,10035.317283923365,37035.0,72235.0,14,2.0,4.0,0.0,3.0,14.0,15.144097297297296,67.79059772727273,40.22552972972973,2.0994627272727273,0.1014846498696191,0.2112101692061951,0.1483743891962816,0.0386633244497325,15.3209,68.3175,40.5218,2.16775,162,12,2,0,0,0,0,run_005
U000265,16972139,MODEL_B,BATCH_01,733718.0,52408.42857142857,9271.898060718297,37478.0,64885.0,14,2.0,4.0,0.0,2.0,14.0,15.118212500000002,67.87162916666666,40.138985000000005,2.0968091666666666,0.0933363511989204,0.1629565585739629,0.158209595725059,0.0496747224486923,15.3667,68.2068,40.4621,2.18745,176,12,1,0,0,0,0,run_005
U000266,17038556,MODEL_A,BATCH_02,709484.0,50677.42857142857,11456.80512395806,34484.0,66417.0,14,1.925,4.0,0.0,1.0,14.0,15.132694594594597,67.88823181818181,40.170945945945945,2.09912,0.1031054151664044,0.202778788593861,0.142601524447583,0.0477290080485894,15.3399,68.3561,40.466,2.1831,162,12,1,0,0,0,0,run_005
U000267,17091546,MODEL_A,BATCH_01,707856.0,50561.142857142855,8572.406626066999,37253.0,67678.0,14,1.95,4.0,0.0,4.0,14.0,15.108932352941178,67.95476190476191,40.12750294117647,2.102773095238095,0.1106269261995311,0.1879127119006165,0.1334940958524043,0.0494022833227666,15.3849,68.2911,40.3798,2.23901,152,12,1,0,0,0,0,run_005
U000268,17153895,MODEL_A,BATCH_01,688433.0,49173.78571428572,14413.719320246844,33381.0,91033.0,14,1.95,4.0,0.0,4.0,14.0,15.125826470588237,67.91832926829268,40.13395882352941,2.121448292682927,0.1041882570851367,0.1878713273013001,0.1347640319733929,0.0487962141924165,15.3514,68.3156,40.4785,2.24969,150,12,1,0,0,0,0,run_005
U000269,17213751,MODEL_A,BATCH_01,695151.0,49653.642857142855,10297.543393429349,34081.0,71017.0,14,1.95,4.0,0.0,4.0,14.0,15.130051428571427,67.91377073170732,40.15380285714286,2.111870487804878,0.0963386806789361,0.1853518185018706,0.1452566865641522,0.0488063929189208,15.3034,68.392,40.5197,2.20806,152,12,1,0,0,0,0,run_005
U000270,17261513,MODEL_B,BATCH_01,693201.0,49514.357142857145,9176.31628459618,35652.0,61617.0,14,1.95,4.0,0.0,4.0,14.0,15.12486111111111,67.96584318181819,40.07,2.1111795454545454,0.0955422577495054,0.2014023779884644,0.1654778310573003,0.0457839211115291,15.3427,68.3955,40.4016,2.20649,160,12,1,0,0,0,0,run_005
U000271,17330268,MODEL_A,BATCH_01,725442.0,51817.28571428572,10581.797516552597,34219.0,68755.0,14,1.925,4.0,0.0,4.0,14.0,15.13111891891892,67.98910869565216,40.12215675675676,2.1276604347826087,0.0972278761976723,0.2051386596926154,0.1521921145944983,0.0485585142531506,15.3632,68.4245,40.3747,2.26505,166,12,1,0,0,0,0,run_005
U000272,17409006,MODEL_A,BATCH_01,752768.0,53769.142857142855,13828.682505002991,37653.0,78738.0,14,1.95,4.0,0.0,5.0,14.0,15.1479,68.0564659090909,40.11164054054054,2.1146849999999997,0.111845401733325,0.203528611717193,0.1256615349514964,0.0481713347406699,15.3988,68.4803,40.3679,2.20585,162,12,1,0,0,0,0,run_005
U000273,17467876,MODEL_A,BATCH_02,728259.0,52018.5,8842.897817327323,37700.0,69117.0,14,1.975,4.0,0.0,5.0,14.0,15.179931578947368,68.07670444444445,40.06632105263158,2.1182104444444443,0.0880865946952605,0.2073272204594329,0.1116724267496637,0.0535744332662323,15.345,68.4674,40.346,2.24838,166,12,1,0,0,0,0,run_005
U000274,17518544,MODEL_A,BATCH_01,693781.0,49555.78571428572,8770.22288269163,36884.0,67402.0,14,1.975,4.0,0.0,4.0,14.0,15.14576756756757,68.14567555555556,40.031372972972974,2.127539111111111,0.0986037836045915,0.2234124031670767,0.1564651357130201,0.0459833224125988,15.4147,68.6618,40.4001,2.21787,164,12,1,0,0,0,0,run_005
U000275,17598394,MODEL_B,BATCH_01,766388.0,54742.0,15068.437671044525,32881.0,79850.0,14,2.0,4.0,0.0,4.0,14.0,15.130615789473683,68.10478260869566,40.08874210526316,2.1267628260869564,0.0908492827510867,0.2138537998044969,0.14798177322312,0.0482234524162969,15.3904,68.6515,40.4278,2.2636,168,12,1,0,0,0,0,run_005
U000276,17654162,MODEL_A,BATCH_01,672763.0,48054.5,9273.244646251427,34811.0,70286.0,14,2.025,4.0,0.0,2.0,14.0,15.171435294117646,68.17592926829268,40.04477352941177,2.1300636585365855,0.1043156627954609,0.2183480332449837,0.1776465495043521,0.05545023308139,15.4352,68.6543,40.3202,2.23147,150,12,1,0,0,0,0,run_005
U000277,17716979,MODEL_A,BATCH_01,672663.0,48047.357142857145,9616.072159968138,34578.0,65929.0,14,2.025,4.0,0.0,3.0,14.0,15.16858888888889,68.16794318181817,40.064480555555555,2.1482252272727274,0.1060950538170579,0.2017232508969445,0.1299439171762617,0.0429749924841984,15.4279,68.6339,40.3467,2.22737,160,12,1,0,0,0,0,run_005
U000278,17802095,MODEL_A,BATCH_01,689970.0,49283.57142857143,12763.538614194887,33817.0,85116.0,14,2.0,4.0,0.0,3.0,14.0,15.174815151515151,68.176355,40.101254545454545,2.14842325,0.1025120728292895,0.1565602332683056,0.1397979012067709,0.0467036059875849,15.3194,68.5977,40.4248,2.23568,146,12,1,0,0,0,0,run_005
U000279,17868714,MODEL_A,BATCH_01,747192.0,53370.857142857145,10672.84988151743,37413.0,70212.0,14,1.925,4.0,0.0,4.0,14.0,15.176082051282052,68.25888936170213,40.08478717948718,2.146333829787234,0.0925860705443285,0.169686276038078,0.1203840852820826,0.0454049001163872,15.374,68.6682,40.3149,2.26201,172,12,1,0,0,0,0,run_005
U000280,17928342,MODEL_B,BATCH_02,725729.0,51837.78571428572,14322.697888201908,34786.0,88615.0,14,2.0,4.0,0.0,6.0,14.0,15.17956285714286,68.30041219512195,40.023531428571424,2.1567221951219513,0.104732174071363,0.2276984861556191,0.1524576291599575,0.0525666908085431,15.3473,68.7576,40.3801,2.28441,152,12,1,0,0,0,0,run_005
U000281,18004068,MODEL_A,BATCH_01,740871.0,52919.357142857145,11373.998238946602,34772.0,75726.0,14,2.05,4.0,0.0,5.0,14.0,15.186768421052632,68.26615777777778,40.003415789473685,2.164540888888889,0.1081052417792136,0.2015809542871367,0.1151168678233929,0.0382704539977241,15.4064,68.7312,40.2466,2.26234,166,12,1,0,0,0,0,run_005
U000282,18053476,MODEL_A,BATCH_01,682157.0,48725.5,7640.8777058257265,37983.0,61840.0,14,2.05,4.0,0.0,4.0,14.0,15.200276470588236,68.26971463414634,40.04236176470588,2.1533582926829267,0.0866100458125422,0.1910831985824179,0.1600642863554765,0.0480578012867025,15.4503,68.7685,40.4101,2.2686,150,12,1,0,0,0,0,run_005
U000283,18122941,MODEL_A,BATCH_01,732059.0,52289.92857142857,10993.953047466142,35714.0,69465.0,14,2.0,4.0,0.0,3.0,14.0,15.184147368421051,68.31695652173913,40.03757631578947,2.154929130434782,0.1076559779458725,0.2117846082458679,0.1534652147120004,0.0512284909802732,15.3821,68.8111,40.4008,2.24447,168,12,1,0,0,0,0,run_005
U000284,18182655,MODEL_A,BATCH_01,688374.0,49169.57142857143,11267.571608649489,35660.0,69786.0,14,2.05,4.0,0.0,5.0,14.0,15.19246,68.39694146341463,39.96495142857143,2.164329512195122,0.0903766016048795,0.2150015104314504,0.1593282596909104,0.0495152679459185,15.3557,68.8105,40.3321,2.28012,152,12,1,0,0,0,0,run_005
U000285,18239226,MODEL_B,BATCH_01,682387.0,48741.92857142857,8784.655472113649,34837.0,63220.0,14,2.025,4.0,0.0,4.0,14.0,15.154951351351352,68.38764888888889,40.03962162162162,2.182109777777778,0.0874684502537331,0.1769295951684261,0.1409324565077097,0.04395546007499,15.3898,68.7595,40.331,2.30803,164,12,1,0,0,0,0,run_005
U000286,18295498,MODEL_A,BATCH_01,703171.0,50226.5,10412.704449927429,33572.0,63701.0,14,2.048780487804878,4.0,0.0,6.0,14.0,15.189811111111112,68.4074488372093,40.01586944444445,2.171485581395349,0.090857316012613,0.1695652920630418,0.1326944003973986,0.0507387364137915,15.3736,68.7653,40.2643,2.29324,158,12,2,0,0,0,0,run_005
U000287,18340130,MODEL_A,BATCH_02,680657.0,48618.357142857145,9809.707198697412,36503.0,70577.0,14,2.024390243902439,4.0,0.0,5.0,14.0,15.163202777777778,68.46854186046512,39.99478611111111,2.180589069767442,0.1152367314608402,0.1985232638791172,0.1479642430797349,0.0502540487264437,15.3522,68.9571,40.3048,2.26976,158,12,2,0,0,0,0,run_005
U000288,18386585,MODEL_A,BATCH_01,684657.0,48904.07142857143,6816.725284906976,40274.0,63253.0,14,2.0,4.0,0.0,5.0,14.0,15.1884,68.45227674418605,40.034219444444446,2.181346511627907,0.1125479326458606,0.2310627773254223,0.184351133623457,0.0557579842620775,15.3658,69.0465,40.4998,2.28358,158,12,1,0,0,0,0,run_005
U000289,18446991,MODEL_A,BATCH_01,701159.0,50082.78571428572,9386.596771490158,35206.0,68151.0,14,1.95,4.0,0.0,5.0,14.0,15.190064705882357,68.48905121951219,40.0025,2.198431463414634,0.1013513537077612,0.1730153130823212,0.1655034486503279,0.0480206541792683,15.4746,68.8312,40.2561,2.30837,150,12,1,0,0,0,0,run_005
U000290,18505157,MODEL_B,BATCH_01,674070.0,48147.857142857145,9429.57953102195,30205.0,62268.0,14,1.975,4.0,0.0,5.0,14.0,15.174657575757577,68.4799625,39.989851515151514,2.180046,0.0930956766930633,0.1784173322721992,0.148698430391037,0.049615090487699,15.3767,68.9168,40.3358,2.28416,146,12,1,0,0,0,0,run_005
U000291,18567105,MODEL_A,BATCH_01,680314.0,48593.857142857145,7888.316061474355,37830.0,61948.0,14,1.95,4.0,0.0,4.0,14.0,15.193502777777775,68.51248181818181,39.97859444444444,2.1947336363636363,0.0833587410314551,0.1390522091555384,0.1302509620352611,0.0516189334333337,15.4158,68.8463,40.2332,2.28549,160,12,1,0,0,0,0,run_005
U000292,18642733,MODEL_A,BATCH_01,737237.0,52659.78571428572,10853.276450905516,36921.0,75628.0,14,1.925,4.0,0.0,5.0,14.0,15.204582857142857,68.5754,39.95948,2.193529285714286,0.113785912199736,0.2147452977991114,0.1256170904445903,0.0431319271929714,15.436,69.066,40.3101,2.28445,154,12,1,0,0,0,1,run_005
U000293,18714057,MODEL_A,BATCH_01,759774.0,54269.57142857143,11965.64634992312,40053.0,76688.0,14,1.925,4.0,0.0,5.0,14.0,15.218944444444444,68.56860444444445,39.93247222222222,2.2053784444444444,0.0915058076047461,0.223000121234737,0.1542891323107568,0.0505261440406464,15.4285,69.0682,40.3349,2.34043,162,12,1,0,0,0,0,run_005
U000294,18766698,MODEL_A,BATCH_02,742932.0,53066.57142857143,10592.828980126023,35405.0,73139.0,14,1.925,4.0,0.0,5.0,14.0,15.174263157894735,68.58892978723405,39.931468421052635,2.187940638297872,0.0992304917747882,0.1821837353916598,0.1304532475127725,0.0409799840539498,15.3571,68.9513,40.2052,2.24392,170,12,1,0,0,0,1,run_005
U000295,18829441,MODEL_B,BATCH_01,729632.0,52116.57142857143,12911.767135889204,35187.0,77504.0,14,1.925,4.0,0.0,5.0,14.0,15.199274285714289,68.64013863636363,39.41202857142857,2.26386,0.1135181828992146,0.1894489244734453,0.7749785555178953,0.1019804851828988,15.4188,68.9624,40.3064,2.45491,158,12,1,0,0,0,1,run_005
U000296,18911018,MODEL_A,BATCH_01,732899.0,52349.92857142857,13948.621053788716,34902.0,81577.0,14,2.0,4.0,0.0,5.0,14.0,15.19848947368421,68.679,39.93718684210526,2.212101914893617,0.0934794898431584,0.1950330997548876,0.1512774901014034,0.0466324054446886,15.4479,69.2873,40.2608,2.30765,170,12,1,0,0,0,0,run_005
U000297,18981184,MODEL_A,BATCH_01,701056.0,50075.42857142857,10285.60708140103,33962.0,70166.0,14,2.05,4.0,0.0,2.0,14.0,15.21202894736842,68.68008043478261,39.000855263157895,2.3250286956521737,0.1139088039876155,0.1698538647969876,0.7626187495293543,0.1068948601946727,15.3785,69.0441,40.1972,2.51365,168,12,1,0,0,0,1,run_005
U000298,19044802,MODEL_A,BATCH_01,678885.0,48491.78571428572,8789.424923680217,37646.0,63618.0,14,2.025,4.0,0.0,3.0,14.0,15.222225,68.69315384615385,39.921275,2.214583076923077,0.1202818303389061,0.1840441749691626,0.1642310547820938,0.0540300823203755,15.5234,69.0702,40.3892,2.3235,142,12,1,0,0,0,0,run_005
U000299,19088335,MODEL_A,BATCH_01,705756.0,50411.142857142855,10286.348360492491,35745.0,66857.0,14,1.975609756097561,4.0,0.0,4.0,14.0,15.203386486486488,68.71332826086956,39.8869,2.227316304347826,0.1092922843727925,0.2113222611852886,0.1442383386389815,0.0478300960743661,15.4239,69.2101,40.1806,2.3345,166,12,2,0,0,0,0,run_005
U000300,19145149,MODEL_B,BATCH_01,706505.0,50464.642857142855,9941.106064503803,35771.0,63522.0,14,1.975609756097561,4.0,0.0,5.0,14.0,15.200825714285717,68.80393023255814,39.95464571428571,2.234813720930233,0.1299496697659094,0.220353361817402,0.1477230762626611,0.0522763623184858,15.5005,69.1924,40.1935,2.35312,156,12,2,0,0,0,0,run_005
U000301,19227691,MODEL_A,BATCH_02,711477.0,50819.78571428572,12916.510425263245,32243.0,83666.0,14,1.975,4.0,0.0,4.0,14.0,15.23104411764706,68.79471428571429,39.89945,2.2202835714285714,0.1200252276289433,0.1986803469866761,0.1589238530259214,0.0508141714351529,15.3881,69.1699,40.2146,2.37136,152,12,1,0,0,0,0,run_005
U000302,19288299,MODEL_A,BATCH_01,684689.0,48906.357142857145,7562.982384942136,34689.0,62270.0,14,1.951219512195122,4.0,0.0,5.0,14.0,15.22145,68.79377555555556,39.85713888888889,2.2353446666666668,0.0802268587017023,0.1959086001587518,0.1538990806206225,0.0499305056872232,15.3757,69.2311,40.2645,2.35711,162,12,2,1,0,1,0,run_005
U000303,19334183,MODEL_A,BATCH_01,743799.0,53128.5,10683.447525890766,40793.0,72544.0,14,2.024390243902439,4.0,0.0,6.0,14.0,15.19375,68.87507826086957,39.22738684210526,2.3313771739130433,0.1056702258047264,0.1570941075534622,0.759232145949982,0.1112632362096112,15.4253,69.1224,40.3245,2.51783,168,12,2,2,1,1,0,run_005
U000304,19377508,MODEL_A,BATCH_01,687847.0,49131.92857142857,10499.397319438322,33833.0,64212.0,14,2.0,4.0,0.0,3.0,14.0,15.23383611111111,68.86107674418605,39.87588888888889,2.243129534883721,0.094524104719462,0.1873700932039151,0.1598039509216172,0.0413070048223974,15.401,69.3678,40.1597,2.33006,158,12,2,0,0,0,0,run_005
U000305,19425344,MODEL_B,BATCH_01,656998.0,46928.42857142857,8411.989856190945,35686.0,61963.0,14,1.951219512195122,4.0,0.0,3.0,14.0,15.258533333333334,68.9198025,39.88259393939394,2.2268635,0.1274239642558126,0.1740656691397739,0.1474551985761146,0.0565874504321431,15.4805,69.3641,40.1602,2.3932,146,12,2,0,0,0,0,run_005
U000306,19499879,MODEL_A,BATCH_01,750694.0,53621.0,13255.491042176853,34813.0,85522.0,14,1.975,4.0,0.0,4.0,14.0,15.207077142857145,68.94051666666667,39.85060571428571,2.2309457142857143,0.1137129748034738,0.1729185045842156,0.116536560642515,0.0506741541926047,15.4296,69.3296,40.0646,2.38975,154,12,1,0,0,0,0,run_005
U000307,19542994,MODEL_A,BATCH_01,690640.0,49331.42857142857,8569.79639569904,36648.0,64759.0,14,1.95,4.0,0.0,3.0,14.0,15.240289743589743,68.92768510638298,39.84279230769231,2.260907659574468,0.1079834509612998,0.2383895469136714,0.146641902506925,0.04262527802856,15.4565,69.518,40.1755,2.35475,172,12,1,0,0,0,0,run_005
U000308,19591598,MODEL_A,BATCH_02,719134.0,51366.71428571428,9731.387460793449,37407.0,68365.0,14,1.925,4.0,0.0,4.0,14.0,15.239389189189188,68.98831333333334,39.34285945945946,2.3031515555555555,0.1025872224656328,0.2073387265935987,0.7199473755689285,0.0989952373499846,15.451,69.3857,40.0504,2.50406,164,12,1,0,0,0,1,run_005
U000309,19642507,MODEL_A,BATCH_01,718546.0,51324.71428571428,10763.104030605036,39966.0,75579.0,14,1.951219512195122,4.0,0.0,5.0,14.0,15.221035294117648,68.99257750000001,39.87663823529411,2.25226125,0.1133653489958069,0.248623938537911,0.1501831407531758,0.0426581043003554,15.4599,69.5187,40.087,2.33337,148,12,2,0,0,0,0,run_005
U000310,19703685,MODEL_B,BATCH_01,707038.0,50502.71428571428,9496.712147074672,33658.0,62238.0,14,1.9,4.0,0.0,3.0,14.0,15.256448648648648,69.05350444444444,39.82295405405405,2.245407333333333,0.0975544196322738,0.1769131822977248,0.1521676553355886,0.0385507061838395,15.3877,69.3816,40.1568,2.31174,164,12,1,0,0,0,0,run_005
U000311,19764557,MODEL_A,BATCH_01,686245.0,49017.5,8679.763704245552,34436.0,61943.0,14,1.9,4.0,0.0,4.0,14.0,15.214434375,69.08721,39.853571875,2.2606825,0.1112044893772785,0.2083489415281419,0.1633659304995491,0.0522746551693736,15.399,69.7114,40.2014,2.39653,144,12,1,0,0,0,0,run_005
U000312,19807751,MODEL_A,BATCH_01,689814.0,49272.42857142857,7516.401243171605,37306.0,60970.0,14,1.9268292682926829,4.0,0.0,4.0,14.0,15.278423684210528,69.11553111111111,39.820473684210526,2.261204444444445,0.0789492119817941,0.2035363501399291,0.1574416591805329,0.0459509327017593,15.4101,69.5556,40.1488,2.34868,166,12,2,0,0,0,0,run_005
U000313,19858772,MODEL_A,BATCH_01,686457.0,49032.642857142855,7087.32152516724,36169.0,57978.0,14,1.85,4.0,0.0,3.0,14.0,15.236461111111112,69.11906976744186,39.82653611111111,2.2676502325581396,0.0925894880728221,0.1481090404862383,0.1504094452823988,0.0478597669530657,15.3878,69.4375,40.1325,2.41964,158,12,1,0,0,0,0,run_005
U000314,19909840,MODEL_A,BATCH_01,712990.0,50927.857142857145,8498.593583711301,39657.0,68165.0,14,1.875,4.0,0.0,5.0,14.0,15.270545454545454,69.13832142857143,39.76971212121212,2.2846257142857143,0.1115565610209375,0.1664982128897227,0.1782129462847319,0.0448594893647121,15.479,69.476,40.0927,2.38688,150,12,1,0,0,0,0,run_005
U000315,19966635,MODEL_B,BATCH_02,724984.0,51784.57142857143,9503.93056917696,38203.0,68149.0,14,1.825,4.0,0.0,4.0,14.0,15.261207894736842,69.17243404255319,38.31212631578947,2.4659472340425532,0.0862966329291449,0.2140484121150044,0.1576184542704322,0.0573285842165155,15.4397,69.5569,38.6491,2.58552,170,12,1,0,0,0,1,run_005
U000316,20030162,MODEL_A,BATCH_01,736048.0,52574.857142857145,16056.504135550338,36758.0,96098.0,14,1.875,4.0,0.0,6.0,14.0,15.251232432432433,69.20300869565217,39.77624054054054,2.276516086956522,0.1037261165389522,0.1720142562904295,0.1392183346391549,0.0579154892533848,15.4471,69.5569,40.0709,2.40588,166,12,1,0,0,0,0,run_005
U000317,20084571,MODEL_A,BATCH_01,698045.0,49860.357142857145,9796.812068667605,34047.0,63273.0,14,1.875,4.0,0.0,5.0,14.0,15.24835789473684,69.23843111111111,39.81797105263158,2.280648222222222,0.1156089251945423,0.2004414988585094,0.1337499278259866,0.0425540329938351,15.4452,69.661,40.0885,2.39015,166,12,1,0,0,0,0,run_005
U000318,20138237,MODEL_A,BATCH_01,669308.0,47807.71428571428,9083.91739816602,36300.0,62980.0,14,1.853658536585366,4.0,0.0,5.0,14.0,15.2895,69.28517894736842,39.76107096774194,2.2747105263157894,0.1112242299741085,0.1712445732545477,0.1262236221778602,0.0444185718370123,15.5403,69.7464,39.9911,2.37048,138,12,2,0,0,0,0,run_005
U000319,20186904,MODEL_A,BATCH_01,691646.0,49403.28571428572,7490.942227153369,34828.0,64582.0,14,1.902439024390244,4.0,0.0,5.0,14.0,15.260842857142856,69.23978571428572,39.78959142857143,2.3173892857142855,0.1032603884126243,0.2028295939481831,0.1904784307249196,0.051322763427341,15.4549,69.6755,40.2576,2.4189,154,12,2,0,0,0,0,run_005
U000320,20250222,MODEL_B,BATCH_01,673708.0,48122.0,9276.55602539583,33905.0,64040.0,14,1.825,4.0,0.0,3.0,14.0,15.276630555555556,69.26637209302326,39.799033333333334,2.3099697674418604,0.1040796777733138,0.1942356464336916,0.1532931831491525,0.0425222475377173,15.4954,69.7643,40.0294,2.38917,158,12,1,0,0,0,0,run_005
U000321,20308135,MODEL_A,BATCH_01,699372.0,49955.142857142855,7935.628295198839,35943.0,61679.0,14,1.7804878048780488,4.0,0.0,5.0,14.0,15.280526470588237,69.33124285714287,39.74608235294118,2.300497380952381,0.130440568863171,0.2287344163881287,0.120121490193958,0.0434666104015778,15.6462,69.7671,39.9348,2.38243,152,12,2,0,0,0,1,run_005
U000322,20365793,MODEL_A,BATCH_02,685897.0,48992.642857142855,12353.70538998876,32952.0,77040.0,14,1.8,4.0,0.0,5.0,14.0,15.254551515151515,69.3567025,39.76142424242424,2.3158695,0.1044234651587348,0.1716161705480855,0.1630104598451873,0.04064613142408,15.508,69.6823,40.1657,2.44906,146,12,1,0,0,0,0,run_005
U000323,20415913,MODEL_A,BATCH_01,679189.0,48513.5,10586.457857165376,32924.0,72181.0,14,1.8,4.0,0.0,4.0,14.0,15.259708333333334,69.36434186046512,39.76307777777778,2.3095416279069765,0.1081556982845959,0.1729480203118537,0.1559472348696577,0.0396125486929772,15.4924,69.8529,40.0577,2.40488,158,12,1,0,0,0,0,run_005
U000324,20483140,MODEL_A,BATCH_01,713238.0,50945.57142857143,11301.071172608004,32769.0,67227.0,14,1.775,4.0,0.0,5.0,14.0,15.26406,69.40748571428571,39.77041142857143,2.3187530952380953,0.0783512123109031,0.2052493326942332,0.1693210607994534,0.0489924503635494,15.4,69.8177,40.048,2.4321,154,12,1,0,0,0,0,run_005
U000325,20536452,MODEL_B,BATCH_01,680003.0,48571.642857142855,8448.061166801645,35027.0,60275.0,14,1.804878048780488,4.0,0.0,5.0,14.0,15.302358333333334,69.38193720930232,39.46635555555556,2.3379716279069767,0.1175327513625763,0.2294122116806702,0.60884280281505,0.0874856252663213,15.5724,69.8755,40.0559,2.55345,158,12,2,1,0,1,0,run_005
U000326,20594027,MODEL_A,BATCH_01,710192.0,50728.0,12497.467971245524,32783.0,75860.0,14,1.75,4.0,0.0,2.0,14.0,15.255320512820512,69.47411739130435,39.712087179487185,2.323178043478261,0.0904925881800249,0.2024427494427294,0.1560331614205388,0.045688407847533,15.496,69.967,40.151,2.39617,170,12,1,0,0,0,0,run_005
U000327,20670874,MODEL_A,BATCH_01,734568.0,52469.142857142855,11559.75437493337,38775.0,76847.0,14,1.8,4.0,0.0,3.0,14.0,15.265178947368424,69.43706956521739,39.737986842105265,2.312395,0.1038037419465473,0.1925152356101409,0.1531837214748787,0.0493556982976074,15.4522,69.8096,40.0222,2.39994,168,12,1,0,0,0,0,run_005
U000328,20735541,MODEL_A,BATCH_01,692209.0,49443.5,8848.265190680904,36386.0,64667.0,14,1.9,4.0,0.0,3.0,14.0,15.30046,69.45274047619048,39.69889428571428,2.339905714285714,0.1207398813200365,0.1916906489818559,0.1711752162909953,0.0456586453300992,15.5639,69.7941,40.1113,2.4113,154,12,1,0,0,0,0,run_005
U000329,20801008,MODEL_A,BATCH_02,678763.0,48483.07142857143,8357.049087808682,38082.0,65467.0,14,1.875,4.0,0.0,2.0,14.0,15.27459375,69.53845641025642,39.71993125,2.3219776923076925,0.0941990409426558,0.2304394483714174,0.1473403661868135,0.0540197252697438,15.5378,69.9455,39.976,2.40567,142,12,1,0,0,0,0,run_005
U000330,20862658,MODEL_B,BATCH_01,723229.0,51659.21428571428,9532.419510270214,40053.0,66433.0,14,1.9,4.0,0.0,4.0,14.0,15.273822857142855,69.55598604651163,39.67271142857143,2.3378397674418605,0.0997006964566926,0.2186359548497117,0.172082872941105,0.0466112749229693,15.4318,70.0396,39.9543,2.44068,156,12,1,0,0,0,0,run_005
U000331,20919531,MODEL_A,BATCH_01,693067.0,49504.78571428572,8739.785265612136,35526.0,64285.0,14,1.875,4.0,0.0,3.0,14.0,15.302794594594594,69.53765555555556,39.70161081081081,2.354662888888889,0.0998116836457145,0.2073714876469025,0.1453045609588203,0.0531039837840568,15.5315,70.0173,40.0536,2.47137,164,12,1,0,0,0,0,run_005
U000332,20973645,MODEL_A,BATCH_01,719148.0,51367.71428571428,12088.34112452396,32628.0,77017.0,14,1.9,4.0,0.0,5.0,14.0,15.294617647058825,69.61464634146341,39.70494705882353,2.3514021951219513,0.0984989323756575,0.2061964865093014,0.1414950180840383,0.0544066014152783,15.4576,70.0336,39.9556,2.47679,150,12,1,0,0,0,0,run_005
U000333,21027115,MODEL_A,BATCH_01,698633.0,49902.357142857145,9045.913787299369,35093.0,66629.0,14,1.8780487804878048,4.0,0.0,4.0,14.0,15.286497142857144,69.71985952380953,39.69179714285714,2.3560804761904763,0.0861009717978707,0.2125323207093659,0.1580184640844106,0.052724364523452,15.4088,70.1124,39.9682,2.45155,154,12,2,0,0,0,0,run_005
U000334,21100920,MODEL_A,BATCH_01,718307.0,51307.642857142855,12275.581481493706,36719.0,74632.0,14,1.85,4.0,0.0,4.0,14.0,15.317275675675676,69.66516279069766,39.655591891891895,2.3449641860465116,0.0829164318435716,0.2059704741013873,0.1371053556340664,0.0480990984586612,15.5198,70.0276,39.9067,2.44703,160,12,1,0,0,0,0,run_005
U000335,21156733,MODEL_B,BATCH_01,722621.0,51615.78571428572,9290.373704320727,37588.0,76457.0,14,1.85,4.0,0.0,5.0,14.0,15.261378947368422,69.67825,39.61405,2.347782391304348,0.0943286467562321,0.2227390907666525,0.1114706160530348,0.04463731877575,15.5029,70.3911,39.8095,2.43099,168,12,1,0,0,0,0,run_005
U000336,21210257,MODEL_A,BATCH_02,713469.0,50962.07142857143,9295.520571049972,35103.0,64166.0,14,1.875,4.0,0.0,5.0,14.0,15.286811111111112,69.71273953488372,39.67563888888889,2.3599846511627907,0.104671147007535,0.1986206316185208,0.1723377038222639,0.052351933077005,15.5012,70.0699,39.9462,2.48639,158,12,1,0,0,0,0,run_005
U000337,21259364,MODEL_A,BATCH_01,690548.0,49324.857142857145,8256.28965704928,35947.0,62204.0,14,1.829268292682927,4.0,0.0,4.0,14.0,15.309550000000002,69.73894878048782,39.64634411764706,2.3482443902439023,0.1159316367258715,0.2304625621678638,0.1465623069306495,0.046625342950416,15.5095,70.1623,39.9271,2.46924,150,12,2,0,0,0,0,run_005
U000338,21315812,MODEL_A,BATCH_01,714529.0,51037.78571428572,10889.716060284876,34062.0,70778.0,14,1.8,4.0,0.0,6.0,14.0,15.33053783783784,69.78048222222222,39.653686486486485,2.3660004444444445,0.11371296552517,0.2230518430248167,0.146891322567555,0.0543457908362382,15.5929,70.2247,39.9218,2.51093,164,12,1,0,0,0,0,run_005
U000339,21383070,MODEL_A,BATCH_01,717755.0,51268.21428571428,8951.482629053233,35407.0,67258.0,14,1.775,4.0,0.0,6.0,14.0,15.33374285714286,69.77122272727273,39.61232,2.3758929545454546,0.0995864575181203,0.2127875759876849,0.166510523956402,0.0506312247429847,15.5452,70.3456,39.8895,2.49229,158,12,1,0,0,0,0,run_005
U000340,21427940,MODEL_B,BATCH_01,732943.0,52353.07142857143,9370.807833695231,34376.0,62735.0,14,1.829268292682927,4.0,0.0,6.0,14.0,15.309276315789475,69.88587173913044,39.661881578947366,2.3716928260869565,0.0944960672260752,0.1905964715343698,0.1313928087531197,0.0544186627571846,15.4683,70.2793,39.9441,2.4786,168,12,2,0,0,0,0,run_005
U000341,21497495,MODEL_A,BATCH_01,717471.0,51247.92857142857,11335.860277247366,32760.0,71542.0,14,1.825,4.0,0.0,3.0,14.0,15.327741666666668,69.82664444444444,39.61665555555555,2.364453777777778,0.1330085354403996,0.2111135633164354,0.1426352499899053,0.0513584162479231,15.6056,70.1962,39.9627,2.47704,162,12,1,0,0,0,0,run_005
U000342,21559426,MODEL_A,BATCH_01,703926.0,50280.42857142857,9395.390078398808,38086.0,67050.0,14,1.875,4.0,0.0,5.0,14.0,15.33515588235294,69.86355813953487,39.64353235294118,2.3816495348837208,0.1097209192263012,0.1895124348634789,0.1606525362589003,0.0397889694545448,15.5598,70.2029,39.9824,2.47377,154,12,1,0,0,0,0,run_005
U000343,21662489,MODEL_A,BATCH_02,761548.0,54396.28571428572,16330.02679553396,37863.0,103063.0,14,1.775,4.0,0.0,3.0,14.0,15.304281081081085,69.91523695652174,39.61355945945946,2.3904015217391303,0.0784478802129793,0.1874875739392947,0.14612616782056,0.0474400139107808,15.4687,70.3674,39.8862,2.4847,166,12,1,0,0,0,0,run_005
U000344,21732413,MODEL_A,BATCH_01,715580.0,51112.857142857145,11228.461527997248,35366.0,72132.0,14,1.825,4.0,0.0,6.0,14.0,15.3359,69.96153720930234,39.58480588235294,2.3944041860465117,0.1038371247909362,0.2054685006831423,0.1696897810197518,0.0454350095365194,15.5816,70.3041,39.8553,2.50169,154,12,1,0,0,0,0,run_005
U000345,21790241,MODEL_B,BATCH_01,702349.0,50167.78571428572,12470.88865613138,29369.0,73559.0,14,1.825,4.0,0.0,6.0,14.0,15.32105128205128,69.96423617021277,39.577910256410256,2.3925708510638297,0.1029999868977886,0.1976114219827783,0.1467585105482942,0.0519292578095551,15.5756,70.4171,39.8973,2.48232,172,12,1,0,0,0,0,run_005
U000346,21867524,MODEL_A,BATCH_01,714148.0,51010.57142857143,11585.922118703342,32002.0,77283.0,14,1.825,4.0,0.0,6.0,14.0,15.342992105263155,69.96213777777777,39.61113947368421,2.3814666666666664,0.1172721537454514,0.1945139294952335,0.1424665926501273,0.0474129682106642,15.6179,70.3749,39.9689,2.47866,166,12,1,0,0,0,0,run_005
U000347,21926315,MODEL_A,BATCH_01,675158.0,48225.57142857143,7633.709761660754,36525.0,59121.0,14,1.85,4.0,0.0,6.0,14.0,15.315278787878787,70.00933170731707,39.57898787878788,2.379478048780488,0.0909392646137237,0.2104585593876206,0.1823131539370778,0.044947757130891,15.5056,70.4565,39.9494,2.49665,148,12,1,0,0,0,0,run_005
U000348,21986941,MODEL_A,BATCH_01,708005.0,50571.78571428572,11966.385098899536,30964.0,71841.0,14,1.875,4.0,0.0,6.0,14.0,15.324782857142855,69.97762093023256,39.14507714285715,2.4368788372093024,0.1180963576808318,0.1977616200404398,0.7124098316879911,0.1007590135920567,15.5911,70.4222,39.952,2.64878,156,12,1,0,0,0,1,run_005
U000349,22035117,MODEL_A,BATCH_01,700471.0,50033.642857142855,9947.534991197512,34974.0,74471.0,14,1.8780487804878048,4.0,0.0,5.0,14.0,15.33125588235294,70.09003658536585,39.562532352941176,2.418870487804878,0.0918000204369706,0.1732343726806238,0.1508775837730874,0.0526024661470932,15.5076,70.4012,39.8889,2.5266,150,12,2,0,0,0,0,run_005
U000350,22083176,MODEL_B,BATCH_02,689834.0,49273.857142857145,7760.168573279467,38874.0,68159.0,14,1.853658536585366,4.0,0.0,4.0,14.0,15.317367567567567,70.08427999999999,39.5622945945946,2.4075,0.0919337655720258,0.1757370227977525,0.1538432733262907,0.0561309249150428,15.5009,70.48,39.8837,2.56061,164,12,2,0,0,0,0,run_005
U000351,22141535,MODEL_A,BATCH_01,711600.0,50828.57142857143,9962.02561819545,36396.0,68256.0,14,1.902439024390244,4.0,0.0,5.0,14.0,15.330597142857144,70.10191162790697,39.562311428571434,2.4014337209302328,0.1032530543223329,0.1651282866502527,0.1523724476627005,0.0451904804041555,15.4933,70.503,39.8919,2.50776,156,12,2,0,0,0,0,run_005
U000352,22192733,MODEL_A,BATCH_01,680776.0,48626.857142857145,6326.869864768382,36411.0,56296.0,14,1.8780487804878048,4.0,0.0,2.0,14.0,15.34814054054054,70.13641111111112,39.527654054054054,2.408152888888889,0.1239185921380544,0.183417287802013,0.176764357572754,0.048574192484853,15.5456,70.5365,39.811,2.51756,164,12,2,0,0,0,0,run_005
U000353,22249328,MODEL_A,BATCH_01,725053.0,51789.5,10422.65668000394,37640.0,65819.0,14,1.775,4.0,0.0,2.0,14.0,15.364935135135136,70.18452093023257,39.48568918918919,2.4089302325581397,0.1070455074988,0.2142255226425966,0.1420250736544305,0.0542869921053783,15.528,70.67,39.8093,2.49888,160,12,1,0,0,0,0,run_005
U000354,22299651,MODEL_A,BATCH_01,682240.0,48731.42857142857,8845.051634534555,35449.0,61307.0,14,1.8,4.0,0.0,5.0,14.0,15.34382285714286,70.24783414634146,39.56843714285714,2.41437756097561,0.1135883229440582,0.2168081209384895,0.1698042178609267,0.0460976193409425,15.5478,70.6129,39.958,2.5144,152,12,1,0,0,0,0,run_005
U000355,22355814,MODEL_B,BATCH_01,712066.0,50861.857142857145,8681.426839985575,37779.0,68345.0,14,1.825,4.0,0.0,6.0,14.0,15.35088918918919,70.23731304347827,38.989562162162166,2.508496304347826,0.1115919172296587,0.2057000822218784,0.7275221448906614,0.1086430570539997,15.5412,70.688,39.7477,2.71546,166,12,1,0,0,0,1,run_005
U000356,22403759,MODEL_A,BATCH_01,702684.0,50191.71428571428,10220.136454219048,36768.0,69019.0,14,1.875,4.0,0.0,5.0,14.0,15.35881111111111,70.29404545454545,39.48615,2.426518181818182,0.1206546755420557,0.1650117437040571,0.1150590817176742,0.0502889804043163,15.6318,70.6238,39.6747,2.52161,160,12,1,0,0,0,0,run_005
U000357,22464986,MODEL_A,BATCH_02,680954.0,48639.57142857143,8803.347175620504,32360.0,61227.0,14,1.775,4.0,0.0,2.0,14.0,15.365474285714289,70.20590232558139,39.53500285714286,2.425767441860465,0.0964704536994348,0.1829100292602556,0.1240692228170224,0.0494270077075192,15.5955,70.6602,39.7202,2.51029,156,12,1,0,0,0,0,run_005
U000358,22529040,MODEL_A,BATCH_01,743555.0,53111.07142857143,13237.410991721012,36723.0,81146.0,14,1.825,4.0,0.0,6.0,14.0,15.368039473684211,70.25336222222222,39.510697368421056,2.4345424444444443,0.1203901058596787,0.1770444670503209,0.1382528578207,0.0418519431044266,15.7235,70.6583,39.8279,2.53025,166,12,1,0,0,0,0,run_005
U000359,22580609,MODEL_A,BATCH_01,669334.0,47809.57142857143,11278.858853313444,33298.0,78993.0,14,1.8,4.0,0.0,5.0,14.0,15.329215625,70.360835,39.472234375,2.43070825,0.0835882192246323,0.2472858447222583,0.1456687882733163,0.0430791043932033,15.4875,70.8696,39.7084,2.50387,144,12,1,0,0,0,0,run_005
U000360,22643750,MODEL_B,BATCH_01,728378.0,52027.0,8735.516628639132,37425.0,66098.0,14,1.775,4.0,0.0,5.0,14.0,15.370875675675675,70.32409333333334,39.47888648648649,2.452713777777778,0.0905430879790434,0.2053272259766642,0.135123145813493,0.0446379846038657,15.5966,70.7978,39.8275,2.55612,164,12,1,0,0,0,0,run_005
U000361,22707730,MODEL_A,BATCH_01,704587.0,50327.642857142855,11446.179393526523,36235.0,79431.0,14,1.75,4.0,0.0,5.0,14.0,15.377436363636363,70.35445999999999,39.478375757575755,2.46426975,0.0763328640649857,0.2039973916374223,0.153811804712575,0.0543617871297099,15.5224,70.7986,39.7648,2.59534,146,12,1,0,0,0,0,run_005
U000362,22767856,MODEL_A,BATCH_01,715427.0,51101.92857142857,8728.692980529882,41339.0,69084.0,14,1.825,4.0,0.0,5.0,14.0,15.34237027027027,70.40514666666667,39.482616216216215,2.4572824444444445,0.0812607013973643,0.1879005776758233,0.1497619954637532,0.0522185721992209,15.5186,70.8221,39.7599,2.58771,164,12,1,0,0,0,0,run_005
U000363,22820791,MODEL_A,BATCH_01,692102.0,49435.857142857145,7125.7953062975885,38094.0,60638.0,14,1.775,4.0,0.0,3.0,14.0,15.381825,70.40987209302325,39.480872222222224,2.4601032558139537,0.0876384435377206,0.2248536183361253,0.1478990999897512,0.0480244623539438,15.5266,70.9945,39.7918,2.54918,158,12,1,0,0,0,0,run_005
U000364,22870027,MODEL_A,BATCH_02,710108.0,50722.0,10963.578984704136,34804.0,67064.0,14,1.75,4.0,0.0,4.0,14.0,15.397633333333332,70.42273043478261,38.82550769230769,2.539568260869565,0.0842362821358478,0.145152831134886,0.7955470608278948,0.093729176515328,15.5892,70.7407,39.8561,2.75786,170,12,1,1,1,0,1,run_005
U000365,22928784,MODEL_B,BATCH_01,721238.0,51517.0,9701.01051040957,38700.0,67095.0,14,1.8,4.0,0.0,5.0,14.0,15.356811764705885,70.48874047619047,39.43886176470589,2.458291428571429,0.1051692510791488,0.1761697948412341,0.1278400516144731,0.0518430388379982,15.5492,70.7964,39.6536,2.54357,152,12,1,0,0,0,0,run_005
U000366,23002043,MODEL_A,BATCH_01,730954.0,52211.0,11476.788213272375,36949.0,73259.0,14,1.775,4.0,0.0,4.0,14.0,15.391233333333332,70.49421627906976,39.486125,2.4505348837209304,0.1057241423976292,0.1900027555316862,0.1436373436819285,0.0543737223986564,15.5974,70.8403,39.7931,2.55879,158,12,1,0,0,0,0,run_005
U000367,23066352,MODEL_A,BATCH_01,733556.0,52396.857142857145,9293.43404988492,35966.0,65827.0,14,1.925,4.0,0.0,5.0,14.0,15.387602631578948,70.51115957446808,39.41333684210526,2.4720840425531914,0.0749370131432626,0.2000784168656555,0.1396637940295586,0.0538177059380361,15.5292,71.0108,39.6518,2.59049,170,12,1,0,0,0,0,run_005
U000368,23132125,MODEL_A,BATCH_01,701533.0,50109.5,9644.73482308831,30674.0,65773.0,14,1.9,4.0,0.0,1.0,14.0,15.378364864864864,70.50757906976743,39.47893243243243,2.473539302325581,0.1079827075050454,0.2030316003531755,0.1379835337480006,0.0419960261382719,15.5844,71.0878,39.7907,2.55919,160,12,1,0,0,0,0,run_005
U000369,23184823,MODEL_A,BATCH_01,693262.0,49518.71428571428,9316.049678076844,33285.0,71870.0,14,1.825,4.0,0.0,2.0,14.0,15.39665,70.56044090909091,39.43131470588236,2.4752679545454543,0.1121015293329567,0.1923824501474477,0.1401554161860116,0.0473341103998661,15.6113,70.9637,39.8488,2.57924,156,12,1,0,0,0,0,run_005
U000370,23243329,MODEL_B,BATCH_01,731554.0,52253.857142857145,8032.886930584822,38740.0,63071.0,14,1.85,4.0,0.0,4.0,14.0,15.370991891891894,70.58202222222222,39.432294594594595,2.4908531111111114,0.1050022231996872,0.1949290778822905,0.1992110089354526,0.0526854218158988,15.6796,71.0784,39.9382,2.58614,164,12,1,0,0,0,0,run_005
U000371,23295646,MODEL_A,BATCH_02,698522.0,49894.42857142857,8326.016765945957,38258.0,64072.0,14,1.825,4.0,0.0,2.0,14.0,15.43012,70.64808139534884,39.44646,2.4771332558139534,0.1099598370529252,0.1912973642013592,0.1442739840393543,0.0454508572249261,15.6756,71.0334,39.7908,2.58477,156,12,1,0,0,0,0,run_005
U000372,23370341,MODEL_A,BATCH_01,718617.0,51329.78571428572,9835.432782926864,32084.0,74695.0,14,1.85,4.0,0.0,2.0,14.0,15.408854054054055,70.587625,39.42221081081081,2.4783513636363637,0.1045003816967899,0.1996155667194895,0.1489449577375327,0.0405967316585099,15.6054,70.9669,39.6999,2.5524,162,12,1,0,0,0,0,run_005
U000373,23415640,MODEL_A,BATCH_01,680868.0,48633.42857142857,9331.98991652894,35102.0,66674.0,14,1.7804878048780488,4.0,0.0,3.0,14.0,15.397045714285715,70.65647073170732,39.40905428571429,2.5042290243902436,0.1096682412681864,0.1678429880035252,0.1697386041273262,0.0463391473704943,15.602,70.9847,39.6823,2.6465,152,12,2,0,0,0,0,run_005
U000374,23467701,MODEL_A,BATCH_01,698326.0,49880.42857142857,9404.413748663124,35882.0,69832.0,14,1.7804878048780488,4.0,0.0,4.0,14.0,15.380068571428572,70.67016904761905,39.411111428571424,2.490391428571429,0.1141811274490936,0.1616553402105321,0.1459485198752691,0.0449673346249837,15.6458,71.0878,39.7992,2.56551,154,12,2,0,0,0,0,run_005
U000375,23520109,MODEL_B,BATCH_01,692837.0,49488.357142857145,9286.817850357262,35389.0,64793.0,14,1.8,4.0,0.0,5.0,14.0,15.40422,70.71708181818181,39.37280285714286,2.490946818181818,0.1091067928008795,0.1638282172826521,0.1464858123740668,0.0450867211809628,15.6617,71.0486,39.7125,2.57064,158,12,1,0,0,0,0,run_005
U000376,23585170,MODEL_A,BATCH_01,735721.0,52551.5,7100.027852058047,42106.0,64075.0,14,1.825,4.0,0.0,6.0,14.0,15.38614,70.74094318181818,39.390925714285714,2.511875909090909,0.0816795719295114,0.2148755642039493,0.1367780562527075,0.0519994145905411,15.5461,71.0919,39.6374,2.63591,158,12,1,0,0,0,0,run_005
U000377,23653388,MODEL_A,BATCH_01,695079.0,49648.5,9815.131855770142,36415.0,68218.0,14,1.8,4.0,0.0,3.0,14.0,15.414691428571428,70.75233555555555,39.41450285714286,2.501225333333333,0.1173470653569965,0.232079713142973,0.1707258974216305,0.0663658684730472,15.6789,71.1571,39.7409,2.63217,160,12,1,0,0,0,0,run_005
U000378,23717941,MODEL_A,BATCH_02,733593.0,52399.5,7765.618423538463,37868.0,64553.0,14,1.75,4.0,0.0,5.0,14.0,15.411527027027027,70.77253478260869,39.15194864864865,2.5243515217391304,0.0944792030279934,0.2258472839158645,0.5518577023823055,0.0928633045566892,15.6232,71.2386,39.5746,2.76557,166,12,1,0,0,0,1,run_005
U000379,23764171,MODEL_A,BATCH_01,697115.0,49793.92857142857,9510.719518718668,36302.0,69167.0,14,1.7804878048780488,4.0,0.0,5.0,14.0,15.429623529411764,70.80057142857143,39.342176470588235,2.5065788095238095,0.076348483578533,0.2156035208157656,0.1644478199618225,0.0457441898857581,15.6291,71.2489,39.6917,2.60369,152,12,2,0,0,0,0,run_005
U000380,23812897,MODEL_B,BATCH_01,690912.0,49350.857142857145,10807.755746949237,32624.0,69238.0,14,1.8,4.0,0.0,3.0,14.0,15.415265853658536,70.791225,39.334153658536586,2.5232308333333333,0.098275084863245,0.2076616586375167,0.1156813232496091,0.0479695096792248,15.6008,71.2485,39.5649,2.62534,178,12,1,0,0,0,0,run_005
U000381,23882761,MODEL_A,BATCH_01,692687.0,49477.642857142855,8745.640695245242,36087.0,69864.0,14,1.75,4.0,0.0,2.0,14.0,15.433077777777775,70.90759523809524,39.354686111111114,2.5062142857142855,0.0882079235543935,0.2129596170952518,0.1364312870543315,0.0526943965245556,15.5945,71.3541,39.6292,2.61612,156,12,1,0,0,0,0,run_005
U000382,23931178,MODEL_A,BATCH_01,701521.0,50108.642857142855,9006.37687425409,38785.0,68968.0,14,1.6829268292682926,4.0,0.0,4.0,14.0,15.414041176470588,70.92120476190476,39.299417647058824,2.507752380952381,0.0916578456945281,0.2184647774840628,0.1829565248417637,0.0632636916949661,15.6486,71.4552,39.7448,2.6324,152,12,2,0,0,0,0,run_005
U000383,23992794,MODEL_A,BATCH_01,720151.0,51439.357142857145,12306.3629858525,34952.0,71898.0,14,1.8,4.0,0.0,6.0,14.0,15.41115142857143,70.99340476190476,39.34802,2.5326904761904765,0.1101678488687594,0.167921718045655,0.1498122075446857,0.0547462381802591,15.7147,71.284,39.7073,2.62902,154,12,1,0,0,0,0,run_005
U000384,24062132,MODEL_A,BATCH_01,697157.0,49796.92857142857,10811.040983566363,30276.0,69338.0,14,1.775,4.0,0.0,3.0,14.0,15.403937142857142,70.97845476190476,38.442031428571426,2.643322619047619,0.0922350644236979,0.2017074205708792,0.791078478583075,0.1089878087400093,15.6228,71.5091,39.5767,2.86706,154,12,1,0,0,0,0,run_005
U000385,24120008,MODEL_B,BATCH_02,701277.0,50091.21428571428,9567.159800215377,32334.0,66837.0,14,1.75,4.0,0.0,4.0,14.0,15.395055263157897,70.93764130434782,39.365528947368425,2.5262604347826088,0.1114360189656014,0.1800190318038453,0.1240628957923173,0.0549888616582797,15.657,71.5526,39.6463,2.6356,168,12,1,0,0,0,0,run_005
U000386,24196833,MODEL_A,BATCH_01,742726.0,53051.857142857145,12472.988555934922,31999.0,76825.0,14,1.775,4.0,0.0,5.0,14.0,15.41535789473684,71.05895111111111,39.31666315789474,2.5322204444444445,0.1115672664180159,0.2543240976519231,0.1358798782332295,0.0520790345600517,15.7144,71.7527,39.623,2.6606,166,12,1,0,0,0,0,run_005
U000387,24247639,MODEL_A,BATCH_01,725902.0,51850.142857142855,8076.3273341780305,36214.0,66785.0,14,1.85,4.0,0.0,4.0,14.0,15.431852777777776,71.02867272727272,39.26929722222222,2.5306302272727272,0.1010911370599004,0.1841742240931017,0.1529282231003647,0.051796252827052,15.6659,71.3901,39.4868,2.62019,160,12,1,0,0,0,0,run_005
U000388,24302319,MODEL_A,BATCH_01,700140.0,50010.0,9733.26954316996,33488.0,69029.0,14,1.8,4.0,0.0,3.0,14.0,15.44284054054054,71.06657272727273,39.312375675675675,2.5427954545454545,0.1225173558214404,0.2301389341383642,0.1470684844353613,0.0495127030190606,15.7722,71.6412,39.7365,2.65144,162,12,1,0,0,0,0,run_005
U000389,24350946,MODEL_A,BATCH_01,709259.0,50661.357142857145,10444.12382897412,36192.0,71783.0,14,1.804878048780488,4.0,0.0,5.0,14.0,15.430357142857142,71.12703720930232,39.26779142857143,2.54030488372093,0.0929126322245297,0.2297136520014383,0.1256952672875449,0.0547336065638484,15.5859,71.6506,39.5376,2.67936,156,12,2,0,0,0,0,run_005
U000390,24410460,MODEL_B,BATCH_01,710779.0,50769.92857142857,7911.999119781838,39014.0,65287.0,14,1.775,4.0,0.0,4.0,14.0,15.45014210526316,71.08928723404256,39.05895526315789,2.5733972340425533,0.1079459314896951,0.1876610283799443,0.6129127558820293,0.0873749183915058,15.6666,71.5113,39.5874,2.79029,170,12,1,0,0,0,1,run_005
U000391,24479990,MODEL_A,BATCH_01,700164.0,50011.71428571428,9617.011381509745,35600.0,67795.0,14,1.8,4.0,0.0,5.0,14.0,15.444713888888888,71.1541511111111,39.26640833333333,2.565738222222222,0.1134752261264301,0.2221733717190445,0.1722400590123315,0.0445685842417406,15.6479,71.6952,39.6007,2.6499,162,12,1,0,0,0,0,run_005
U000392,24568215,MODEL_A,BATCH_02,761296.0,54378.28571428572,13269.272575439794,34191.0,81604.0,14,1.775,4.0,0.0,5.0,14.0,15.417682500000002,71.25871458333333,39.27365,2.564165625,0.0878547749457549,0.1751103797664517,0.1606871765821674,0.041358265628182,15.6329,71.7177,39.5444,2.64558,176,12,1,0,0,0,0,run_005
U000393,24629746,MODEL_A,BATCH_01,708099.0,50578.5,9766.00937120488,35199.0,67744.0,14,1.825,4.0,0.0,4.0,14.0,15.45726216216216,71.17512444444445,39.2764972972973,2.5603113333333334,0.1127340438360996,0.2005148159970798,0.1626618706370955,0.044841579608865,15.7238,71.5628,39.6798,2.65882,164,12,1,0,0,0,0,run_005
U000394,24702661,MODEL_A,BATCH_01,727366.0,51954.71428571428,13412.683741252424,33547.0,72915.0,14,1.825,4.0,0.0,4.0,14.0,15.409537837837838,71.16437674418604,39.20615405405405,2.563988604651162,0.1035468609732683,0.2306773203263747,0.1270131545999904,0.0458589224626486,15.6445,71.6075,39.4751,2.66144,160,12,1,0,0,0,0,run_005
U000395,24750091,MODEL_B,BATCH_01,694477.0,49605.5,7429.311426318779,37794.0,61983.0,14,1.9,4.0,0.0,5.0,14.0,15.457192105263156,71.23043260869565,39.25508421052631,2.5581719565217393,0.0971780850102476,0.1708752983310043,0.1192228676738946,0.0520090591091617,15.6112,71.616,39.5308,2.6845,168,12,1,0,0,0,0,run_005
U000396,24826759,MODEL_A,BATCH_01,698425.0,49887.5,11983.27499700504,33851.0,76668.0,14,1.8,4.0,0.0,2.0,14.0,15.421057575757576,71.29156923076923,39.246145454545456,2.577506923076923,0.0851901000348011,0.1717864144402421,0.1642211239664939,0.0439095297265835,15.5604,71.6203,39.5818,2.75527,144,12,1,1,1,0,0,run_005
U000397,24897380,MODEL_A,BATCH_01,740941.0,52924.357142857145,11864.738524183864,35877.0,70621.0,14,1.825,4.0,0.0,6.0,14.0,15.4667,71.22683333333333,39.21823783783784,2.579177777777778,0.1011238789252512,0.181604006013083,0.1575787022963994,0.0472446289823167,15.6358,71.576,39.5278,2.66865,164,12,1,0,0,0,1,run_005
U000398,24950607,MODEL_A,BATCH_01,705770.0,50412.142857142855,8377.236765436193,36779.0,64292.0,14,1.9,4.0,0.0,5.0,14.0,15.477922222222222,71.34618139534884,39.213975,2.5751302325581396,0.0988831868161652,0.1942452368182498,0.1543397853994303,0.0429545919430303,15.638,71.7282,39.4821,2.65466,158,12,1,0,0,0,0,run_005
U000399,25021312,MODEL_A,BATCH_02,716075.0,51148.21428571428,9084.12686781451,35559.0,70705.0,14,1.8,4.0,0.0,2.0,14.0,15.450783783783782,71.31544418604652,39.2243054054054,2.57250511627907,0.0945215745904763,0.1491279816327888,0.1602839683983574,0.0488821601683505,15.6153,71.738,39.5532,2.70585,160,12,1,0,0,0,0,run_005
U000400,25070886,MODEL_B,BATCH_01,682982.0,48784.42857142857,11484.492123757993,32584.0,72189.0,14,1.7804878048780488,4.0,0.0,5.0,14.0,15.426875675675676,71.3767488372093,39.139610810810815,2.5921151162790697,0.099022619204473,0.2561773663584089,0.146657160267263,0.0530148100768658,15.7141,71.8671,39.3929,2.71838,160,12,2,0,0,0,0,run_005
U000401,25111946,MODEL_A,BATCH_01,683347.0,48810.5,8470.607395803805,34830.0,62834.0,14,1.829268292682927,4.0,0.0,5.0,14.0,15.454561764705884,71.41671904761904,39.21705588235294,2.5833164285714285,0.1090984015512319,0.1595542361157645,0.1405749841773805,0.0541791876980148,15.7016,71.9948,39.503,2.69717,152,12,2,0,0,0,0,run_005
U000402,25177199,MODEL_A,BATCH_01,719796.0,51414.0,9983.663517505443,37919.0,72320.0,14,1.8,4.0,0.0,4.0,14.0,15.462632432432432,71.36274222222222,39.16851081081081,2.5876766666666664,0.0836944145688947,0.2115712017360632,0.1403360921814791,0.0540981855686323,15.6342,71.7496,39.5934,2.7007,164,12,1,0,0,0,0,run_005
U000403,25253870,MODEL_A,BATCH_01,740815.0,52915.357142857145,13236.508252133232,33537.0,76671.0,14,1.775,4.0,0.0,5.0,14.0,15.46527027027027,71.432625,39.19728648648649,2.6015886363636365,0.1195552844337553,0.1913245399655337,0.1531782769668556,0.0509886916596907,15.7229,71.772,39.6252,2.69865,162,12,1,0,0,0,0,run_005
U000404,25304474,MODEL_A,BATCH_01,703967.0,50283.357142857145,9281.623006342594,40223.0,66476.0,14,1.804878048780488,4.0,0.0,6.0,14.0,15.494430555555557,71.42855454545455,39.20227222222222,2.607025227272727,0.1071912198415111,0.197997790044683,0.1555849067433888,0.0468922464701459,15.7449,71.7417,39.5024,2.71678,160,12,2,0,0,0,0,run_005
U000405,25375455,MODEL_B,BATCH_01,732759.0,52339.92857142857,12062.265748793032,33255.0,71857.0,14,1.85,4.0,0.0,5.0,14.0,15.46027105263158,71.4922652173913,39.17522368421053,2.6121006521739134,0.1052970647364172,0.1799669601990458,0.1381217959084609,0.0482312348496362,15.7232,71.9877,39.5231,2.71996,168,12,1,0,0,0,0,run_005
U000406,25424583,MODEL_A,BATCH_02,714330.0,51023.57142857143,10736.55154288224,33416.0,70836.0,14,1.825,4.0,0.0,4.0,14.0,15.463491891891891,71.52957727272727,39.191964864864865,2.610711818181818,0.0903229925765747,0.1931993630684734,0.1393805466583721,0.0472814388220414,15.6558,71.927,39.5002,2.7229,162,12,1,0,0,0,0,run_005
U000407,25486611,MODEL_A,BATCH_01,684568.0,48897.71428571428,7599.147507132941,39099.0,62028.0,14,1.875,4.0,0.0,5.0,14.0,15.472342424242424,71.53212790697674,39.14821818181818,2.6075374418604653,0.0883901932848853,0.2106535943716702,0.1743350105661257,0.0472384106771185,15.681,71.95,39.4903,2.70746,152,12,1,0,0,0,0,run_005
U000408,25547810,MODEL_A,BATCH_01,701940.0,50138.57142857143,8674.95879586123,34239.0,65358.0,14,1.8,4.0,0.0,4.0,14.0,15.473594594594596,71.58948863636364,39.13191891891892,2.620142954545454,0.0904851060363775,0.2004381888320748,0.1405409683999605,0.0405004410874369,15.6818,72.0318,39.3349,2.72222,162,12,1,0,0,0,0,run_005
U000409,25619243,MODEL_A,BATCH_01,723855.0,51703.92857142857,10770.552871062451,30969.0,71433.0,14,1.85,4.0,0.0,6.0,14.0,15.476824324324326,71.65110652173912,39.145313513513514,2.6125765217391304,0.1039151694770668,0.1970057815306961,0.142583126168098,0.050867406863002,15.6836,72.0969,39.4486,2.73565,166,12,1,0,0,0,0,run_005
U000410,25677411,MODEL_B,BATCH_01,701868.0,50133.42857142857,8600.076830732705,35294.0,62482.0,14,1.825,4.0,0.0,3.0,14.0,15.465837837837835,71.60983953488372,39.17245945945946,2.6236232558139534,0.1012282386802532,0.2227757725345174,0.176649375662419,0.0585304825637658,15.6526,72.1644,39.5536,2.78167,160,12,1,0,0,0,0,run_005
U000411,25736307,MODEL_A,BATCH_01,754728.0,53909.142857142855,12641.306863168507,34507.0,80475.0,14,1.825,4.0,0.0,5.0,14.0,15.47502564102564,71.63544791666666,39.11294871794872,2.6177339583333334,0.0899795582573257,0.2108634154982027,0.1495517757057196,0.0470076722909251,15.6321,72.0674,39.3718,2.71942,174,12,1,0,0,0,0,run_005
U000412,25794506,MODEL_A,BATCH_01,719348.0,51382.0,8816.44041200651,38298.0,66896.0,14,1.875,4.0,0.0,4.0,14.0,15.476888888888888,71.64719777777778,39.10375833333333,2.64417,0.0998685386689573,0.1755348456586438,0.1616439144274496,0.0406100908306388,15.6788,71.9816,39.4762,2.77253,162,12,1,0,0,0,0,run_005
U000413,25854259,MODEL_A,BATCH_02,679218.0,48515.57142857143,11428.47749274582,31306.0,68046.0,14,1.8,4.0,0.0,3.0,14.0,15.487016666666667,71.78764761904762,39.09264722222222,2.6474178571428575,0.104149108767876,0.1685475589509963,0.1784626291189947,0.0439324518942718,15.658,72.1345,39.5831,2.72738,156,12,1,0,0,0,0,run_005
U000414,25900896,MODEL_A,BATCH_01,649094.0,46363.857142857145,8706.840050806588,35165.0,62846.0,14,1.7560975609756098,4.0,0.0,4.0,14.0,15.520848484848484,71.76408048780488,39.12685454545455,2.6408307317073167,0.0741939145129677,0.1977936983570408,0.1516785336058398,0.053269549481399,15.698,72.1476,39.4064,2.73399,148,12,2,0,0,0,1,run_005
U000415,25949514,MODEL_B,BATCH_01,713332.0,50952.28571428572,13040.660456543492,33779.0,83560.0,14,1.7317073170731707,4.0,0.0,5.0,14.0,15.502883333333331,71.79354545454545,39.10801388888889,2.641629090909091,0.0963204932948923,0.2480555221555843,0.1615850260968818,0.0479459709400789,15.6667,72.23,39.4656,2.74858,160,12,2,0,0,0,0,run_005
U000416,26020270,MODEL_A,BATCH_01,695937.0,49709.78571428572,9519.627523244731,35467.0,70356.0,14,1.75,4.0,0.0,4.0,14.0,15.516322222222222,71.80017555555555,39.09451111111111,2.6563557777777778,0.0985409649728362,0.1743910732644988,0.1360764486346412,0.0438176732966427,15.7022,72.1076,39.3357,2.74991,162,12,1,0,0,0,0,run_005
U000417,26086596,MODEL_A,BATCH_01,740103.0,52864.5,9808.159372136586,36851.0,66001.0,14,1.775,4.0,0.0,6.0,14.0,15.507486111111112,71.85693409090909,39.101197222222225,2.641453409090909,0.1118994450459307,0.2029217903450189,0.1626899443483325,0.0446081810696242,15.7785,72.2345,39.3999,2.74876,160,12,1,0,0,0,0,run_005
U000418,26142845,MODEL_A,BATCH_01,685779.0,48984.21428571428,7933.159950278531,37755.0,63262.0,14,1.7560975609756098,4.0,0.0,4.0,14.0,15.482016216216216,71.84666444444444,39.13568378378378,2.649955333333333,0.0953228389139696,0.1900840366253801,0.1581053859394521,0.046891510018533,15.7518,72.2018,39.4403,2.76674,164,12,2,0,0,0,0,run_005
U000419,26202907,MODEL_A,BATCH_01,705372.0,50383.71428571428,8648.001640473154,36506.0,61907.0,14,1.825,4.0,0.0,4.0,14.0,15.47037027027027,71.8296511111111,38.57376216216216,2.719355111111111,0.0917243359954916,0.1889307095474404,0.7388864385574326,0.0933246536077692,15.6984,72.2473,39.3211,2.91847,164,12,1,0,0,0,1,run_005
U000420,26279826,MODEL_B,BATCH_02,709024.0,50644.57142857143,9221.815278618791,34873.0,70977.0,14,1.8,4.0,0.0,4.0,14.0,15.503605405405407,71.8853804347826,39.07351081081081,2.6478728260869566,0.0852288095069382,0.1692365624005035,0.1153756227472861,0.0504547917628816,15.7146,72.2838,39.3165,2.80792,166,12,1,0,0,0,0,run_005
U000421,26347783,MODEL_A,BATCH_01,715061.0,51075.78571428572,10408.201449438222,31928.0,67957.0,14,1.9,4.0,0.0,4.0,14.0,15.499013513513512,71.93339318181819,39.0733972972973,2.669997954545454,0.1207168039535373,0.2584527813450429,0.1040582275205307,0.046243394277707,15.7242,72.6057,39.2726,2.76337,162,12,1,0,0,0,0,run_005
U000422,26398811,MODEL_A,BATCH_01,672057.0,48004.07142857143,7327.191375693961,36040.0,59427.0,14,1.875,4.0,0.0,2.0,14.0,15.521427777777776,71.91111162790698,39.057119444444446,2.664266976744186,0.0958064644735448,0.1876885492730934,0.1423336198000909,0.0548321727132149,15.7149,72.2603,39.3869,2.76364,158,12,1,0,0,0,1,run_005
U000423,26462990,MODEL_A,BATCH_01,698488.0,49892.0,7964.7036643894335,35880.0,60689.0,14,1.825,4.0,0.0,4.0,14.0,15.506922857142856,71.96948863636364,39.03736571428571,2.674430909090909,0.0975116858327738,0.140174378470151,0.1187136171951771,0.055361333404856,15.7413,72.2811,39.293,2.82625,158,12,1,0,0,0,0,run_005
U000424,26520244,MODEL_A,BATCH_01,717542.0,51253.0,12293.644493114194,33101.0,72414.0,14,1.825,4.0,0.0,5.0,14.0,15.53716216216216,72.02384090909091,39.016286486486486,2.6673254545454546,0.0940061887778055,0.2016636830919834,0.1717340048546682,0.0463519977971671,15.7229,72.3264,39.4328,2.76222,162,12,1,0,0,0,0,run_005
U000425,26599926,MODEL_B,BATCH_01,715727.0,51123.357142857145,12077.01720438226,36239.0,79682.0,14,1.825,4.0,0.0,5.0,14.0,15.532797142857143,71.9961380952381,39.0271,2.674012142857143,0.072516207055487,0.1599327678140825,0.139921654549125,0.0510042650792242,15.6539,72.2976,39.3271,2.76512,154,12,1,0,0,0,0,run_005
U000426,26659240,MODEL_A,BATCH_01,688434.0,49173.857142857145,9546.028935612989,33886.0,65095.0,14,1.775,4.0,0.0,5.0,14.0,15.511723529411764,72.04842926829268,38.55823529411765,2.730182195121951,0.1001059713013968,0.2017373109316953,0.6767775812437613,0.0904418656240626,15.6651,72.4056,39.1862,2.97446,150,12,1,0,0,0,1,run_005
U000427,26724471,MODEL_A,BATCH_02,731334.0,52238.142857142855,9444.014546116112,38267.0,69340.0,14,1.775,4.0,0.0,6.0,14.0,15.494110810810811,72.08133913043478,39.03134864864865,2.690025652173913,0.1059079022961401,0.1627345657173894,0.1567148394406262,0.0478347315778062,15.6729,72.4489,39.3217,2.79239,166,12,1,0,0,0,0,run_005
U000428,26772140,MODEL_A,BATCH_01,718039.0,51288.5,11047.42633968515,32841.0,68423.0,14,1.825,4.0,0.0,6.0,14.0,15.49438918918919,72.13057555555555,37.5284054054054,2.873167111111111,0.1189065571123995,0.2435454336515576,0.1296221066235441,0.0526913660178618,15.716,72.6899,37.8257,2.97844,164,12,1,0,0,0,1,run_005
U000429,26855086,MODEL_A,BATCH_01,731424.0,52244.57142857143,12314.704454520936,34640.0,82946.0,14,1.85,4.0,0.0,4.0,14.0,15.532000000000002,72.12812000000001,38.99259722222222,2.6866762222222222,0.0849946317632554,0.1819722114150187,0.1525669847942408,0.0523716525200108,15.7077,72.4834,39.4785,2.83542,162,12,1,0,0,0,0,run_005
U000430,26923518,MODEL_B,BATCH_01,722446.0,51603.28571428572,11707.931594426926,35793.0,68432.0,14,1.85,4.0,0.0,4.0,14.0,15.555322857142857,72.168775,38.96029428571429,2.684469090909091,0.1112495263326711,0.18360078168375,0.1651465889709493,0.0502241810480273,15.8396,72.4813,39.3989,2.81205,158,12,1,0,0,0,0,run_005
U000431,26980525,MODEL_A,BATCH_01,699540.0,49967.142857142855,7542.314058870617,35276.0,59774.0,14,1.825,4.0,0.0,4.0,14.0,15.509729729729733,72.122625,38.97377027027027,2.6910027272727275,0.0862812000407996,0.2188371201931205,0.1470384282062662,0.0453205170111335,15.69,72.5016,39.2327,2.77621,162,12,1,0,0,0,0,run_005
U000432,27042926,MODEL_A,BATCH_01,723213.0,51658.07142857143,11200.432027823306,34402.0,76812.0,14,1.825,4.0,0.0,5.0,14.0,15.578388571428572,72.1857,38.969794285714286,2.700738095238095,0.1187320333688395,0.1862411575900648,0.1518803146111658,0.0519752627012962,15.8064,72.6451,39.2967,2.8207,154,12,1,0,0,0,0,run_005
U000001,684278,MODEL_A,BATCH_01,684278.0,48877.0,9121.445465748036,32598.0,67210.0,14,0.45,1.0,0.0,0.0,14.0,14.51764705882353,61.015867441860465,42.06516470588235,1.1529093023255814,0.1319955101056739,0.1783136678800147,0.138471182610487,0.0565583558895609,14.78,61.3633,42.4266,1.25327,154,12,1,0,0,0,0,run_006
U000002,750767,MODEL_A,BATCH_01,693960.0,49568.57142857143,6808.749221115722,36924.0,60112.0,14,0.475,1.0,0.0,8.0,14.0,14.49795,61.00510454545454,42.00646666666667,1.1516988636363636,0.0871674234693541,0.2510296674346419,0.1592695343479999,0.0481650427716022,14.6677,61.5064,42.4557,1.225,160,12,1,0,0,0,0,run_006
U000003,794973,MODEL_A,BATCH_01,653283.0,46663.07142857143,9081.585743133746,33940.0,63606.0,14,0.4878048780487805,1.0,0.0,6.0,14.0,14.494826470588237,60.9938925,41.99799117647059,1.15251095,0.0983178497583481,0.1823789649750909,0.1778961466999645,0.0553291189732531,14.6259,61.3686,42.2819,1.26768,148,12,2,0,0,0,0,run_006
U000004,858480,MODEL_A,BATCH_01,684413.0,48886.642857142855,7504.34234916069,40588.0,66682.0,14,0.45,1.0,0.0,6.0,14.0,14.543479411764704,61.046638095238094,41.99315,1.160899761904762,0.0987705783066872,0.2181647318442504,0.1409396222543976,0.0515324333811807,14.7986,61.5509,42.2399,1.24199,152,12,1,0,0,0,0,run_006
U000005,974077,MODEL_B,BATCH_01,747929.0,53423.5,11507.434571748689,37394.0,72558.0,14,0.5,1.0,0.0,8.0,14.0,14.536067567567567,61.06689333333334,41.97330810810811,1.163982,0.0990457611804149,0.171150799270436,0.129852301520651,0.0394824611004108,14.8651,61.4307,42.3126,1.24965,164,12,1,0,0,0,0,run_006
U000006,1021156,MODEL_A,BATCH_01,687468.0,49104.857142857145,8043.159213385505,35593.0,63849.0,14,0.475,1.0,0.0,5.0,14.0,14.515488571428572,61.17089285714285,41.95686,1.182067619047619,0.1005762712379734,0.1828255697984425,0.1535523233298648,0.0522215885555578,14.6935,61.6269,42.2,1.29875,154,12,1,0,0,0,0,run_006
U000007,1093331,MODEL_A,BATCH_02,715781.0,51127.21428571428,10777.22127151358,34498.0,72175.0,14,0.45,1.0,0.0,6.0,14.0,14.520248571428573,61.12640714285714,41.94584571428572,1.1748142857142856,0.1123574793223126,0.2046681530540718,0.1394759210567265,0.0538758342651882,14.7599,61.6351,42.2668,1.26531,154,12,1,0,0,0,0,run_006
U000008,1151905,MODEL_A,BATCH_01,737061.0,52647.21428571428,13294.949516371136,35355.0,75680.0,14,0.625,2.0,0.0,8.0,14.0,14.529120512820514,61.16796808510638,41.949038461538464,1.1793900000000002,0.0905290391894901,0.2161996692938628,0.1484520188573874,0.0535572307869368,14.705,61.6204,42.2393,1.32018,172,12,1,0,0,0,0,run_006
U000009,1217915,MODEL_A,BATCH_01,674452.0,48175.142857142855,8413.039539055684,38178.0,64600.0,14,0.65,2.0,0.0,3.0,14.0,14.499647222222222,61.21515000000001,41.91745833333333,1.1835928571428571,0.0955203986774138,0.2161340372851322,0.121019975623861,0.0450468558381817,14.7454,61.6836,42.2314,1.27382,156,12,1,0,0,0,0,run_006
U000010,1282985,MODEL_B,BATCH_01,670661.0,47904.357142857145,10121.618057079935,35253.0,65070.0,14,0.675,2.0,0.0,4.0,14.0,14.52144705882353,61.233978048780486,41.93483529411765,1.1882563414634146,0.1018993182101498,0.2052593146634217,0.1379415420372262,0.0425582723307759,14.666,61.696,42.2255,1.28065,150,12,1,0,0,0,0,run_006
U000011,1340998,MODEL_A,BATCH_01,707649.0,50546.357142857145,11160.363356416883,32056.0,70250.0,14,0.725,2.0,0.0,5.0,14.0,14.540669444444443,61.21677441860465,41.92493055555556,1.1861123255813957,0.0974647154306018,0.1849518934789249,0.133005503257667,0.0563952437979864,14.7408,61.6229,42.1345,1.33825,158,12,1,0,0,0,0,run_006
U000012,1431595,MODEL_A,BATCH_01,729343.0,52095.92857142857,12784.975668363992,35491.0,76024.0,14,0.7,2.0,0.0,5.0,14.0,14.52236388888889,61.279819565217394,41.95766944444445,1.1994839130434782,0.0990522031276662,0.2014020132521739,0.1816881029510975,0.047838583381026,14.6979,61.8009,42.3667,1.32069,164,12,1,0,0,0,0,run_006
U000013,1485376,MODEL_A,BATCH_01,676822.0,48344.42857142857,8745.159053963562,38131.0,66342.0,14,0.725,2.0,0.0,5.0,14.0,14.537064705882353,61.35032857142857,41.8860205882353,1.193055,0.0935043796814239,0.1742578819097307,0.1368536173931215,0.0537386119189508,14.7872,61.7835,42.2717,1.30283,152,12,1,0,0,0,0,run_006
U000014,1548281,MODEL_A,BATCH_02,702226.0,50159.0,9671.186594924438,32457.0,63610.0,14,0.75,2.0,0.0,5.0,14.0,14.49638108108108,61.33622666666667,41.920343243243245,1.186076,0.0979760737171124,0.1760927575816993,0.183225979993953,0.0431737717306995,14.7366,61.6524,42.2553,1.28435,164,12,1,0,0,0,0,run_006
U000015,1600174,MODEL_B,BATCH_01,712020.0,50858.57142857143,8248.124203667212,36265.0,65426.0,14,0.775,2.0,0.0,5.0,14.0,14.5471,61.399093478260866,41.909002564102565,1.200103043478261,0.0882868411247647,0.1919396611231707,0.1427193168926515,0.0479284441581436,14.7019,61.8561,42.2158,1.30129,170,12,1,0,0,0,0,run_006
U000016,1663528,MODEL_A,BATCH_01,697082.0,49791.57142857143,7875.834858938748,37859.0,62861.0,14,0.8048780487804879,3.0,0.0,5.0,14.0,14.524344444444443,61.43065555555555,41.89824444444445,1.1947506666666663,0.1001223635485083,0.2191268909637396,0.1184080437529331,0.0595907499075607,14.7075,61.8941,42.1577,1.32687,162,12,2,0,0,0,0,run_006
U000017,1711274,MODEL_A,BATCH_01,690200.0,49300.0,9776.483904679715,32583.0,65186.0,14,0.8292682926829268,3.0,0.0,6.0,14.0,14.5237,61.42061904761905,41.90299142857143,1.1934485714285714,0.0918038958547928,0.1965691081082826,0.1379447467635645,0.0495268116877937,14.7524,61.9156,42.2205,1.28965,154,12,2,0,0,0,0,run_006
U000018,1780279,MODEL_A,BATCH_01,718696.0,51335.42857142857,8265.354175614719,35491.0,64472.0,14,0.9,3.0,0.0,6.0,14.0,14.567944736842106,61.40281086956522,41.90522894736842,1.2123752173913045,0.1140155885438915,0.1871813027560424,0.1525271795148445,0.0467934365644076,14.785,61.9189,42.1774,1.34335,168,12,1,0,0,0,0,run_006
U000019,1846879,MODEL_A,BATCH_01,708382.0,50598.71428571428,10671.772294801269,33859.0,69656.0,14,1.05,3.0,0.0,5.0,14.0,14.53900303030303,61.522637499999995,41.84763636363636,1.20816225,0.0973910721166489,0.2329132221891075,0.1669108104239015,0.0503796558190775,14.7281,62.036,42.2827,1.34469,146,12,1,0,0,0,0,run_006
U000020,1906296,MODEL_B,BATCH_01,700665.0,50047.5,11261.36471952462,36668.0,70272.0,14,1.0,3.0,0.0,2.0,14.0,14.547334210526316,61.4888829787234,41.86079210526316,1.225462340425532,0.0983577289899606,0.1886931939501473,0.141688883352641,0.0484940297182691,14.7792,62.0904,42.1753,1.35143,170,12,1,0,0,0,0,run_006
U000021,1964817,MODEL_A,BATCH_02,725348.0,51810.57142857143,11968.566881076998,34438.0,72143.0,14,1.1,3.0,0.0,6.0,14.0,14.542368421052632,61.59142608695653,41.87321315789474,1.2187121739130435,0.1030528048984575,0.2098816708261887,0.1449346995011473,0.0560306795291866,14.826,62.0573,42.0994,1.37322,168,12,1,0,0,0,0,run_006
U000022,2025678,MODEL_A,BATCH_01,682376.0,48741.142857142855,9652.914991036429,36030.0,65217.0,14,1.1,3.0,0.0,5.0,14.0,14.563266666666667,61.551765,41.84037272727273,1.2265295,0.1010302357795264,0.2335817624927744,0.197180376294028,0.050327204803499,14.798,62.1732,42.3052,1.32405,146,12,1,0,0,0,0,run_006
U000023,2097295,MODEL_A,BATCH_01,720008.0,51429.142857142855,10062.75085387951,36966.0,69861.0,14,1.225,4.0,0.0,7.0,14.0,14.545024324324324,61.59351777777777,41.85644594594594,1.2288933333333334,0.099598274765863,0.1795773501218004,0.1152435430695325,0.0481290453789695,14.7228,61.944,42.114,1.37351,164,12,1,0,0,0,0,run_006
U000024,2169609,MODEL_A,BATCH_01,709496.0,50678.28571428572,9338.56984132574,34751.0,62545.0,14,1.25,4.0,0.0,4.0,14.0,14.54763611111111,61.55926444444445,41.838369444444446,1.2296422222222223,0.1026120799148155,0.2144427600629917,0.1572619867236005,0.0545609784340123,14.8178,61.9771,42.1911,1.36148,162,12,1,0,0,0,0,run_006
U000025,2230558,MODEL_B,BATCH_01,700357.0,50025.5,9256.941235551922,34779.0,64581.0,14,1.325,4.0,0.0,5.0,14.0,14.572767567567569,61.57016086956522,41.82793243243243,1.2418908695652175,0.1196043873546222,0.1928118535755191,0.136342852263562,0.060288673298688,14.8285,62.0968,42.0499,1.39032,166,12,1,0,0,0,0,run_006
U000026,2292879,MODEL_A,BATCH_01,681589.0,48684.92857142857,8599.150454141794,38012.0,60946.0,14,1.325,4.0,0.0,3.0,14.0,14.581641176470589,61.65395641025641,41.801870588235296,1.2388705128205129,0.1013118082729931,0.2406979935574114,0.1621414898941602,0.0520376326350114,14.8361,62.1439,42.1006,1.37278,146,12,1,0,0,0,0,run_006
U000027,2358380,MODEL_A,BATCH_01,690040.0,49288.57142857143,8057.788498993102,36926.0,65501.0,14,1.325,4.0,0.0,3.0,14.0,14.55164,61.676486046511634,41.83322857142857,1.249673953488372,0.0997940237512776,0.2264820991364126,0.1631497896582961,0.0532675393488708,14.7599,62.2123,42.1938,1.34748,156,12,1,0,0,0,0,run_006
U000028,2416412,MODEL_A,BATCH_02,693220.0,49515.71428571428,11429.548335033069,33024.0,65492.0,14,1.35,4.0,0.0,4.0,14.0,14.560717142857142,61.72242380952381,41.80578857142857,1.2527607142857142,0.1049273347599759,0.1882508262016961,0.1311223312327044,0.0548943857537565,14.7236,62.1347,42.082,1.36163,154,12,1,0,0,0,0,run_006
U000029,2476285,MODEL_A,BATCH_01,713684.0,50977.42857142857,11737.696207677902,38067.0,85860.0,14,1.35,4.0,0.0,5.0,14.0,14.570814705882352,61.69568809523809,41.784202941176474,1.253527380952381,0.0997759068882133,0.1744797831637486,0.1686225253389769,0.0560278928383008,14.7939,62.2733,42.0748,1.36227,152,12,1,0,0,0,0,run_006
U000030,2523058,MODEL_B,BATCH_01,672459.0,48032.78571428572,6650.875988325742,34524.0,57223.0,14,1.3902439024390243,4.0,0.0,5.0,14.0,14.589611428571429,61.7206488372093,41.78670571428571,1.246653488372093,0.1227602392313343,0.1981392504228768,0.1844244815043589,0.0538741621030288,14.8215,62.1492,42.1843,1.32297,156,12,2,0,0,0,0,run_006
U000031,2580412,MODEL_A,BATCH_01,704209.0,50300.642857142855,9618.871832194036,36545.0,67794.0,14,1.425,4.0,0.0,3.0,14.0,14.572413157894738,61.77592608695652,41.739544736842106,1.2637158695652173,0.0914983035466797,0.2374238398914338,0.1812565401576709,0.0485656523150117,14.8362,62.2771,42.0601,1.38818,168,12,1,0,0,0,0,run_006
U000032,2653982,MODEL_A,BATCH_01,724301.0,51735.78571428572,11668.130970089633,31821.0,73570.0,14,1.525,4.0,0.0,4.0,14.0,14.586939393939392,61.82279268292683,41.781609090909086,1.2576175609756095,0.0943852542091254,0.2284084930450763,0.1325161272346597,0.0388106217922676,14.7606,62.2553,42.1016,1.35605,148,12,1,0,0,0,0,run_006
U000033,2715696,MODEL_A,BATCH_01,664472.0,47462.28571428572,11071.356218976633,30575.0,61714.0,14,1.525,4.0,0.0,3.0,14.0,14.556741666666666,61.81645813953489,41.79403055555556,1.255232093023256,0.0974171424486325,0.1903232103461281,0.1381386566760163,0.0482997419670786,14.753,62.3733,42.2899,1.37651,158,12,1,0,0,0,0,run_006
U000034,2768440,MODEL_A,BATCH_01,658386.0,47027.57142857143,8008.486073335784,31915.0,61180.0,14,1.5365853658536586,4.0,0.0,2.0,14.0,14.593263636363636,61.879690243902445,41.74830606060606,1.2707458536585363,0.0861825019152012,0.1815813795586956,0.1582435384529845,0.0422792682632759,14.7169,62.2704,42.0405,1.3948,148,12,2,0,0,0,0,run_006
U000035,2819980,MODEL_B,BATCH_02,681924.0,48708.857142857145,9131.47003800292,29076.0,59962.0,14,1.55,4.0,0.0,2.0,14.0,14.571342105263158,61.815828888888895,41.78989473684211,1.2500984444444443,0.07982799289411,0.203015087462419,0.1587298860590122,0.0503252608246664,14.7686,62.3212,42.208,1.37172,166,12,1,0,0,0,0,run_006
U000036,2884690,MODEL_A,BATCH_01,714708.0,51050.57142857143,8415.83906611891,40008.0,62182.0,14,1.6,4.0,0.0,4.0,14.0,14.592208571428571,61.9137,41.725765714285714,1.2782551162790698,0.097268555983901,0.2423964157757956,0.1442283706749915,0.0595489232389195,14.8123,62.3516,42.0701,1.40383,156,12,1,0,0,0,0,run_006
U000037,2942908,MODEL_A,BATCH_01,732214.0,52301.0,11603.230485184193,34755.0,69820.0,14,1.55,4.0,0.0,4.0,14.0,14.576432432432432,61.909193478260875,41.77632702702702,1.2711084782608697,0.0949662134482402,0.1861594840777049,0.1603827447227558,0.0565066401198376,14.7528,62.3657,42.1348,1.37669,166,12,1,0,0,0,0,run_006
U000038,3013774,MODEL_A,BATCH_01,720802.0,51485.857142857145,13011.545221646236,33168.0,77493.0,14,1.65,4.0,0.0,5.0,14.0,14.606105714285714,61.95500952380952,41.74903428571429,1.281885238095238,0.0982584256014753,0.2088418012656124,0.1591498072347471,0.0506090746339802,14.8067,62.6213,42.0744,1.38662,154,12,1,0,0,0,0,run_006
U000039,3069994,MODEL_A,BATCH_01,706752.0,50482.28571428572,9863.815211543277,33112.0,65763.0,14,1.625,4.0,0.0,4.0,14.0,14.571382857142858,61.994655813953486,41.72869428571429,1.2842723255813953,0.1049131923676578,0.227904102955528,0.1681053572699488,0.0488350974898571,14.7615,62.5529,42.0688,1.40747,156,12,1,0,0,0,0,run_006
U000040,3137651,MODEL_B,BATCH_01,675940.0,48281.42857142857,10111.632940592472,33887.0,67657.0,14,1.6,4.0,0.0,4.0,14.0,14.61878787878788,61.98411951219512,41.73389090909091,1.2987358536585367,0.137892351033278,0.1612905874803484,0.1643231103718298,0.0466507030480576,14.9997,62.2654,42.0079,1.37925,148,12,1,0,0,0,0,run_006
U000041,3189190,MODEL_A,BATCH_01,749694.0,53549.57142857143,11583.31330780676,35524.0,76152.0,14,1.675,4.0,0.0,5.0,14.0,14.588892105263156,62.02631086956522,41.69844736842105,1.2929228260869563,0.0934953081105752,0.1898843767820135,0.178610114021367,0.0529309373791524,14.7803,62.3961,42.1066,1.39868,168,12,1,0,0,0,0,run_006
U000042,3283641,MODEL_A,BATCH_02,733249.0,52374.92857142857,10944.398950107809,38099.0,70262.0,14,1.7,4.0,0.0,4.0,14.0,14.605297142857143,62.05062790697675,41.66659142857143,1.2871813953488371,0.117106471127056,0.1758162180687293,0.1400134392108978,0.0490012475342353,14.7801,62.3562,41.9961,1.39538,156,12,1,0,0,0,0,run_006
U000043,3335374,MODEL_A,BATCH_01,718117.0,51294.07142857143,11227.19528962726,32856.0,72151.0,14,1.725,4.0,0.0,5.0,14.0,14.566757894736842,62.10065111111111,41.71436842105263,1.302811333333333,0.1039788404451258,0.1842982286974299,0.1319704944608845,0.0574908577554252,14.8198,62.4934,41.9846,1.41963,166,12,1,0,0,0,0,run_006
U000044,3390274,MODEL_A,BATCH_01,728638.0,52045.57142857143,9258.400399423432,37880.0,68695.0,14,1.775,4.0,0.0,5.0,14.0,14.59884864864865,62.12698695652173,41.73334594594595,1.309598260869565,0.1142953329017559,0.196785416813673,0.1419101996854829,0.0455307411318916,14.7779,62.4192,42.0322,1.44151,166,12,1,0,0,0,0,run_006
U000045,3445927,MODEL_B,BATCH_01,699796.0,49985.42857142857,9573.13837869183,33866.0,61527.0,14,1.775,4.0,0.0,3.0,14.0,14.581499999999998,62.14606046511628,41.71226111111111,1.3118518604651164,0.0842319993487373,0.1912236139775504,0.133231502662047,0.0554284696169333,14.7363,62.5286,42.0105,1.43796,158,12,1,0,0,0,0,run_006
U000046,3535163,MODEL_A,BATCH_01,730436.0,52174.0,13646.034791779684,35624.0,89236.0,14,1.85,4.0,0.0,4.0,14.0,14.609051428571428,62.137658139534885,41.721894285714285,1.3246334883720932,0.1169118883187337,0.1552519430636142,0.1409864197524774,0.0440389828871195,14.8747,62.4428,41.986,1.42044,156,12,1,0,0,0,0,run_006
U000047,3607916,MODEL_A,BATCH_01,680734.0,48623.857142857145,10604.583616075157,33162.0,72753.0,14,1.85,4.0,0.0,2.0,14.0,14.642267647058825,62.225987804878045,41.71705882352941,1.3156446341463417,0.1010026153894449,0.1794937188248133,0.1591991798319957,0.0492512037465867,14.9219,62.5493,42.1693,1.44069,150,12,1,0,0,0,0,run_006
U000048,3672826,MODEL_A,BATCH_01,702000.0,50142.857142857145,10466.82296119978,36922.0,64910.0,14,1.775,4.0,0.0,2.0,14.0,14.603083333333334,62.1813,41.68036388888888,1.3142239534883722,0.1291078652024841,0.1918730867750114,0.1412805236860908,0.0364124223399714,14.9245,62.5875,41.9692,1.39252,158,12,1,0,0,0,0,run_006
U000049,3734411,MODEL_A,BATCH_02,704838.0,50345.57142857143,11077.522610530445,35415.0,74280.0,14,1.8,4.0,0.0,4.0,14.0,14.622237837837837,62.27463636363636,41.704321621621624,1.3314372727272727,0.1044763858256743,0.1900422243056193,0.1556102184147141,0.0577142503205527,14.8568,62.6316,42.01,1.46547,162,12,1,0,0,0,0,run_006
U000050,3798171,MODEL_B,BATCH_01,674945.0,48210.357142857145,10667.858090884636,32342.0,63760.0,14,1.85,4.0,0.0,4.0,14.0,14.605969696969698,62.2914775,41.6738303030303,1.3202075,0.1084462409585058,0.1918500141837555,0.1567387226502441,0.0514116566523934,14.8211,62.7705,42.0206,1.44251,146,12,1,0,0,0,0,run_006
U000051,3860779,MODEL_A,BATCH_01,704765.0,50340.357142857145,9098.350185248237,37250.0,63174.0,14,1.875,4.0,0.0,4.0,14.0,14.5925,62.27232195121951,41.63919714285714,1.3282173170731708,0.0784738247855329,0.2070373837163162,0.1597288188769692,0.0488783858686224,14.7694,62.7397,41.9865,1.44791,152,12,1,0,0,0,0,run_006
U000052,3907756,MODEL_A,BATCH_01,676370.0,48312.142857142855,8949.138616538577,31588.0,62926.0,14,1.875,4.0,0.0,4.0,14.0,14.633262857142858,62.31664523809524,41.63493714285714,1.3353633333333332,0.0751872841475135,0.2185427649196412,0.1608524553849332,0.0508583612650772,14.8013,62.8165,41.9635,1.43242,154,12,1,0,0,0,0,run_006
U000053,3963866,MODEL_A,BATCH_01,713687.0,50977.642857142855,9696.73775124828,33657.0,64849.0,14,1.8,4.0,0.0,4.0,14.0,14.612805405405409,62.35304545454546,41.620597297297294,1.3465879545454549,0.0958732639881824,0.2088100811236324,0.1865052210864154,0.045266379000444,14.8082,62.919,42.1412,1.44574,162,12,1,0,0,0,0,run_006
U000054,4017611,MODEL_A,BATCH_01,702058.0,50147.0,10126.459682056096,30685.0,70632.0,14,1.829268292682927,4.0,0.0,5.0,14.0,14.584910810810811,62.371641304347825,41.64746756756757,1.338127391304348,0.1161533535742575,0.19371900334257,0.1587184072746701,0.051480222024678,14.8033,62.7986,42.0509,1.46938,166,12,2,0,0,0,0,run_006
U000055,4066935,MODEL_B,BATCH_01,686386.0,49027.57142857143,7539.244286901865,37285.0,59981.0,14,1.8,4.0,0.0,3.0,14.0,14.623294285714286,62.388099999999994,41.62874,1.3599816279069767,0.0980356446066705,0.2184411874646183,0.1354067580205908,0.0508202699028754,14.8137,62.9564,41.8185,1.48609,156,12,1,0,0,0,0,run_006
U000056,4117412,MODEL_A,BATCH_02,693655.0,49546.78571428572,9402.870168841422,31382.0,65258.0,14,1.829268292682927,4.0,0.0,5.0,14.0,14.651772222222222,62.431128888888885,41.61951111111111,1.3423104444444445,0.0704738517308212,0.1557219457036715,0.1793006569628287,0.044511905095744,14.8112,62.7191,41.9186,1.47609,162,12,2,0,0,0,0,run_006
U000057,4183377,MODEL_A,BATCH_01,721951.0,51567.92857142857,9735.04695152271,37496.0,66857.0,14,1.85,4.0,0.0,4.0,14.0,14.65829142857143,62.45186428571428,41.60268,1.351195238095238,0.1071190551825082,0.159131059379473,0.1556400387016736,0.045113647453152,14.956,62.7594,41.9428,1.42957,154,12,1,0,0,0,0,run_006
U000058,4235432,MODEL_A,BATCH_01,678654.0,48475.28571428572,7086.737661386845,40741.0,64500.0,14,1.8,4.0,0.0,4.0,14.0,14.654788571428572,62.50127441860465,41.60630571428572,1.3511293023255817,0.1064459674350949,0.1714295483406993,0.1803870364177067,0.0592334488192732,14.8916,62.8074,41.9911,1.46553,156,12,1,0,0,0,0,run_006
U000059,4299812,MODEL_A,BATCH_01,701402.0,50100.142857142855,9402.903380234318,36607.0,67913.0,14,1.825,4.0,0.0,5.0,14.0,14.628248571428571,62.58251627906977,41.64857142857143,1.3604897674418606,0.099047360541572,0.1437595130272252,0.1940955534409431,0.0514830417982637,14.8068,62.9693,42.0862,1.51239,156,12,1,0,0,0,0,run_006
U000060,4350973,MODEL_B,BATCH_01,692076.0,49434.0,11102.545203690912,33430.0,69386.0,14,1.7317073170731707,4.0,0.0,4.0,14.0,14.660343243243242,62.56507272727272,41.59782702702703,1.3737436363636364,0.0919764629932284,0.1823393391118259,0.145601208879003,0.0460407404568842,14.8616,62.9523,41.8321,1.48036,162,12,2,0,0,0,0,run_006
U000061,4407738,MODEL_A,BATCH_01,700607.0,50043.357142857145,11438.071963720666,32959.0,67844.0,14,1.7560975609756098,4.0,0.0,6.0,14.0,14.65177142857143,62.54974883720931,41.54177428571428,1.3636027906976744,0.1156258661561925,0.1919668564797332,0.1229755531488634,0.0438594135155879,14.9369,62.927,41.7876,1.43082,156,12,2,0,0,0,0,run_006
U000062,4479906,MODEL_A,BATCH_01,720793.0,51485.21428571428,8801.730050031436,39317.0,67703.0,14,1.85,4.0,0.0,6.0,14.0,14.664238888888889,62.553242222222224,41.56172222222222,1.3624982222222224,0.0702406364996289,0.1661223241646306,0.1531364958107837,0.0553185653649876,14.8114,63.0007,41.8123,1.50787,162,12,1,0,0,0,0,run_006
U000063,4541496,MODEL_A,BATCH_02,724611.0,51757.92857142857,11970.869407821674,34355.0,79467.0,14,1.85,4.0,0.0,5.0,14.0,14.668235294117649,62.63503170731707,41.63562352941177,1.3632126829268292,0.100218959926247,0.2120082503571775,0.1641313499476882,0.0473532063869169,14.8569,63.0941,41.903,1.44344,150,12,1,0,0,0,0,run_006
U000064,4596326,MODEL_A,BATCH_01,689446.0,49246.142857142855,11376.196957190536,34517.0,68070.0,14,1.85,4.0,0.0,4.0,14.0,14.652297297297295,62.682655813953495,41.528416216216215,1.367050465116279,0.0842747342079809,0.1809423432271615,0.1210694440611885,0.0566422395791375,14.7921,63.0613,41.8058,1.4653,160,12,1,0,0,0,0,run_006
U000065,4640403,MODEL_B,BATCH_01,678093.0,48435.21428571428,7994.255910710769,33396.0,57362.0,14,1.7804878048780488,4.0,0.0,5.0,14.0,14.616829729729728,62.602466666666665,41.51751891891893,1.3912175555555557,0.1169869742627234,0.1870592006436856,0.159046909288909,0.0431116099188835,14.8158,63.049,41.8314,1.47066,164,12,2,0,0,0,0,run_006
U000066,4739558,MODEL_A,BATCH_01,743396.0,53099.71428571428,15486.179418727235,33739.0,93046.0,14,1.875,4.0,0.0,6.0,14.0,14.675917647058824,62.673697619047616,41.57306176470588,1.3651533333333332,0.0786187327148554,0.1891673533016954,0.1316604632555657,0.045067682686868,14.8452,63.1341,41.8076,1.46417,152,12,1,0,0,0,0,run_006
U000067,4795185,MODEL_A,BATCH_01,684114.0,48865.28571428572,7577.994208217648,32389.0,60070.0,14,1.875,4.0,0.0,3.0,14.0,14.63089117647059,62.76989268292683,41.55235588235294,1.3865314634146342,0.0975599625021579,0.1987132926986073,0.14219429769749,0.0465400808744986,14.8033,63.3058,41.9309,1.46621,150,12,1,0,0,0,0,run_006
U000068,4847204,MODEL_A,BATCH_01,652681.0,46620.07142857143,7600.064660294628,36605.0,60187.0,14,1.9,4.0,0.0,4.0,14.0,14.639591176470589,62.7484731707317,41.523385294117645,1.3877241463414631,0.1076566325213952,0.198633701853929,0.151088719937443,0.0481761126999475,14.9302,63.185,41.8109,1.50235,150,12,1,0,0,0,0,run_006
U000069,4905909,MODEL_A,BATCH_01,690957.0,49354.07142857143,9095.274990254646,39244.0,64326.0,14,1.825,4.0,0.0,2.0,14.0,14.662369444444444,62.77995652173913,41.50693055555555,1.3914191304347825,0.0966384094578324,0.1490357744557772,0.1502041198207009,0.0550184574211675,14.8659,63.1174,41.8317,1.48711,164,12,1,0,0,0,0,run_006
U000070,4960512,MODEL_B,BATCH_02,685730.0,48980.71428571428,10297.44004355206,31638.0,67366.0,14,1.85,4.0,0.0,4.0,14.0,14.647122857142858,62.78188139534883,41.505982857142854,1.3975195348837208,0.0882097369765888,0.2085733252997083,0.1092543133775345,0.0505084664262427,14.8358,63.2476,41.6904,1.52142,156,12,1,0,0,0,0,run_006
U000071,5019092,MODEL_A,BATCH_01,683117.0,48794.07142857143,9553.843684525702,32265.0,66775.0,14,1.825,4.0,0.0,4.0,14.0,14.652563636363636,62.83094523809524,41.49862727272728,1.3904114285714286,0.0873008154965558,0.1815023539488291,0.1509703329149616,0.0414002614915407,14.7662,63.1605,41.8672,1.49461,150,12,1,0,0,0,0,run_006
U000072,5085926,MODEL_A,BATCH_01,744832.0,53202.28571428572,11911.024120720922,36473.0,81242.0,14,1.9,4.0,0.0,5.0,14.0,14.671354054054056,62.87438181818182,41.5093,1.3976154545454549,0.089550692021008,0.1458062146133465,0.179031162712591,0.0582506109541588,14.8215,63.1458,41.8825,1.54092,162,12,1,0,0,0,0,run_006
U000073,5137084,MODEL_A,BATCH_01,702531.0,50180.78571428572,10344.936733855482,34445.0,69912.0,14,1.85,4.0,0.0,2.0,14.0,14.69766153846154,62.867081250000005,41.447825641025645,1.418036875,0.1064394975546019,0.2048306063568917,0.158990528877051,0.053374310744715,14.9404,63.2164,41.7742,1.52064,174,12,1,0,0,0,0,run_006
U000074,5211349,MODEL_A,BATCH_01,727836.0,51988.28571428572,11481.038377245335,34232.0,75303.0,14,1.925,4.0,0.0,5.0,14.0,14.679348648648649,62.89068181818182,41.526602702702704,1.4141993181818182,0.083420776194548,0.2059203608450861,0.1354832041383857,0.0427456432920894,14.8482,63.388,41.7972,1.52982,162,12,1,0,0,0,0,run_006
U000075,5284170,MODEL_B,BATCH_01,692400.0,49457.142857142855,9359.655301486127,37396.0,72821.0,14,1.9,4.0,0.0,2.0,14.0,14.6618,62.959557142857136,41.46718857142857,1.411722142857143,0.1242620523211283,0.2197322707328023,0.1595952154881927,0.034106505890763,14.8882,63.3933,41.8385,1.48906,154,12,1,0,0,0,0,run_006
U000076,5346313,MODEL_A,BATCH_01,701293.0,50092.357142857145,10672.048571328336,34307.0,68820.0,14,1.85,4.0,0.0,4.0,14.0,14.672681578947367,62.95014,41.483152631578946,1.416583777777778,0.1040073226508935,0.1730298534410111,0.1421927274850736,0.0485546089137546,14.8911,63.3565,41.7798,1.53605,166,12,1,0,0,0,0,run_006
U000077,5404443,MODEL_A,BATCH_02,711615.0,50829.642857142855,9030.866153255842,40230.0,72214.0,14,1.875,4.0,0.0,5.0,14.0,14.678851428571429,62.978076190476195,41.45785428571428,1.4089090476190476,0.0874045071237531,0.191350243054043,0.1568171234326167,0.0541212801936775,14.8505,63.2961,41.8532,1.509,154,12,1,0,0,0,0,run_006
U000078,5461416,MODEL_A,BATCH_01,707550.0,50539.28571428572,11842.839949350584,36211.0,72439.0,14,1.825,4.0,0.0,4.0,14.0,14.67988888888889,62.97447441860465,41.51103888888889,1.4284867441860465,0.0986769991372368,0.2244255397708566,0.1265050225491416,0.0551911234115867,14.923,63.3842,41.7812,1.52188,158,12,1,0,0,0,0,run_006
U000079,5527055,MODEL_A,BATCH_01,731049.0,52217.78571428572,13444.641804757826,36761.0,85232.0,14,1.85,4.0,0.0,5.0,14.0,14.664843243243244,63.01206,41.458935135135135,1.434083777777778,0.1020874340415564,0.177091563887159,0.1457658857670524,0.0542305340982905,14.9493,63.3646,41.7273,1.55207,164,12,1,0,0,0,0,run_006
U000080,5575646,MODEL_B,BATCH_01,691887.0,49420.5,7697.429768335763,36280.0,63191.0,14,1.825,4.0,0.0,4.0,14.0,14.697665714285716,63.02123720930233,41.49780857142857,1.4253020930232558,0.0833973724471728,0.1990805759619945,0.1580245613289067,0.0621755249870856,14.8831,63.5324,41.7434,1.52807,156,12,1,0,0,0,0,run_006
U000081,5656212,MODEL_A,BATCH_01,743672.0,53119.42857142857,11655.404106212743,39674.0,78887.0,14,1.875,4.0,0.0,6.0,14.0,14.695107317073171,63.07581836734693,41.43331219512195,1.4387104081632651,0.099764786849479,0.2130612144759006,0.1612644012098179,0.0509434092465675,14.883,63.5585,41.693,1.57678,180,12,1,0,0,0,0,run_006
U000082,5710045,MODEL_A,BATCH_01,686143.0,49010.21428571428,8696.072421842753,37212.0,69952.0,14,1.825,4.0,0.0,3.0,14.0,14.691513513513511,63.090236363636365,41.40707567567567,1.4452918181818182,0.093807995875032,0.2120631598444506,0.1720742159092441,0.0519747177480496,14.8716,63.4806,41.7749,1.60009,162,12,1,0,0,0,0,run_006
U000083,5791019,MODEL_A,BATCH_01,722182.0,51584.42857142857,14366.707832904656,34931.0,80974.0,14,1.825,4.0,0.0,5.0,14.0,14.71218611111111,63.10656136363637,41.43480555555555,1.4508327272727273,0.1005995289758292,0.2296397089232968,0.1306037429882434,0.052993396884133,14.9124,63.5591,41.7063,1.58397,160,12,1,0,0,0,0,run_006
U000084,5895457,MODEL_A,BATCH_02,770307.0,55021.92857142857,17810.19198041169,35273.0,104438.0,14,1.9,4.0,0.0,5.0,14.0,14.688672972972974,63.15562391304348,41.40345675675675,1.4498032608695652,0.105719709737716,0.1963052319275397,0.1728930329881931,0.0413763643241644,14.8898,63.5939,41.7597,1.53347,166,12,1,0,0,0,0,run_006
U000085,5952214,MODEL_B,BATCH_01,682507.0,48750.5,9918.895539865778,32137.0,67857.0,14,1.85,4.0,0.0,2.0,14.0,14.71115,63.23417380952382,41.37915,1.4515404761904762,0.1104181416253689,0.1750897721790697,0.1727802278701383,0.0596618411755004,15.0156,63.5983,41.7154,1.55732,156,12,1,0,0,0,0,run_006
U000086,6015677,MODEL_A,BATCH_01,721804.0,51557.42857142857,12222.106986392042,36756.0,71602.0,14,1.8,4.0,0.0,3.0,14.0,14.702318421052633,63.1991914893617,41.44617894736842,1.4436446808510637,0.0863008310230981,0.1918110311351386,0.1509514010890723,0.0491594602709901,14.863,63.6709,41.782,1.5376,170,12,1,0,0,0,0,run_006
U000087,6071139,MODEL_A,BATCH_01,731153.0,52225.21428571428,9965.652946137408,39208.0,74249.0,14,1.85,4.0,0.0,4.0,14.0,14.681656756756755,63.254554545454546,41.41154324324325,1.4553952272727273,0.0965430345624296,0.1554931815667234,0.149594900278014,0.0400064492178062,14.8878,63.5797,41.7731,1.52098,162,12,1,0,0,0,0,run_006
U000088,6129038,MODEL_A,BATCH_01,690538.0,49324.142857142855,10764.866513568342,34312.0,67682.0,14,1.8,4.0,0.0,3.0,14.0,14.734408108108108,63.314886666666666,41.36591351351351,1.473597111111111,0.0838966241486722,0.2007375181220932,0.1451630561398738,0.0471152289905109,14.8927,63.7991,41.7777,1.56476,164,12,1,0,0,0,0,run_006
U000089,6195918,MODEL_A,BATCH_01,706996.0,50499.71428571428,9936.016872806897,37010.0,67687.0,14,1.85,4.0,0.0,4.0,14.0,14.706266666666668,63.26512619047619,41.39572777777778,1.4690992857142855,0.0924618376876178,0.2100441150638089,0.1775238343935228,0.0457721038376133,14.9025,63.7546,41.7316,1.59566,156,12,1,0,0,0,0,run_006
U000090,6262629,MODEL_B,BATCH_01,705858.0,50418.42857142857,9826.993575111095,35092.0,66711.0,14,1.825,4.0,0.0,3.0,14.0,14.730986486486488,63.29796888888888,41.36466216216216,1.4810364444444446,0.0968124021042824,0.1792898184786332,0.1594372975870507,0.0428651849171305,14.9074,63.6802,41.6651,1.59281,164,12,1,0,0,0,0,run_006
U000091,6321095,MODEL_A,BATCH_02,707577.0,50541.21428571428,8538.303282886443,37356.0,65089.0,14,1.875,4.0,0.0,2.0,14.0,14.74437027027027,63.338309302325584,41.370851351351355,1.4633767441860466,0.1113288967800286,0.1929662872282217,0.1317736498310256,0.0503679005263571,15.0653,63.7791,41.6912,1.5693,160,12,1,0,0,0,0,run_006
U000092,6370557,MODEL_A,BATCH_01,704015.0,50286.78571428572,10600.224592530478,36199.0,67402.0,14,1.875,4.0,0.0,3.0,14.0,14.719219444444445,63.327630232558136,41.345775,1.4674751162790698,0.1119098612262683,0.2451765549799766,0.1206443637307612,0.0523725007073684,14.956,63.838,41.6011,1.55828,158,12,1,0,0,0,0,run_006
U000093,6426905,MODEL_A,BATCH_01,710715.0,50765.357142857145,7520.355204450047,38432.0,62385.0,14,1.875,4.0,0.0,3.0,14.0,14.730288571428572,63.36299047619048,41.37540857142857,1.4697857142857145,0.0950283108633753,0.2318917596633568,0.1463330797136715,0.0442085112731648,14.9049,63.897,41.6618,1.54238,154,12,1,0,0,0,0,run_006
U000094,6498279,MODEL_A,BATCH_01,715049.0,51074.92857142857,11864.09140392383,35798.0,71374.0,14,1.85,4.0,0.0,3.0,14.0,14.73818205128205,63.45708085106382,41.34194871794872,1.4710629787234042,0.1006257418980035,0.2308327576767462,0.1291439871082186,0.0581454581543373,15.0403,63.8772,41.6003,1.60849,172,12,1,0,0,0,0,run_006
U000095,6561636,MODEL_B,BATCH_01,712094.0,50863.857142857145,9232.815878969155,35884.0,65824.0,14,1.825,4.0,0.0,4.0,14.0,14.72778611111111,63.44105813953488,41.3223,1.4866423255813954,0.0777627055407403,0.1935568542445026,0.1889316641388777,0.0421842534849432,14.9098,63.8121,41.7591,1.59002,158,12,1,0,0,0,0,run_006
U000096,6614459,MODEL_A,BATCH_01,711838.0,50845.57142857143,9478.221690675018,40023.0,68790.0,14,1.825,4.0,0.0,4.0,14.0,14.746347222222225,63.4727,41.32228055555556,1.4709881818181818,0.1108726721092032,0.1691365115369339,0.1423024140332222,0.0569134478436735,14.9149,63.9477,41.7752,1.57817,160,12,1,0,0,0,0,run_006
U000097,6694712,MODEL_A,BATCH_01,716013.0,51143.78571428572,12464.625121201518,36621.0,80253.0,14,1.825,4.0,0.0,4.0,14.0,14.744661111111112,63.47839069767442,41.30953611111111,1.4842476744186046,0.0911096365540762,0.1731071218225645,0.1395918809607448,0.0503127435261641,14.9184,63.7805,41.5104,1.60392,158,12,1,0,0,0,0,run_006
U000098,6763680,MODEL_A,BATCH_02,726031.0,51859.357142857145,11422.6450904612,35798.0,68968.0,14,1.85,4.0,0.0,4.0,14.0,14.741269444444445,63.52031363636363,41.328047222222224,1.497599090909091,0.0813597858525221,0.1725691672464807,0.1134980163101944,0.0428052596647688,14.8439,63.8568,41.5979,1.58768,160,12,1,0,0,0,0,run_006
U000099,6813918,MODEL_A,BATCH_01,677977.0,48426.92857142857,9900.419606214722,31121.0,61224.0,14,1.9,4.0,0.0,4.0,14.0,14.72159117647059,63.50024047619048,41.31298235294118,1.5074164285714289,0.0910582942410473,0.2013508745031482,0.179529328186633,0.0544661465598599,14.939,63.8163,41.7423,1.63656,152,12,1,0,0,0,0,run_006
U000100,6875930,MODEL_B,BATCH_01,716417.0,51172.642857142855,12531.304294612582,34729.0,82265.0,14,1.9,4.0,0.0,4.0,14.0,14.726863636363635,63.541017073170735,41.29833939393939,1.5012678048780488,0.0930243711957442,0.1805529754704127,0.1351304090947758,0.0426478020835889,14.9444,63.8477,41.6054,1.61575,148,12,1,0,0,0,0,run_006
U000101,6942073,MODEL_A,BATCH_01,738109.0,52722.07142857143,10177.007180323284,37951.0,66698.0,14,1.9,4.0,0.0,4.0,14.0,14.757623684210529,63.643904444444445,41.29722894736842,1.5128755555555558,0.0990125638607338,0.2191235226113717,0.1773397379408131,0.0497477443780828,15.0112,64.085,41.6479,1.60894,166,12,1,0,0,0,0,run_006
U000102,7002389,MODEL_A,BATCH_01,711200.0,50800.0,10269.980136300168,36742.0,63161.0,14,1.825,4.0,0.0,2.0,14.0,14.720045714285714,63.621542222222224,41.30817714285714,1.510045111111111,0.1056819516642412,0.1781832426169614,0.1446737548573969,0.0439676061861158,14.9548,63.9777,41.5586,1.59493,160,12,1,0,0,0,0,run_006
U000103,7069290,MODEL_A,BATCH_01,761803.0,54414.5,12815.275715092755,32767.0,77881.0,14,1.9,4.0,0.0,5.0,14.0,14.771043243243245,63.63563043478261,41.28746756756757,1.5118160869565216,0.0969925814475304,0.2090877730306543,0.190589505153024,0.0530231159853159,14.9551,64.0607,41.6416,1.6096,166,12,1,0,0,0,0,run_006
U000104,7134496,MODEL_A,BATCH_01,705435.0,50388.21428571428,12183.632975800405,36511.0,71219.0,14,1.85,4.0,0.0,3.0,14.0,14.762411111111112,63.69937380952381,41.262727777777776,1.5332726190476191,0.0960111415492353,0.21166122386392,0.150886013005298,0.0553464365548022,14.9537,64.113,41.6031,1.64714,156,12,1,0,0,0,0,run_006
U000105,7193332,MODEL_B,BATCH_02,730395.0,52171.07142857143,10442.351072319989,35109.0,66342.0,14,1.9,4.0,0.0,5.0,14.0,14.755119444444444,63.720395454545454,41.29863611111111,1.5304606818181818,0.1025419379555633,0.202399951689654,0.1379445461103388,0.0490605546284848,15.0264,64.14,41.6096,1.62082,160,12,1,0,0,0,0,run_006
U000106,7260175,MODEL_A,BATCH_01,718953.0,51353.78571428572,10372.868909423658,37513.0,68235.0,14,1.875,4.0,0.0,4.0,14.0,14.75301111111111,63.79221162790697,41.25980833333333,1.5218853488372093,0.1247199807059858,0.2219068693643726,0.143273106588182,0.0459356383768605,15.0393,64.3647,41.6061,1.61875,158,12,1,0,0,0,0,run_006
U000107,7325082,MODEL_A,BATCH_01,697591.0,49827.92857142857,9002.580651075607,34438.0,64907.0,14,1.85,4.0,0.0,5.0,14.0,14.772791176470587,63.78072926829268,41.27825,1.5478865853658537,0.0872719447705191,0.2267075299189529,0.1488483166301743,0.0501229187403206,14.9562,64.2239,41.7544,1.66169,150,12,1,0,0,0,0,run_006
U000108,7379381,MODEL_A,BATCH_01,718219.0,51301.357142857145,9501.357195419245,35650.0,64449.0,14,1.9,4.0,0.0,5.0,14.0,14.741731428571429,63.73540952380953,41.23531142857143,1.531205,0.106635905473412,0.2049157337928573,0.112115297196887,0.0529999317187779,14.9397,64.2136,41.453,1.66353,154,12,1,0,0,0,0,run_006
U000109,7433832,MODEL_A,BATCH_01,724050.0,51717.857142857145,10423.522510000326,33323.0,65895.0,14,1.875,4.0,0.0,3.0,14.0,14.77492162162162,63.810981818181816,41.24041081081081,1.5429079545454547,0.0938015906496708,0.2188026819196306,0.1703167764030427,0.0423917235548564,15.0285,64.2997,41.5228,1.61942,162,12,1,0,0,0,0,run_006
U000110,7482768,MODEL_B,BATCH_01,686429.0,49030.642857142855,10724.585827449451,31665.0,69854.0,14,1.875,4.0,0.0,4.0,14.0,14.73715,63.82684666666666,41.19257368421053,1.5495175555555556,0.1190703601895771,0.231877658377311,0.1301162197426362,0.0490167227102397,14.989,64.2112,41.5094,1.64876,166,12,1,0,0,0,0,run_006
U000111,7538508,MODEL_A,BATCH_01,731218.0,52229.857142857145,9865.187337744335,40439.0,72810.0,14,1.825,4.0,0.0,4.0,14.0,14.754719444444444,63.85091363636363,41.22851388888889,1.5414025,0.1054542441588347,0.1770482178324074,0.1496922827532291,0.0451915598790561,15.0531,64.1989,41.6116,1.62513,160,12,1,0,0,0,0,run_006
U000112,7589002,MODEL_A,BATCH_02,697328.0,49809.142857142855,8019.3387590167395,39214.0,65856.0,14,1.925,4.0,0.0,5.0,14.0,14.732545714285711,63.88785238095238,41.23815428571428,1.5396571428571428,0.0912017167758212,0.1716857072308691,0.1610619342745806,0.0458922130216867,14.9315,64.3425,41.5495,1.62765,154,12,1,0,0,0,0,run_006
U000113,7648501,MODEL_A,BATCH_01,693920.0,49565.71428571428,11401.5155229373,35281.0,67887.0,14,1.775,4.0,0.0,1.0,14.0,14.754194594594596,63.923093333333334,41.248824324324325,1.551716,0.1028947087127471,0.1750692530504315,0.1338923269841297,0.0549562381437183,14.9909,64.2027,41.6688,1.72473,164,12,1,0,0,0,0,run_006
U000114,7708135,MODEL_A,BATCH_01,719641.0,51402.92857142857,8575.206796916918,35293.0,62114.0,14,1.825,4.0,0.0,5.0,14.0,14.750485294117649,63.897190697674425,41.22010588235294,1.5697841860465116,0.0888236459520431,0.2403283159247279,0.1685854408703207,0.049725430507967,14.9053,64.3699,41.6284,1.73509,154,12,1,0,0,0,0,run_006
U000115,7762409,MODEL_B,BATCH_01,679801.0,48557.21428571428,8450.860658751059,35430.0,64269.0,14,1.829268292682927,4.0,0.0,4.0,14.0,14.76389142857143,63.92731395348837,41.205554285714285,1.5594467441860465,0.0998637141055645,0.1985754823275441,0.1740080024239206,0.0443021289244944,14.9652,64.2797,41.4574,1.6435,156,12,2,0,0,0,0,run_006
U000116,7829177,MODEL_A,BATCH_01,731681.0,52262.92857142857,10060.921768936449,41168.0,70658.0,14,1.8,4.0,0.0,3.0,14.0,14.782464705882353,63.96114772727273,41.20137647058824,1.559554318181818,0.1072081461240958,0.2068193734893541,0.1308512249310397,0.0430718857421495,14.9499,64.4808,41.4126,1.65335,156,12,1,0,0,0,0,run_006
U000117,7884267,MODEL_A,BATCH_01,740927.0,52923.357142857145,9970.597888153585,36196.0,70603.0,14,1.825,4.0,0.0,4.0,14.0,14.779831578947368,64.08681489361702,40.52343684210526,1.6611929787234043,0.1057464282324752,0.1602750583795741,0.814532808033373,0.0976923265625055,14.9713,64.5641,41.4295,1.87017,170,12,1,1,1,0,1,run_006
U000118,7943316,MODEL_A,BATCH_01,734214.0,52443.857142857145,9426.34546084816,38231.0,66348.0,14,1.7804878048780488,4.0,0.0,5.0,14.0,14.7875375,64.037834,41.1814325,1.5571418,0.0958706117572942,0.1972258382397918,0.1410216975258665,0.0549991598336571,15.0106,64.5006,41.4527,1.65286,180,12,2,0,0,0,0,run_006
U000119,7990549,MODEL_A,BATCH_02,711970.0,50855.0,12256.370023536583,35257.0,73528.0,14,1.804878048780488,4.0,0.0,5.0,14.0,14.761286842105264,64.04045777777777,41.13263684210526,1.571390888888889,0.0881868598750578,0.2138469827713354,0.1665309928480192,0.0418233995956494,14.9631,64.4815,41.4529,1.65886,166,12,2,0,0,0,0,run_006
U000120,8051628,MODEL_B,BATCH_01,713872.0,50990.857142857145,12252.458050763293,32246.0,66301.0,14,1.85,4.0,0.0,5.0,14.0,14.796048571428573,64.04608333333333,41.190894285714286,1.5866619047619046,0.1278483853251659,0.2233851960471147,0.1523629315403286,0.0548562332646957,15.0333,64.5473,41.4696,1.70484,154,12,1,0,0,0,0,run_006
U000121,8106367,MODEL_A,BATCH_01,697908.0,49850.57142857143,7930.568160015988,37833.0,64933.0,14,1.825,4.0,0.0,4.0,14.0,14.765397142857145,64.07847906976744,41.159971428571424,1.5732432558139535,0.095835869146818,0.1961821378672442,0.1635650735252215,0.050332270710366,14.9946,64.5708,41.5779,1.70799,156,12,1,0,0,0,0,run_006
U000122,8171487,MODEL_A,BATCH_01,710209.0,50729.21428571428,11003.03345710817,31938.0,65120.0,14,1.8,4.0,0.0,5.0,14.0,14.774772222222222,64.11940930232558,41.10053888888889,1.5954690697674418,0.0902599851575155,0.2307223344752151,0.181778693200242,0.0450204249315666,15.0006,64.6336,41.5628,1.68386,158,12,1,0,0,0,0,run_006
U000123,8248028,MODEL_A,BATCH_01,722142.0,51581.57142857143,10715.828843453864,35348.0,67765.0,14,1.8,4.0,0.0,6.0,14.0,14.772697297297295,64.12017441860465,41.12551081081081,1.5857206976744187,0.1019071049929688,0.2198815320565488,0.1504786581098696,0.0421865270975139,14.9552,64.461,41.4194,1.66104,160,12,1,0,0,0,0,run_006
U000124,8294246,MODEL_A,BATCH_01,720927.0,51494.78571428572,12902.770210477893,33101.0,75684.0,14,1.825,4.0,0.0,6.0,14.0,14.776507894736842,64.20934318181818,41.14132894736842,1.5892018181818182,0.1293984405720376,0.2080024333463735,0.1446510263001007,0.0519180647538035,15.0596,64.6195,41.5483,1.71693,164,12,1,0,0,0,0,run_006
U000125,8384091,MODEL_B,BATCH_01,734736.0,52481.142857142855,11011.3397344398,36975.0,69535.0,14,1.825,4.0,0.0,6.0,14.0,14.785116666666664,64.21343181818182,41.130072222222225,1.602721590909091,0.0810738975080316,0.205929356562612,0.1479648097374331,0.0373105403115578,14.9922,64.7778,41.4668,1.68836,160,12,1,0,0,0,0,run_006
U000126,8443830,MODEL_A,BATCH_02,736308.0,52593.42857142857,10703.893674836172,36421.0,69387.0,14,1.85,4.0,0.0,5.0,14.0,14.815994736842104,64.23298888888888,41.125978947368424,1.6062075555555555,0.0953109901134986,0.1744637488031946,0.1576740071089104,0.0494896024964085,14.9952,64.568,41.5683,1.72289,166,12,1,0,0,0,0,run_006
U000127,8501622,MODEL_A,BATCH_01,714936.0,51066.857142857145,8603.76900288153,39061.0,68506.0,14,1.925,4.0,0.0,4.0,14.0,14.818697142857143,64.30969761904763,41.06224,1.6032438095238095,0.0929266614237343,0.1936758462194707,0.1235819404282035,0.0496352928603094,14.9961,64.8476,41.3738,1.71374,154,12,1,0,0,0,0,run_006
U000128,8591065,MODEL_A,BATCH_01,715869.0,51133.5,14900.274358599523,33730.0,89443.0,14,1.775,4.0,0.0,1.0,14.0,14.820036111111111,64.30180227272727,41.13966666666667,1.599048181818182,0.1162102113850529,0.1836099550027437,0.1140758519582465,0.0576812040754532,15.1063,64.6601,41.3825,1.75333,160,12,1,0,0,0,0,run_006
U000129,8642399,MODEL_A,BATCH_01,737301.0,52664.357142857145,11325.839052681824,37327.0,74914.0,14,1.825,4.0,0.0,6.0,14.0,14.809330555555556,64.28649302325582,41.08617777777778,1.613222558139535,0.0832726736843466,0.1765806040086785,0.1499758268352633,0.0540862546614212,15.0059,64.6936,41.4926,1.77279,158,12,1,0,0,0,0,run_006
U000130,8703469,MODEL_B,BATCH_01,687311.0,49093.642857142855,8751.905336352966,32734.0,62734.0,14,1.825,4.0,0.0,5.0,14.0,14.79263823529412,64.34380975609756,41.10117352941177,1.6217843902439024,0.1075664925148296,0.2185136343627994,0.1516212951958375,0.0565467206851459,15.0411,64.8626,41.4296,1.73171,150,12,1,0,0,0,0,run_006
U000131,8752854,MODEL_A,BATCH_01,684848.0,48917.71428571428,10440.454753053118,32534.0,64527.0,14,1.825,4.0,0.0,5.0,14.0,14.81775789473684,64.37808222222222,41.09185789473685,1.6206193333333334,0.1031141813498418,0.1953836718413855,0.1773362764241672,0.0529779155274758,15.0366,64.744,41.384,1.78355,166,12,1,0,0,0,0,run_006
U000132,8801793,MODEL_A,BATCH_01,713486.0,50963.28571428572,12327.409974577738,32946.0,74675.0,14,1.8,4.0,0.0,5.0,14.0,14.818977777777778,64.3399,41.056916666666666,1.609596511627907,0.1112898303943644,0.2020629086389152,0.1345950487308385,0.0500517255248779,14.9932,64.6312,41.3399,1.69347,158,12,1,0,0,0,0,run_006
U000133,8868160,MODEL_A,BATCH_02,696096.0,49721.142857142855,8753.524493308114,35667.0,62866.0,14,1.85,4.0,0.0,6.0,14.0,14.836942857142857,64.43512954545454,41.07897428571428,1.6225175,0.0986969344708821,0.2002884508037592,0.1387470558094765,0.0508685489767498,15.0812,64.8324,41.3947,1.69335,158,12,1,0,0,0,0,run_006
U000134,8929052,MODEL_A,BATCH_01,644987.0,46070.5,9523.064558057087,31677.0,60892.0,14,1.825,4.0,0.0,3.0,14.0,14.81298787878788,64.48030769230769,40.268663636363634,1.7414941025641024,0.1094767548317214,0.2032603857443819,0.7876563558344201,0.1015503500141146,15.0278,64.9179,41.3155,1.95022,144,12,1,0,0,0,1,run_006
U000135,8995468,MODEL_B,BATCH_01,724826.0,51773.28571428572,9773.891339281809,32925.0,66416.0,14,1.825,4.0,0.0,5.0,14.0,14.818783333333332,64.43138181818182,41.09105,1.6368952272727275,0.1138016382006115,0.1910237843132697,0.1757211207729874,0.0477485736053182,15.0154,64.8154,41.4923,1.73515,160,12,1,0,0,0,0,run_006
U000136,9068350,MODEL_A,BATCH_01,720610.0,51472.142857142855,12007.883768316822,33785.0,72882.0,14,1.8,4.0,0.0,4.0,14.0,14.806780555555555,64.5580976744186,41.07619722222222,1.6308300000000002,0.0982686661859631,0.1824343723988397,0.1690779963484505,0.0502970085733592,14.9675,65.031,41.3546,1.76226,158,12,1,0,0,0,0,run_006
U000137,9127159,MODEL_A,BATCH_01,692021.0,49430.07142857143,11066.983908936498,30199.0,68628.0,14,1.8,4.0,0.0,5.0,14.0,14.819761764705882,64.46379302325582,41.03683529411765,1.641748604651163,0.1339674972220613,0.2049221784870545,0.168315248741764,0.0471869483357923,15.0499,64.8778,41.3427,1.75221,154,12,1,0,0,0,0,run_006
U000138,9195497,MODEL_A,BATCH_01,702639.0,50188.5,9241.567663801165,38207.0,68338.0,14,1.825,4.0,0.0,5.0,14.0,14.818134285714285,64.5808340909091,41.0345,1.6394611363636364,0.0952417232558268,0.1749721146463228,0.1639859911520441,0.0496811430333205,15.0584,65.1409,41.3053,1.74289,158,12,1,0,0,0,0,run_006
U000139,9268006,MODEL_A,BATCH_01,720758.0,51482.71428571428,11874.46929941954,33548.0,72509.0,14,1.825,4.0,0.0,5.0,14.0,14.826817647058824,64.60874285714286,41.07163529411765,1.643380238095238,0.1070462473563824,0.1619551144424796,0.1765965439147601,0.0485819634546881,15.1054,65.0454,41.4205,1.74059,152,12,1,0,0,0,0,run_006
U000140,9319295,MODEL_B,BATCH_02,695921.0,49708.642857142855,10263.604559556308,34696.0,67922.0,14,1.875,4.0,0.0,4.0,14.0,14.823165789473684,64.59737608695652,41.0366947368421,1.6413460869565215,0.1293235713058755,0.1980704904654826,0.1261205578273634,0.0421696630544471,15.0816,65.115,41.3589,1.73705,168,12,1,0,0,0,0,run_006
U000141,9388584,MODEL_A,BATCH_01,718775.0,51341.07142857143,10152.57882710887,37157.0,69289.0,14,1.825,4.0,0.0,4.0,14.0,14.834008108108108,64.65610222222223,40.97047297297297,1.656558,0.0997249060008424,0.1988098308901895,0.141861864832286,0.0515842408369772,15.0201,65.0867,41.2404,1.79075,164,12,1,0,0,0,0,run_006
U000142,9439509,MODEL_A,BATCH_01,694300.0,49592.857142857145,6867.290988190577,36466.0,59641.0,14,1.85,4.0,0.0,5.0,14.0,14.831094444444444,64.68852325581395,40.1455,1.754123023255814,0.1230081227154054,0.1410443899007737,0.7529456261908951,0.0928914216023684,15.1083,65.0099,41.3569,1.88716,158,12,1,0,0,0,1,run_006
U000143,9499818,MODEL_A,BATCH_01,706252.0,50446.57142857143,10072.078234209856,36365.0,68336.0,14,1.85,4.0,0.0,4.0,14.0,14.870672222222222,64.72232045454545,40.9829,1.6471686363636364,0.1060093112112899,0.2599258029905002,0.1441568173899521,0.0480533766493009,15.09,65.303,41.2925,1.74083,160,12,1,0,0,0,0,run_006
U000144,9551094,MODEL_A,BATCH_01,749422.0,53530.142857142855,12709.335707733437,31945.0,75576.0,14,1.8,4.0,0.0,5.0,14.0,14.83631052631579,64.69972444444444,40.96814210526316,1.6525117777777776,0.1063026932344834,0.1763115374912415,0.1512442335404289,0.0584648595424048,15.0248,65.0303,41.3816,1.7637,166,12,1,0,0,0,0,run_006
U000145,9614723,MODEL_B,BATCH_01,729141.0,52081.5,13192.828819825972,33696.0,79365.0,14,1.875,4.0,0.0,6.0,14.0,14.833673684210527,64.76007777777778,40.99001842105263,1.662788888888889,0.1166416194883735,0.2216605152940038,0.1274034024223482,0.0396695583552553,15.0793,65.2373,41.2001,1.75745,166,12,1,0,0,0,0,run_006
U000146,9670984,MODEL_A,BATCH_01,674412.0,48172.28571428572,8386.116726962591,32108.0,59869.0,14,1.875,4.0,0.0,4.0,14.0,14.827134285714283,64.76466190476191,40.982345714285714,1.6663180952380952,0.106896714699028,0.2029593554797901,0.1179203104365215,0.0374455524232637,15.0483,65.1295,41.2649,1.74946,154,12,1,0,0,0,0,run_006
U000147,9742806,MODEL_A,BATCH_02,696606.0,49757.57142857143,8735.93673119423,35116.0,64163.0,14,1.9,4.0,0.0,6.0,14.0,14.836222222222224,64.8024976744186,40.97833333333333,1.6754058139534884,0.095904613656669,0.190958060077988,0.1635305738124476,0.0558354365730034,14.9868,65.246,41.3153,1.78792,158,12,1,0,0,0,0,run_006
U000148,9799761,MODEL_A,BATCH_01,716914.0,51208.142857142855,8932.335407057655,35404.0,68148.0,14,1.8,4.0,0.0,4.0,14.0,14.8405475,64.88031956521739,39.465585,1.868210652173913,0.0982492434563425,0.1638118292019037,0.1516666816849809,0.044225754156106,15.0264,65.2412,39.8413,1.94912,172,12,1,0,0,0,1,run_006
U000149,9874060,MODEL_A,BATCH_01,727131.0,51937.92857142857,12231.894566534376,33519.0,77130.0,14,1.875,4.0,0.0,6.0,14.0,14.875171428571427,64.8506976744186,40.98280285714286,1.6830362790697675,0.0717834921684586,0.2123148633161129,0.1674730627781745,0.050530797540814,14.9919,65.4497,41.4822,1.81246,156,12,1,0,0,0,0,run_006
U000150,9929948,MODEL_B,BATCH_01,693819.0,49558.5,9629.377364247228,27110.0,68674.0,14,1.8780487804878048,4.0,0.0,4.0,14.0,14.862932432432432,64.83829772727273,40.96978918918919,1.6863718181818184,0.0846131788200279,0.2112698841486941,0.1422747943316109,0.0551528647033808,15.0278,65.3523,41.2058,1.79113,162,11,2,0,0,0,0,run_006
U000151,9982311,MODEL_A,BATCH_01,709642.0,50688.71428571428,8883.05776727267,39057.0,67952.0,14,1.975,4.0,0.0,5.0,14.0,14.852838888888888,64.9098,40.961686111111106,1.6928590909090908,0.0960787423427196,0.2360127144781581,0.1265846800768514,0.0504194954827568,15.0687,65.5067,41.1688,1.8346,160,12,1,0,0,0,0,run_006
U000152,10044445,MODEL_A,BATCH_01,674018.0,48144.142857142855,6863.790373089368,33528.0,55300.0,14,2.025,4.0,0.0,4.0,14.0,14.84134411764706,64.94880952380952,40.9153,1.7020561904761906,0.111038309499337,0.2146235761030926,0.1526261008696315,0.0541100789021056,15.0463,65.3921,41.4206,1.81517,152,12,1,0,0,0,0,run_006
U000153,10126345,MODEL_A,BATCH_01,726923.0,51923.07142857143,12537.95133838604,31367.0,80685.0,14,1.95,4.0,0.0,4.0,14.0,14.861254054054054,64.97939318181818,40.92188108108108,1.7003054545454546,0.1144159142839904,0.2575321992943072,0.1651178700838309,0.0476986708631819,15.0778,65.4629,41.2368,1.82014,162,12,1,0,0,0,0,run_006
U000154,10183398,MODEL_A,BATCH_02,702723.0,50194.5,8169.094853823723,36677.0,62994.0,14,1.9,4.0,0.0,5.0,14.0,14.859187878787878,65.02956,40.8999606060606,1.6993692500000002,0.1163572536350221,0.2154829076450818,0.1687203194998186,0.0537302585994769,15.1166,65.465,41.2061,1.85105,146,12,1,0,0,0,0,run_006
U000155,10248872,MODEL_B,BATCH_01,719521.0,51394.357142857145,11083.30323995474,38051.0,71813.0,14,1.925,4.0,0.0,5.0,14.0,14.890878378378378,64.97951333333334,40.92767297297298,1.6853168888888888,0.0912637117099406,0.1688775075178887,0.1546348380480224,0.0560000715836483,15.0623,65.4969,41.303,1.78675,164,12,1,0,0,0,0,run_006
U000156,10295755,MODEL_A,BATCH_01,658108.0,47007.71428571428,8515.303557790448,33391.0,60625.0,14,1.9,4.0,0.0,3.0,14.0,14.8630625,64.99974210526317,39.388153125,1.8768076315789477,0.0979426617976048,0.1834635255473367,0.1636833823799435,0.0410431089409205,15.1267,65.3165,39.6834,1.95701,140,12,1,0,0,0,0,run_006
U000157,10375386,MODEL_A,BATCH_01,787839.0,56274.21428571428,13983.935063980609,34333.0,79631.0,14,1.85,4.0,0.0,5.0,14.0,14.8879,65.06188936170213,40.942507692307686,1.7038378723404255,0.1008859491546868,0.2280768636971554,0.1733272040855528,0.0649047491374247,15.0915,65.5029,41.3747,1.83513,172,12,1,0,0,0,0,run_006
U000158,10428662,MODEL_A,BATCH_01,696396.0,49742.57142857143,7007.447244119709,33720.0,59678.0,14,1.925,4.0,0.0,4.0,14.0,14.896916666666666,65.08436666666667,40.93855277777778,1.7136822222222223,0.1070416033939272,0.2354628237400482,0.1323288684325361,0.0437137237598159,15.1857,65.8448,41.2688,1.81171,162,12,1,0,0,0,0,run_006
U000159,10484732,MODEL_A,BATCH_01,715679.0,51119.92857142857,9719.274335560764,37282.0,67535.0,14,1.95,4.0,0.0,3.0,14.0,14.841428205128205,65.08546808510638,40.91948205128205,1.7176059574468086,0.0975759945368303,0.1773220652622271,0.1280324051739594,0.0501948808085989,15.0358,65.5128,41.1538,1.8114,172,12,1,0,0,0,0,run_006
U000160,10542730,MODEL_B,BATCH_01,689444.0,49246.0,8543.18616478383,33302.0,62891.0,14,1.875,4.0,0.0,2.0,14.0,14.886408571428571,65.18337142857142,40.956805714285714,1.72261,0.0838879973586229,0.2096246579306533,0.1592949002966027,0.058309954887861,15.0819,65.6774,41.2762,1.87958,154,12,1,1,1,0,0,run_006
U000161,10591195,MODEL_A,BATCH_02,684650.0,48903.57142857143,8010.543578158877,33998.0,63603.0,14,1.975,4.0,0.0,4.0,14.0,14.871263888888889,65.16372954545454,40.849894444444445,1.7291129545454544,0.1039440403095483,0.2021755932404154,0.1577406242528619,0.0511243081754315,15.1379,65.5272,41.1738,1.85836,160,12,1,0,0,0,0,run_006
U000162,10656787,MODEL_A,BATCH_01,702718.0,50194.142857142855,11050.137492058935,30393.0,63145.0,14,1.875,4.0,0.0,3.0,14.0,14.873717142857144,65.19927906976744,40.81748571428571,1.7112093023255812,0.1068698644743835,0.1678279668477714,0.1655986202394514,0.0513146760031784,15.0845,65.6271,41.1618,1.81059,156,12,1,0,0,0,0,run_006
U000163,10734844,MODEL_A,BATCH_01,701698.0,50121.28571428572,10640.243884051151,39193.0,72954.0,14,1.925,4.0,0.0,5.0,14.0,14.865575,65.20761818181819,40.86143055555556,1.7292638636363635,0.1070994821249317,0.1596097730771315,0.1138598984201803,0.0546982284571728,15.0699,65.5246,41.0708,1.85387,160,12,1,0,0,0,0,run_006
U000164,10804225,MODEL_A,BATCH_01,735801.0,52557.21428571428,9358.218627154762,37021.0,69381.0,14,1.95,4.0,0.0,4.0,14.0,14.88264705882353,65.23282619047619,39.93089411764706,1.8444280952380951,0.0967772394832399,0.1917761131893428,0.724679313377352,0.1112531072788989,15.1098,65.582,41.1169,2.00383,152,12,1,1,1,0,1,run_006
U000165,10869749,MODEL_B,BATCH_01,695355.0,49668.21428571428,9333.628358530505,31949.0,65524.0,14,1.95,4.0,0.0,3.0,14.0,14.885799999999998,65.25546818181819,40.86051388888889,1.742568181818182,0.0799098170260875,0.2147538924278081,0.1517939790877805,0.0449792585932013,15.0297,65.6914,41.2178,1.82582,160,12,1,0,0,0,0,run_006
U000166,10944327,MODEL_A,BATCH_01,727110.0,51936.42857142857,12226.098728126242,32654.0,74578.0,14,1.925,4.0,0.0,3.0,14.0,14.894310256410256,65.27045333333334,40.80842820512821,1.7457313333333335,0.0923161609700508,0.187417707516956,0.1673882815943654,0.0600143548585745,15.0739,65.6772,41.2632,1.88172,168,12,1,0,0,0,0,run_006
U000167,10995417,MODEL_A,BATCH_01,702069.0,50147.78571428572,10486.928318908933,34403.0,70676.0,14,1.925,4.0,0.0,4.0,14.0,14.896917142857143,65.29161627906977,40.81534571428571,1.7468525581395349,0.0796464927986538,0.194769864113466,0.1463087556039844,0.0506344433916857,15.0119,65.6727,41.1626,1.88638,156,12,1,0,0,0,0,run_006
U000168,11073032,MODEL_A,BATCH_02,739110.0,52793.57142857143,10319.516712851098,42495.0,75470.0,14,1.975,4.0,0.0,5.0,14.0,14.898513157894737,65.37276222222222,40.845397368421054,1.745168,0.082932395688434,0.2068526202274195,0.1390550163081327,0.0457381285442164,15.1487,65.8186,41.1453,1.85195,166,12,1,0,0,0,0,run_006
U000169,11168285,MODEL_A,BATCH_01,715387.0,51099.07142857143,14590.05542491864,37378.0,95253.0,14,1.975,4.0,0.0,3.0,14.0,14.917579411764706,65.37729523809523,40.82453529411765,1.745774523809524,0.0825898290730169,0.2061694282562344,0.1560134646138602,0.048982244080213,15.0882,65.8036,41.1256,1.87436,152,12,1,0,0,0,0,run_006
U000170,11224108,MODEL_B,BATCH_01,748709.0,53479.21428571428,11905.840720345695,36741.0,74751.0,14,1.925,4.0,0.0,4.0,14.0,14.918831578947367,65.44263913043478,40.83756842105263,1.7573152173913045,0.0982107857380105,0.1901225540168579,0.1810956819000518,0.0601539946669889,15.135,65.9065,41.2773,1.88622,168,12,1,0,0,0,0,run_006
U000171,11270716,MODEL_A,BATCH_01,709317.0,50665.5,10100.094316010503,36313.0,63768.0,14,1.9268292682926829,4.0,0.0,5.0,14.0,14.950131578947367,65.36497272727273,40.80796578947368,1.7718245454545454,0.0934184486243778,0.1752630546027002,0.1402701106192757,0.042460198898336,15.1209,65.6941,41.0452,1.87393,164,12,2,0,0,0,0,run_006
U000172,11342379,MODEL_A,BATCH_01,734474.0,52462.42857142857,12485.748809769451,28742.0,79463.0,14,1.9,4.0,0.0,4.0,14.0,14.90505945945946,65.43143636363637,40.80272162162162,1.7638204545454543,0.0919821192148517,0.2040775833899561,0.1304100736036034,0.046215799521051,15.0705,65.8138,41.0665,1.86515,162,12,1,0,0,0,0,run_006
U000173,11409444,MODEL_A,BATCH_01,698671.0,49905.07142857143,9303.841840578842,39394.0,71065.0,14,1.9,4.0,0.0,5.0,14.0,14.90260294117647,65.44569512195123,40.759667647058826,1.7807702439024389,0.0909188565476699,0.2292225239273183,0.1614743505677165,0.0410071798279157,15.0931,65.8548,41.1856,1.87295,150,12,1,0,0,0,0,run_006
U000174,11496351,MODEL_A,BATCH_01,789712.0,56408.0,14559.90735388952,36945.0,86907.0,14,1.925,4.0,0.0,5.0,14.0,14.920584210526316,65.49061555555555,40.74603421052632,1.7809275555555557,0.0758086193712926,0.1945501430521624,0.1757335671858007,0.0414445862872975,15.1019,65.8561,41.0828,1.88008,166,12,1,0,0,0,0,run_006
U000175,11550980,MODEL_B,BATCH_02,721825.0,51558.92857142857,11467.658351704962,35462.0,74613.0,14,1.95,4.0,0.0,4.0,14.0,14.92675,65.53926136363636,39.349018421052634,1.9516625,0.1035838470919977,0.2230657179376222,0.1434617226569846,0.0498318746467956,15.2246,66.2338,39.711,2.06083,164,12,1,0,0,0,1,run_006
U000176,11608227,MODEL_A,BATCH_01,723270.0,51662.142857142855,11391.405578546708,31947.0,70794.0,14,1.925,4.0,0.0,3.0,14.0,14.930377777777778,65.57353863636364,40.755786111111114,1.78759,0.0915755242131907,0.1976767318957414,0.1342408606152782,0.0493426833010613,15.0917,65.973,41.0496,1.87705,160,12,1,0,0,0,0,run_006
U000177,11679950,MODEL_A,BATCH_01,713224.0,50944.57142857143,9400.185765057116,34602.0,71723.0,14,1.925,4.0,0.0,5.0,14.0,14.939726470588235,65.59905714285715,40.521832352941175,1.824979761904762,0.108464615955797,0.227698659596147,0.5557613520538452,0.0872772965613846,15.1387,66.1748,40.9976,2.08831,152,12,1,0,0,0,1,run_006
U000178,11752559,MODEL_A,BATCH_01,728007.0,52000.5,9384.277594015346,37119.0,72609.0,14,1.925,4.0,0.0,5.0,14.0,14.917870270270267,65.63813555555556,40.76814054054054,1.7836137777777776,0.0786086999173928,0.1653665833501097,0.1497037880086678,0.0505231710698121,15.0734,65.9829,41.0864,1.8951,164,12,1,0,0,0,0,run_006
U000179,11821829,MODEL_A,BATCH_01,747861.0,53418.642857142855,14266.923233652904,35696.0,92313.0,14,2.025,4.0,0.0,5.0,14.0,14.904191666666666,65.68176046511628,40.75013333333333,1.7842451162790696,0.0958925749397281,0.1899561830923571,0.140319584215054,0.0472670930217234,15.0816,66.2587,41.2047,1.89056,158,12,1,0,0,0,0,run_006
U000180,11893428,MODEL_B,BATCH_01,676694.0,48335.28571428572,9452.610599345408,35980.0,71599.0,14,1.95,4.0,0.0,2.0,14.0,14.937963636363635,65.73061025641026,40.75540909090909,1.8042476923076924,0.1090850437106919,0.1682006395802216,0.1159003784604372,0.0479049084102825,15.1632,66.0726,41.0448,1.89637,144,12,1,0,0,0,0,run_006
U000181,11961398,MODEL_A,BATCH_01,736711.0,52622.21428571428,10121.124171208008,36447.0,67970.0,14,2.025,4.0,0.0,5.0,14.0,14.93814054054054,65.66589347826087,40.717213513513514,1.8036521739130436,0.1108264395336229,0.1852688633696951,0.139672685157044,0.0435371029972287,15.186,65.9699,41.1104,1.9227,166,12,1,0,0,0,0,run_006
U000182,12012964,MODEL_A,BATCH_02,714332.0,51023.71428571428,11571.068366527665,32846.0,69050.0,14,2.0,4.0,0.0,4.0,14.0,14.933855555555557,65.66546744186047,40.74738333333333,1.805829534883721,0.10873296633613,0.1995053116859791,0.1640991068139712,0.0607604696035604,15.2034,66.0983,41.087,1.98858,158,12,1,0,0,0,0,run_006
U000183,12063487,MODEL_A,BATCH_01,719282.0,51377.28571428572,10329.665110578526,39809.0,71287.0,14,1.951219512195122,4.0,0.0,4.0,14.0,14.942054285714288,65.7390534883721,40.72819142857143,1.8080202325581396,0.1177946127372383,0.1613936246289657,0.1416894416163261,0.0511101783492976,15.1787,66.0626,40.9728,1.93849,156,12,2,0,0,0,0,run_006
U000184,12123431,MODEL_A,BATCH_01,770131.0,55009.357142857145,12709.06228827496,37377.0,73234.0,14,1.95,4.0,0.0,5.0,14.0,14.925248780487806,65.72690800000001,40.71744146341463,1.8186038,0.1240345861482826,0.1914340413290992,0.1633241653516245,0.040245154551289,15.2449,66.1848,41.0946,1.936,182,12,1,0,0,0,0,run_006
U000185,12181612,MODEL_B,BATCH_01,677474.0,48391.0,9301.909712940258,36196.0,64696.0,14,1.925,4.0,0.0,4.0,14.0,14.953197222222222,65.82629534883722,40.73828333333333,1.8108351162790697,0.118383407346303,0.1861125734007563,0.1268708691093875,0.0507969794926961,15.1521,66.4131,40.9827,1.92917,158,12,1,0,0,0,0,run_006
U000186,12245441,MODEL_A,BATCH_01,746606.0,53329.0,17845.008205270005,33155.0,98703.0,14,1.9,4.0,0.0,5.0,14.0,14.898889189189193,65.82588636363636,40.67944324324324,1.809396136363636,0.0973303332408185,0.1999580718735783,0.1313623921755299,0.0525458475431454,15.1622,66.324,40.8837,1.9265,162,12,1,1,1,0,0,run_006
U000187,12314271,MODEL_A,BATCH_01,746985.0,53356.07142857143,9983.039736429024,36573.0,68830.0,14,2.025,4.0,0.0,5.0,14.0,14.960595,65.83320980392156,40.6667325,1.831018039215686,0.1083152875305258,0.190130005264717,0.1823318155669722,0.0508840687453197,15.2166,66.1824,41.1092,1.96575,182,12,1,0,0,0,0,run_006
U000188,12361866,MODEL_A,BATCH_01,664226.0,47444.71428571428,9476.48892647622,31874.0,65833.0,14,2.024390243902439,4.0,0.0,2.0,14.0,14.959922222222222,65.87202093023257,40.122822222222226,1.892543953488372,0.1024988978647681,0.1788692134043073,0.7311289646297923,0.0942576150805039,15.1311,66.2418,40.9094,2.05806,158,12,2,1,0,1,1,run_006
U000189,12417890,MODEL_A,BATCH_02,686031.0,49002.21428571428,9928.11270451874,35536.0,66898.0,14,2.024390243902439,4.0,0.0,4.0,14.0,14.92821212121212,65.87091190476191,39.18364242424243,2.005479523809524,0.0920329925813828,0.1948328704705523,0.1668274989141187,0.0485827510267655,15.1256,66.2936,39.4677,2.13219,150,12,2,0,0,0,1,run_006
U000190,12461079,MODEL_B,BATCH_01,674100.0,48150.0,11664.7264665084,31542.0,77857.0,14,2.0,4.0,0.0,4.0,14.0,14.95541388888889,65.93564047619047,40.721833333333336,1.8293090476190472,0.0855124490612007,0.1858618134194651,0.1415340847388256,0.0460068132711181,15.1802,66.3322,40.9729,1.94762,156,12,2,0,0,0,0,run_006
U000191,12520803,MODEL_A,BATCH_01,692928.0,49494.857142857145,8913.657764759242,36104.0,70290.0,14,2.025,4.0,0.0,5.0,14.0,14.95519411764706,65.90455853658536,40.69824411764706,1.8216336585365855,0.0872519199794877,0.2287295138101032,0.1612407200828438,0.040695376872324,15.1115,66.237,41.0572,1.8912,150,12,1,0,0,0,0,run_006
U000192,12572905,MODEL_A,BATCH_01,679337.0,48524.07142857143,8527.038086754805,28751.0,58413.0,14,1.975,4.0,0.0,3.0,14.0,14.972545714285712,65.98294761904762,40.63423142857143,1.837912142857143,0.1013488191488045,0.1831773247737467,0.1176529936906394,0.0446826844585027,15.1559,66.4894,40.8778,1.92899,154,12,1,0,0,0,0,run_006
U000193,12625941,MODEL_A,BATCH_01,711980.0,50855.71428571428,10291.061591561813,37347.0,76042.0,14,1.95,4.0,0.0,4.0,14.0,14.978502702702704,66.02365681818182,40.65118648648649,1.8382202272727275,0.1097120536436842,0.1831076826373029,0.148059136387687,0.0483840549599323,15.1928,66.3647,40.9611,1.96587,162,12,1,0,0,0,0,run_006
U000194,12682455,MODEL_A,BATCH_01,681078.0,48648.42857142857,9046.548187562485,33123.0,61748.0,14,1.95,4.0,0.0,4.0,14.0,14.95366388888889,66.0040930232558,40.67707777777778,1.8365767441860468,0.0941588662171628,0.1279318408471763,0.1702654500832843,0.0552896187931346,15.1813,66.3833,40.9957,1.94683,158,12,1,0,0,0,0,run_006
U000195,12735602,MODEL_B,BATCH_01,677856.0,48418.28571428572,8902.83447887479,33668.0,65914.0,14,1.902439024390244,4.0,0.0,4.0,14.0,14.970664705882356,66.04185,40.654241176470585,1.851460952380952,0.1106607589214101,0.2257654527029028,0.144423567114124,0.0452055976357733,15.2115,66.5966,40.9813,1.96857,152,12,2,0,0,0,0,run_006
U000196,12798468,MODEL_A,BATCH_02,745167.0,53226.21428571428,10140.978667523408,36056.0,67939.0,14,1.925,4.0,0.0,5.0,14.0,14.956789473684209,66.10089565217392,40.6344,1.851467391304348,0.1144414019522505,0.2029398498258633,0.1666949893051975,0.0579972201799278,15.1503,66.5193,40.9718,2.00806,168,12,1,0,0,0,0,run_006
U000197,12854994,MODEL_A,BATCH_01,731021.0,52215.78571428572,10917.853502607351,35849.0,82603.0,14,1.975,4.0,0.0,5.0,14.0,14.975649999999998,66.12054418604652,40.6483,1.8474295348837209,0.104594185853161,0.1733930771155033,0.1381499392482169,0.053472656027503,15.1767,66.4857,40.9321,1.96598,158,12,1,0,0,0,1,run_006
U000198,12900496,MODEL_A,BATCH_01,690751.0,49339.357142857145,8005.321524385589,36440.0,63011.0,14,1.975,4.0,0.0,4.0,14.0,14.99279142857143,66.10055952380952,40.61224857142857,1.851819523809524,0.0930683915870741,0.2032685356615987,0.1503235048182409,0.0515993136157969,15.1728,66.5085,40.9361,1.96717,154,12,1,0,0,0,0,run_006
U000199,12951795,MODEL_A,BATCH_01,707998.0,50571.28571428572,7641.384615052747,38695.0,61619.0,14,1.9,4.0,0.0,4.0,14.0,14.973167567567568,66.14359999999999,40.10892162162162,1.9371830434782609,0.0898773857790403,0.2062298243330574,0.6997011521337526,0.0963420733952043,15.2198,66.7176,40.9803,2.14203,166,12,1,0,0,0,0,run_006
U000200,13024653,MODEL_B,BATCH_01,745805.0,53271.78571428572,9427.92309438438,39850.0,72858.0,14,1.9,4.0,0.0,5.0,14.0,14.990461111111111,66.19648636363637,40.620105555555554,1.8589504545454545,0.0736947459952309,0.2135219585580568,0.1281142725280706,0.0446841472828255,15.1279,66.6063,40.8734,1.95032,160,12,1,0,0,0,0,run_006
U000201,13085796,MODEL_A,BATCH_01,707131.0,50509.357142857145,11132.616090411251,33764.0,70655.0,14,1.9,4.0,0.0,4.0,14.0,14.987805555555555,66.2307511627907,40.617780555555555,1.860458139534884,0.0827402335866189,0.1808157854625114,0.1475001207155805,0.0603467626170701,15.1405,66.563,40.8875,1.98632,158,12,1,0,0,0,0,run_006
U000202,13158621,MODEL_A,BATCH_01,716099.0,51149.92857142857,12190.446874274356,33579.0,72825.0,14,1.925,4.0,0.0,4.0,14.0,14.966166666666668,66.22260238095238,40.60351944444445,1.8828135714285712,0.0943621897644545,0.2058986851118211,0.1399281322055714,0.0568090930896234,15.1382,66.7003,40.844,1.97305,156,12,1,0,0,0,0,run_006
U000203,13215258,MODEL_A,BATCH_02,743961.0,53140.07142857143,9709.019410712002,36677.0,71457.0,14,1.95,4.0,0.0,5.0,14.0,14.978989189189187,66.28315106382979,40.58043243243243,1.8780444680851065,0.0975959920163613,0.2087374071935498,0.1543271742004525,0.0457391416816727,15.1474,66.7587,40.9639,2.01621,168,12,1,0,0,0,0,run_006
U000204,13278385,MODEL_A,BATCH_01,684790.0,48913.57142857143,8649.542172982208,36092.0,63127.0,14,1.95,4.0,0.0,2.0,14.0,14.946605555555555,66.31381363636363,40.559525,1.8847554545454548,0.1130149647346234,0.1767120211371474,0.1499729887584515,0.0382344840367439,15.1474,66.6446,40.94,1.94637,160,12,1,0,0,0,0,run_006
U000205,13332799,MODEL_B,BATCH_01,717861.0,51275.78571428572,8468.349709164313,39281.0,63678.0,14,1.925,4.0,0.0,4.0,14.0,14.979416216216215,66.29460869565217,40.57102162162162,1.8899652173913044,0.0881136435188909,0.214237196506933,0.1604966616737205,0.0552219902550557,15.1125,66.7548,40.8691,2.01986,166,12,1,0,0,0,0,run_006
U000206,13394257,MODEL_A,BATCH_01,709224.0,50658.857142857145,8780.143269000559,32843.0,66351.0,14,1.95,4.0,0.0,4.0,14.0,14.987574285714286,66.34022727272726,40.52144571428572,1.877709090909091,0.0961396054240517,0.2030965749927446,0.1623363181844428,0.0571657329386245,15.2695,66.6509,40.8582,2.01817,158,12,1,0,0,0,0,run_006
U000207,13440922,MODEL_A,BATCH_01,687531.0,49109.357142857145,9406.697398107395,35315.0,62411.0,14,1.95,4.0,0.0,3.0,14.0,15.004229411764706,66.36246046511627,40.59943235294117,1.8888486046511628,0.087607248660287,0.2209526895487489,0.136212280229078,0.0555627776475529,15.2055,66.8695,40.8393,2.01613,154,12,1,0,0,0,0,run_006
U000208,13495089,MODEL_A,BATCH_01,700841.0,50060.07142857143,9045.291664849608,34619.0,67500.0,14,1.925,4.0,0.0,3.0,14.0,14.982671428571429,66.36709534883721,40.58696285714286,1.8832323255813952,0.1061689651436044,0.1840559244120784,0.1477941873522971,0.0438451678304684,15.228,66.7463,40.9344,1.99643,156,12,1,0,0,0,0,run_006
U000209,13559372,MODEL_A,BATCH_01,701197.0,50085.5,9179.562003544785,35473.0,64283.0,14,1.875,4.0,0.0,4.0,14.0,15.039302702702702,66.42099545454545,40.54461891891892,1.9008186363636363,0.1060842340534857,0.2285339249708439,0.1391612989740024,0.0502939232350819,15.2459,66.99,40.8891,2.03881,162,12,1,0,0,0,0,run_006
U000210,13609534,MODEL_B,BATCH_02,705068.0,50362.0,7812.5621917524595,35279.0,61073.0,14,1.95,4.0,0.0,5.0,14.0,14.994342857142858,66.39951463414634,39.03299428571429,2.085900975609756,0.0916476574127442,0.1864600098693728,0.1653246786724576,0.0449151819992348,15.1891,66.7176,39.3248,2.17722,152,12,1,0,0,0,1,run_006
U000211,13662806,MODEL_A,BATCH_01,681132.0,48652.28571428572,6732.674145007847,40024.0,62982.0,14,1.95,4.0,0.0,2.0,14.0,15.03228484848485,66.4199487804878,40.524190909090905,1.9089563414634148,0.0950306237523339,0.1886236015480978,0.1493172280826055,0.0497739566317616,15.1821,66.8187,40.86,2.00911,148,12,1,0,0,0,0,run_006
U000212,13728957,MODEL_A,BATCH_01,687439.0,49102.78571428572,10489.929582359318,35239.0,69004.0,14,1.9,4.0,0.0,2.0,14.0,15.002555882352942,66.47900243902438,40.5510294117647,1.8962414634146345,0.0841369633437823,0.2158002577475359,0.1438637982331468,0.0507981605257993,15.1493,66.9238,40.788,2.00295,150,12,1,0,0,0,0,run_006
U000213,13783767,MODEL_A,BATCH_01,695971.0,49712.21428571428,11798.81281628056,29009.0,67908.0,14,1.902439024390244,4.0,0.0,4.0,14.0,14.999605555555556,66.54068837209303,40.502424999999995,1.9136565116279067,0.1026543129549551,0.1971665457584849,0.1434012141311426,0.0550367893791105,15.1681,66.9517,40.8173,2.03897,158,12,2,0,0,0,0,run_006
U000214,13844634,MODEL_A,BATCH_01,698049.0,49860.642857142855,9739.92500845513,36183.0,68911.0,14,1.95,4.0,0.0,3.0,14.0,14.986751428571427,66.53852272727273,40.52197714285714,1.9213331818181816,0.1014952574128999,0.2288944571078882,0.1682817072399635,0.0468937275407259,15.1882,67.1275,40.8106,2.02569,158,12,1,0,0,0,0,run_006
U000215,13892742,MODEL_B,BATCH_01,713048.0,50932.0,12711.54794180957,33858.0,78160.0,14,1.95,4.0,0.0,3.0,14.0,15.008347222222223,66.5808046511628,40.48200277777778,1.9108379069767445,0.1105618003939389,0.216559273699999,0.1420699616106924,0.039593007593221,15.1743,67.1028,40.7371,2.00742,158,12,1,0,0,0,0,run_006
U000216,13968340,MODEL_A,BATCH_01,743480.0,53105.71428571428,12000.39136816008,37088.0,75598.0,14,1.875,4.0,0.0,3.0,14.0,15.017585714285714,66.60093255813953,40.53885714285714,1.9232111627906976,0.0750809255280678,0.2631160650295464,0.1585099074389435,0.0597785245802928,15.1989,67.3168,40.8627,2.05739,156,12,1,0,0,0,0,run_006
U000217,14044161,MODEL_A,BATCH_02,766294.0,54735.28571428572,13420.748107249528,39254.0,79515.0,14,1.975,4.0,0.0,4.0,14.0,15.023043589743589,66.62135434782608,39.004612820512826,2.1079756521739133,0.0868952932977435,0.1889697268012611,0.1777171039653626,0.0502898183047103,15.2362,66.9923,39.3706,2.19515,170,12,1,0,0,0,0,run_006
U000218,14114779,MODEL_A,BATCH_01,710751.0,50767.92857142857,7923.291162178715,41124.0,70618.0,14,1.95,4.0,0.0,3.0,14.0,15.01222857142857,66.63926904761904,40.50774285714286,1.9356566666666664,0.1056387895876616,0.230511713355728,0.1299071145217284,0.0449971016230106,15.2221,67.1918,40.7657,2.02552,154,12,1,0,0,0,1,run_006
U000219,14168044,MODEL_A,BATCH_01,692642.0,49474.42857142857,8294.649171551553,35609.0,64561.0,14,1.9268292682926829,4.0,0.0,4.0,14.0,15.029931428571428,66.64398372093024,40.45880571428571,1.9355416279069768,0.1114620055852025,0.2007400984099474,0.1375136205935234,0.0521964883388324,15.294,67.027,40.7261,2.05411,156,12,2,0,0,0,0,run_006
U000220,14212027,MODEL_B,BATCH_01,671901.0,47992.92857142857,10863.646805634948,33114.0,65671.0,14,1.9268292682926829,4.0,0.0,2.0,14.0,15.021722222222223,66.70075777777778,39.48326388888889,2.053221111111111,0.0988968816816241,0.1970632356848579,0.7648777557428119,0.1049795443975598,15.2489,67.0841,40.8303,2.2428,162,12,2,1,0,1,1,run_006
U000221,14280452,MODEL_A,BATCH_01,708761.0,50625.78571428572,12855.340262250618,36208.0,82871.0,14,1.9,4.0,0.0,2.0,14.0,15.022614705882352,66.74200975609756,40.43318529411765,1.9479836585365853,0.1061317880931542,0.1953937688424053,0.1786881897919473,0.0404585730566524,15.2084,67.2029,40.73,2.01073,150,12,1,0,0,0,0,run_006
U000222,14337968,MODEL_A,BATCH_01,742841.0,53060.07142857143,15812.158138423276,33775.0,97737.0,14,1.875,4.0,0.0,5.0,14.0,15.0326,66.739975,39.542675,2.0567388636363635,0.104366568265075,0.1999270798752427,0.762134135691164,0.0949401933462964,15.2566,67.2495,40.7914,2.22394,160,12,1,1,1,0,1,run_006
U000223,14392998,MODEL_A,BATCH_01,718578.0,51327.0,8899.859480308145,36814.0,68145.0,14,1.95,4.0,0.0,5.0,14.0,15.025377142857142,66.77886976744186,40.44665142857143,1.9443062790697672,0.113370514596309,0.2071611651587844,0.1610849709487089,0.0414263868649219,15.2541,67.1895,40.7356,2.03,156,12,1,0,0,0,0,run_006
U000224,14447283,MODEL_A,BATCH_02,715769.0,51126.357142857145,7220.650872080961,39675.0,61233.0,14,1.975,4.0,0.0,4.0,14.0,15.025302777777776,66.77599333333333,38.93590555555556,2.12618,0.0872750282927026,0.2079864554156464,0.1576009625504408,0.0503649105844716,15.2624,67.3196,39.3915,2.25912,162,12,1,1,1,0,1,run_006
U000225,14520182,MODEL_B,BATCH_01,707728.0,50552.0,10648.3475930089,35168.0,72489.0,14,1.95,4.0,0.0,3.0,14.0,15.038561111111113,66.84590952380952,40.43877777777778,1.9723607142857145,0.1021107417821529,0.2079227832863044,0.162877540521549,0.0466773361933979,15.2925,67.1994,40.7724,2.0653,156,12,1,0,0,0,0,run_006
U000226,14572636,MODEL_A,BATCH_01,698152.0,49868.0,9378.098134237272,35625.0,63396.0,14,1.975,4.0,0.0,3.0,14.0,15.029741666666666,66.82078095238096,40.41961666666666,1.9638266666666668,0.1117071333570825,0.2402988964359574,0.1388575724567145,0.0580880367460299,15.2614,67.2968,40.7749,2.14874,156,12,1,0,0,0,0,run_006
U000227,14643479,MODEL_A,BATCH_01,744604.0,53186.0,12240.00537958655,32054.0,71850.0,14,2.05,4.0,0.0,4.0,14.0,15.042610526315787,66.86808888888889,40.43611315789474,1.9527984444444444,0.0954064584744366,0.1736135968468512,0.1695966027372841,0.0558981437712444,15.2445,67.2173,40.775,2.08134,166,12,1,0,0,0,0,run_006
U000228,14701292,MODEL_A,BATCH_01,688281.0,49162.92857142857,11889.881124231297,30911.0,72615.0,14,2.0,4.0,0.0,1.0,14.0,15.084536111111111,66.92920930232559,40.43575277777778,1.9677423255813955,0.0877733156742097,0.2101935874310189,0.1669054710840194,0.0454213988187658,15.2234,67.3931,40.8176,2.06929,158,12,1,0,0,0,0,run_006
U000229,14771833,MODEL_A,BATCH_01,717884.0,51277.42857142857,9986.076427585684,36383.0,67280.0,14,2.025,4.0,0.0,4.0,14.0,15.03314,66.87096590909091,40.433954285714286,1.9717461363636368,0.1028426044697315,0.2257877115151444,0.1285115749944835,0.0500212287127621,15.2216,67.4657,40.7542,2.08887,158,12,1,0,0,0,0,run_006
U000230,14821574,MODEL_B,BATCH_01,693632.0,49545.142857142855,8328.248831141309,34195.0,63236.0,14,2.025,4.0,0.0,3.0,14.0,15.038651351351351,66.94999777777777,38.93085405405405,2.139590222222222,0.1182934454407104,0.1864929531801644,0.1674854481151437,0.0343086033133546,15.2775,67.3578,39.299,2.21513,164,12,1,1,1,0,1,run_006
U000231,14901204,MODEL_A,BATCH_02,730692.0,52192.28571428572,10398.064630782694,34824.0,70173.0,14,1.95,4.0,0.0,4.0,14.0,15.022605555555556,66.97014545454546,40.38868611111111,1.9695113636363637,0.112757096563351,0.1752145003749655,0.1563246697518213,0.0459803155350406,15.238,67.2393,40.6763,2.0845,160,12,1,0,0,0,0,run_006
U000232,14953773,MODEL_A,BATCH_01,680936.0,48638.28571428572,10210.052425304804,33150.0,61816.0,14,1.9268292682926829,4.0,0.0,4.0,14.0,15.036302941176473,67.00074047619049,40.369897058823526,1.9772540476190472,0.112542128099428,0.2171424249472286,0.1469856506814165,0.0521586185409011,15.3167,67.3801,40.7065,2.08662,152,12,2,0,0,0,0,run_006
U000233,15007139,MODEL_A,BATCH_01,697138.0,49795.57142857143,8745.90381232869,39066.0,70829.0,14,1.9268292682926829,4.0,0.0,3.0,14.0,15.080765714285716,67.03387674418605,40.39321142857143,1.9773706976744183,0.1101209387122049,0.2146483135128458,0.1022369041561248,0.0439346912172921,15.2816,67.5222,40.568,2.07453,156,12,2,0,0,0,0,run_006
U000234,15070355,MODEL_A,BATCH_01,711790.0,50842.142857142855,10253.066707141768,34646.0,67329.0,14,2.0,4.0,0.0,2.0,14.0,15.065386486486489,67.09856666666667,40.341367567567566,1.9902604444444445,0.1258559585888259,0.2250429706441929,0.1199400360690796,0.0493580377978351,15.3657,67.5256,40.6208,2.07733,164,12,1,0,0,0,0,run_006
U000235,15150288,MODEL_B,BATCH_01,742012.0,53000.857142857145,14622.804533999644,37319.0,79933.0,14,1.975,4.0,0.0,2.0,14.0,15.052291666666669,67.0850090909091,40.30947777777778,2.0069245454545457,0.0906374737228322,0.230281813011374,0.1518235876857667,0.0490768815680025,15.2744,67.4757,40.6592,2.10757,160,12,1,0,0,0,0,run_006
U000236,15222500,MODEL_A,BATCH_01,727617.0,51972.642857142855,12155.557302081046,28867.0,72343.0,14,2.0,4.0,0.0,4.0,14.0,15.08807837837838,67.11038837209303,40.35970540540541,1.995177906976744,0.1079418571246554,0.2344652154212315,0.1669251977283143,0.0456903291610849,15.3187,67.5955,40.7003,2.08763,160,12,1,0,0,0,0,run_006
U000237,15288999,MODEL_A,BATCH_01,692948.0,49496.28571428572,10668.85438611325,30713.0,66499.0,14,1.975,4.0,0.0,4.0,14.0,15.08131818181818,67.17395,40.31580606060606,1.99832225,0.0777771634806183,0.2024919105696666,0.157182837285505,0.0490116851837527,15.2243,67.5958,40.7466,2.11924,146,12,1,0,0,0,0,run_006
U000238,15342472,MODEL_A,BATCH_02,665266.0,47519.0,9621.556942615887,34344.0,66641.0,14,1.951219512195122,4.0,0.0,4.0,14.0,15.070454285714286,67.1707119047619,40.329411428571426,2.011469761904762,0.115538919704083,0.1788789592152819,0.1464030250640275,0.0471338899093922,15.3712,67.5348,40.6785,2.09443,154,12,2,0,0,0,0,run_006
U000239,15395977,MODEL_A,BATCH_01,668780.0,47770.0,7187.955481219956,36121.0,59418.0,14,1.951219512195122,4.0,0.0,4.0,14.0,15.076605882352942,67.2570475,40.38113823529412,2.0140135,0.0900967087858723,0.2261964201892077,0.1466087661497186,0.0508723514928321,15.2806,67.8229,40.6935,2.1364,148,12,2,0,0,0,0,run_006
U000240,15441050,MODEL_B,BATCH_01,676067.0,48290.5,10315.686231321544,28376.0,66756.0,14,1.9268292682926829,4.0,0.0,4.0,14.0,15.079390625,67.22941025641026,40.34781875,2.0120005128205127,0.084156338228995,0.2101735458275413,0.1776740154500049,0.036082809214122,15.2431,67.7901,40.687,2.09905,142,12,2,0,0,0,0,run_006
U000241,15500029,MODEL_A,BATCH_01,761511.0,54393.642857142855,11921.488746778252,38727.0,82369.0,14,1.925,4.0,0.0,4.0,14.0,15.078257894736842,67.23344042553191,40.362155263157895,2.0012155319148937,0.0984907942785022,0.1790566933046803,0.1419016612236686,0.0511875938097992,15.3709,67.7464,40.6747,2.13428,170,12,1,0,0,0,0,run_006
U000242,15574966,MODEL_A,BATCH_01,774336.0,55309.71428571428,14312.9701934379,35361.0,85623.0,14,1.9,4.0,0.0,4.0,14.0,15.09127777777778,67.25614782608696,40.31783611111111,2.032061304347826,0.0770238074924561,0.2024433262137903,0.164701083616486,0.0485423949236905,15.2586,67.6754,40.7908,2.15673,164,12,1,0,0,0,0,run_006
U000243,15631224,MODEL_A,BATCH_01,702791.0,50199.357142857145,11097.24266242706,33099.0,68237.0,14,1.95,4.0,0.0,5.0,14.0,15.074923076923078,67.3038488888889,40.30913076923077,2.0178504444444445,0.08381453353917,0.1554462427134718,0.1306029925381442,0.0539962318110993,15.294,67.5589,40.5517,2.13085,168,12,1,0,0,0,0,run_006
U000244,15689256,MODEL_A,BATCH_01,687910.0,49136.42857142857,7192.106663818067,39269.0,63567.0,14,1.925,4.0,0.0,2.0,14.0,15.093614285714288,67.43835813953488,40.2988,2.0290172093023253,0.1076739198933989,0.1874708678734316,0.1619938597238661,0.0497915167437749,15.3319,67.8221,40.5889,2.13586,156,12,1,0,0,0,0,run_006
U000245,15759734,MODEL_B,BATCH_02,723705.0,51693.21428571428,11646.72461172319,35410.0,70478.0,14,1.925,4.0,0.0,3.0,14.0,15.083588888888888,67.32485581395349,40.299841666666666,2.0390181395348836,0.0904020662778323,0.1906277877889184,0.1724771328528597,0.0478221131484176,15.2618,67.6828,40.6372,2.16206,158,12,1,0,0,0,0,run_006
U000246,15815348,MODEL_A,BATCH_01,687698.0,49121.28571428572,7349.724311193547,36414.0,59167.0,14,1.925,4.0,0.0,2.0,14.0,15.07261818181818,67.3656953488372,40.27988181818182,2.031910465116279,0.0870004721774018,0.2086026593830045,0.1497297679457589,0.0534220730175533,15.2736,67.7462,40.6732,2.16138,152,12,1,0,0,0,0,run_006
U000247,15906936,MODEL_A,BATCH_01,759532.0,54252.28571428572,16354.133791367069,34185.0,91588.0,14,1.95,4.0,0.0,4.0,14.0,15.04041052631579,67.39696222222223,40.276526315789475,2.036432666666667,0.1027310679329015,0.2002884014806573,0.1182513440508968,0.0501942925223394,15.2639,67.7067,40.4685,2.16509,166,12,1,0,0,0,0,run_006
U000248,15970767,MODEL_A,BATCH_01,691393.0,49385.21428571428,11232.37672759196,29652.0,67642.0,14,1.95,4.0,0.0,4.0,14.0,15.096091891891891,67.43852045454545,40.243632432432435,2.0385,0.0797865255206332,0.2282901260784273,0.1532094826881985,0.0559404703524721,15.26,67.9018,40.6232,2.15371,162,12,1,0,0,0,0,run_006
U000249,16035461,MODEL_A,BATCH_01,746481.0,53320.07142857143,8951.747603029906,36347.0,67974.0,14,2.025,4.0,0.0,5.0,14.0,15.102089473684211,67.41846739130435,40.27766578947369,2.045570652173913,0.101887343163971,0.2161182341572902,0.1365114870452512,0.049855078751748,15.3126,67.7637,40.6205,2.13491,168,12,1,0,0,0,0,run_006
U000250,16100949,MODEL_B,BATCH_01,729731.0,52123.642857142855,8374.765058538314,40296.0,65488.0,14,2.025,4.0,0.0,2.0,14.0,15.07042972972973,67.48945777777777,40.25816216216216,2.0458924444444446,0.1280579683512831,0.1697741099344663,0.1665844102872525,0.0476142247727195,15.4178,67.8047,40.5505,2.14917,164,12,1,0,0,0,0,run_006
U000251,16161217,MODEL_A,BATCH_01,708215.0,50586.78571428572,7432.709446748219,36964.0,60268.0,14,1.95,4.0,0.0,2.0,14.0,15.131468421052633,67.5297511627907,40.250939473684205,2.049150232558139,0.0899893930844623,0.2394305330929785,0.1543425788399284,0.0505261218385091,15.2997,67.9696,40.519,2.13902,162,12,1,0,0,0,0,run_006
U000252,16207333,MODEL_A,BATCH_02,728160.0,52011.42857142857,11449.17615251982,38405.0,79299.0,14,1.95,4.0,0.0,4.0,14.0,15.088523529411766,67.49710476190477,40.22108235294118,2.054019523809524,0.101052749677922,0.2323859646410167,0.1297723098600647,0.0464874473459591,15.2717,68.009,40.5775,2.16103,152,12,1,0,0,0,1,run_006
U000253,16265959,MODEL_A,BATCH_01,712179.0,50869.92857142857,10158.605495336951,36749.0,66349.0,14,1.95,4.0,0.0,4.0,14.0,15.133231428571428,67.58109545454546,40.22436857142858,2.068976136363636,0.0860175247925008,0.1755008804782067,0.14600848841446,0.0500853790676785,15.3242,67.8526,40.5259,2.16154,158,12,1,0,0,0,0,run_006
U000254,16317790,MODEL_A,BATCH_01,708605.0,50614.642857142855,10742.591383454372,34375.0,72922.0,14,1.9268292682926829,4.0,0.0,3.0,14.0,15.0897,67.58600434782609,40.26334358974359,2.0563980434782607,0.1009016117966307,0.1672536569359657,0.1553721589821509,0.0525410984793836,15.2858,67.973,40.7915,2.18058,170,12,2,0,0,0,0,run_006
U000255,16361828,MODEL_B,BATCH_01,672060.0,48004.28571428572,9327.56721872216,32583.0,64506.0,14,1.975,4.0,0.0,4.0,14.0,15.107263636363635,67.6561725,40.244342424242426,2.05219725,0.1039099725067985,0.2058167257755688,0.1442249177290096,0.0508260598909501,15.3665,68.1798,40.5971,2.17175,146,12,1,0,0,0,0,run_006
U000256,16420137,MODEL_A,BATCH_01,683623.0,48830.21428571428,9979.4216587364,33417.0,67518.0,14,1.975,4.0,0.0,2.0,14.0,15.11125,67.61901627906977,40.184641666666664,2.0632988372093024,0.0950985368672186,0.1882038686033145,0.164269730060914,0.0485815874002693,15.2899,68.0604,40.4731,2.1823,158,12,1,0,0,0,0,run_006
U000257,16492878,MODEL_A,BATCH_01,707761.0,50554.357142857145,10862.794502387444,36410.0,72741.0,14,1.975,4.0,0.0,4.0,14.0,15.09894117647059,67.62042195121951,40.17905882352941,2.0674924390243903,0.0816061313711292,0.1957888269439713,0.1885001778274965,0.0464710223569746,15.2621,67.9748,40.5944,2.17422,150,12,1,0,0,0,0,run_006
U000258,16543706,MODEL_A,BATCH_01,706941.0,50495.78571428572,11277.27602256019,35742.0,72077.0,14,1.951219512195122,4.0,0.0,4.0,14.0,15.088554285714288,67.67452093023256,40.219254285714285,2.079434418604651,0.1220056925934611,0.1986880020800032,0.1537980768311967,0.0580900068162832,15.2794,68.1572,40.6382,2.1994,156,12,2,0,0,0,0,run_006
U000259,16598778,MODEL_A,BATCH_02,705012.0,50358.0,8051.122578201798,35352.0,61494.0,14,1.975,4.0,0.0,3.0,14.0,15.13381315789474,67.71035111111111,40.22051842105263,2.079958,0.1145118952184224,0.1736511466630005,0.1628112102775298,0.0606607331280818,15.3907,68.1328,40.6026,2.1723,166,12,1,0,0,0,0,run_006
U000260,16652318,MODEL_B,BATCH_01,693268.0,49519.142857142855,5839.224630523669,39971.0,60140.0,14,1.975,4.0,0.0,4.0,14.0,15.154025714285714,67.72850238095238,40.16245142857143,2.0831459523809523,0.1063894437013958,0.1573288996882633,0.143124148847051,0.0458427839394026,15.3731,68.0569,40.4066,2.20772,154,12,1,0,0,0,0,run_006
U000261,16709950,MODEL_A,BATCH_01,674136.0,48152.57142857143,7501.722117305781,36679.0,61638.0,14,1.925,4.0,0.0,3.0,14.0,15.14139090909091,67.74134000000001,40.1945393939394,2.0789247499999997,0.0886915383634352,0.1792733463679084,0.162201645220142,0.051234997002875,15.2993,67.9979,40.5174,2.16827,146,12,1,0,0,0,0,run_006
U000262,16764942,MODEL_A,BATCH_01,730001.0,52142.92857142857,10851.778737319346,32023.0,64882.0,14,1.9,4.0,0.0,4.0,14.0,15.1585625,67.77899791666667,40.1285575,2.0948425,0.0974677611065742,0.1976249871030509,0.1405462144771116,0.0523834826371012,15.3263,68.1523,40.4496,2.24922,176,12,1,0,0,0,0,run_006
U000263,16824805,MODEL_A,BATCH_01,689261.0,49232.92857142857,9679.828665555267,33631.0,63905.0,14,1.975,4.0,0.0,5.0,14.0,15.138508823529412,67.77736,40.17759411764706,2.10129675,0.1088280054410211,0.1920658725141311,0.1500627604889417,0.0438416568320821,15.3771,68.231,40.4551,2.18888,148,12,1,0,0,0,0,run_006
U000264,16882614,MODEL_A,BATCH_01,698233.0,49873.78571428572,8659.016671642354,35388.0,61218.0,14,1.9,4.0,0.0,2.0,14.0,15.159288235294117,67.85802045454545,40.1276,2.0930863636363637,0.1035533584159186,0.1730256192611916,0.1353616010185429,0.0417950536235997,15.3639,68.2593,40.4973,2.19437,156,12,1,0,0,0,0,run_006
U000265,16958118,MODEL_B,BATCH_01,708920.0,50637.142857142855,12317.29815439148,29679.0,75504.0,14,1.975,4.0,0.0,3.0,14.0,15.165497142857143,67.86333488372092,40.12522571428572,2.1034188372093023,0.1009861682017258,0.1905908580775179,0.1561109265174975,0.0457965206730662,15.3811,68.3098,40.5031,2.22062,156,12,1,0,0,0,1,run_006
U000266,17015588,MODEL_A,BATCH_02,725835.0,51845.357142857145,9423.152800883112,37485.0,69285.0,14,1.925,4.0,0.0,2.0,14.0,15.117977777777778,67.95824523809523,40.141888888888886,2.114990238095238,0.1064668992453555,0.1785840148015059,0.1571550404223769,0.052105685682368,15.3435,68.3408,40.4307,2.24981,156,12,1,0,0,0,0,run_006
U000267,17061720,MODEL_A,BATCH_01,692311.0,49450.78571428572,10707.710149367002,37991.0,79984.0,14,1.8780487804878048,4.0,0.0,4.0,14.0,15.141782352941178,67.92131395348838,40.14170294117647,2.09521511627907,0.118129980980347,0.20278351414794,0.1530675815989231,0.05064315012075,15.358,68.3382,40.3875,2.21705,154,12,2,0,0,0,0,run_006
U000268,17145509,MODEL_A,BATCH_01,744623.0,53187.357142857145,14012.185886726447,36021.0,88885.0,14,1.9,4.0,0.0,5.0,14.0,15.125883783783785,67.996975,40.17272432432432,2.1013411363636365,0.1000011764195064,0.2000185434717455,0.1813113366030396,0.0593688254352599,15.3682,68.2729,40.5158,2.21514,162,12,1,0,0,0,0,run_006
U000269,17194769,MODEL_A,BATCH_01,698219.0,49872.78571428572,10748.010514856813,36749.0,72387.0,14,1.95,4.0,0.0,5.0,14.0,15.15955,67.95559777777778,40.15503611111112,2.125661111111111,0.0951766973281048,0.2202044850184037,0.1747358269793501,0.0499751953119208,15.4028,68.4755,40.5932,2.22638,162,12,1,0,0,0,0,run_006
U000270,17243323,MODEL_B,BATCH_01,694430.0,49602.142857142855,11259.742078321762,32936.0,74101.0,14,1.925,4.0,0.0,5.0,14.0,15.150025714285714,67.99815476190477,40.13783142857143,2.120908095238095,0.096943222749065,0.2021950135719397,0.168360128316424,0.0538312488465663,15.3498,68.3882,40.5518,2.22291,154,12,1,0,0,0,0,run_006
U000271,17297258,MODEL_A,BATCH_01,710436.0,50745.42857142857,10035.980606063104,37067.0,71854.0,14,1.975,4.0,0.0,5.0,14.0,15.140555555555558,67.9964023255814,40.05036666666667,2.1191186046511628,0.1131885618765541,0.1968918369832879,0.1375392183031014,0.0482094345924211,15.4063,68.3586,40.3381,2.21819,158,12,1,0,0,0,0,run_006
U000272,17360419,MODEL_A,BATCH_01,713775.0,50983.92857142857,8309.68239200777,37664.0,63161.0,14,1.925,4.0,0.0,2.0,14.0,15.132937837837837,68.05508695652175,40.12395135135135,2.128983043478261,0.0774716914296634,0.195732625576258,0.1378585459036846,0.0500169502322102,15.2915,68.4201,40.4969,2.23945,166,12,1,0,0,0,0,run_006
U000273,17429532,MODEL_A,BATCH_02,716152.0,51153.71428571428,9327.50927615209,37728.0,69113.0,14,1.9,4.0,0.0,3.0,14.0,15.16472222222222,68.06405454545455,40.08036388888889,2.1348629545454547,0.1182208927899948,0.2069917417233091,0.1659070172506756,0.0491754076172578,15.4151,68.5282,40.4583,2.25051,160,12,1,0,0,0,0,run_006
U000274,17498364,MODEL_A,BATCH_01,737052.0,52646.57142857143,11886.595053085804,35391.0,68832.0,14,1.9,4.0,0.0,4.0,14.0,15.135041666666666,68.03632727272726,40.082425,2.1307338636363635,0.1004213391523079,0.242868261125567,0.1667273640665241,0.0504631964078961,15.3273,68.623,40.4072,2.24593,160,12,1,0,0,0,0,run_006
U000275,17549101,MODEL_B,BATCH_01,719520.0,51394.28571428572,12118.306237504235,35488.0,76326.0,14,1.975,4.0,0.0,4.0,14.0,15.156745945945948,68.12683255813954,40.0599918918919,2.1439283720930233,0.1019060013350934,0.1699519045704108,0.1664408826954264,0.0439792258279938,15.3965,68.5436,40.3827,2.23917,160,12,1,0,0,0,0,run_006
U000276,17609676,MODEL_A,BATCH_01,672897.0,48064.07142857143,9236.800157432855,33607.0,60575.0,14,1.925,4.0,0.0,2.0,14.0,15.175041666666669,68.12867142857142,40.086461111111106,2.150142857142857,0.1106664625284978,0.1938669134725497,0.1460978092683662,0.0519352513060541,15.412,68.6895,40.3884,2.24278,156,12,1,0,0,0,0,run_006
U000277,17681559,MODEL_A,BATCH_01,734037.0,52431.21428571428,11204.519062060985,39015.0,71883.0,14,1.95,4.0,0.0,4.0,14.0,15.150664102564102,68.1809829787234,40.06583333333334,2.133786595744681,0.0942906131600297,0.2080678665610865,0.1580748745528933,0.0485420678728924,15.3517,68.5749,40.3295,2.24784,172,12,1,0,0,0,0,run_006
U000278,17735672,MODEL_A,BATCH_01,701182.0,50084.42857142857,9759.949036076632,37328.0,66054.0,14,1.975,4.0,0.0,4.0,14.0,15.168552777777778,68.16758837209302,40.043505555555555,2.1516867441860468,0.1016361957069319,0.1926506648602501,0.1268511635048711,0.0441969672909658,15.4107,68.5486,40.301,2.25137,158,12,1,0,0,0,0,run_006
U000279,17795763,MODEL_A,BATCH_01,655901.0,46850.07142857143,9758.644100837637,33301.0,64440.0,14,1.975,4.0,0.0,3.0,14.0,15.14738529411765,68.21797000000001,40.06745588235294,2.14845375,0.097752607133651,0.1801221653809954,0.1304076991387096,0.0458425371096959,15.3465,68.7358,40.3608,2.26261,148,12,1,0,0,0,0,run_006
U000280,17851801,MODEL_B,BATCH_02,724409.0,51743.5,11408.728950642606,34443.0,72592.0,14,1.95,4.0,0.0,5.0,14.0,15.16658108108108,68.22547173913044,40.074194594594594,2.1514628260869566,0.1059147740136111,0.1786753712594043,0.1719472221124613,0.0503115587630623,15.3289,68.6518,40.4522,2.25509,166,12,1,0,0,0,0,run_006
U000281,17909308,MODEL_A,BATCH_01,730541.0,52181.5,9598.82170453148,37013.0,65498.0,14,2.0,4.0,0.0,4.0,14.0,15.177865714285712,68.27873255813952,40.06241142857143,2.1550181395348837,0.095901260320667,0.1937298815618468,0.1415276833685342,0.0478603817794563,15.4348,68.8006,40.3066,2.26749,156,12,1,0,0,0,0,run_006
U000282,17976259,MODEL_A,BATCH_01,691466.0,49390.42857142857,11296.967208498489,33850.0,67506.0,14,2.0,4.0,0.0,3.0,14.0,15.178171428571428,68.28200487804878,40.06296,2.1835468292682925,0.077339943151794,0.1725589420331824,0.1735409685483698,0.0547498808874971,15.3648,68.7668,40.6295,2.33574,152,12,1,0,0,0,0,run_006
U000283,18026270,MODEL_A,BATCH_01,702346.0,50167.57142857143,7220.282657095334,34408.0,63253.0,14,1.975,4.0,0.0,4.0,14.0,15.18608888888889,68.32303720930233,40.01284166666667,2.160400930232558,0.0894607041516083,0.1836388822082398,0.1264587688311312,0.0565738432667536,15.4223,68.7045,40.2412,2.27429,158,12,1,0,0,0,0,run_006
U000284,18083289,MODEL_A,BATCH_01,711589.0,50827.78571428572,10520.35270817455,35109.0,68355.0,14,1.975,4.0,0.0,4.0,14.0,15.1689,68.38072340425532,39.99442368421053,2.1578125531914893,0.0921826623787964,0.2390249297647239,0.1161434677438772,0.0548003107127055,15.3891,68.8168,40.2,2.26356,170,12,1,0,0,0,0,run_006
U000285,18143389,MODEL_B,BATCH_01,714972.0,51069.42857142857,8446.688042015101,38878.0,63507.0,14,2.0,4.0,0.0,4.0,14.0,15.179230555555556,68.34798444444444,39.98716944444445,2.174897111111111,0.0976835000526688,0.2252646877014946,0.1438141495511167,0.0556675146669215,15.3595,68.7787,40.2821,2.28347,162,12,1,0,0,0,0,run_006
U000286,18198106,MODEL_A,BATCH_01,697271.0,49805.07142857143,9706.00260318155,30255.0,63668.0,14,2.0,4.0,0.0,4.0,14.0,15.15831388888889,68.46659318181818,40.029586111111115,2.168715,0.1229218152271197,0.2036599141954711,0.1323304611359175,0.0490257661965908,15.3785,68.8927,40.276,2.26729,160,12,1,0,0,0,0,run_006
U000287,18261992,MODEL_A,BATCH_02,713561.0,50968.642857142855,10565.11322599157,33189.0,67428.0,14,2.0,4.0,0.0,4.0,14.0,15.1811,68.40497777777779,40.02352105263158,2.1807951111111112,0.0990025006509187,0.2197713025033996,0.1503561001160413,0.0375017163014649,15.3883,68.8935,40.3531,2.26037,166,12,1,0,0,0,0,run_006
U000288,18329286,MODEL_A,BATCH_01,726345.0,51881.78571428572,9677.627523779318,36610.0,69405.0,14,1.95,4.0,0.0,5.0,14.0,15.191174358974358,68.46802978723404,39.97727435897436,2.1905453191489364,0.1142727064110205,0.1864662679774358,0.1643256037934386,0.0473391761583621,15.5175,68.9228,40.2579,2.31568,172,12,1,0,0,0,0,run_006
U000289,18396200,MODEL_A,BATCH_01,741492.0,52963.71428571428,12243.873868049412,37232.0,82595.0,14,1.975,4.0,0.0,6.0,14.0,15.173354285714286,68.49050454545454,40.013017142857144,2.1837445454545454,0.1077040207421874,0.2192076141889075,0.1648856189743007,0.0488470313517783,15.3833,68.9149,40.3248,2.27641,158,12,1,0,0,0,0,run_006
U000290,18468424,MODEL_B,BATCH_01,728955.0,52068.21428571428,12623.00631739567,32633.0,70176.0,14,1.95,4.0,0.0,6.0,14.0,15.188429411764709,68.5436441860465,39.97488823529412,2.181071162790698,0.0925068466898097,0.208411141625127,0.1442345727577473,0.0467094094838503,15.3555,68.8332,40.2734,2.28726,154,12,1,0,0,0,0,run_006
U000291,18529715,MODEL_A,BATCH_01,712386.0,50884.71428571428,9585.634993039335,33005.0,63577.0,14,1.95,4.0,0.0,5.0,14.0,15.19815277777778,68.5405488372093,39.93338333333333,2.1927402325581395,0.0917851948413438,0.1935907654380793,0.1590584393952656,0.0473492909630812,15.362,68.9078,40.2039,2.29961,158,12,1,0,0,0,0,run_006
U000292,18580530,MODEL_A,BATCH_01,712797.0,50914.07142857143,11184.015506098842,31814.0,75419.0,14,2.0,4.0,0.0,6.0,14.0,15.180102857142856,68.57860697674418,40.00149714285715,2.203114418604651,0.0845514340008292,0.2502635728637838,0.1443131490599399,0.0538411313960903,15.3791,69.057,40.3758,2.36321,156,12,1,0,0,0,0,run_006
U000293,18652796,MODEL_A,BATCH_01,685679.0,48977.07142857143,11133.84754468785,35544.0,73185.0,14,1.975,4.0,0.0,6.0,14.0,15.197060606060605,68.59682564102563,39.96715454545454,2.1975058974358976,0.113649997083683,0.1628103008475769,0.1454236850785256,0.0452063792492974,15.4013,68.9901,40.1805,2.27065,144,12,1,0,0,0,0,run_006
U000294,18704247,MODEL_A,BATCH_02,720626.0,51473.28571428572,11753.99445313786,34706.0,71096.0,14,2.0,4.0,0.0,6.0,14.0,15.17332105263158,68.61424000000001,39.98014736842105,2.1849306666666664,0.106319211245866,0.1895397204713675,0.1389319544448317,0.0530479805716229,15.3665,69.0563,40.331,2.31638,166,12,1,0,0,0,0,run_006
U000295,18764873,MODEL_B,BATCH_01,690037.0,49288.357142857145,7900.530659948812,33729.0,61817.0,14,2.0,4.0,0.0,5.0,14.0,15.23255,68.66027749999999,39.89064117647059,2.20831825,0.0986112270023506,0.1982967440770032,0.1292329682058758,0.0524453724040793,15.3814,68.9748,40.182,2.32441,148,12,1,0,0,0,0,run_006
U000296,18853007,MODEL_A,BATCH_01,721597.0,51542.642857142855,10975.89261558217,37244.0,71344.0,14,1.975,4.0,0.0,6.0,14.0,15.207056756756758,68.58594666666667,39.930459459459456,2.204569777777778,0.0973386372428764,0.2223347727680432,0.1496439263709016,0.0579542205886715,15.4532,69.0022,40.1946,2.33266,164,12,1,0,0,0,0,run_006
U000297,18923225,MODEL_A,BATCH_01,740447.0,52889.07142857143,11660.248529243972,40506.0,74877.0,14,1.95,4.0,0.0,6.0,14.0,15.197075,68.71150697674419,39.91963888888889,2.215697906976744,0.0758819812038969,0.2047377525790466,0.1343012695988878,0.0510624453631759,15.3411,69.1762,40.2454,2.31295,158,12,1,0,0,0,0,run_006
U000298,18976438,MODEL_A,BATCH_01,676339.0,48309.92857142857,10629.207550346906,33403.0,75769.0,14,2.0,4.0,0.0,5.0,14.0,15.20640277777778,68.70576590909091,39.93124722222222,2.222385681818182,0.1214586737151157,0.183882692564404,0.1208028724495547,0.0489777712939213,15.4098,69.1171,40.2884,2.32821,160,12,1,0,0,0,0,run_006
U000299,19030873,MODEL_A,BATCH_01,722220.0,51587.142857142855,14070.482353861564,31247.0,86490.0,14,2.0,4.0,0.0,6.0,14.0,15.211587878787878,68.72913902439024,39.90076363636364,2.221192682926829,0.0958575530330546,0.1921937549428299,0.1440924070218947,0.0496907222237908,15.3828,69.0617,40.1304,2.31035,148,12,1,0,0,0,0,run_006
U000300,19135446,MODEL_B,BATCH_01,752746.0,53767.57142857143,13674.704371515738,30360.0,76353.0,14,2.05,4.0,0.0,6.0,14.0,15.239294594594591,68.83219545454546,39.93210540540541,2.2120229545454544,0.0810242417289277,0.1804372956272562,0.1380180321269373,0.05372718702809,15.3629,69.1525,40.202,2.35091,162,12,1,0,0,0,0,run_006
U000301,19225700,MODEL_A,BATCH_02,722225.0,51587.5,14438.03275407326,33183.0,90254.0,14,2.125,4.0,0.0,4.0,14.0,15.238751515151517,68.76963902439024,39.93103939393939,2.225996585365854,0.1195668540012557,0.1601670735170761,0.1583399940385271,0.053412502310309,15.5863,69.0861,40.2515,2.33551,148,12,1,0,0,0,0,run_006
U000302,19294432,MODEL_A,BATCH_01,685714.0,48979.57142857143,9275.573991895104,35951.0,68732.0,14,2.0,4.0,0.0,1.0,14.0,15.208242857142857,68.82073023255815,39.90814,2.2385532558139536,0.0779877640693576,0.1893317842846824,0.1425859084696575,0.0466095074462859,15.3918,69.2136,40.2059,2.33457,156,12,1,0,0,0,0,run_006
U000303,19338059,MODEL_A,BATCH_01,705782.0,50413.0,7841.176873992244,38256.0,64204.0,14,2.05,4.0,0.0,5.0,14.0,15.222282857142858,68.781775,39.89532857142857,2.23008,0.1013376577287517,0.2298869632495339,0.1394834769287543,0.0480586149864788,15.3994,69.432,40.2748,2.35243,158,12,1,0,0,0,0,run_006
U000304,19422849,MODEL_A,BATCH_01,778677.0,55619.78571428572,13902.419414114009,40251.0,84790.0,14,2.075,4.0,0.0,4.0,14.0,15.232838461538462,68.86288333333333,39.88839487179487,2.240085833333333,0.0988784570634835,0.1825383228003915,0.1632945690731881,0.0508628658939933,15.4271,69.2566,40.1699,2.3269,174,12,1,0,0,0,0,run_006
U000305,19481468,MODEL_B,BATCH_01,680347.0,48596.21428571428,10007.189885881446,31829.0,62606.0,14,2.05,4.0,0.0,4.0,14.0,15.237245454545452,68.88519756097561,39.88440606060606,2.241358780487805,0.0882571459249512,0.2135267565058322,0.1435141955944462,0.03440856929568,15.4467,69.2847,40.1408,2.31142,148,12,1,0,0,0,0,run_006
U000306,19540871,MODEL_A,BATCH_01,709933.0,50709.5,10073.357562249195,33886.0,66313.0,14,2.125,4.0,0.0,5.0,14.0,15.225579487179488,68.95168043478262,39.85223846153846,2.2548897826086955,0.0894260740838258,0.2238764625805605,0.1474327565105792,0.0471162905297628,15.4077,69.4193,40.2241,2.36355,170,12,1,0,0,0,0,run_006
U000307,19600534,MODEL_A,BATCH_01,685527.0,48966.21428571428,10082.57942560466,38848.0,68339.0,14,2.048780487804878,4.0,0.0,3.0,14.0,15.23938,68.95640952380953,39.87574,2.2505935714285714,0.1124107510035249,0.1873997628776404,0.1538004593429991,0.0573299438986434,15.466,69.4132,40.145,2.36013,154,12,2,0,0,0,0,run_006
U000308,19653037,MODEL_A,BATCH_02,708163.0,50583.07142857143,12570.090382541994,32409.0,71859.0,14,2.024390243902439,4.0,0.0,5.0,14.0,15.231527027027028,69.01825909090908,39.81944054054054,2.252820909090909,0.1127293727094737,0.1730545663618543,0.147203644768171,0.0468051307969732,15.4506,69.3874,40.1393,2.34565,162,12,2,0,0,0,0,run_006
U000309,19703429,MODEL_A,BATCH_01,741809.0,52986.357142857145,8434.17919591416,38332.0,64044.0,14,2.05,4.0,0.0,5.0,14.0,15.24294210526316,69.00855777777778,39.81276578947368,2.2658168888888888,0.0927839181999183,0.2190145620821614,0.1613777007876918,0.0497058703695239,15.404,69.5961,40.1617,2.37507,166,12,1,0,0,0,0,run_006
U000310,19756254,MODEL_B,BATCH_01,656788.0,46913.42857142857,7961.611633469558,36164.0,62219.0,14,2.025,4.0,0.0,3.0,14.0,15.240811764705882,69.04781951219512,39.83882352941176,2.2699934146341465,0.1068212774307768,0.1754762579660176,0.1419079557827468,0.0599586688732227,15.5131,69.3746,40.0734,2.38146,150,12,1,0,0,0,0,run_006
U000311,19837307,MODEL_A,BATCH_01,724130.0,51723.57142857143,13720.307311619325,33704.0,81053.0,14,2.0,4.0,0.0,4.0,14.0,15.234459459459458,69.08142954545454,39.81167567567567,2.2701543181818185,0.1118366255339042,0.1947721752960512,0.159265913918629,0.0544112749258753,15.4679,69.4487,40.1525,2.40158,162,12,1,0,0,0,0,run_006
U000312,19895794,MODEL_A,BATCH_01,712922.0,50923.0,10450.821020379211,36599.0,72226.0,14,2.0,4.0,0.0,5.0,14.0,15.25380857142857,69.10085476190477,39.82532571428572,2.281457857142857,0.1113728459128287,0.1899666481669774,0.1624059969605163,0.0494332828797741,15.4998,69.4445,40.1385,2.36065,154,12,1,0,0,0,0,run_006
U000313,19951679,MODEL_A,BATCH_01,697062.0,49790.142857142855,8526.904216448283,36434.0,60376.0,14,2.025,4.0,0.0,5.0,14.0,15.221854285714286,69.07313953488372,39.83323142857143,2.271316046511628,0.0831810829132552,0.2174289124546385,0.1618723240004644,0.0501844038635574,15.4204,69.722,40.1817,2.37264,156,12,1,0,0,0,0,run_006
U000314,20010042,MODEL_A,BATCH_01,721132.0,51509.42857142857,8716.428800430085,32076.0,65420.0,14,2.025,4.0,0.0,4.0,14.0,15.226451428571428,69.15390000000001,39.75787714285714,2.2782846511627906,0.1052222168763314,0.2235767046387958,0.1655523679112083,0.0430263018866609,15.5039,69.5725,40.1017,2.38368,156,12,1,0,0,0,0,run_006
U000315,20061149,MODEL_B,BATCH_02,699722.0,49980.142857142855,8697.82680954221,33782.0,62555.0,14,2.024390243902439,4.0,0.0,5.0,14.0,15.274944444444444,69.14793777777778,39.13448611111111,2.373822888888889,0.0918590766786491,0.1696312073144262,0.7636568882321727,0.11097043049271,15.4654,69.4245,40.0861,2.53587,162,12,2,1,0,1,1,run_006
U000316,20112150,MODEL_A,BATCH_01,704630.0,50330.71428571428,9082.525008359324,33605.0,66735.0,14,2.075,4.0,0.0,4.0,14.0,15.245436111111111,69.15121395348837,39.31886388888889,2.345249302325582,0.089597478130255,0.2423909097594176,0.7551076260669365,0.102607021652316,15.4038,69.659,40.1068,2.5672,158,12,1,0,0,0,1,run_006
U000317,20178889,MODEL_A,BATCH_01,690317.0,49308.357142857145,8770.8403474866,33764.0,66739.0,14,2.1,4.0,0.0,4.0,14.0,15.295230303030303,69.25738292682928,39.76471212121212,2.2835668292682927,0.0986090781978529,0.1974282197438328,0.141433543929597,0.0611625280886518,15.521,69.7025,39.9878,2.41625,148,12,1,0,0,0,0,run_006
U000318,20232871,MODEL_A,BATCH_01,676617.0,48329.78571428572,9388.19937825854,33633.0,63725.0,14,1.951219512195122,4.0,0.0,2.0,14.0,15.277047222222222,69.23321428571428,39.760727777777774,2.303527142857143,0.0918732775888648,0.2028783350072923,0.1613893174214998,0.050058411114866,15.5187,69.8358,40.1007,2.40533,156,12,2,0,0,0,0,run_006
U000319,20281497,MODEL_A,BATCH_01,709520.0,50680.0,12801.978771328222,32367.0,79092.0,14,1.9268292682926829,4.0,0.0,5.0,14.0,15.290219444444444,69.20081363636363,39.765838888888894,2.297883863636363,0.0742849641369324,0.2389256832893978,0.1299881693029412,0.0569294022295467,15.5623,69.8369,39.9929,2.4029,160,12,2,0,0,0,0,run_006
U000320,20329640,MODEL_B,BATCH_01,730719.0,52194.21428571428,9557.78632383503,37455.0,68538.0,14,1.925,4.0,0.0,5.0,14.0,15.286375675675677,69.24150930232558,39.75927027027027,2.2946955813953487,0.104867539213909,0.213238240131229,0.1242022049027425,0.052902577815593,15.4769,69.6447,39.9943,2.41919,160,12,1,0,0,0,0,run_006
U000321,20385643,MODEL_A,BATCH_01,729293.0,52092.357142857145,10824.35878084626,33494.0,72926.0,14,2.0,4.0,0.0,5.0,14.0,15.280272972972972,69.34479565217391,39.78754594594595,2.301103913043478,0.1074300357562192,0.1767810886775199,0.1623627190969425,0.050795623848178,15.5288,69.7057,40.1469,2.42266,166,12,2,0,0,0,0,run_006
U000322,20460912,MODEL_A,BATCH_02,741564.0,52968.857142857145,12619.780108148556,32370.0,77974.0,14,2.025,4.0,0.0,3.0,14.0,15.269688571428572,69.36100930232558,39.78736,2.290667441860465,0.0824671120594662,0.202728684293109,0.1405711693309085,0.0473052034836913,15.4449,69.7202,40.0854,2.37973,156,12,1,0,0,0,0,run_006
U000323,20535757,MODEL_A,BATCH_01,742749.0,53053.5,12910.78476283714,35729.0,74845.0,14,1.975,4.0,0.0,3.0,14.0,15.269846153846157,69.36556739130435,39.75665128205128,2.305264347826087,0.095759129965032,0.191838616265917,0.1502120674103158,0.0460440256301714,15.4619,69.7089,40.0443,2.42994,170,12,1,0,0,0,0,run_006
U000324,20581899,MODEL_A,BATCH_01,704781.0,50341.5,8286.815745043912,38768.0,64432.0,14,2.0,4.0,0.0,4.0,14.0,15.26392857142857,69.35911904761905,39.70033142857143,2.3097785714285712,0.0849676913387001,0.176289757651229,0.137638894065826,0.0448504191769534,15.4713,69.7568,39.977,2.43761,154,12,1,0,0,0,0,run_006
U000325,20634435,MODEL_B,BATCH_01,688186.0,49156.142857142855,8728.076463187796,38384.0,69299.0,14,1.975,4.0,0.0,4.0,14.0,15.275251515151515,69.44923076923077,39.78388181818182,2.3088820512820516,0.1255421321738545,0.1747644943975295,0.1705702777716299,0.0523244199897186,15.6165,69.8026,40.0541,2.42234,144,12,1,0,0,0,0,run_006
U000326,20686638,MODEL_A,BATCH_01,678704.0,48478.857142857145,10433.939737201878,32099.0,72700.0,14,1.9268292682926829,4.0,0.0,5.0,14.0,15.270854545454544,69.46505499999999,39.76850303030303,2.31266075,0.0936446144037033,0.1804643724338643,0.1619519286023792,0.0466803789774071,15.4386,69.8381,40.0626,2.41519,146,12,2,0,0,0,0,run_006
U000327,20731457,MODEL_A,BATCH_01,705043.0,50360.21428571428,10256.044643027848,33892.0,65273.0,14,1.975,4.0,0.0,5.0,14.0,15.29809705882353,69.51388095238096,39.74483529411765,2.3332357142857143,0.0917151865594396,0.1763136108882021,0.1552361873665192,0.0474318345367975,15.5176,69.8249,40.0685,2.4271,152,12,1,0,0,0,0,run_006
U000328,20793196,MODEL_A,BATCH_01,701161.0,50082.92857142857,10458.944287541171,35031.0,68372.0,14,2.0,4.0,0.0,6.0,14.0,15.278676315789474,69.46500652173913,39.72686052631579,2.3348743478260867,0.0787874027323086,0.1995538483742338,0.1457030588995593,0.0472460756113812,15.4338,69.877,40.0586,2.43697,168,12,1,0,0,0,0,run_006
U000329,20863233,MODEL_A,BATCH_02,706963.0,50497.357142857145,9180.925691614384,34402.0,66774.0,14,2.025,4.0,0.0,6.0,14.0,15.29354054054054,69.55126444444444,39.712154054054054,2.345082,0.1132791008955302,0.1803890620494227,0.1374666921164586,0.0521697435214215,15.5353,69.9335,40.0137,2.47123,164,12,1,0,0,0,0,run_006
U000330,20927010,MODEL_B,BATCH_01,691992.0,49428.0,8493.862825140732,37136.0,65386.0,14,2.025,4.0,0.0,4.0,14.0,15.30140303030303,69.5767425,39.70715454545454,2.3478275,0.1167176895463164,0.2596033679678637,0.1156300190556856,0.0528912678920704,15.5246,70.1664,39.9666,2.47124,146,12,1,0,0,0,0,run_006
U000331,20998768,MODEL_A,BATCH_01,700210.0,50015.0,10206.254251494707,36085.0,73403.0,14,1.975,4.0,0.0,4.0,14.0,15.305964864864864,69.54654222222221,39.70972702702703,2.34073,0.1088934627570967,0.2030968695082247,0.1726684904161225,0.0439956952439667,15.5342,69.8609,40.0437,2.43765,164,12,1,0,0,0,0,run_006
U000332,21072554,MODEL_A,BATCH_01,718315.0,51308.21428571428,9449.307945180808,37903.0,68441.0,14,1.95,4.0,0.0,6.0,14.0,15.319088571428573,69.64465476190476,39.67698571428571,2.348706904761905,0.1091912805488565,0.2101509181312452,0.1398514509017612,0.0532610146395065,15.5635,70.0566,40.0251,2.49989,154,12,1,0,0,0,0,run_006
U000333,21128727,MODEL_A,BATCH_01,743285.0,53091.78571428572,10042.516051411476,37517.0,67379.0,14,2.0,4.0,0.0,6.0,14.0,15.294178378378378,69.5945652173913,39.67347837837838,2.3391254347826087,0.0961941328054169,0.1931009767135575,0.1605956034667611,0.0549900847913723,15.5188,70.2039,39.9953,2.43403,166,12,1,0,0,0,0,run_006
U000334,21194241,MODEL_A,BATCH_01,722988.0,51642.0,12058.692224028531,38473.0,78530.0,14,1.975,4.0,0.0,4.0,14.0,15.326594285714284,69.69767674418605,39.698,2.3486144186046514,0.0956387533526923,0.1857044846975049,0.131984043153174,0.0518923246137672,15.6236,70.0166,40.0082,2.48529,156,12,1,0,0,0,0,run_006
U000335,21272595,MODEL_B,BATCH_01,741642.0,52974.42857142857,13020.354601778092,34522.0,78354.0,14,1.975,4.0,0.0,5.0,14.0,15.270678378378378,69.68014090909091,39.65917567567568,2.355048181818182,0.0953170590279704,0.1895855618560444,0.1647476359725948,0.0457971068078122,15.4452,70.1566,40.0342,2.44911,162,12,1,0,0,0,0,run_006
U000336,21332067,MODEL_A,BATCH_02,687478.0,49105.57142857143,9767.867381717117,30362.0,67021.0,14,2.0,4.0,0.0,5.0,14.0,15.290734210526317,69.70274565217392,39.64388421052632,2.3570258695652173,0.1009355943332873,0.2029270298041141,0.1293526554566409,0.0423286446524803,15.4989,70.2084,39.9472,2.43229,168,12,1,0,0,0,0,run_006
U000337,21389115,MODEL_A,BATCH_01,725100.0,51792.857142857145,9566.527517717845,38073.0,65923.0,14,2.025,4.0,0.0,4.0,14.0,15.3079,69.7445288888889,39.59943513513514,2.3629775555555557,0.0853957063713779,0.2072284791131656,0.1342792492784604,0.0448953308543912,15.4912,70.1991,39.9425,2.48465,164,12,1,0,0,0,0,run_006
U000338,21448524,MODEL_A,BATCH_01,686985.0,49070.357142857145,10307.132374512044,33664.0,65127.0,14,2.0,4.0,0.0,3.0,14.0,15.284072972972972,69.79825681818183,39.63398378378378,2.360835454545455,0.1055916101692655,0.2054861568332661,0.1639030277557663,0.0466648495000074,15.5658,70.3189,39.9993,2.47734,162,12,1,0,0,0,0,run_006
U000339,21499157,MODEL_A,BATCH_01,716643.0,51188.78571428572,9853.9942013267,36534.0,70943.0,14,2.0,4.0,0.0,4.0,14.0,15.297361111111112,69.83558043478261,39.609772222222226,2.370205,0.1036551873907711,0.1732546470366869,0.1551371809742427,0.0514610942039388,15.5357,70.1388,39.8626,2.45962,164,12,1,0,0,0,0,run_006
U000340,21561538,MODEL_B,BATCH_01,723077.0,51648.357142857145,9642.178477175908,40049.0,62905.0,14,2.025,4.0,0.0,4.0,14.0,15.320572972972974,69.79536,39.59147567567568,2.374828888888889,0.0829465646219453,0.1783344539188801,0.1628906149765768,0.0549826066390843,15.5092,70.1864,39.9673,2.4884,164,12,1,0,0,0,0,run_006
U000341,21628983,MODEL_A,BATCH_01,675645.0,48260.357142857145,10288.793063755886,32580.0,67445.0,14,2.025,4.0,0.0,3.0,14.0,15.30161388888889,69.80941818181817,39.64919166666667,2.384420681818182,0.1023047468603424,0.2597031984586259,0.1347427737261946,0.0487391277511499,15.5204,70.2627,39.8951,2.47764,160,12,1,0,0,0,0,run_006
U000342,21676809,MODEL_A,BATCH_01,704937.0,50352.642857142855,12213.834700592872,30448.0,83749.0,14,2.0,4.0,0.0,3.0,14.0,15.300578947368422,69.89306222222223,39.64554210526316,2.3737044444444444,0.0967413692159716,0.1959242621396066,0.1487877022518805,0.052475254798444,15.5218,70.3105,39.9397,2.50051,166,12,1,0,0,0,0,run_006
U000343,21729248,MODEL_A,BATCH_02,691800.0,49414.28571428572,9510.903681310458,33420.0,62469.0,14,1.975609756097561,4.0,0.0,4.0,14.0,15.33122222222222,69.92628222222221,39.619499999999995,2.3832257777777777,0.0858975040752018,0.1652003525872435,0.1281544536877255,0.0442001555164319,15.5755,70.3442,39.8388,2.48987,162,12,2,0,0,0,0,run_006
U000344,21779873,MODEL_A,BATCH_01,714947.0,51067.642857142855,9679.533639490175,34148.0,68877.0,14,2.0,4.0,0.0,3.0,14.0,15.322874358974358,69.90839583333333,39.62067435897436,2.392709583333333,0.1229081914917085,0.214728689734363,0.1605903954622113,0.044406062790892,15.6048,70.4467,39.9858,2.50015,174,12,1,0,0,0,0,run_006
U000345,21846478,MODEL_B,BATCH_01,671108.0,47936.28571428572,10166.75168931001,29380.0,64353.0,14,2.0,4.0,0.0,3.0,14.0,15.32781891891892,69.96728333333333,38.81006486486487,2.4859769047619045,0.1002868243197084,0.2569761077597488,0.7514588360930703,0.0982175316049839,15.6037,70.4784,39.9185,2.63086,158,11,1,0,0,0,1,run_006
U000346,21896939,MODEL_A,BATCH_01,717993.0,51285.21428571428,11696.83669386117,29929.0,75996.0,14,2.0,4.0,0.0,5.0,14.0,15.347170270270269,69.96487272727273,39.60337837837838,2.3972118181818183,0.1029156096163391,0.1990643899142253,0.1357102021366255,0.0461202475977504,15.5464,70.5336,39.9628,2.52111,162,12,1,0,0,0,0,run_006
U000347,21975432,MODEL_A,BATCH_01,697617.0,49829.78571428572,12199.858026781556,31512.0,73508.0,14,1.95,4.0,0.0,5.0,14.0,15.313836363636364,70.00987317073171,39.59571818181818,2.3964629268292685,0.0864754149244953,0.2199294546262391,0.155562430101521,0.0564486596494504,15.4513,70.4807,39.9133,2.52358,148,12,1,0,0,0,0,run_006
U000348,22041406,MODEL_A,BATCH_01,728255.0,52018.21428571428,11662.590239925074,31972.0,66449.0,14,2.025,4.0,0.0,5.0,14.0,15.340699999999998,69.99736595744682,39.5684,2.4145978723404258,0.0856151671265392,0.1941915854494975,0.1269786824213961,0.0581095255207286,15.477,70.4262,39.9529,2.56336,172,12,1,0,0,0,0,run_006
U000349,22096520,MODEL_A,BATCH_01,699234.0,49945.28571428572,8550.557736451792,36113.0,65194.0,14,2.025,4.0,0.0,3.0,14.0,15.350922222222222,70.06869782608696,39.55381944444444,2.4066232608695652,0.0861529208894149,0.224506343873872,0.160460538663729,0.0482232753417474,15.491,70.5166,39.8635,2.52757,164,12,1,0,0,0,0,run_006
U000350,22156853,MODEL_B,BATCH_02,708508.0,50607.71428571428,8112.864290064944,39545.0,65095.0,14,2.075,4.0,0.0,4.0,14.0,15.335322222222224,70.11217209302325,39.56452222222222,2.4026827906976744,0.108374644138117,0.2070108155968808,0.1374852555442358,0.0486826452075842,15.5114,70.5015,39.8849,2.53566,158,12,1,0,0,0,0,run_006
U000351,22205942,MODEL_A,BATCH_01,698566.0,49897.57142857143,6116.2196558921,36755.0,58843.0,14,2.05,4.0,0.0,2.0,14.0,15.337356756756758,70.13340444444445,39.56261621621622,2.413373555555556,0.1175985887588711,0.2008636771494031,0.1604008737048679,0.0463704161741256,15.6067,70.6066,39.8833,2.49133,164,12,1,0,0,0,0,run_006
U000352,22269060,MODEL_A,BATCH_01,677911.0,48422.21428571428,9914.656029400045,28647.0,63118.0,14,2.025,4.0,0.0,2.0,14.0,15.322436363636363,70.15839230769231,39.539057575757575,2.400143846153846,0.114925342119846,0.1851736757814923,0.1211849774887109,0.048490782119979,15.5092,70.4425,39.8266,2.51447,144,12,1,0,0,0,0,run_006
U000353,22323790,MODEL_A,BATCH_01,719799.0,51414.21428571428,8357.201677213872,38410.0,67590.0,14,1.975,4.0,0.0,3.0,14.0,15.334731578947368,70.14542826086956,39.25803157894737,2.443227173913044,0.083530648543443,0.1923241403499629,0.6174739102072493,0.089343020909129,15.5096,70.4943,39.8139,2.66522,168,12,1,0,0,0,1,run_006
U000354,22377116,MODEL_A,BATCH_01,731552.0,52253.71428571428,8850.60120016689,37484.0,64510.0,14,1.975,4.0,0.0,4.0,14.0,15.352200000000002,70.208675,39.563297222222225,2.412958863636364,0.0957248825690428,0.2412602002904444,0.1537534789127641,0.0497789984303134,15.5437,70.905,39.8918,2.53704,160,12,1,0,0,0,0,run_006
U000355,22456680,MODEL_B,BATCH_01,728552.0,52039.42857142857,10247.416753010984,37731.0,72443.0,14,2.0,4.0,0.0,5.0,14.0,15.348634285714285,70.20522790697675,38.85693142857143,2.4967172093023255,0.0995030059931895,0.241762905624482,0.7723034936708097,0.0923557298690539,15.5644,70.6194,39.7902,2.66624,156,12,1,1,1,0,1,run_006
U000356,22513528,MODEL_A,BATCH_01,693711.0,49550.78571428572,9166.214445355386,35265.0,70672.0,14,2.0,4.0,0.0,3.0,14.0,15.34872,70.23711363636363,39.50244285714285,2.4370695454545452,0.1046484585760963,0.1896855446686349,0.1359669710881678,0.0530212431299417,15.5317,70.53,39.6969,2.57432,158,12,1,0,0,0,0,run_006
U000357,22586167,MODEL_A,BATCH_02,684885.0,48920.357142857145,10014.069253629292,33792.0,72639.0,14,2.0,4.0,0.0,4.0,14.0,15.33860606060606,70.26561463414633,39.50215151515151,2.4344224390243903,0.0920849911067015,0.215939727193696,0.1565876993117838,0.0483523415555279,15.5565,70.7282,39.7998,2.53662,148,12,1,0,0,0,0,run_006
U000358,22633133,MODEL_A,BATCH_01,697299.0,49807.07142857143,8839.799088077874,37536.0,64052.0,14,1.975,4.0,0.0,4.0,14.0,15.332743243243243,70.28266,39.53494594594595,2.4437806666666666,0.0930822561577199,0.213859253205976,0.1646166499520682,0.0537643807992547,15.5622,70.7511,39.9958,2.58008,164,12,1,0,0,0,0,run_006
U000359,22708555,MODEL_A,BATCH_01,730580.0,52184.28571428572,12906.32415302115,35080.0,80257.0,14,1.975,4.0,0.0,4.0,14.0,15.365320588235292,70.32697560975609,39.45953529411764,2.430152195121951,0.1000371863568192,0.211029723949602,0.1474398344314855,0.0568090134799132,15.6242,70.7585,39.7884,2.53541,150,12,1,0,0,0,0,run_006
U000360,22766706,MODEL_B,BATCH_01,709642.0,50688.71428571428,8727.206702901269,34840.0,63602.0,14,2.0,4.0,0.0,5.0,14.0,15.338334285714284,70.28308139534884,39.00897142857143,2.4894076744186044,0.1096032093316534,0.1952377320770169,0.7496272546568554,0.0941742239994122,15.5554,70.965,39.829,2.66474,156,12,1,0,0,0,0,run_006
U000361,22815503,MODEL_A,BATCH_01,688304.0,49164.57142857143,9143.53371105913,33678.0,64555.0,14,1.975,4.0,0.0,4.0,14.0,15.328127777777777,70.40480465116279,39.47909444444444,2.4292546511627906,0.1007731047200623,0.2180165250983215,0.1559265173900738,0.0466198656996307,15.4938,70.75,39.8472,2.58198,158,12,1,0,0,0,0,run_006
U000362,22867064,MODEL_A,BATCH_01,674827.0,48201.92857142857,8990.888348889548,32526.0,66130.0,14,1.975,4.0,0.0,4.0,14.0,15.390661111111111,70.41182790697674,39.482708333333335,2.4463006976744186,0.1276498520569401,0.2245017290479375,0.1508798753502746,0.0559880321988696,15.6296,70.9759,39.8472,2.55834,158,12,1,0,0,0,0,run_006
U000363,22928712,MODEL_A,BATCH_01,710630.0,50759.28571428572,8627.979970631965,39145.0,65350.0,14,1.975,4.0,0.0,5.0,14.0,15.34245142857143,70.37696818181819,39.456294285714286,2.4584838636363635,0.1019662007767298,0.1794239928120465,0.1438112528176226,0.0469470941328198,15.5484,70.8809,39.7953,2.54579,158,12,1,0,0,0,0,run_006
U000364,22986803,MODEL_A,BATCH_02,677899.0,48421.357142857145,8703.71116785286,32687.0,67142.0,14,2.025,4.0,0.0,5.0,14.0,15.364220588235296,70.47276341463414,39.4704,2.465462926829268,0.0994925907989432,0.217806623815825,0.1307813952109911,0.056771876058657,15.6398,71.0021,39.7239,2.63953,150,12,1,0,0,0,1,run_006
U000365,23044077,MODEL_B,BATCH_01,705874.0,50419.57142857143,10166.091736100614,33086.0,65504.0,14,1.975,4.0,0.0,3.0,14.0,15.416043243243244,70.39922666666666,39.41528108108107,2.4676253333333333,0.0939763018015727,0.2005778667659117,0.1290404584225803,0.0470074794145473,15.6506,70.9055,39.7238,2.56944,164,12,1,0,0,0,0,run_006
U000366,23099610,MODEL_A,BATCH_01,687530.0,49109.28571428572,7913.193320491578,35614.0,58715.0,14,1.975,4.0,0.0,4.0,14.0,15.38515,70.46288888888888,39.44193421052631,2.4594331111111107,0.0984980607574229,0.1988141277015724,0.1465572045428488,0.0573670702510761,15.5674,71.0834,39.7808,2.57353,166,12,1,0,0,0,0,run_006
U000367,23168237,MODEL_A,BATCH_01,719768.0,51412.0,11230.682156142951,35691.0,68627.0,14,2.0,4.0,0.0,4.0,14.0,15.396266666666666,70.47790681818182,39.4248,2.454030909090909,0.1094736028195186,0.2059564532858948,0.1540318352994424,0.055736732692609,15.6285,70.9911,39.7375,2.55863,160,12,1,0,0,0,0,run_006
U000368,23229495,MODEL_A,BATCH_01,676667.0,48333.357142857145,8054.812919635669,34211.0,61258.0,14,2.0,4.0,0.0,4.0,14.0,15.380724324324325,70.53629318181818,39.42764864864865,2.4696579545454544,0.0939579468740178,0.1592931076301729,0.1561649441769506,0.0447457388164554,15.5396,71.0697,39.8805,2.55641,162,12,1,0,0,0,0,run_006
U000369,23310409,MODEL_A,BATCH_01,735258.0,52518.42857142857,13363.93854148766,36991.0,80914.0,14,1.9,4.0,0.0,4.0,14.0,15.396894594594595,70.61113863636363,39.43447027027027,2.4799943181818183,0.0834161619896354,0.1884840024251098,0.1564999979852065,0.0497681549156722,15.606,71.0303,39.7019,2.60619,162,12,1,0,0,0,1,run_006
U000370,23366404,MODEL_B,BATCH_01,736735.0,52623.92857142857,11400.024119166696,40468.0,80656.0,14,1.95,4.0,0.0,6.0,14.0,15.40105789473684,70.6185590909091,39.182592105263154,2.4973063636363637,0.0971547932677931,0.2098410476152609,0.5435143825052348,0.072853463983371,15.6414,71.0295,39.7628,2.67732,164,12,1,0,0,0,1,run_006
U000371,23443373,MODEL_A,BATCH_02,725218.0,51801.28571428572,12432.04884054219,30104.0,76969.0,14,1.975,4.0,0.0,5.0,14.0,15.39474054054054,70.58664318181819,39.43663783783784,2.4829395454545455,0.106275521011973,0.1842167383725428,0.1889472932847661,0.0427968217660723,15.6045,71.0005,39.8069,2.56136,162,12,1,0,0,0,0,run_006
U000372,23495751,MODEL_A,BATCH_01,712233.0,50873.78571428572,10281.599600021626,38198.0,72740.0,14,2.0,4.0,0.0,5.0,14.0,15.389866666666668,70.63643953488372,39.38145555555556,2.4939,0.1138908249157936,0.217872702172987,0.1364401458399441,0.0517039142849064,15.6623,71.2334,39.6454,2.60992,158,12,1,0,0,0,0,run_006
U000373,23543880,MODEL_A,BATCH_01,681105.0,48650.357142857145,9069.701832153902,33086.0,64019.0,14,2.025,4.0,0.0,5.0,14.0,15.368050000000002,70.72477906976745,39.42307777777778,2.4822627906976744,0.0979224051408634,0.1709400236760039,0.1521157606394577,0.050886141547089,15.5604,71.1102,39.6936,2.59332,158,12,1,0,0,0,0,run_006
U000374,23612651,MODEL_A,BATCH_01,700104.0,50007.42857142857,9859.076932251008,32465.0,68771.0,14,1.925,4.0,0.0,3.0,14.0,15.37266111111111,70.69751818181818,39.42330833333333,2.4846524999999997,0.0911439529465895,0.2277940739502459,0.1316708827233367,0.0472954096363951,15.6001,71.1329,39.6414,2.57888,160,12,1,0,0,0,0,run_006
U000375,23667214,MODEL_B,BATCH_01,723169.0,51654.92857142857,9000.894455247515,38332.0,70866.0,14,1.9,4.0,0.0,6.0,14.0,15.380831578947369,70.74760638297872,39.40087105263158,2.5044417021276595,0.1053202968176783,0.1957509558022727,0.1328674851077641,0.0534926827307757,15.6668,71.195,39.7788,2.64051,170,12,1,0,0,0,0,run_006
U000376,23716963,MODEL_A,BATCH_01,712962.0,50925.857142857145,7631.065122320664,38928.0,65113.0,14,1.9,4.0,0.0,6.0,14.0,15.39028918918919,70.7505043478261,39.39517297297297,2.501670434782609,0.0898797430637916,0.1969339979186734,0.1461044045435566,0.0489082999071401,15.5638,71.224,39.6787,2.5942,166,12,1,0,0,0,0,run_006
U000377,23780032,MODEL_A,BATCH_01,738155.0,52725.357142857145,9564.954249013128,39212.0,65242.0,14,1.95,4.0,0.0,6.0,14.0,15.44514871794872,70.78350666666667,39.396284615384616,2.492105111111111,0.1116964987242685,0.2120270323674447,0.1675784962000307,0.0493562166399543,15.6793,71.2805,39.742,2.61269,168,12,1,0,0,0,0,run_006
U000378,23828898,MODEL_A,BATCH_02,689406.0,49243.28571428572,9127.616450417603,35813.0,70951.0,14,1.9,4.0,0.0,3.0,14.0,15.382747368421052,70.83489565217391,39.369797368421054,2.512319782608696,0.0905130145542532,0.2235692812893396,0.1954728646224281,0.0496157317564648,15.6512,71.3596,39.685,2.61008,168,12,1,0,0,0,0,run_006
U000379,23898507,MODEL_A,BATCH_01,704228.0,50302.0,11132.471506640108,34312.0,69609.0,14,1.9,4.0,0.0,5.0,14.0,15.424214285714283,70.82448095238095,38.93689714285714,2.559577142857143,0.0879343777479313,0.1661792291885638,0.7058062129832146,0.0935668207110784,15.616,71.3229,39.576,2.73648,154,12,1,0,0,0,1,run_006
U000380,23958750,MODEL_B,BATCH_01,724060.0,51718.57142857143,10007.477087076026,35691.0,65389.0,14,1.9,4.0,0.0,5.0,14.0,15.44366052631579,70.89600434782608,39.37666315789474,2.5026771739130433,0.1114892978489441,0.2339955222330555,0.1386119031218304,0.0459381480622729,15.7186,71.5565,39.6673,2.60772,168,12,1,1,1,0,0,run_006
U000381,24025973,MODEL_A,BATCH_01,734386.0,52456.142857142855,11739.411096860818,33842.0,74131.0,14,1.925,4.0,0.0,5.0,14.0,15.41302222222222,70.82695,39.34055,2.5126254545454545,0.0920229477936615,0.229043574101544,0.1582401529321814,0.0503114430302747,15.5868,71.3107,39.7402,2.63964,160,12,1,0,0,0,0,run_006
U000382,24080892,MODEL_A,BATCH_01,692042.0,49431.57142857143,9238.603913131912,37113.0,67202.0,14,1.875,4.0,0.0,4.0,14.0,15.398080000000002,70.84558837209302,39.05791428571429,2.550873953488372,0.0971227809951674,0.1866070983303871,0.629812667359419,0.0954526773088437,15.6002,71.1964,39.5993,2.82045,156,12,1,0,0,0,1,run_006
U000383,24133865,MODEL_A,BATCH_01,733571.0,52397.92857142857,9319.402799158705,36692.0,64908.0,14,1.95,4.0,0.0,5.0,14.0,15.405013157894736,70.94368936170213,39.34231052631579,2.5196746808510637,0.1179732474736876,0.196489503242199,0.1557575659339269,0.0512208803317665,15.6433,71.5623,39.6723,2.63865,170,12,1,0,0,0,0,run_006
U000384,24198135,MODEL_A,BATCH_01,694978.0,49641.28571428572,8988.68838235951,33480.0,64270.0,14,1.875,4.0,0.0,2.0,14.0,15.436414285714283,70.92026976744187,39.29888,2.522143023255814,0.0909505235339106,0.2046543270689372,0.1307232928521833,0.0555603277671639,15.6413,71.3968,39.5888,2.65504,156,12,1,0,0,0,0,run_006
U000385,24258225,MODEL_B,BATCH_02,720264.0,51447.42857142857,10148.564595087297,38660.0,70197.0,14,1.875,4.0,0.0,4.0,14.0,15.418894594594594,70.97671590909091,39.30523783783784,2.5224195454545453,0.1125739730773253,0.1979951431670952,0.1419918236130973,0.0520330456248516,15.7374,71.3824,39.611,2.62284,162,12,1,0,0,0,0,run_006
U000386,24314131,MODEL_A,BATCH_01,747039.0,53359.92857142857,10807.251009351125,34812.0,73728.0,14,1.875,4.0,0.0,6.0,14.0,15.42202564102564,71.04830434782609,39.32374615384615,2.525855869565217,0.0950271476943316,0.1805915292175136,0.1504556113000102,0.0510576015703435,15.6499,71.5184,39.6882,2.66006,170,12,1,0,0,0,0,run_006
U000387,24380740,MODEL_A,BATCH_01,757014.0,54072.42857142857,10973.547057946533,38228.0,74385.0,14,1.9,4.0,0.0,4.0,14.0,15.400263888888889,71.04763333333334,39.33570555555555,2.531509111111111,0.0885035048628916,0.1816793028688444,0.1606397797103727,0.045107109841829,15.6076,71.4527,39.6946,2.64512,162,12,1,0,0,0,0,run_006
U000388,24437719,MODEL_A,BATCH_01,730406.0,52171.857142857145,10325.171370208622,35749.0,74808.0,14,1.925,4.0,0.0,4.0,14.0,15.42430487804878,71.04872244897959,39.2980243902439,2.542966530612245,0.0833882064539688,0.2138038297377852,0.1515118539594965,0.0533764937945151,15.6156,71.5024,39.688,2.67326,180,12,1,0,0,0,0,run_006
U000389,24484338,MODEL_A,BATCH_01,693277.0,49519.78571428572,10058.844452509456,33116.0,64019.0,14,1.9268292682926829,4.0,0.0,4.0,14.0,15.435788571428573,71.08250476190476,39.2773,2.5330483333333333,0.0996197646684885,0.2155426809099456,0.1510685567003581,0.0452010634947554,15.7201,71.5629,39.5662,2.64003,154,12,2,0,0,0,0,run_006
U000390,24541673,MODEL_B,BATCH_01,685672.0,48976.57142857143,10227.35718712156,35719.0,66742.0,14,1.853658536585366,4.0,0.0,2.0,14.0,15.410248571428571,71.13049523809524,39.28688285714286,2.538412857142857,0.1003287489483755,0.1889662674147795,0.1933075064513022,0.0530258606620836,15.6126,71.5421,39.655,2.63277,154,12,2,0,0,0,0,run_006
U000391,24594521,MODEL_A,BATCH_01,707896.0,50564.0,8524.104058492014,34652.0,63663.0,14,1.9,4.0,0.0,5.0,14.0,15.434144444444444,71.1643840909091,39.26427777777778,2.560302272727273,0.1070086790724254,0.2195862694728788,0.161142632668987,0.0548758013286255,15.6867,71.7189,39.6227,2.66799,160,12,1,0,0,0,0,run_006
U000392,24643862,MODEL_A,BATCH_02,674620.0,48187.142857142855,8226.080540266126,37333.0,64523.0,14,1.925,4.0,0.0,5.0,14.0,15.439688235294115,71.1671,39.25905,2.5588133333333336,0.0898197749864111,0.1701358108874817,0.1594177573660984,0.0480952184970233,15.6494,71.5878,39.5406,2.67377,152,12,1,0,0,0,0,run_006
U000393,24690935,MODEL_A,BATCH_01,680364.0,48597.42857142857,6798.083968910039,35059.0,59177.0,14,1.875,4.0,0.0,4.0,14.0,15.43722972972973,71.19605,39.22707297297298,2.5724489130434782,0.0986255710161328,0.1550430502939273,0.1389890396331234,0.0441400089728762,15.5778,71.6228,39.5803,2.64907,166,12,1,0,0,0,0,run_006
U000394,24738778,MODEL_A,BATCH_01,702797.0,50199.78571428572,9406.472960995216,38007.0,67355.0,14,1.853658536585366,4.0,0.0,6.0,14.0,15.452464864864869,71.18517826086956,39.26911621621622,2.5656108695652176,0.0836389104564516,0.2055794930467363,0.1322350569451423,0.0526188504383103,15.5989,71.5811,39.5166,2.68153,166,12,2,0,0,0,0,run_006
U000395,24818973,MODEL_B,BATCH_01,711721.0,50837.21428571428,11214.599455644837,30075.0,72014.0,14,1.85,4.0,0.0,4.0,14.0,15.436594444444443,71.20135476190477,39.21256944444444,2.570237142857143,0.0957727725830989,0.1981880238098374,0.1420688883594233,0.0443928864487025,15.6333,71.6857,39.5015,2.65977,156,12,1,0,0,0,0,run_006
U000396,24870104,MODEL_A,BATCH_01,717462.0,51247.28571428572,13875.921271860008,33478.0,82409.0,14,1.875,4.0,0.0,6.0,14.0,15.444337142857142,71.22558604651162,39.25890571428571,2.5625209302325582,0.1135108470735786,0.1706778552620567,0.1192727249104469,0.0494264564693248,15.6975,71.6339,39.4527,2.68117,156,12,1,0,0,0,0,run_006
U000397,24926623,MODEL_A,BATCH_01,697528.0,49823.42857142857,8825.532302223046,36009.0,64516.0,14,1.9,4.0,0.0,5.0,14.0,15.419880555555554,71.28198863636364,39.18631666666667,2.5697870454545453,0.0730747829064538,0.1836896310779138,0.1100986298085248,0.0562186851161064,15.5898,71.8904,39.4901,2.70283,160,12,1,0,0,0,0,run_006
U000398,25003413,MODEL_A,BATCH_01,702652.0,50189.42857142857,11590.648244394044,32737.0,76790.0,14,1.875,4.0,0.0,4.0,14.0,15.46590606060606,71.3288756097561,39.237678787878785,2.5755868292682926,0.1059483333380999,0.2293000084828668,0.1811626975221022,0.0501830059601367,15.6573,71.7399,39.6047,2.66765,148,12,1,0,0,0,0,run_006
U000399,25061106,MODEL_A,BATCH_02,718352.0,51310.857142857145,8407.120588727545,37053.0,62833.0,14,1.8,4.0,0.0,5.0,14.0,15.427686486486486,71.33762222222222,39.15258648648648,2.584716666666667,0.0924756339143879,0.2158351758433113,0.127290239571188,0.0628883585483759,15.5904,72.004,39.3844,2.69855,164,12,1,0,0,0,0,run_006
U000400,25112429,MODEL_B,BATCH_01,700609.0,50043.5,8623.73250218435,35485.0,65033.0,14,1.825,4.0,0.0,5.0,14.0,15.447394444444445,71.35946818181819,39.23203888888889,2.5808988636363637,0.0836780460863266,0.1977946959722557,0.1596060082610179,0.0523606583723912,15.6146,71.7153,39.5132,2.69216,160,12,1,0,0,0,0,run_006
U000401,25151542,MODEL_A,BATCH_01,688158.0,49154.142857142855,10278.408817719588,34828.0,67363.0,14,1.875,4.0,0.0,5.0,14.0,15.443394285714287,71.3821023255814,39.20863428571429,2.588707674418605,0.0909857453051824,0.1823001299380165,0.1784515125162218,0.0528350917314659,15.6746,71.7443,39.6155,2.70375,156,12,1,0,0,0,0,run_006
U000402,25200904,MODEL_A,BATCH_01,693305.0,49521.78571428572,9825.609577320589,32374.0,69003.0,14,1.85,4.0,0.0,4.0,14.0,15.4418,71.39266976744186,39.23143611111111,2.596563953488372,0.0956257646094545,0.2100436491313689,0.1299186386117483,0.0458945578856752,15.6004,71.9898,39.5028,2.70042,158,12,1,0,0,0,0,run_006
U000403,25262750,MODEL_A,BATCH_01,677903.0,48421.642857142855,10486.86300243634,32505.0,70949.0,14,1.8,4.0,0.0,5.0,14.0,15.455975675675674,71.44377727272727,39.178735135135135,2.596960909090909,0.079671615625242,0.2036024430607287,0.1809666455090188,0.042422524393281,15.7213,71.8986,39.5541,2.69297,162,12,1,0,0,0,0,run_006
U000404,25361346,MODEL_A,BATCH_01,755396.0,53956.857142857145,11507.456859038724,35722.0,73111.0,14,1.85,4.0,0.0,7.0,14.0,15.46643947368421,71.46989555555555,39.136992105263154,2.5953964444444444,0.1079730510408349,0.2342803409627387,0.1315219833265558,0.0481840597064836,15.6866,71.914,39.427,2.73131,166,12,1,0,0,0,0,run_006
U000405,25413450,MODEL_B,BATCH_01,698838.0,49917.0,10912.135157351548,34275.0,73088.0,14,1.8,4.0,0.0,4.0,14.0,15.45775,71.4939695652174,39.1267947368421,2.6074428260869564,0.1105583464645387,0.226456478889251,0.1961475367874055,0.0580664937105363,15.8099,72.0646,39.5357,2.73208,168,12,1,0,0,0,0,run_006
U000406,25472179,MODEL_A,BATCH_02,701535.0,50109.642857142855,11138.54082148412,35457.0,66511.0,14,1.85,4.0,0.0,7.0,14.0,15.46905882352941,71.50956744186047,39.189220588235294,2.607756976744186,0.1011063140361069,0.1973987898850006,0.1478302461761199,0.0524692018750447,15.668,71.9264,39.5407,2.70728,154,12,1,0,0,0,0,run_006
U000407,25534008,MODEL_A,BATCH_01,674252.0,48160.857142857145,9727.537318649272,31819.0,61222.0,14,1.825,4.0,0.0,5.0,14.0,15.43473125,71.5416525,39.155653125,2.6059919999999996,0.099308305982414,0.2388067193869546,0.1223969533259193,0.0478315154233305,15.5896,72.3267,39.3774,2.69273,144,12,1,0,0,0,0,run_006
U000408,25593891,MODEL_A,BATCH_01,682900.0,48778.57142857143,10996.889285431764,31654.0,65938.0,14,1.825,4.0,0.0,5.0,14.0,15.488497297297297,71.5856659090909,39.12227027027027,2.6055384090909093,0.1035992961325469,0.2051411855773578,0.174712687742643,0.0519015954830796,15.7297,71.9679,39.6709,2.75683,162,12,1,0,0,0,0,run_006
U000409,25660892,MODEL_A,BATCH_01,676644.0,48331.71428571428,10214.393407408914,31241.0,67001.0,14,1.8,4.0,0.0,5.0,14.0,15.477564705882354,71.684395,39.09316764705882,2.611981,0.1077704234524629,0.1912876086031901,0.1673139450084663,0.0507867812803737,15.7196,72.1805,39.6169,2.72515,148,12,1,0,0,0,0,run_006
U000410,25730273,MODEL_B,BATCH_01,742603.0,53043.07142857143,13859.988808211076,34982.0,82458.0,14,1.85,4.0,0.0,5.0,14.0,15.49571212121212,71.63691750000001,39.15924242424243,2.62756275,0.1081114984563843,0.1829179035236522,0.137912633191957,0.0485179884160081,15.689,72.0394,39.4573,2.72467,146,12,1,0,0,0,0,run_006
U000411,25795830,MODEL_A,BATCH_01,699339.0,49952.78571428572,9883.698390462265,36733.0,65557.0,14,1.8,4.0,0.0,3.0,14.0,15.475034285714289,71.68639999999999,39.12806,2.6201402325581395,0.0807410746947127,0.1731799793223656,0.1545170468417853,0.051610118078143,15.5928,72.069,39.435,2.7404,156,12,1,0,0,0,0,run_006
U000412,25859529,MODEL_A,BATCH_01,717066.0,51219.0,10551.393491638184,37640.0,73980.0,14,1.825,4.0,0.0,5.0,14.0,15.487394444444444,71.70344883720931,39.12883611111111,2.6256323255813956,0.1012857342781005,0.1617833889467394,0.1403200202654718,0.0557596549759261,15.7697,71.977,39.423,2.80655,158,12,1,0,0,0,0,run_006
U000413,25904734,MODEL_A,BATCH_02,697597.0,49828.357142857145,11926.906508505774,31017.0,77429.0,14,1.7804878048780488,4.0,0.0,4.0,14.0,15.47697894736842,71.71176666666666,39.143205263157896,2.644822888888889,0.1017437458278305,0.1648189681824478,0.1185708932592947,0.0439270083424672,15.7047,72.0124,39.3698,2.75521,166,12,2,0,0,0,0,run_006
U000414,25968379,MODEL_A,BATCH_01,742089.0,53006.357142857145,12669.947468819177,34246.0,82063.0,14,1.8,4.0,0.0,5.0,14.0,15.508,71.77520454545454,38.66428421052632,2.687775909090909,0.1074067313809795,0.2183455858554967,0.7365982966005051,0.107553764020458,15.7418,72.1369,39.4417,2.89187,164,12,1,0,0,0,0,run_006
U000415,26040947,MODEL_B,BATCH_01,710014.0,50715.28571428572,10990.922383274516,30619.0,72568.0,14,1.825,4.0,0.0,5.0,14.0,15.497985714285711,71.74862325581395,39.097111428571424,2.635965581395349,0.0831653991359712,0.1978470029824768,0.1527277985626109,0.0567097032640516,15.6599,72.1957,39.3734,2.7445,156,12,1,0,0,0,0,run_006
U000416,26098142,MODEL_A,BATCH_01,718487.0,51320.5,12141.460511246323,31938.0,70968.0,14,1.8,4.0,0.0,5.0,14.0,15.468569444444446,71.81832,39.086036111111106,2.650137111111111,0.1167910412891191,0.2124279841606218,0.1469945094266697,0.0433193390899714,15.6848,72.2346,39.3592,2.7484,162,12,1,0,0,0,1,run_006
U000417,26150082,MODEL_A,BATCH_01,712405.0,50886.07142857143,9627.15916612425,39267.0,73624.0,14,1.775,4.0,0.0,5.0,14.0,15.49151111111111,71.82828888888889,39.07970277777778,2.654611111111111,0.0904130862139445,0.1927101429399064,0.2005234172090782,0.0529499069971808,15.7285,72.3131,39.418,2.76442,162,12,1,0,0,0,0,run_006
U000418,26200841,MODEL_A,BATCH_01,736047.0,52574.78571428572,11364.600329217792,35662.0,75167.0,14,1.75,4.0,0.0,5.0,14.0,15.48020789473684,71.82631111111111,39.07047631578948,2.6409895555555556,0.099265106091415,0.182043415428875,0.1719089803704434,0.0469711629598201,15.6611,72.3216,39.435,2.7213,166,12,1,0,0,0,0,run_006
U000419,26281742,MODEL_A,BATCH_01,709546.0,50681.857142857145,8469.305528310342,37236.0,66908.0,14,1.725,4.0,0.0,5.0,14.0,15.519816666666664,71.8637488372093,39.05992222222222,2.6611067441860463,0.0977472411010007,0.2085536557340684,0.1482539714931518,0.0442609078146377,15.7855,72.2409,39.3743,2.76159,158,12,1,0,0,0,0,run_006
U000420,26350999,MODEL_B,BATCH_02,723488.0,51677.71428571428,11186.746329945516,32815.0,69257.0,14,1.8,4.0,0.0,5.0,14.0,15.50617142857143,71.96455238095238,39.05876285714286,2.649756428571429,0.0763742664215412,0.1586668349290096,0.1540556585548641,0.0554154794268219,15.6974,72.3797,39.4792,2.77048,154,12,1,1,1,0,0,run_006
U000421,26405358,MODEL_A,BATCH_01,707846.0,50560.42857142857,9847.805383897516,35537.0,69949.0,14,1.775,4.0,0.0,4.0,14.0,15.494127027027028,71.94982727272726,39.05354864864864,2.6631329545454547,0.1186798345892769,0.223524062867425,0.1552864854633764,0.054183453819518,15.7965,72.379,39.3834,2.77118,162,12,1,0,0,0,0,run_006
U000422,26462963,MODEL_A,BATCH_01,730428.0,52173.42857142857,9989.677185161505,33567.0,67325.0,14,1.825,4.0,0.0,6.0,14.0,15.501251428571427,71.87954318181818,39.03949142857143,2.6627986363636365,0.1059525792136124,0.1960577743489489,0.1402517764833041,0.0490113776345057,15.6937,72.2655,39.341,2.74799,158,12,1,0,0,0,0,run_006
U000423,26510443,MODEL_A,BATCH_01,689150.0,49225.0,10849.342596177465,33106.0,69510.0,14,1.7804878048780488,4.0,0.0,6.0,14.0,15.503135135135135,71.95563111111112,39.01384324324325,2.676857777777778,0.0963057579224057,0.2330350732695381,0.1624223977790637,0.0490078518703839,15.671,72.432,39.3445,2.79505,164,12,2,0,0,0,0,run_006
U000424,26598798,MODEL_A,BATCH_01,698792.0,49913.71428571428,9082.79833555692,34423.0,66814.0,14,1.875,4.0,0.0,6.0,14.0,15.517830555555555,71.97463636363636,39.04695833333333,2.6716159090909093,0.1064144453659356,0.2349801071153852,0.1630959513818249,0.0415506222111183,15.7298,72.3251,39.3383,2.77803,160,12,1,0,0,0,0,run_006
U000425,26661366,MODEL_B,BATCH_01,689646.0,49260.42857142857,8971.992864243928,36748.0,66164.0,14,1.825,4.0,0.0,5.0,14.0,15.522561764705884,72.01742926829267,39.05341470588235,2.663742926829268,0.1040159399634901,0.2330105365041524,0.15804311673363,0.0585504499232883,15.7933,72.5811,39.3434,2.85257,150,12,1,0,0,0,0,run_006
U000426,26736726,MODEL_A,BATCH_01,722472.0,51605.142857142855,13144.027762606704,34291.0,75360.0,14,1.9,4.0,0.0,5.0,14.0,15.50299705882353,72.09006904761905,38.969344117647054,2.6813145238095237,0.1189479781511179,0.1973082341477054,0.1631588911222072,0.0522415506158012,15.7374,72.4459,39.2911,2.78533,152,12,1,0,0,0,0,run_006
U000427,26785667,MODEL_A,BATCH_02,673716.0,48122.57142857143,7684.242775509312,39595.0,61835.0,14,1.829268292682927,4.0,0.0,4.0,14.0,15.553097058823528,72.07220714285715,39.02428529411765,2.6839633333333333,0.0809303909103713,0.224440739522689,0.1310964117400735,0.0499995431036035,15.668,72.4585,39.2436,2.78287,152,12,2,0,0,0,0,run_006
U000428,26831023,MODEL_A,BATCH_01,695340.0,49667.142857142855,8989.010152207167,36205.0,67875.0,14,1.825,4.0,0.0,4.0,14.0,15.514897222222222,72.07354318181818,39.00931666666666,2.6965036363636363,0.0892275885782643,0.2067917696595843,0.1481750248861096,0.0490297515321722,15.6901,72.5255,39.3201,2.79572,160,12,1,0,0,0,0,run_006
